[{"stream_name":"stderr","time":7.166980195,"data":"/usr/local/lib/python3.12/site-packages/nbformat/__init__.py:96: MissingIDFieldWarning: Cell is missing an id field, this will become a hard error in future nbformat versions. You may want to use `normalize()` on your notebooks before validations (available since nbformat 5.1.4). Previous versions of nbformat are fixing this issue transparently, and will stop doing so in the future.\n"}
,{"stream_name":"stderr","time":7.167045485,"data":"  validate(nb)\n"}
,{"stream_name":"stderr","time":9.7312617,"data":"[IPKernelApp] WARNING | Kernel is running over TCP without encryption. All communication (including code and outputs) is sent in plain text and is susceptible to eavesdropping. Use IPC transport or launch with kernel manager-provisioned CurveZMQ keys to enable transport encryption.\n"}
,{"stream_name":"stdout","time":10.635733939,"data":"Cloning into 'oneiro'...\r\n"}
,{"stream_name":"stdout","time":11.54507963,"data":"remote: Enumerating objects: 471, done.\u001b[K\r\n"}
,{"stream_name":"stdout","time":11.54510427,"data":"remote: Counting objects:   1% (1/61)\u001b[K\rremote: Counting objects:   3% (2/61)\u001b[K\rremote: Counting objects:   4% (3/61)\u001b[K\rremote: Counting objects:   6% (4/61)\u001b[K\rremote: Counting objects:   8% (5/61)\u001b[K\rremote: Counting objects:   9% (6/61)\u001b[K\rremote: Counting objects:  11% (7/61)\u001b[K\rremote: Counting objects:  13% (8/61)\u001b[K\rremote: Counting objects:  14% (9/61)\u001b[K\rremote: Counting objects:  16% (10/61)\u001b[K\rremote: Counting objects:  18% (11/61)\u001b[K\rremote: Counting objects:  19% (12/61)\u001b[K\rremote: Counting objects:  21% (13/61)\u001b[K\rremote: Counting objects:  22% (14/61)\u001b[K\rremote: Counting objects:  24% (15/61)\u001b[K\rremote: Counting objects:  26% (16/61)\u001b[K\rremote: Counting objects:  27% (17/61)\u001b[K\rremote: Counting objects:  29% (18/61)\u001b[K\rremote: Counting objects:  31% (19/61)\u001b[K\rremote: Counting objects:  32% (20/61)\u001b[K\rremote: Counting objects:  34% (21/61)\u001b[K\rremote: Counting objects:  36% (22/61)\u001b[K\rremote: Counting objects:  37% (23/61)\u001b[K\rremote: Counting objects:  39% (24/61)\u001b[K\rremote: Counting objects:  40% (25/61)\u001b[K\rremote: Counting objects:  42% (26/61)\u001b[K\rremote: Counting objects:  44% (27/61)\u001b[K\rremote: Counting objects:  45% (28/61)\u001b[K\rremote: Counting objects:  47% (29/61)\u001b[K\rremote: Counting objects:  49% (30/61)\u001b[K\rremote: Counting objects:  50% (31/61)\u001b[K\rremote: Counting objects:  52% (32/61)\u001b[K\rremote: Counting objects:  54% (33/61)\u001b[K\rremote: Counting objects:  55% (34/61)\u001b[K\rremote: Counting objects:  57% (35/61)\u001b[K\rremote: Counting objects:  59% (36/61)\u001b[K\rremote: Counting objects:  60% (37/61)\u001b[K\rremote: Counting objects:  62% (38/61)\u001b[K\rremote: Counting objects:  63% (39/61)\u001b[K\rremote: Counting objects:  65% (40/61)\u001b[K\rremote: Counting objects:  67% (41/61)\u001b[K\rremote: Counting objects:  68% (42/61)\u001b[K\rremote: Counting objects:  70% (43/61)\u001b[K\rremote: Counting objects:  72% (44/61)\u001b[K\rremote: Counting objects:  73% (45/61)\u001b[K\rremote: Counting objects:  75% (46/61)\u001b[K\rremote: Counting objects:  77% (47/61)\u001b[K\rremote: Counting objects:  78% (48/61)\u001b[K\rremote: Counting objects:  80% (49/61)\u001b[K\rremote: Counting objects:  81% (50/61)\u001b[K\rremote: Counting objects:  83% (51/61)\u001b[K\rremote: Counting objects:  85% (52/61)\u001b[K\rremote: Counting objects:  86% (53/61)\u001b[K\rremote: Counting objects:  88% (54/61)\u001b[K\rremote: Counting objects:  90% (55/61)\u001b[K\rremote: Counting objects:  91% (56/61)\u001b[K\rremote: Counting objects:  93% (57/61)\u001b[K\rremote: Counting objects:  95% (58/61)\u001b[K\rremote: Counting objects:  96% (59/61)\u001b[K\rremote: Counting objects:  98% (60/61)\u001b[K\rremote: Counting objects: 100% (61/61)\u001b[K\rremote: Counting objects: 100% (61/61), done.\u001b[K\r\n"}
,{"stream_name":"stdout","time":11.54512717,"data":"remote: Compressing objects:   2% (1/45)\u001b[K\rremote: Compressing objects:   4% (2/45)\u001b[K\rremote: Compressing objects:   6% (3/45)\u001b[K\rremote: Compressing objects:   8% (4/45)\u001b[K\rremote: Compressing objects:  11% (5/45)\u001b[K\rremote: Compressing objects:  13% (6/45)\u001b[K\rremote: Compressing objects:  15% (7/45)\u001b[K\rremote: Compressing objects:  17% (8/45)\u001b[K\rremote: Compressing objects:  20% (9/45)\u001b[K\rremote: Compressing objects:  22% (10/45)\u001b[K\rremote: Compressing objects:  24% (11/45)\u001b[K\rremote: Compressing objects:  26% (12/45)\u001b[K\rremote: Compressing objects:  28% (13/45)\u001b[K\rremote: Compressing objects:  31% (14/45)\u001b[K\rremote: Compressing objects:  33% (15/45)\u001b[K\rremote: Compressing objects:  35% (16/45)\u001b[K\rremote: Compressing objects:  37% (17/45)\u001b[K\rremote: Compressing objects:  40% (18/45)\u001b[K\rremote: Compressing objects:  42% (19/45)\u001b[K\rremote: Compressing objects:  44% (20/45)\u001b[K\rremote: Compressing objects:  46% (21/45)\u001b[K\rremote: Compressing objects:  48% (22/45)\u001b[K\rremote: Compressing objects:  51% (23/45)\u001b[K\rremote: Compressing objects:  53% (24/45)\u001b[K\rremote: Compressing objects:  55% (25/45)\u001b[K\rremote: Compressing objects:  57% (26/45)\u001b[K\rremote: Compressing objects:  60% (27/45)\u001b[K\rremote: Compressing objects:  62% (28/45)\u001b[K\rremote: Compressing objects:  64% (29/45)\u001b[K\rremote: Compressing objects:  66% (30/45)\u001b[K\rremote: Compressing objects:  68% (31/45)\u001b[K\rremote: Compressing objects:  71% (32/45)\u001b[K\rremote: Compressing objects:  73% (33/45)\u001b[K\rremote: Compressing objects:  75% (34/45)\u001b[K\rremote: Compressing objects:  77% (35/45)\u001b[K\rremote: Compressing objects:  80% (36/45)\u001b[K\rremote: Compressing objects:  82% (37/45)\u001b[K\rremote: Compressing objects:  84% (38/45)\u001b[K\rremote: Compressing objects:  86% (39/45)\u001b[K\rremote: Compressing objects:  88% (40/45)\u001b[K\rremote: Compressing objects:  91% (41/45)\u001b[K\rremote: Compressing objects:  93% (42/45)\u001b[K\rremote: Compressing objects:  95% (43/45)\u001b[K\rremote: Compressing objects:  97% (44/45)\u001b[K\rremote: Compressing objects: 100% (45/45)\u001b[K\rremote: Compressing objects: 100% (45/45), done.\u001b[K\r\n"}
,{"stream_name":"stdout","time":11.797301802,"data":"Receiving objects:   0% (1/471)\rReceiving objects:   1% (5/471)\rReceiving objects:   2% (10/471)\rReceiving objects:   3% (15/471)\rReceiving objects:   4% (19/471)\rReceiving objects:   5% (24/471)\rReceiving objects:   6% (29/471)\rReceiving objects:   7% (33/471)\rReceiving objects:   8% (38/471)\rReceiving objects:   9% (43/471)\rReceiving objects:  10% (48/471)\rReceiving objects:  11% (52/471)\rReceiving objects:  12% (57/471)\rReceiving objects:  13% (62/471)\rReceiving objects:  14% (66/471)\rReceiving objects:  15% (71/471)\rReceiving objects:  16% (76/471)\rReceiving objects:  17% (81/471)\rReceiving objects:  18% (85/471)\rReceiving objects:  19% (90/471)\rReceiving objects:  20% (95/471)\rReceiving objects:  21% (99/471)\rReceiving objects:  22% (104/471)\rReceiving objects:  23% (109/471)\rReceiving objects:  24% (114/471)\rReceiving objects:  25% (118/471)\rReceiving objects:  26% (123/471)\rReceiving objects:  27% (128/471)\rReceiving objects:  28% (132/471)\rReceiving objects:  29% (137/471)\rReceiving objects:  30% (142/471)\rReceiving objects:  31% (147/471)\rReceiving objects:  32% (151/471)\rReceiving objects:  33% (156/471)\rReceiving objects:  34% (161/471)\rReceiving objects:  35% (165/471)\rReceiving objects:  36% (170/471)\rReceiving objects:  37% (175/471)\rReceiving objects:  38% (179/471)\rReceiving objects:  39% (184/471)\rReceiving objects:  40% (189/471)\rReceiving objects:  41% (194/471)\rReceiving objects:  42% (198/471)\rReceiving objects:  43% (203/471)\rReceiving objects:  44% (208/471)\rReceiving objects:  45% (212/471)\rReceiving objects:  46% (217/471)\rReceiving objects:  47% (222/471)\rReceiving objects:  48% (227/471)\rReceiving objects:  49% (231/471)\rReceiving objects:  50% (236/471)\rReceiving objects:  51% (241/471)\rReceiving objects:  52% (245/471)\rReceiving objects:  53% (250/471)\rReceiving objects:  54% (255/471)\rReceiving objects:  55% (260/471)\rReceiving objects:  56% (264/471)\rReceiving objects:  57% (269/471)\rReceiving objects:  58% (274/471)\rReceiving objects:  59% (278/471)\rReceiving objects:  60% (283/471)\rReceiving objects:  61% (288/471)\rReceiving objects:  62% (293/471)\rReceiving objects:  63% (297/471)\rReceiving objects:  64% (302/471)\rReceiving objects:  65% (307/471)\rReceiving objects:  66% (311/471)\rReceiving objects:  67% (316/471)\rReceiving objects:  68% (321/471)\rReceiving objects:  69% (325/471)\rReceiving objects:  70% (330/471)\rReceiving objects:  71% (335/471)\rReceiving objects:  72% (340/471)\rReceiving objects:  73% (344/471)\rReceiving objects:  74% (349/471)\rReceiving objects:  75% (354/471)\rReceiving objects:  76% (358/471)\rReceiving objects:  77% (363/471)\rReceiving objects:  78% (368/471)\rReceiving objects:  79% (373/471)\rReceiving objects:  80% (377/471)\rReceiving objects:  81% (382/471)\rReceiving objects:  82% (387/471)\rReceiving objects:  83% (391/471)\rReceiving objects:  84% (396/471)\rReceiving objects:  85% (401/471)\rReceiving objects:  86% (406/471)\rReceiving objects:  87% (410/471)\rReceiving objects:  88% (415/471)\rReceiving objects:  89% (420/471)\rReceiving objects:  90% (424/471)\rReceiving objects:  91% (429/471)\rReceiving objects:  92% (434/471)\rReceiving objects:  93% (439/471)\rremote: Total 471 (delta 28), reused 39 (delta 14), pack-reused 410 (from 1)\u001b[K\r\n"}
,{"stream_name":"stdout","time":11.797347482,"data":"Receiving objects:  94% (443/471)\rReceiving objects:  95% (448/471)\rReceiving objects:  96% (453/471)\rReceiving objects:  97% (457/471)\rReceiving objects:  98% (462/471)\rReceiving objects:  99% (467/471)\rReceiving objects: 100% (471/471)\rReceiving objects: 100% (471/471), 4.07 MiB | 18.05 MiB/s, done.\r\n"}
,{"stream_name":"stdout","time":11.84798605,"data":"Resolving deltas:   0% (0/247)\rResolving deltas:   1% (4/247)\rResolving deltas:   2% (5/247)\rResolving deltas:   3% (8/247)\rResolving deltas:   4% (10/247)\rResolving deltas:   5% (13/247)\rResolving deltas:   6% (15/247)\rResolving deltas:   7% (18/247)\rResolving deltas:   8% (20/247)\rResolving deltas:   9% (23/247)\rResolving deltas:  10% (25/247)\rResolving deltas:  11% (28/247)\rResolving deltas:  12% (30/247)\rResolving deltas:  13% (33/247)\rResolving deltas:  14% (35/247)\rResolving deltas:  15% (38/247)\rResolving deltas:  16% (40/247)\rResolving deltas:  17% (42/247)\rResolving deltas:  18% (45/247)\rResolving deltas:  22% (56/247)\rResolving deltas:  23% (57/247)\rResolving deltas:  24% (61/247)\rResolving deltas:  25% (63/247)\rResolving deltas:  26% (65/247)\rResolving deltas:  27% (67/247)\rResolving deltas:  28% (71/247)\rResolving deltas:  29% (72/247)\rResolving deltas:  30% (75/247)\rResolving deltas:  32% (81/247)\rResolving deltas:  33% (82/247)\rResolving deltas:  34% (84/247)\rResolving deltas:  35% (87/247)\rResolving deltas:  36% (89/247)\rResolving deltas:  37% (92/247)\rResolving deltas:  38% (96/247)\rResolving deltas:  39% (97/247)\rResolving deltas:  40% (99/247)\rResolving deltas:  41% (102/247)\rResolving deltas:  42% (104/247)\rResolving deltas:  43% (107/247)\rResolving deltas:  44% (110/247)\rResolving deltas:  45% (112/247)\rResolving deltas:  48% (119/247)\rResolving deltas:  49% (123/247)\rResolving deltas:  50% (124/247)\rResolving deltas:  51% (127/247)\rResolving deltas:  52% (129/247)\rResolving deltas:  53% (131/247)\rResolving deltas:  55% (137/247)\rResolving deltas:  56% (139/247)\rResolving deltas:  57% (141/247)\rResolving deltas:  59% (147/247)\rResolving deltas:  60% (149/247)\rResolving deltas:  61% (151/247)\rResolving deltas:  62% (154/247)\rResolving deltas:  63% (156/247)\rResolving deltas:  64% (160/247)\rResolving deltas:  65% (163/247)\rResolving deltas:  66% (165/247)\rResolving deltas:  67% (167/247)\rResolving deltas:  68% (168/247)\rResolving deltas:  69% (171/247)\rResolving deltas:  70% (173/247)\rResolving deltas:  71% (176/247)\rResolving deltas:  72% (178/247)\rResolving deltas:  73% (181/247)\rResolving deltas:  74% (183/247)\rResolving deltas:  75% (186/247)\rResolving deltas:  76% (188/247)\rResolving deltas:  77% (191/247)\rResolving deltas:  78% (193/247)\rResolving deltas:  79% (196/247)\rResolving deltas:  80% (198/247)\rResolving deltas:  81% (201/247)\rResolving deltas:  82% (203/247)\rResolving deltas:  83% (206/247)\rResolving deltas:  84% (208/247)\rResolving deltas:  85% (210/247)\rResolving deltas:  86% (214/247)\rResolving deltas:  87% (215/247)\rResolving deltas:  88% (219/247)\rResolving deltas:  89% (221/247)\rResolving deltas:  90% (223/247)\rResolving deltas:  91% (225/247)\rResolving deltas:  92% (228/247)\rResolving deltas:  95% (235/247)\rResolving deltas:  96% (238/247)\rResolving deltas:  97% (240/247)\rResolving deltas:  98% (243/247)\rResolving deltas:  99% (245/247)\rResolving deltas: 100% (247/247)\rResolving deltas: 100% (247/247), done.\r\n"}
,{"stream_name":"stdout","time":11.998218965,"data":"/kaggle/working/oneiro\n"}
,{"stream_name":"stdout","time":59.487779318,"data":"\u001b[33mWARNING: Running pip as the 'root' user can result in broken permissions and conflicting behaviour with the system package manager, possibly rendering your system unusable. It is recommended to use a virtual environment instead: https://pip.pypa.io/warnings/venv. Use the --root-user-action option if you know what you are doing and want to suppress this warning.\u001b[0m\u001b[33m\r\n"}
,{"stream_name":"stdout","time":59.637518586,"data":"\u001b[0m\r\n"}
,{"stream_name":"stdout","time":59.637535755,"data":"\u001b[1m[\u001b[0m\u001b[34;49mnotice\u001b[0m\u001b[1;39;49m]\u001b[0m\u001b[39;49m A new release of pip is available: \u001b[0m\u001b[31;49m25.0.1\u001b[0m\u001b[39;49m -\u003e \u001b[0m\u001b[32;49m26.2\u001b[0m\r\n"}
,{"stream_name":"stdout","time":59.637540835,"data":"\u001b[1m[\u001b[0m\u001b[34;49mnotice\u001b[0m\u001b[1;39;49m]\u001b[0m\u001b[39;49m To update, run: \u001b[0m\u001b[32;49mpip install --upgrade pip\u001b[0m\r\n"}
,{"stream_name":"stdout","time":75.595519421,"data":"\u001b[33mWARNING: Running pip as the 'root' user can result in broken permissions and conflicting behaviour with the system package manager, possibly rendering your system unusable. It is recommended to use a virtual environment instead: https://pip.pypa.io/warnings/venv. Use the --root-user-action option if you know what you are doing and want to suppress this warning.\u001b[0m\u001b[33m\r\n"}
,{"stream_name":"stdout","time":75.646102027,"data":"\u001b[0m\r\n"}
,{"stream_name":"stdout","time":75.646116617,"data":"\u001b[1m[\u001b[0m\u001b[34;49mnotice\u001b[0m\u001b[1;39;49m]\u001b[0m\u001b[39;49m A new release of pip is available: \u001b[0m\u001b[31;49m25.0.1\u001b[0m\u001b[39;49m -\u003e \u001b[0m\u001b[32;49m26.2\u001b[0m\r\n"}
,{"stream_name":"stdout","time":75.646124517,"data":"\u001b[1m[\u001b[0m\u001b[34;49mnotice\u001b[0m\u001b[1;39;49m]\u001b[0m\u001b[39;49m To update, run: \u001b[0m\u001b[32;49mpip install --upgrade pip\u001b[0m\r\n"}
,{"stream_name":"stdout","time":93.670666056,"data":"\u001b[33mWARNING: Running pip as the 'root' user can result in broken permissions and conflicting behaviour with the system package manager, possibly rendering your system unusable. It is recommended to use a virtual environment instead: https://pip.pypa.io/warnings/venv. Use the --root-user-action option if you know what you are doing and want to suppress this warning.\u001b[0m\u001b[33m\r\n"}
,{"stream_name":"stdout","time":93.670701796,"data":"\u001b[0m\r\n"}
,{"stream_name":"stdout","time":93.670707716,"data":"\u001b[1m[\u001b[0m\u001b[34;49mnotice\u001b[0m\u001b[1;39;49m]\u001b[0m\u001b[39;49m A new release of pip is available: \u001b[0m\u001b[31;49m25.0.1\u001b[0m\u001b[39;49m -\u003e \u001b[0m\u001b[32;49m26.2\u001b[0m\r\n"}
,{"stream_name":"stdout","time":93.670721976,"data":"\u001b[1m[\u001b[0m\u001b[34;49mnotice\u001b[0m\u001b[1;39;49m]\u001b[0m\u001b[39;49m To update, run: \u001b[0m\u001b[32;49mpip install --upgrade pip\u001b[0m\r\n"}
,{"stream_name":"stdout","time":95.441568076,"data":"/usr/local/lib/python3.12/site-packages/jax/_src/cloud_tpu_init.py:88: UserWarning: Transparent hugepages are not enabled. TPU runtime startup and shutdown time should be significantly improved on TPU v5e and newer. If not already set, you may need to enable transparent hugepages in your VM image (sudo sh -c \"echo always \u003e /sys/kernel/mm/transparent_hugepage/enabled\")\r\n"}
,{"stream_name":"stdout","time":95.441613196,"data":"  warnings.warn(\r\n"}
,{"stream_name":"stdout","time":100.890182363,"data":"Gym has been unmaintained since 2022 and does not support NumPy 2.0 amongst other critical functionality.\r\n"}
,{"stream_name":"stdout","time":100.890222873,"data":"Please upgrade to Gymnasium, the maintained drop-in replacement of Gym, or contact the authors of your software and request that they upgrade.\r\n"}
,{"stream_name":"stdout","time":100.890229383,"data":"Users of this version of Gym should be able to simply replace 'import gym' with 'import gymnasium as gym' in the vast majority of cases.\r\n"}
,{"stream_name":"stdout","time":100.890234213,"data":"See the migration guide at https://gymnasium.farama.org/introduction/migration_guide/ for additional information.\r\n"}
,{"stream_name":"stdout","time":100.890238863,"data":"[override] REWARD_RARE_WEIGHT = 1.0\r\n"}
,{"stream_name":"stdout","time":103.311285227,"data":"WARNING: Logging before InitGoogle() is written to STDERR\r\n"}
,{"stream_name":"stdout","time":103.311313037,"data":"E0000 00:00:1785407800.726078     133 common_lib.cc:646] Could not set metric server port: INVALID_ARGUMENT: Could not find SliceBuilder port 8471 in any of the 0 ports provided in `tpu_process_addresses`=\"local\"\r\n"}
,{"stream_name":"stdout","time":103.311318957,"data":"=== Source Location Trace: === \r\n"}
,{"stream_name":"stdout","time":103.311323427,"data":"learning/45eac/tfrc/runtime/common_lib.cc:228\r\n"}
,{"stream_name":"stdout","time":112.312975323,"data":"JAX backend : tpu\r\n"}
,{"stream_name":"stdout","time":112.313006423,"data":"Device      : [TpuDevice(id=0, process_index=0, coords=(0,0,0), core_on_chip=0), TpuDevice(id=1, process_index=0, coords=(1,0,0), core_on_chip=0), TpuDevice(id=2, process_index=0, coords=(0,1,0), core_on_chip=0), TpuDevice(id=3, process_index=0, coords=(1,1,0), core_on_chip=0), TpuDevice(id=4, process_index=0, coords=(0,2,0), core_on_chip=0), TpuDevice(id=5, process_index=0, coords=(1,2,0), core_on_chip=0), TpuDevice(id=6, process_index=0, coords=(0,3,0), core_on_chip=0), TpuDevice(id=7, process_index=0, coords=(1,3,0), core_on_chip=0)]\r\n"}
,{"stream_name":"stdout","time":112.313013163,"data":"Sharding    : DATA-PARALLEL sur 8 devices (mesh OrderedDict({'data': 8}), axis 'data', batch dim0 shardé, state répliqué)\r\n"}
,{"stream_name":"stdout","time":112.313018643,"data":"Run         : v52-rareweight1\r\n"}
,{"stream_name":"stdout","time":112.313022673,"data":"Config      : entropy=0.0003  train_iter=20000  n_envs=4  batch=16  seq_len=64\r\n"}
,{"stream_name":"stdout","time":112.313026733,"data":"Optim       : lr_wm=1.0e-04  lr_ac=1.0e-04  lr_alpha=1.0e-03  grad_clip=100.0  horizon=16\r\n"}
,{"stream_name":"stdout","time":112.313030763,"data":"Replay      : collect/iter=32  wm_train/iter=4  ac_train/iter=1  → train_ratio≈128\r\n"}
,{"stream_name":"stdout","time":112.313035023,"data":"Flags       : adaptive_alpha=False  auto_explore=False  use_rnd=False\r\n"}
,{"stream_name":"stdout","time":112.313048593,"data":"\r\n"}
,{"stream_name":"stdout","time":115.240058671,"data":"Buffer      : CPU (1,000,000 cap, 12300 MB)\r\n"}
,{"stream_name":"stdout","time":125.035916067,"data":"Adaptive α : OFF (entropy_coef fixe = 0.0003)\r\n"}
,{"stream_name":"stdout","time":125.035958807,"data":"RND        : OFF\r\n"}
,{"stream_name":"stdout","time":125.035964507,"data":"Auto-explore : OFF\r\n"}
,{"stream_name":"stdout","time":125.035969207,"data":"\r\n"}
,{"stream_name":"stdout","time":125.035973237,"data":"============================================================\r\n"}
,{"stream_name":"stdout","time":125.035977297,"data":"Architecture\r\n"}
,{"stream_name":"stdout","time":125.035981987,"data":"============================================================\r\n"}
,{"stream_name":"stdout","time":125.035986037,"data":"  WM modules (CNNEnc+RSSM+CNNDec+heads) : 54,153,539 params\r\n"}
,{"stream_name":"stdout","time":125.035991037,"data":"  Actor + Critic                        : 10,782,992 params\r\n"}
,{"stream_name":"stdout","time":125.035995287,"data":"  TOTAL                                 : 64,936,531 params (~64.94M)\r\n"}
,{"stream_name":"stdout","time":125.035999407,"data":"\r\n"}
,{"stream_name":"stdout","time":125.791051635,"data":"Output dirs : runs=/kaggle/working/runs  checkpoints=/kaggle/working/checkpoints\r\n"}
,{"stream_name":"stdout","time":125.791078145,"data":"\r\n"}
,{"stream_name":"stdout","time":125.791083985,"data":"============================================================\r\n"}
,{"stream_name":"stdout","time":125.791089205,"data":"Phase 0 : Warmup random (5000 steps, 4 envs)\r\n"}
,{"stream_name":"stdout","time":125.791094575,"data":"============================================================\r\n"}
,{"stream_name":"stdout","time":135.935587654,"data":"Buffer : 5000 transitions en 10.1s\r\n"}
,{"stream_name":"stdout","time":135.935633364,"data":"         Mémoire buffer : 12300.0 MB\r\n"}
,{"stream_name":"stdout","time":135.935639534,"data":"\r\n"}
,{"stream_name":"stdout","time":135.935643834,"data":"============================================================\r\n"}
,{"stream_name":"stdout","time":135.935647984,"data":"Phase 1 : Training Dreamer JAX (20000 itérations)\r\n"}
,{"stream_name":"stdout","time":135.935652274,"data":"============================================================\r\n"}
,{"stream_name":"stdout","time":136.18719642,"data":"[Phase 13] Safeguards : warmup=5000  adaptive_rnd=True  health_auto_stop=False  h_target_schedule=True [1.13→1.13 over 10000]\r\n"}
,{"stream_name":"stdout","time":189.215988813,"data":"  iter    50/20000 [ 0.2%] | WM wm=132.71 rec=130.08 kl=2.41 rew=0.205 con=0.018 rew@ach=0.01/0.91(n=18) rew@0=+0.006 | AC act=0.096 crit=2.578 pg=0.096 H=2.31 | img ret=0.08 val=0.03 imgR(mu=0.007 max=0.01 p99=0.01 hi=0.00%) scale=1.00 p5=-0.02 p95=0.05 | umix=0.010 | r/step=0.0102 | 0.9 ips ETA 5h51\r\n"}
,{"stream_name":"stdout","time":215.988908319,"data":"  iter   100/20000 [ 0.5%] | WM wm=70.81 rec=68.17 kl=2.39 rew=0.216 con=0.038 rew@ach=0.11/0.76(n=14) rew@0=+0.012 | AC act=0.012 crit=3.490 pg=0.012 H=0.09 | img ret=0.19 val=0.04 imgR(mu=0.018 max=0.18 p99=0.13 hi=0.00%) scale=1.00 p5=-0.02 p95=0.10 | umix=0.010 | r/step=0.0008 | 1.3 ips ETA 4h24\r\n"}
,{"stream_name":"stdout","time":215.988950139,"data":"  [health] WARN H_collapse: H=0.09\r\n"}
,{"stream_name":"stdout","time":242.763513447,"data":"  iter   150/20000 [ 0.8%] | WM wm=53.27 rec=50.34 kl=2.72 rew=0.183 con=0.026 rew@ach=0.03/0.88(n=14) rew@0=+0.002 | AC act=-0.010 crit=1.702 pg=-0.010 H=0.43 | img ret=0.03 val=0.05 imgR(mu=-0.002 max=0.36 p99=0.04 hi=0.00%) scale=1.00 p5=-0.04 p95=0.15 | umix=0.010 | r/step=0.0028 | 1.4 ips ETA 3h55\r\n"}
,{"stream_name":"stdout","time":269.716391207,"data":"  iter   200/20000 [ 1.0%] | WM wm=51.87 rec=49.10 kl=2.57 rew=0.176 con=0.024 rew@ach=0.10/0.78(n=16) rew@0=+0.001 | AC act=0.001 crit=1.979 pg=0.001 H=0.08 | img ret=0.07 val=0.06 imgR(mu=0.002 max=0.77 p99=0.08 hi=0.09%) scale=1.00 p5=-0.07 p95=0.16 | umix=0.010 | r/step=0.0032 | 1.5 ips ETA 3h40\r\n"}
,{"stream_name":"stdout","time":269.716438697,"data":"  [health] WARN H_collapse: H=0.08\r\n"}
,{"stream_name":"stdout","time":296.691844147,"data":"  iter   250/20000 [ 1.2%] | WM wm=31.96 rec=29.22 kl=2.59 rew=0.130 con=0.021 rew@ach=0.33/0.73(n=19) rew@0=+0.000 | AC act=0.000 crit=1.634 pg=0.000 H=0.08 | img ret=0.05 val=0.05 imgR(mu=0.002 max=0.94 p99=0.06 hi=0.16%) scale=1.00 p5=-0.09 p95=0.17 | umix=0.010 | r/step=0.0016 | 1.6 ips ETA 3h31\r\n"}
,{"stream_name":"stdout","time":296.691881557,"data":"  [health] WARN H_collapse: H=0.08\r\n"}
,{"stream_name":"stdout","time":323.203133834,"data":"  iter   300/20000 [ 1.5%] | WM wm=32.17 rec=29.15 kl=2.83 rew=0.165 con=0.027 rew@ach=0.17/0.61(n=13) rew@0=+0.002 | AC act=0.002 crit=1.919 pg=0.002 H=0.08 | img ret=0.09 val=0.04 imgR(mu=0.009 max=0.98 p99=0.19 hi=0.48%) scale=1.00 p5=-0.12 p95=0.18 | umix=0.010 | r/step=0.0037 | 1.6 ips ETA 3h24\r\n"}
,{"stream_name":"stdout","time":323.203179943,"data":"  [health] WARN H_collapse: H=0.08\r\n"}
,{"stream_name":"stdout","time":349.884478063,"data":"  iter   350/20000 [ 1.8%] | WM wm=32.60 rec=29.39 kl=3.02 rew=0.164 con=0.027 rew@ach=0.41/0.99(n=15) rew@0=+0.002 | AC act=0.003 crit=1.696 pg=0.003 H=0.08 | img ret=0.08 val=0.05 imgR(mu=0.007 max=0.98 p99=0.14 hi=0.18%) scale=1.00 p5=-0.16 p95=0.24 | umix=0.010 | r/step=0.0034 | 1.6 ips ETA 3h19\r\n"}
,{"stream_name":"stdout","time":349.884524143,"data":"  [health] WARN H_collapse: H=0.08\r\n"}
,{"stream_name":"stdout","time":376.732136138,"data":"  iter   400/20000 [ 2.0%] | WM wm=24.87 rec=21.84 kl=2.87 rew=0.148 con=0.014 rew@ach=0.18/0.62(n=13) rew@0=+0.001 | AC act=0.000 crit=1.581 pg=0.000 H=0.08 | img ret=0.04 val=0.05 imgR(mu=0.002 max=0.99 p99=0.07 hi=0.48%) scale=1.00 p5=-0.20 p95=0.27 | umix=0.010 | r/step=0.0035 | 1.7 ips ETA 3h16\r\n"}
,{"stream_name":"stdout","time":376.732185948,"data":"  [health] WARN H_collapse: H=0.08\r\n"}
,{"stream_name":"stdout","time":376.732191778,"data":"  [health] WARN FATAL: H_collapse persistent (consec=5)\r\n"}
,{"stream_name":"stdout","time":403.391034722,"data":"  iter   450/20000 [ 2.2%] | WM wm=25.91 rec=22.61 kl=3.19 rew=0.107 con=0.009 rew@ach=0.18/0.44(n=9) rew@0=+0.000 | AC act=0.020 crit=2.001 pg=0.020 H=0.33 | img ret=0.21 val=0.09 imgR(mu=0.016 max=0.99 p99=0.78 hi=1.45%) scale=1.00 p5=-0.22 p95=0.37 | umix=0.010 | r/step=0.0085 | 1.7 ips ETA 3h13\r\n"}
,{"stream_name":"stdout","time":429.897867839,"data":"  iter   500/20000 [ 2.5%] | WM wm=32.97 rec=29.03 kl=3.76 rew=0.158 con=0.024 rew@ach=0.35/0.88(n=14) rew@0=-0.002 | AC act=0.016 crit=2.127 pg=0.016 H=0.20 | img ret=0.34 val=0.21 imgR(mu=0.020 max=0.99 p99=0.76 hi=1.54%) scale=1.00 p5=-0.25 p95=0.64 | umix=0.010 | r/step=0.0087 | 1.7 ips ETA 3h10\r\n"}
,{"stream_name":"stdout","time":429.897910879,"data":"  [health] WARN H_collapse: H=0.20\r\n"}
,{"stream_name":"stdout","time":456.31327867,"data":"  iter   550/20000 [ 2.8%] | WM wm=27.72 rec=23.91 kl=3.67 rew=0.121 con=0.019 rew@ach=0.39/0.98(n=13) rew@0=+0.006 | AC act=0.014 crit=2.008 pg=0.014 H=0.20 | img ret=0.26 val=0.19 imgR(mu=0.012 max=0.99 p99=0.32 hi=0.85%) scale=1.10 p5=-0.27 p95=0.83 | umix=0.010 | r/step=0.0113 | 1.7 ips ETA 3h08\r\n"}
,{"stream_name":"stdout","time":456.31332359,"data":"  [health] WARN H_collapse: H=0.20\r\n"}
,{"stream_name":"stdout","time":482.93446399,"data":"  iter   600/20000 [ 3.0%] | WM wm=33.34 rec=29.70 kl=3.47 rew=0.156 con=0.021 rew@ach=0.30/0.87(n=13) rew@0=+0.002 | AC act=0.011 crit=1.864 pg=0.011 H=0.19 | img ret=0.30 val=0.25 imgR(mu=0.015 max=1.00 p99=0.40 hi=0.92%) scale=1.27 p5=-0.31 p95=0.97 | umix=0.010 | r/step=0.0093 | 1.7 ips ETA 3h06\r\n"}
,{"stream_name":"stdout","time":482.93454682,"data":"  [health] WARN H_collapse: H=0.19\r\n"}
,{"stream_name":"stdout","time":509.961838877,"data":"  iter   650/20000 [ 3.2%] | WM wm=32.56 rec=28.77 kl=3.67 rew=0.117 con=0.014 rew@ach=0.13/0.81(n=11) rew@0=+0.003 | AC act=0.006 crit=1.829 pg=0.006 H=0.23 | img ret=0.26 val=0.22 imgR(mu=0.008 max=0.99 p99=0.16 hi=0.65%) scale=1.46 p5=-0.34 p95=1.13 | umix=0.010 | r/step=0.0109 | 1.7 ips ETA 3h05\r\n"}
,{"stream_name":"stdout","time":509.961870267,"data":"  [health] WARN H_collapse: H=0.23\r\n"}
,{"stream_name":"stdout","time":536.485276399,"data":"  iter   700/20000 [ 3.5%] | WM wm=38.37 rec=34.47 kl=3.74 rew=0.136 con=0.017 rew@ach=0.36/0.87(n=13) rew@0=+0.002 | AC act=-0.003 crit=1.793 pg=-0.003 H=0.25 | img ret=0.06 val=0.07 imgR(mu=0.001 max=1.00 p99=0.20 hi=0.67%) scale=1.59 p5=-0.36 p95=1.23 | umix=0.010 | r/step=0.0104 | 1.7 ips ETA 3h03\r\n"}
,{"stream_name":"stdout","time":536.485320439,"data":"  [health] WARN H_collapse: H=0.25\r\n"}
,{"stream_name":"stdout","time":536.485326449,"data":"  [health] WARN FATAL: H_collapse persistent (consec=5)\r\n"}
,{"stream_name":"stdout","time":563.16712083,"data":"  iter   750/20000 [ 3.8%] | WM wm=28.20 rec=24.34 kl=3.69 rew=0.143 con=0.025 rew@ach=0.30/0.87(n=15) rew@0=-0.002 | AC act=0.006 crit=2.044 pg=0.006 H=0.19 | img ret=0.32 val=0.28 imgR(mu=0.012 max=1.01 p99=0.69 hi=1.31%) scale=1.74 p5=-0.39 p95=1.35 | umix=0.010 | r/step=0.0071 | 1.8 ips ETA 3h02\r\n"}
,{"stream_name":"stdout","time":563.1671528,"data":"  [health] WARN H_collapse: H=0.19\r\n"}
,{"stream_name":"stdout","time":563.16715751,"data":"  [health] WARN FATAL: H_collapse persistent (consec=6)\r\n"}
,{"stream_name":"stdout","time":590.234603515,"data":"  iter   800/20000 [ 4.0%] | WM wm=25.01 rec=21.34 kl=3.51 rew=0.143 con=0.014 rew@ach=0.39/0.84(n=11) rew@0=-0.000 | AC act=-0.003 crit=1.805 pg=-0.003 H=0.21 | img ret=0.22 val=0.24 imgR(mu=0.006 max=1.01 p99=0.47 hi=0.98%) scale=1.81 p5=-0.41 p95=1.39 | umix=0.010 | r/step=0.0103 | 1.8 ips ETA 3h01\r\n"}
,{"stream_name":"stdout","time":590.234642565,"data":"  [health] WARN H_collapse: H=0.21\r\n"}
,{"stream_name":"stdout","time":590.234648175,"data":"  [health] WARN FATAL: H_collapse persistent (consec=7)\r\n"}
,{"stream_name":"stdout","time":617.175503108,"data":"  iter   850/20000 [ 4.2%] | WM wm=31.64 rec=28.23 kl=3.35 rew=0.056 con=0.005 rew@ach=0.65/1.00(n=8) rew@0=-0.002 | AC act=-0.004 crit=1.916 pg=-0.004 H=0.23 | img ret=0.07 val=0.09 imgR(mu=0.001 max=1.01 p99=0.41 hi=0.84%) scale=1.88 p5=-0.44 p95=1.44 | umix=0.010 | r/step=0.0018 | 1.8 ips ETA 3h00\r\n"}
,{"stream_name":"stdout","time":617.175540668,"data":"  [health] WARN H_collapse: H=0.23\r\n"}
,{"stream_name":"stdout","time":617.175546538,"data":"  [health] WARN FATAL: H_collapse persistent (consec=8)\r\n"}
,{"stream_name":"stdout","time":643.988093763,"data":"  iter   900/20000 [ 4.5%] | WM wm=32.16 rec=27.92 kl=4.10 rew=0.124 con=0.015 rew@ach=0.28/0.88(n=14) rew@0=+0.001 | AC act=0.002 crit=2.074 pg=0.002 H=0.19 | img ret=0.29 val=0.23 imgR(mu=0.010 max=1.00 p99=0.49 hi=0.98%) scale=1.98 p5=-0.47 p95=1.50 | umix=0.010 | r/step=0.0063 | 1.8 ips ETA 2h59\r\n"}
,{"stream_name":"stdout","time":643.988135803,"data":"  [health] WARN H_collapse: H=0.19\r\n"}
,{"stream_name":"stdout","time":643.988140963,"data":"  [health] WARN FATAL: H_collapse persistent (consec=9)\r\n"}
,{"stream_name":"stdout","time":670.518352583,"data":"  iter   950/20000 [ 4.8%] | WM wm=21.58 rec=17.69 kl=3.73 rew=0.147 con=0.010 rew@ach=0.05/0.80(n=8) rew@0=-0.005 | AC act=-0.005 crit=1.977 pg=-0.005 H=0.25 | img ret=0.19 val=0.20 imgR(mu=0.006 max=1.00 p99=0.26 hi=0.54%) scale=2.02 p5=-0.49 p95=1.53 | umix=0.010 | r/step=0.0110 | 1.8 ips ETA 2h58\r\n"}
,{"stream_name":"stdout","time":670.518397793,"data":"  [health] WARN H_collapse: H=0.25\r\n"}
,{"stream_name":"stdout","time":670.518401813,"data":"  [health] WARN FATAL: H_collapse persistent (consec=10)\r\n"}
,{"stream_name":"stdout","time":697.180120541,"data":"  iter  1000/20000 [ 5.0%] | WM wm=25.52 rec=21.86 kl=3.51 rew=0.132 con=0.015 rew@ach=0.29/0.80(n=8) rew@0=+0.002 | AC act=-0.001 crit=1.633 pg=-0.001 H=0.30 | img ret=0.28 val=0.27 imgR(mu=0.005 max=1.01 p99=0.25 hi=0.75%) scale=2.05 p5=-0.51 p95=1.54 | umix=0.010 | r/step=0.0103 | 1.8 ips ETA 2h57\r\n"}
,{"stream_name":"stdout","time":724.312877568,"data":"  iter  1050/20000 [ 5.2%] | WM wm=25.47 rec=21.41 kl=3.86 rew=0.190 con=0.022 rew@ach=0.28/0.91(n=17) rew@0=-0.000 | AC act=-0.002 crit=1.757 pg=-0.002 H=0.27 | img ret=0.11 val=0.11 imgR(mu=0.002 max=1.02 p99=0.18 hi=0.65%) scale=2.12 p5=-0.54 p95=1.58 | umix=0.010 | r/step=0.0108 | 1.8 ips ETA 2h56\r\n"}
,{"stream_name":"stdout","time":724.312916318,"data":"  [health] WARN H_collapse: H=0.27\r\n"}
,{"stream_name":"stdout","time":751.247662393,"data":"  iter  1100/20000 [ 5.5%] | WM wm=27.28 rec=23.52 kl=3.62 rew=0.126 con=0.009 rew@ach=0.58/1.00(n=9) rew@0=+0.002 | AC act=0.003 crit=1.942 pg=0.003 H=0.35 | img ret=0.26 val=0.23 imgR(mu=0.015 max=1.02 p99=0.58 hi=1.10%) scale=2.20 p5=-0.56 p95=1.64 | umix=0.010 | r/step=0.0078 | 1.8 ips ETA 2h56\r\n"}
,{"stream_name":"stdout","time":777.931585436,"data":"  iter  1150/20000 [ 5.8%] | WM wm=23.22 rec=19.76 kl=3.34 rew=0.106 con=0.013 rew@ach=0.26/1.00(n=10) rew@0=-0.001 | AC act=-0.005 crit=1.684 pg=-0.005 H=0.26 | img ret=0.26 val=0.30 imgR(mu=0.000 max=1.00 p99=0.14 hi=0.65%) scale=2.29 p5=-0.60 p95=1.69 | umix=0.010 | r/step=0.0134 | 1.8 ips ETA 2h55\r\n"}
,{"stream_name":"stdout","time":777.931617196,"data":"  [health] WARN H_collapse: H=0.26\r\n"}
,{"stream_name":"stdout","time":804.852909666,"data":"  iter  1200/20000 [ 6.0%] | WM wm=23.77 rec=19.88 kl=3.79 rew=0.092 con=0.004 rew@ach=0.52/0.86(n=12) rew@0=+0.002 | AC act=-0.001 crit=1.718 pg=-0.001 H=0.26 | img ret=0.34 val=0.35 imgR(mu=0.011 max=1.01 p99=0.58 hi=1.08%) scale=2.41 p5=-0.63 p95=1.78 | umix=0.010 | r/step=0.0176 | 1.8 ips ETA 2h54\r\n"}
,{"stream_name":"stdout","time":804.852951136,"data":"  [health] WARN H_collapse: H=0.26\r\n"}
,{"stream_name":"stdout","time":831.519257711,"data":"  iter  1250/20000 [ 6.2%] | WM wm=17.93 rec=14.20 kl=3.59 rew=0.122 con=0.017 rew@ach=0.55/1.00(n=9) rew@0=-0.001 | AC act=-0.002 crit=1.527 pg=-0.001 H=0.26 | img ret=0.21 val=0.20 imgR(mu=0.006 max=1.00 p99=0.20 hi=0.46%) scale=2.51 p5=-0.64 p95=1.87 | umix=0.010 | r/step=0.0146 | 1.8 ips ETA 2h53\r\n"}
,{"stream_name":"stdout","time":831.519302771,"data":"  [health] WARN H_collapse: H=0.26\r\n"}
,{"stream_name":"stdout","time":858.493301531,"data":"  iter  1300/20000 [ 6.5%] | WM wm=23.45 rec=19.52 kl=3.79 rew=0.132 con=0.010 rew@ach=0.63/0.98(n=9) rew@0=-0.001 | AC act=0.001 crit=1.822 pg=0.001 H=0.20 | img ret=0.44 val=0.39 imgR(mu=0.011 max=1.01 p99=0.82 hi=1.42%) scale=2.55 p5=-0.66 p95=1.90 | umix=0.010 | r/step=0.0141 | 1.8 ips ETA 2h53\r\n"}
,{"stream_name":"stdout","time":858.493344752,"data":"  [health] WARN H_collapse: H=0.20\r\n"}
,{"stream_name":"stdout","time":885.222332169,"data":"  iter  1350/20000 [ 6.8%] | WM wm=20.28 rec=16.80 kl=3.39 rew=0.081 con=0.004 rew@ach=0.25/0.59(n=8) rew@0=-0.000 | AC act=-0.001 crit=1.620 pg=-0.001 H=0.24 | img ret=0.15 val=0.16 imgR(mu=0.007 max=1.01 p99=0.19 hi=0.70%) scale=2.57 p5=-0.68 p95=1.89 | umix=0.010 | r/step=0.0135 | 1.8 ips ETA 2h52\r\n"}
,{"stream_name":"stdout","time":885.222361218,"data":"  [health] WARN H_collapse: H=0.24\r\n"}
,{"stream_name":"stdout","time":885.222367009,"data":"  [health] WARN FATAL: H_collapse persistent (consec=5)\r\n"}
,{"stream_name":"stdout","time":911.836065437,"data":"  iter  1400/20000 [ 7.0%] | WM wm=21.65 rec=18.01 kl=3.51 rew=0.116 con=0.009 rew@ach=0.27/0.79(n=9) rew@0=+0.001 | AC act=0.000 crit=1.746 pg=0.000 H=0.28 | img ret=0.38 val=0.38 imgR(mu=0.011 max=1.01 p99=0.55 hi=1.03%) scale=2.58 p5=-0.70 p95=1.88 | umix=0.010 | r/step=0.0207 | 1.8 ips ETA 2h51\r\n"}
,{"stream_name":"stdout","time":911.836152397,"data":"  [health] WARN H_collapse: H=0.28\r\n"}
,{"stream_name":"stdout","time":911.836158557,"data":"  [health] WARN FATAL: H_collapse persistent (consec=6)\r\n"}
,{"stream_name":"stdout","time":938.858474256,"data":"  iter  1450/20000 [ 7.2%] | WM wm=26.83 rec=22.59 kl=4.12 rew=0.112 con=0.004 rew@ach=0.32/0.62(n=13) rew@0=+0.000 | AC act=-0.002 crit=1.796 pg=-0.002 H=0.21 | img ret=0.07 val=0.08 imgR(mu=0.005 max=1.00 p99=0.23 hi=0.43%) scale=2.56 p5=-0.70 p95=1.87 | umix=0.010 | r/step=0.0097 | 1.8 ips ETA 2h51\r\n"}
,{"stream_name":"stdout","time":938.858505996,"data":"  [health] WARN H_collapse: H=0.21\r\n"}
,{"stream_name":"stdout","time":938.858511456,"data":"  [health] WARN FATAL: H_collapse persistent (consec=7)\r\n"}
,{"stream_name":"stdout","time":965.733363317,"data":"  iter  1500/20000 [ 7.5%] | WM wm=17.29 rec=14.15 kl=3.09 rew=0.044 con=0.000 rew@ach=0.62/0.83(n=10) rew@0=+0.003 | AC act=-0.001 crit=1.772 pg=-0.001 H=0.24 | img ret=0.21 val=0.18 imgR(mu=0.010 max=1.00 p99=0.54 hi=1.04%) scale=2.54 p5=-0.71 p95=1.83 | umix=0.010 | r/step=0.0143 | 1.8 ips ETA 2h50\r\n"}
,{"stream_name":"stdout","time":965.733402237,"data":"  [health] WARN H_collapse: H=0.24\r\n"}
,{"stream_name":"stdout","time":965.733406747,"data":"  [health] WARN FATAL: H_collapse persistent (consec=8)\r\n"}
,{"stream_name":"stdout","time":992.629858529,"data":"  iter  1550/20000 [ 7.8%] | WM wm=19.26 rec=15.76 kl=3.36 rew=0.121 con=0.013 rew@ach=0.39/0.91(n=18) rew@0=+0.003 | AC act=-0.002 crit=1.637 pg=-0.002 H=0.32 | img ret=0.13 val=0.13 imgR(mu=0.004 max=1.02 p99=0.32 hi=0.82%) scale=2.51 p5=-0.73 p95=1.78 | umix=0.010 | r/step=0.0123 | 1.8 ips ETA 2h49\r\n"}
,{"stream_name":"stdout","time":1019.594643772,"data":"  iter  1600/20000 [ 8.0%] | WM wm=16.24 rec=12.91 kl=3.19 rew=0.123 con=0.013 rew@ach=0.40/0.89(n=15) rew@0=-0.000 | AC act=-0.003 crit=1.778 pg=-0.003 H=0.30 | img ret=0.15 val=0.17 imgR(mu=0.006 max=1.01 p99=0.35 hi=0.77%) scale=2.49 p5=-0.74 p95=1.75 | umix=0.010 | r/step=0.0156 | 1.8 ips ETA 2h49\r\n"}
,{"stream_name":"stdout","time":1046.006380769,"data":"  iter  1650/20000 [ 8.2%] | WM wm=16.22 rec=12.91 kl=3.21 rew=0.084 con=0.011 rew@ach=0.52/0.86(n=12) rew@0=+0.002 | AC act=-0.005 crit=1.765 pg=-0.005 H=0.30 | img ret=0.10 val=0.12 imgR(mu=-0.002 max=1.00 p99=0.16 hi=0.56%) scale=2.45 p5=-0.75 p95=1.71 | umix=0.010 | r/step=0.0126 | 1.8 ips ETA 2h48\r\n"}
,{"stream_name":"stdout","time":1072.618611213,"data":"  iter  1700/20000 [ 8.5%] | WM wm=19.01 rec=15.77 kl=3.15 rew=0.087 con=0.004 rew@ach=0.63/1.00(n=9) rew@0=+0.001 | AC act=0.001 crit=1.764 pg=0.001 H=0.42 | img ret=0.21 val=0.19 imgR(mu=0.013 max=1.01 p99=0.44 hi=0.95%) scale=2.41 p5=-0.73 p95=1.68 | umix=0.010 | r/step=0.0116 | 1.8 ips ETA 2h48\r\n"}
,{"stream_name":"stdout","time":1099.467290433,"data":"  iter  1750/20000 [ 8.8%] | WM wm=18.41 rec=14.37 kl=3.86 rew=0.144 con=0.035 rew@ach=0.42/1.00(n=12) rew@0=-0.000 | AC act=-0.001 crit=1.559 pg=-0.001 H=0.24 | img ret=0.03 val=0.04 imgR(mu=-0.000 max=1.00 p99=0.20 hi=0.45%) scale=2.36 p5=-0.73 p95=1.63 | umix=0.010 | r/step=0.0144 | 1.8 ips ETA 2h47\r\n"}
,{"stream_name":"stdout","time":1099.467323613,"data":"  [health] WARN H_collapse: H=0.24\r\n"}
,{"stream_name":"stdout","time":1126.079868259,"data":"  iter  1800/20000 [ 9.0%] | WM wm=22.77 rec=18.57 kl=4.09 rew=0.106 con=0.011 rew@ach=0.60/0.99(n=15) rew@0=+0.001 | AC act=-0.000 crit=1.817 pg=-0.000 H=0.33 | img ret=0.20 val=0.20 imgR(mu=0.009 max=1.01 p99=0.50 hi=1.01%) scale=2.33 p5=-0.72 p95=1.62 | umix=0.010 | r/step=0.0131 | 1.8 ips ETA 2h46\r\n"}
,{"stream_name":"stdout","time":1152.727785085,"data":"  iter  1850/20000 [ 9.2%] | WM wm=18.11 rec=14.41 kl=3.56 rew=0.129 con=0.006 rew@ach=0.30/0.88(n=13) rew@0=+0.004 | AC act=0.003 crit=1.720 pg=0.003 H=0.40 | img ret=0.19 val=0.18 imgR(mu=0.005 max=1.01 p99=0.33 hi=0.77%) scale=2.31 p5=-0.72 p95=1.59 | umix=0.010 | r/step=0.0166 | 1.8 ips ETA 2h46\r\n"}
,{"stream_name":"stdout","time":1179.54576476,"data":"  iter  1900/20000 [ 9.5%] | WM wm=16.36 rec=13.10 kl=3.17 rew=0.087 con=0.010 rew@ach=0.58/1.00(n=15) rew@0=+0.001 | AC act=-0.000 crit=1.837 pg=-0.000 H=0.45 | img ret=0.14 val=0.12 imgR(mu=0.008 max=1.02 p99=0.51 hi=1.02%) scale=2.32 p5=-0.71 p95=1.61 | umix=0.010 | r/step=0.0117 | 1.8 ips ETA 2h45\r\n"}
,{"stream_name":"stdout","time":1206.373447986,"data":"  iter  1950/20000 [ 9.8%] | WM wm=24.02 rec=19.64 kl=4.24 rew=0.130 con=0.011 rew@ach=0.57/0.89(n=16) rew@0=+0.004 | AC act=-0.003 crit=1.722 pg=-0.003 H=0.26 | img ret=0.13 val=0.14 imgR(mu=0.006 max=1.01 p99=0.23 hi=0.52%) scale=2.24 p5=-0.64 p95=1.60 | umix=0.010 | r/step=0.0145 | 1.8 ips ETA 2h45\r\n"}
,{"stream_name":"stdout","time":1206.373489986,"data":"  [health] WARN H_collapse: H=0.26\r\n"}
,{"stream_name":"stdout","time":1233.073175093,"data":"  iter  2000/20000 [10.0%] | WM wm=21.67 rec=18.51 kl=3.08 rew=0.071 con=0.008 rew@ach=0.68/0.92(n=19) rew@0=+0.004 | AC act=0.003 crit=1.698 pg=0.003 H=0.29 | img ret=0.11 val=0.08 imgR(mu=0.005 max=1.01 p99=0.38 hi=0.81%) scale=2.21 p5=-0.62 p95=1.59 | umix=0.010 | r/step=0.0100 | 1.8 ips ETA 2h44\r\n"}
,{"stream_name":"stdout","time":1233.073208233,"data":"  [health] WARN H_collapse: H=0.29\r\n"}
,{"stream_name":"stdout","time":1259.87626626,"data":"  iter  2050/20000 [10.2%] | WM wm=20.14 rec=16.45 kl=3.61 rew=0.072 con=0.010 rew@ach=0.74/1.00(n=8) rew@0=+0.002 | AC act=0.001 crit=1.527 pg=0.001 H=0.30 | img ret=0.18 val=0.15 imgR(mu=0.013 max=1.01 p99=0.46 hi=0.95%) scale=2.19 p5=-0.61 p95=1.58 | umix=0.010 | r/step=0.0081 | 1.8 ips ETA 2h43\r\n"}
,{"stream_name":"stdout","time":1286.873609586,"data":"  iter  2100/20000 [10.5%] | WM wm=21.58 rec=17.33 kl=4.08 rew=0.165 con=0.011 rew@ach=0.44/0.88(n=29) rew@0=+0.006 | AC act=-0.005 crit=1.486 pg=-0.005 H=0.42 | img ret=0.02 val=0.05 imgR(mu=0.003 max=1.01 p99=0.19 hi=0.57%) scale=2.16 p5=-0.61 p95=1.56 | umix=0.010 | r/step=0.0107 | 1.8 ips ETA 2h43\r\n"}
,{"stream_name":"stdout","time":1313.549078288,"data":"  iter  2150/20000 [10.8%] | WM wm=21.28 rec=16.90 kl=4.27 rew=0.096 con=0.007 rew@ach=0.49/0.79(n=16) rew@0=+0.001 | AC act=-0.002 crit=1.253 pg=-0.002 H=0.49 | img ret=0.15 val=0.15 imgR(mu=0.010 max=1.02 p99=0.32 hi=0.73%) scale=2.13 p5=-0.61 p95=1.52 | umix=0.010 | r/step=0.0111 | 1.8 ips ETA 2h42\r\n"}
,{"stream_name":"stdout","time":1340.309367738,"data":"  iter  2200/20000 [11.0%] | WM wm=21.70 rec=17.29 kl=4.25 rew=0.141 con=0.008 rew@ach=0.46/0.98(n=12) rew@0=-0.001 | AC act=0.002 crit=1.762 pg=0.003 H=0.56 | img ret=0.03 val=0.02 imgR(mu=0.006 max=1.00 p99=0.32 hi=0.70%) scale=2.09 p5=-0.61 p95=1.49 | umix=0.010 | r/step=0.0063 | 1.8 ips ETA 2h42\r\n"}
,{"stream_name":"stdout","time":1367.072530449,"data":"  iter  2250/20000 [11.2%] | WM wm=17.09 rec=12.76 kl=4.21 rew=0.122 con=0.007 rew@ach=0.46/0.90(n=17) rew@0=+0.003 | AC act=-0.004 crit=1.374 pg=-0.004 H=0.49 | img ret=-0.01 val=0.00 imgR(mu=-0.003 max=1.01 p99=0.14 hi=0.35%) scale=2.06 p5=-0.62 p95=1.43 | umix=0.010 | r/step=0.0055 | 1.8 ips ETA 2h41\r\n"}
,{"stream_name":"stdout","time":1393.323746434,"data":"  iter  2300/20000 [11.5%] | WM wm=16.97 rec=13.03 kl=3.86 rew=0.079 con=0.003 rew@ach=0.50/0.90(n=19) rew@0=+0.002 | AC act=-0.005 crit=1.434 pg=-0.005 H=0.46 | img ret=0.27 val=0.29 imgR(mu=0.006 max=1.01 p99=0.31 hi=0.76%) scale=2.00 p5=-0.63 p95=1.38 | umix=0.010 | r/step=0.0072 | 1.8 ips ETA 2h41\r\n"}
,{"stream_name":"stdout","time":1420.115464563,"data":"  iter  2350/20000 [11.8%] | WM wm=16.56 rec=12.63 kl=3.83 rew=0.094 con=0.012 rew@ach=0.60/0.84(n=22) rew@0=+0.005 | AC act=-0.003 crit=1.605 pg=-0.003 H=0.41 | img ret=0.06 val=0.04 imgR(mu=0.009 max=1.00 p99=0.55 hi=1.10%) scale=1.98 p5=-0.63 p95=1.35 | umix=0.010 | r/step=0.0073 | 1.8 ips ETA 2h40\r\n"}
,{"stream_name":"stdout","time":1446.601782197,"data":"  iter  2400/20000 [12.0%] | WM wm=20.72 rec=16.31 kl=4.28 rew=0.120 con=0.007 rew@ach=0.32/0.87(n=12) rew@0=-0.001 | AC act=-0.003 crit=1.530 pg=-0.003 H=0.47 | img ret=0.22 val=0.22 imgR(mu=0.012 max=1.01 p99=0.61 hi=1.04%) scale=1.96 p5=-0.64 p95=1.33 | umix=0.010 | r/step=0.0110 | 1.8 ips ETA 2h40\r\n"}
,{"stream_name":"stdout","time":1473.28053766,"data":"  iter  2450/20000 [12.2%] | WM wm=21.35 rec=16.50 kl=4.78 rew=0.071 con=0.004 rew@ach=0.31/0.69(n=18) rew@0=+0.004 | AC act=-0.001 crit=1.732 pg=-0.000 H=0.36 | img ret=0.17 val=0.14 imgR(mu=0.011 max=1.01 p99=0.76 hi=1.25%) scale=1.96 p5=-0.66 p95=1.31 | umix=0.010 | r/step=0.0069 | 1.8 ips ETA 2h39\r\n"}
,{"stream_name":"stdout","time":1500.493772306,"data":"  iter  2500/20000 [12.5%] | WM wm=15.91 rec=11.74 kl=4.06 rew=0.105 con=0.005 rew@ach=0.45/1.00(n=14) rew@0=+0.001 | AC act=-0.006 crit=1.692 pg=-0.006 H=0.36 | img ret=0.03 val=0.08 imgR(mu=0.001 max=1.01 p99=0.42 hi=0.92%) scale=1.96 p5=-0.68 p95=1.28 | umix=0.010 | r/step=0.0084 | 1.8 ips ETA 2h39\r\n"}
,{"stream_name":"stdout","time":1681.583109745,"data":"  \u003e\u003e\u003e EVAL @ iter 2500 : score=1.39  length=182  achievements=2.31 =  sample=2.20  (best=2.31 @2500)  crafter_score=1.79% [449 train eps]\r\n"}
,{"stream_name":"stdout","time":1681.583140765,"data":"      unlocked (5/22): collect_sapling=97%  wake_up=97%  collect_wood=21%  collect_drink=8%  eat_cow=7%\r\n"}
,{"stream_name":"stdout","time":1681.583145715,"data":"      TRAIN (8/22 sur 449 eps): collect_sapling=426(94.9%)  wake_up=381(84.9%)  place_plant=219(48.8%)  collect_wood=65(14.5%)  collect_drink=60(13.4%)  eat_cow=31(6.9%)  defeat_zombie=28(6.2%)  defeat_skeleton=1(0.2%)\r\n"}
,{"stream_name":"stdout","time":1681.583151715,"data":"      JAMAIS vus en train (14) : collect_coal  collect_diamond  collect_iron  collect_stone  eat_plant  make_iron_pickaxe  make_iron_sword  make_stone_pickaxe  make_stone_sword  make_wood_pickaxe  make_wood_sword  place_furnace  place_stone  place_table\r\n"}
,{"stream_name":"stdout","time":1681.583155835,"data":"      BOIS/épisode (n=449): 0=85.5%  1=8.2%  2=5.3%  3=0.7%  4=0.2%  5+=0.0%  | \u003e=2 bois (table possible): 6.2%  | \u003e=3 (pioche): 0.9%  | a eu de la pierre: 0.00%\r\n"}
,{"stream_name":"stdout","time":1681.583160595,"data":"      ACTIONS top5: do=44.6%  move_right=13.3%  sleep=8.4%  move_left=7.5%  noop=6.5%  | 10/17 actions \u003e1%  | place_table tenté 0.41%  | make_wood_pickaxe tenté 1.60%\r\n"}
,{"stream_name":"stdout","time":1690.611640439,"data":"  Checkpoint saved : dreamer_crafter_jax_v52-rareweight1_iter002500.npz\r\n"}
,{"stream_name":"stdout","time":1715.913444364,"data":"  iter  2550/20000 [12.8%] | WM wm=26.45 rec=21.57 kl=4.79 rew=0.091 con=0.004 rew@ach=0.56/1.00(n=19) rew@0=+0.002 | AC act=-0.002 crit=1.612 pg=-0.002 H=0.38 | img ret=0.25 val=0.25 imgR(mu=0.014 max=1.01 p99=0.99 hi=1.57%) scale=1.98 p5=-0.69 p95=1.29 | umix=0.010 | r/step=0.0060 | 1.6 ips ETA 3h00\r\n"}
,{"stream_name":"stdout","time":1741.555003873,"data":"  iter  2600/20000 [13.0%] | WM wm=27.18 rec=21.72 kl=5.35 rew=0.106 con=0.009 rew@ach=0.46/1.00(n=19) rew@0=+0.003 | AC act=-0.001 crit=1.529 pg=-0.001 H=0.49 | img ret=0.05 val=0.05 imgR(mu=0.008 max=1.01 p99=0.74 hi=1.10%) scale=2.01 p5=-0.71 p95=1.30 | umix=0.010 | r/step=0.0098 | 1.6 ips ETA 2h59\r\n"}
,{"stream_name":"stdout","time":1767.152761904,"data":"  iter  2650/20000 [13.2%] | WM wm=20.81 rec=15.60 kl=5.11 rew=0.093 con=0.004 rew@ach=0.62/0.90(n=17) rew@0=+0.003 | AC act=-0.007 crit=1.603 pg=-0.007 H=0.44 | img ret=0.19 val=0.21 imgR(mu=0.002 max=1.01 p99=0.27 hi=0.69%) scale=2.01 p5=-0.73 p95=1.29 | umix=0.010 | r/step=0.0080 | 1.6 ips ETA 2h57\r\n"}
,{"stream_name":"stdout","time":1792.858601231,"data":"  iter  2700/20000 [13.5%] | WM wm=19.07 rec=14.35 kl=4.61 rew=0.100 con=0.005 rew@ach=0.45/1.00(n=10) rew@0=-0.001 | AC act=-0.002 crit=1.583 pg=-0.002 H=0.47 | img ret=0.12 val=0.14 imgR(mu=0.004 max=1.01 p99=0.92 hi=1.10%) scale=2.03 p5=-0.75 p95=1.29 | umix=0.010 | r/step=0.0115 | 1.6 ips ETA 2h56\r\n"}
,{"stream_name":"stdout","time":1818.622603127,"data":"  iter  2750/20000 [13.8%] | WM wm=20.82 rec=15.56 kl=5.14 rew=0.107 con=0.007 rew@ach=0.48/0.92(n=22) rew@0=+0.004 | AC act=-0.005 crit=1.480 pg=-0.005 H=0.55 | img ret=-0.18 val=-0.16 imgR(mu=0.001 max=1.01 p99=0.32 hi=0.86%) scale=2.02 p5=-0.76 p95=1.26 | umix=0.010 | r/step=0.0062 | 1.6 ips ETA 2h55\r\n"}
,{"stream_name":"stdout","time":1844.205665316,"data":"  iter  2800/20000 [14.0%] | WM wm=24.01 rec=18.70 kl=5.22 rew=0.083 con=0.004 rew@ach=0.69/1.01(n=17) rew@0=+0.004 | AC act=-0.001 crit=1.588 pg=-0.001 H=0.52 | img ret=-0.11 val=-0.11 imgR(mu=-0.004 max=1.01 p99=0.20 hi=0.41%) scale=2.03 p5=-0.75 p95=1.27 | umix=0.010 | r/step=0.0134 | 1.6 ips ETA 2h54\r\n"}
,{"stream_name":"stdout","time":1869.679773535,"data":"  iter  2850/20000 [14.2%] | WM wm=20.05 rec=15.25 kl=4.74 rew=0.058 con=0.004 rew@ach=0.39/0.67(n=20) rew@0=+0.002 | AC act=-0.002 crit=1.442 pg=-0.002 H=0.46 | img ret=-0.26 val=-0.25 imgR(mu=-0.002 max=1.01 p99=0.10 hi=0.35%) scale=2.04 p5=-0.76 p95=1.28 | umix=0.010 | r/step=0.0097 | 1.6 ips ETA 2h53\r\n"}
,{"stream_name":"stdout","time":1895.293577234,"data":"  iter  2900/20000 [14.5%] | WM wm=19.51 rec=14.68 kl=4.73 rew=0.088 con=0.010 rew@ach=0.39/1.00(n=11) rew@0=+0.001 | AC act=0.000 crit=1.458 pg=0.000 H=0.57 | img ret=-0.01 val=-0.01 imgR(mu=0.007 max=1.01 p99=0.38 hi=0.91%) scale=2.02 p5=-0.77 p95=1.26 | umix=0.010 | r/step=0.0108 | 1.6 ips ETA 2h52\r\n"}
,{"stream_name":"stdout","time":1920.712951606,"data":"  iter  2950/20000 [14.8%] | WM wm=22.55 rec=16.95 kl=5.45 rew=0.136 con=0.010 rew@ach=0.37/0.90(n=21) rew@0=+0.002 | AC act=-0.009 crit=1.516 pg=-0.009 H=0.67 | img ret=-0.11 val=-0.10 imgR(mu=0.003 max=1.00 p99=0.36 hi=0.87%) scale=2.01 p5=-0.76 p95=1.25 | umix=0.010 | r/step=0.0108 | 1.7 ips ETA 2h51\r\n"}
,{"stream_name":"stdout","time":1946.280529814,"data":"  iter  3000/20000 [15.0%] | WM wm=20.07 rec=14.93 kl=5.04 rew=0.097 con=0.004 rew@ach=0.37/0.73(n=12) rew@0=-0.001 | AC act=-0.004 crit=1.318 pg=-0.004 H=0.57 | img ret=-0.19 val=-0.18 imgR(mu=0.002 max=1.01 p99=0.12 hi=0.51%) scale=2.04 p5=-0.76 p95=1.27 | umix=0.010 | r/step=0.0072 | 1.7 ips ETA 2h50\r\n"}
,{"stream_name":"stdout","time":1971.993232874,"data":"  iter  3050/20000 [15.2%] | WM wm=21.87 rec=17.42 kl=4.39 rew=0.055 con=0.006 rew@ach=0.36/0.73(n=6) rew@0=+0.001 | AC act=-0.001 crit=1.407 pg=-0.001 H=0.62 | img ret=-0.15 val=-0.15 imgR(mu=0.005 max=1.01 p99=0.30 hi=0.82%) scale=2.06 p5=-0.76 p95=1.30 | umix=0.010 | r/step=0.0096 | 1.7 ips ETA 2h50\r\n"}
,{"stream_name":"stdout","time":1997.638960514,"data":"  iter  3100/20000 [15.5%] | WM wm=21.11 rec=15.93 kl=5.06 rew=0.107 con=0.007 rew@ach=0.53/0.99(n=17) rew@0=+0.001 | AC act=-0.005 crit=1.525 pg=-0.004 H=0.53 | img ret=-0.09 val=-0.07 imgR(mu=0.005 max=1.01 p99=0.36 hi=0.96%) scale=2.08 p5=-0.76 p95=1.31 | umix=0.010 | r/step=0.0090 | 1.7 ips ETA 2h49\r\n"}
,{"stream_name":"stdout","time":2023.326871824,"data":"  iter  3150/20000 [15.8%] | WM wm=30.37 rec=23.06 kl=7.16 rew=0.151 con=0.010 rew@ach=0.51/0.99(n=27) rew@0=+0.004 | AC act=-0.005 crit=1.432 pg=-0.005 H=0.52 | img ret=-0.08 val=-0.06 imgR(mu=0.002 max=1.01 p99=0.28 hi=0.72%) scale=2.06 p5=-0.75 p95=1.31 | umix=0.010 | r/step=0.0110 | 1.7 ips ETA 2h48\r\n"}
,{"stream_name":"stdout","time":2048.971885965,"data":"  iter  3200/20000 [16.0%] | WM wm=23.26 rec=17.09 kl=6.04 rew=0.118 con=0.014 rew@ach=0.46/0.67(n=20) rew@0=+0.003 | AC act=-0.002 crit=1.457 pg=-0.002 H=0.42 | img ret=0.27 val=0.28 imgR(mu=0.014 max=1.01 p99=0.99 hi=1.26%) scale=2.07 p5=-0.74 p95=1.34 | umix=0.010 | r/step=0.0054 | 1.7 ips ETA 2h47\r\n"}
,{"stream_name":"stdout","time":2074.295744293,"data":"  iter  3250/20000 [16.2%] | WM wm=20.98 rec=15.28 kl=5.61 rew=0.081 con=0.009 rew@ach=0.56/1.00(n=11) rew@0=+0.002 | AC act=0.006 crit=1.509 pg=0.006 H=0.52 | img ret=-0.12 val=-0.15 imgR(mu=0.001 max=1.01 p99=0.36 hi=0.74%) scale=2.09 p5=-0.73 p95=1.35 | umix=0.010 | r/step=0.0112 | 1.7 ips ETA 2h46\r\n"}
,{"stream_name":"stdout","time":2100.118213728,"data":"  iter  3300/20000 [16.5%] | WM wm=22.94 rec=17.46 kl=5.39 rew=0.084 con=0.002 rew@ach=0.46/1.00(n=11) rew@0=+0.002 | AC act=-0.004 crit=1.691 pg=-0.004 H=0.52 | img ret=-0.04 val=-0.03 imgR(mu=0.003 max=1.01 p99=0.17 hi=0.59%) scale=2.09 p5=-0.72 p95=1.38 | umix=0.010 | r/step=0.0093 | 1.7 ips ETA 2h45\r\n"}
,{"stream_name":"stdout","time":2125.678171545,"data":"  iter  3350/20000 [16.8%] | WM wm=23.55 rec=18.05 kl=5.39 rew=0.102 con=0.004 rew@ach=0.47/1.00(n=14) rew@0=+0.002 | AC act=0.002 crit=1.561 pg=0.002 H=0.46 | img ret=0.24 val=0.24 imgR(mu=0.011 max=1.01 p99=0.93 hi=1.12%) scale=2.13 p5=-0.71 p95=1.42 | umix=0.010 | r/step=0.0065 | 1.7 ips ETA 2h44\r\n"}
,{"stream_name":"stdout","time":2151.299625952,"data":"  iter  3400/20000 [17.0%] | WM wm=23.95 rec=18.39 kl=5.46 rew=0.093 con=0.008 rew@ach=0.69/1.00(n=14) rew@0=-0.000 | AC act=-0.001 crit=1.608 pg=-0.001 H=0.47 | img ret=-0.13 val=-0.15 imgR(mu=0.008 max=1.01 p99=0.41 hi=0.85%) scale=2.14 p5=-0.71 p95=1.43 | umix=0.010 | r/step=0.0075 | 1.7 ips ETA 2h43\r\n"}
,{"stream_name":"stdout","time":2177.194243939,"data":"  iter  3450/20000 [17.2%] | WM wm=26.24 rec=19.87 kl=6.26 rew=0.098 con=0.008 rew@ach=0.57/0.91(n=21) rew@0=+0.000 | AC act=0.001 crit=1.528 pg=0.001 H=0.42 | img ret=0.07 val=0.07 imgR(mu=0.010 max=1.00 p99=0.34 hi=0.87%) scale=2.13 p5=-0.70 p95=1.43 | umix=0.010 | r/step=0.0097 | 1.7 ips ETA 2h43\r\n"}
,{"stream_name":"stdout","time":2202.746484267,"data":"  iter  3500/20000 [17.5%] | WM wm=24.15 rec=18.66 kl=5.41 rew=0.073 con=0.007 rew@ach=0.67/0.98(n=13) rew@0=+0.002 | AC act=-0.001 crit=1.366 pg=-0.000 H=0.47 | img ret=-0.22 val=-0.23 imgR(mu=0.007 max=1.01 p99=0.33 hi=0.82%) scale=2.13 p5=-0.71 p95=1.42 | umix=0.010 | r/step=0.0058 | 1.7 ips ETA 2h42\r\n"}
,{"stream_name":"stdout","time":2228.225887446,"data":"  iter  3550/20000 [17.8%] | WM wm=21.56 rec=16.42 kl=5.04 rew=0.094 con=0.005 rew@ach=0.59/1.00(n=13) rew@0=+0.000 | AC act=0.002 crit=1.596 pg=0.002 H=0.45 | img ret=0.03 val=-0.00 imgR(mu=0.007 max=1.01 p99=0.79 hi=1.45%) scale=2.17 p5=-0.71 p95=1.46 | umix=0.010 | r/step=0.0060 | 1.7 ips ETA 2h41\r\n"}
,{"stream_name":"stdout","time":2253.753206095,"data":"  iter  3600/20000 [18.0%] | WM wm=23.54 rec=17.34 kl=6.07 rew=0.126 con=0.009 rew@ach=0.31/0.78(n=15) rew@0=+0.009 | AC act=-0.000 crit=1.621 pg=-0.000 H=0.57 | img ret=0.23 val=0.20 imgR(mu=0.015 max=1.01 p99=0.91 hi=1.66%) scale=2.18 p5=-0.71 p95=1.47 | umix=0.010 | r/step=0.0061 | 1.7 ips ETA 2h40\r\n"}
,{"stream_name":"stdout","time":2279.429509864,"data":"  iter  3650/20000 [18.2%] | WM wm=23.14 rec=16.78 kl=6.26 rew=0.090 con=0.008 rew@ach=0.38/0.88(n=14) rew@0=+0.002 | AC act=0.003 crit=1.585 pg=0.003 H=0.54 | img ret=0.02 val=-0.02 imgR(mu=0.013 max=1.01 p99=0.79 hi=1.42%) scale=2.17 p5=-0.70 p95=1.47 | umix=0.010 | r/step=0.0075 | 1.7 ips ETA 2h40\r\n"}
,{"stream_name":"stdout","time":2305.145595131,"data":"  iter  3700/20000 [18.5%] | WM wm=20.74 rec=15.49 kl=5.19 rew=0.054 con=0.004 rew@ach=0.65/0.72(n=12) rew@0=+0.004 | AC act=0.003 crit=1.471 pg=0.003 H=0.57 | img ret=0.03 val=0.01 imgR(mu=0.014 max=1.01 p99=0.98 hi=1.32%) scale=2.16 p5=-0.68 p95=1.48 | umix=0.010 | r/step=0.0155 | 1.7 ips ETA 2h39\r\n"}
,{"stream_name":"stdout","time":2330.606515683,"data":"  iter  3750/20000 [18.8%] | WM wm=17.52 rec=12.64 kl=4.76 rew=0.110 con=0.005 rew@ach=0.39/0.84(n=20) rew@0=+0.002 | AC act=-0.002 crit=1.637 pg=-0.002 H=0.49 | img ret=0.16 val=0.15 imgR(mu=0.012 max=1.01 p99=0.43 hi=0.93%) scale=2.18 p5=-0.69 p95=1.49 | umix=0.010 | r/step=0.0124 | 1.7 ips ETA 2h38\r\n"}
,{"stream_name":"stdout","time":2356.157368528,"data":"  iter  3800/20000 [19.0%] | WM wm=20.86 rec=15.06 kl=5.72 rew=0.074 con=0.005 rew@ach=0.79/1.00(n=12) rew@0=+0.001 | AC act=-0.000 crit=1.572 pg=0.000 H=0.62 | img ret=0.22 val=0.20 imgR(mu=0.013 max=1.01 p99=0.97 hi=1.47%) scale=2.17 p5=-0.69 p95=1.49 | umix=0.010 | r/step=0.0119 | 1.7 ips ETA 2h37\r\n"}
,{"stream_name":"stdout","time":2381.767866001,"data":"  iter  3850/20000 [19.2%] | WM wm=17.69 rec=12.39 kl=5.18 rew=0.109 con=0.005 rew@ach=0.49/0.91(n=18) rew@0=+0.003 | AC act=0.006 crit=1.685 pg=0.007 H=0.78 | img ret=0.08 val=0.07 imgR(mu=0.006 max=1.01 p99=0.93 hi=1.36%) scale=2.16 p5=-0.69 p95=1.47 | umix=0.010 | r/step=0.0154 | 1.7 ips ETA 2h36\r\n"}
,{"stream_name":"stdout","time":2407.383499627,"data":"  iter  3900/20000 [19.5%] | WM wm=19.70 rec=14.06 kl=5.53 rew=0.105 con=0.003 rew@ach=0.55/0.90(n=19) rew@0=+0.003 | AC act=-0.002 crit=1.324 pg=-0.002 H=0.65 | img ret=-0.33 val=-0.33 imgR(mu=0.003 max=1.00 p99=0.17 hi=0.41%) scale=2.17 p5=-0.69 p95=1.47 | umix=0.010 | r/step=0.0126 | 1.7 ips ETA 2h36\r\n"}
,{"stream_name":"stdout","time":2432.473268326,"data":"  iter  3950/20000 [19.8%] | WM wm=21.78 rec=15.73 kl=5.95 rew=0.086 con=0.013 rew@ach=0.52/0.78(n=16) rew@0=+0.002 | AC act=-0.001 crit=1.396 pg=-0.001 H=0.64 | img ret=-0.08 val=-0.08 imgR(mu=0.003 max=1.01 p99=0.23 hi=0.76%) scale=2.14 p5=-0.70 p95=1.44 | umix=0.010 | r/step=0.0172 | 1.7 ips ETA 2h35\r\n"}
,{"stream_name":"stdout","time":2458.329109503,"data":"  iter  4000/20000 [20.0%] | WM wm=17.96 rec=12.59 kl=5.26 rew=0.092 con=0.014 rew@ach=0.48/0.98(n=13) rew@0=+0.003 | AC act=0.000 crit=1.671 pg=0.000 H=0.58 | img ret=0.25 val=0.26 imgR(mu=0.012 max=1.01 p99=0.91 hi=1.48%) scale=2.16 p5=-0.70 p95=1.47 | umix=0.010 | r/step=0.0124 | 1.7 ips ETA 2h34\r\n"}
,{"stream_name":"stdout","time":2483.884324409,"data":"  iter  4050/20000 [20.2%] | WM wm=16.77 rec=11.85 kl=4.83 rew=0.093 con=0.006 rew@ach=0.42/0.82(n=19) rew@0=+0.001 | AC act=0.000 crit=1.344 pg=0.001 H=0.59 | img ret=0.06 val=0.04 imgR(mu=0.010 max=1.01 p99=0.43 hi=0.87%) scale=2.20 p5=-0.68 p95=1.52 | umix=0.010 | r/step=0.0162 | 1.7 ips ETA 2h34\r\n"}
,{"stream_name":"stdout","time":2509.224145164,"data":"  iter  4100/20000 [20.5%] | WM wm=18.87 rec=13.06 kl=5.71 rew=0.093 con=0.005 rew@ach=0.48/0.89(n=16) rew@0=+0.001 | AC act=-0.002 crit=1.394 pg=-0.001 H=0.61 | img ret=-0.08 val=-0.08 imgR(mu=0.006 max=1.01 p99=0.13 hi=0.74%) scale=2.23 p5=-0.68 p95=1.54 | umix=0.010 | r/step=0.0122 | 1.7 ips ETA 2h33\r\n"}
,{"stream_name":"stdout","time":2535.012052423,"data":"  iter  4150/20000 [20.8%] | WM wm=16.41 rec=11.33 kl=4.97 rew=0.108 con=0.008 rew@ach=0.64/1.00(n=19) rew@0=+0.001 | AC act=-0.001 crit=1.379 pg=-0.000 H=0.66 | img ret=-0.12 val=-0.14 imgR(mu=0.002 max=1.01 p99=0.32 hi=0.72%) scale=2.24 p5=-0.68 p95=1.56 | umix=0.010 | r/step=0.0088 | 1.7 ips ETA 2h32\r\n"}
,{"stream_name":"stdout","time":2560.440737047,"data":"  iter  4200/20000 [21.0%] | WM wm=18.90 rec=13.00 kl=5.81 rew=0.079 con=0.004 rew@ach=0.45/0.88(n=14) rew@0=+0.002 | AC act=-0.002 crit=1.435 pg=-0.002 H=0.60 | img ret=-0.05 val=-0.02 imgR(mu=0.005 max=1.01 p99=0.29 hi=0.85%) scale=2.20 p5=-0.67 p95=1.52 | umix=0.010 | r/step=0.0087 | 1.7 ips ETA 2h31\r\n"}
,{"stream_name":"stdout","time":2586.009714971,"data":"  iter  4250/20000 [21.2%] | WM wm=22.21 rec=16.35 kl=5.73 rew=0.123 con=0.009 rew@ach=0.47/0.91(n=19) rew@0=+0.003 | AC act=0.007 crit=1.576 pg=0.007 H=0.65 | img ret=0.21 val=0.16 imgR(mu=0.016 max=1.01 p99=0.78 hi=1.58%) scale=2.21 p5=-0.68 p95=1.54 | umix=0.010 | r/step=0.0105 | 1.7 ips ETA 2h31\r\n"}
,{"stream_name":"stdout","time":2611.298116007,"data":"  iter  4300/20000 [21.5%] | WM wm=18.87 rec=12.95 kl=5.81 rew=0.098 con=0.006 rew@ach=0.55/0.90(n=17) rew@0=+0.002 | AC act=0.004 crit=1.500 pg=0.004 H=0.60 | img ret=0.04 val=0.00 imgR(mu=0.008 max=1.01 p99=0.60 hi=1.14%) scale=2.21 p5=-0.67 p95=1.53 | umix=0.010 | r/step=0.0105 | 1.7 ips ETA 2h30\r\n"}
,{"stream_name":"stdout","time":2636.881517512,"data":"  iter  4350/20000 [21.8%] | WM wm=17.32 rec=11.13 kl=6.05 rew=0.135 con=0.007 rew@ach=0.41/0.81(n=26) rew@0=+0.004 | AC act=-0.003 crit=1.405 pg=-0.002 H=0.63 | img ret=-0.06 val=-0.05 imgR(mu=0.007 max=1.01 p99=0.42 hi=0.93%) scale=2.22 p5=-0.68 p95=1.54 | umix=0.010 | r/step=0.0140 | 1.7 ips ETA 2h29\r\n"}
,{"stream_name":"stdout","time":2662.616242755,"data":"  iter  4400/20000 [22.0%] | WM wm=23.00 rec=16.48 kl=6.45 rew=0.072 con=0.002 rew@ach=0.66/1.00(n=14) rew@0=+0.001 | AC act=-0.002 crit=1.463 pg=-0.002 H=0.61 | img ret=-0.03 val=-0.03 imgR(mu=0.002 max=1.01 p99=0.20 hi=0.46%) scale=2.24 p5=-0.67 p95=1.57 | umix=0.010 | r/step=0.0145 | 1.7 ips ETA 2h29\r\n"}
,{"stream_name":"stdout","time":2688.20127682,"data":"  iter  4450/20000 [22.2%] | WM wm=19.84 rec=14.67 kl=5.07 rew=0.101 con=0.008 rew@ach=0.62/0.83(n=20) rew@0=+0.001 | AC act=0.002 crit=1.614 pg=0.002 H=0.51 | img ret=0.36 val=0.33 imgR(mu=0.014 max=1.01 p99=0.85 hi=1.59%) scale=2.24 p5=-0.68 p95=1.57 | umix=0.010 | r/step=0.0160 | 1.7 ips ETA 2h28\r\n"}
,{"stream_name":"stdout","time":2713.492714948,"data":"  iter  4500/20000 [22.5%] | WM wm=21.71 rec=15.26 kl=6.33 rew=0.108 con=0.008 rew@ach=0.40/1.00(n=12) rew@0=-0.003 | AC act=-0.001 crit=1.388 pg=-0.001 H=0.60 | img ret=-0.21 val=-0.21 imgR(mu=-0.000 max=1.00 p99=0.17 hi=0.58%) scale=2.28 p5=-0.67 p95=1.60 | umix=0.010 | r/step=0.0078 | 1.7 ips ETA 2h27\r\n"}
,{"stream_name":"stdout","time":2739.213681183,"data":"  iter  4550/20000 [22.8%] | WM wm=21.38 rec=14.52 kl=6.73 rew=0.128 con=0.007 rew@ach=0.44/0.99(n=21) rew@0=+0.002 | AC act=-0.004 crit=1.437 pg=-0.004 H=0.63 | img ret=0.02 val=0.03 imgR(mu=0.002 max=1.01 p99=0.19 hi=0.49%) scale=2.27 p5=-0.67 p95=1.60 | umix=0.010 | r/step=0.0101 | 1.7 ips ETA 2h27\r\n"}
,{"stream_name":"stdout","time":2764.743111391,"data":"  iter  4600/20000 [23.0%] | WM wm=17.54 rec=11.85 kl=5.59 rew=0.083 con=0.011 rew@ach=0.53/0.93(n=25) rew@0=+0.005 | AC act=0.004 crit=1.559 pg=0.004 H=0.60 | img ret=0.05 val=0.03 imgR(mu=0.004 max=1.01 p99=0.54 hi=1.06%) scale=2.29 p5=-0.67 p95=1.62 | umix=0.010 | r/step=0.0117 | 1.8 ips ETA 2h26\r\n"}
,{"stream_name":"stdout","time":2790.411389176,"data":"  iter  4650/20000 [23.2%] | WM wm=15.39 rec=10.03 kl=5.30 rew=0.058 con=0.004 rew@ach=0.62/1.00(n=14) rew@0=+0.003 | AC act=0.007 crit=1.353 pg=0.007 H=0.58 | img ret=-0.03 val=-0.04 imgR(mu=0.004 max=1.01 p99=0.26 hi=0.58%) scale=2.27 p5=-0.67 p95=1.60 | umix=0.010 | r/step=0.0141 | 1.8 ips ETA 2h26\r\n"}
,{"stream_name":"stdout","time":2816.060101572,"data":"  iter  4700/20000 [23.5%] | WM wm=15.30 rec=9.54 kl=5.69 rew=0.071 con=0.003 rew@ach=0.64/1.00(n=13) rew@0=+0.001 | AC act=-0.003 crit=1.453 pg=-0.002 H=0.58 | img ret=0.10 val=0.09 imgR(mu=0.006 max=1.01 p99=0.27 hi=0.68%) scale=2.24 p5=-0.67 p95=1.58 | umix=0.010 | r/step=0.0107 | 1.8 ips ETA 2h25\r\n"}
,{"stream_name":"stdout","time":2841.480124723,"data":"  iter  4750/20000 [23.8%] | WM wm=20.41 rec=14.57 kl=5.77 rew=0.060 con=0.003 rew@ach=0.61/1.00(n=13) rew@0=+0.002 | AC act=-0.004 crit=1.427 pg=-0.004 H=0.51 | img ret=0.08 val=0.10 imgR(mu=0.001 max=1.00 p99=0.14 hi=0.45%) scale=2.26 p5=-0.65 p95=1.61 | umix=0.010 | r/step=0.0145 | 1.8 ips ETA 2h24\r\n"}
,{"stream_name":"stdout","time":2867.330520216,"data":"  iter  4800/20000 [24.0%] | WM wm=16.51 rec=10.83 kl=5.57 rew=0.103 con=0.005 rew@ach=0.54/0.90(n=17) rew@0=-0.002 | AC act=-0.001 crit=1.257 pg=-0.001 H=0.65 | img ret=-0.05 val=-0.04 imgR(mu=0.001 max=1.00 p99=0.08 hi=0.37%) scale=2.26 p5=-0.65 p95=1.60 | umix=0.010 | r/step=0.0155 | 1.8 ips ETA 2h24\r\n"}
,{"stream_name":"stdout","time":2892.916753331,"data":"  iter  4850/20000 [24.2%] | WM wm=17.68 rec=11.43 kl=6.16 rew=0.083 con=0.006 rew@ach=0.46/0.88(n=16) rew@0=+0.001 | AC act=-0.004 crit=1.461 pg=-0.004 H=0.61 | img ret=0.07 val=0.07 imgR(mu=0.009 max=1.01 p99=0.39 hi=0.76%) scale=2.25 p5=-0.65 p95=1.60 | umix=0.010 | r/step=0.0112 | 1.8 ips ETA 2h23\r\n"}
,{"stream_name":"stdout","time":2918.239354058,"data":"  iter  4900/20000 [24.5%] | WM wm=19.08 rec=12.49 kl=6.43 rew=0.146 con=0.009 rew@ach=0.57/0.93(n=26) rew@0=+0.009 | AC act=-0.003 crit=1.429 pg=-0.003 H=0.64 | img ret=-0.04 val=-0.04 imgR(mu=0.002 max=1.01 p99=0.24 hi=0.63%) scale=2.21 p5=-0.65 p95=1.55 | umix=0.010 | r/step=0.0117 | 1.8 ips ETA 2h22\r\n"}
,{"stream_name":"stdout","time":2943.823125494,"data":"  iter  4950/20000 [24.8%] | WM wm=16.91 rec=10.91 kl=5.90 rew=0.088 con=0.010 rew@ach=0.48/0.90(n=19) rew@0=+0.001 | AC act=-0.002 crit=1.390 pg=-0.002 H=0.54 | img ret=-0.04 val=-0.01 imgR(mu=-0.001 max=1.02 p99=0.12 hi=0.40%) scale=2.22 p5=-0.65 p95=1.57 | umix=0.010 | r/step=0.0095 | 1.8 ips ETA 2h22\r\n"}
,{"stream_name":"stdout","time":2969.064878964,"data":"  iter  5000/20000 [25.0%] | WM wm=16.85 rec=11.77 kl=5.02 rew=0.050 con=0.006 rew@ach=0.51/1.00(n=7) rew@0=+0.002 | AC act=-0.001 crit=1.257 pg=-0.001 H=0.56 | img ret=-0.20 val=-0.21 imgR(mu=0.001 max=1.01 p99=0.17 hi=0.49%) scale=2.24 p5=-0.65 p95=1.58 | umix=0.010 | r/step=0.0130 | 1.8 ips ETA 2h21\r\n"}
,{"stream_name":"stdout","time":3163.12169527,"data":"  \u003e\u003e\u003e EVAL @ iter 5000 : score=2.26  length=194  achievements=3.16 ↑  sample=3.00  (best=3.16 @5000)  crafter_score=1.77% [886 train eps]\r\n"}
,{"stream_name":"stdout","time":3163.12172645,"data":"      unlocked (7/22): collect_sapling=99%  wake_up=97%  place_plant=93%  collect_wood=9%  collect_drink=8%  eat_cow=8%  place_table=1%\r\n"}
,{"stream_name":"stdout","time":3163.12173096,"data":"      TRAIN (9/22 sur 886 eps): collect_sapling=859(97.0%)  wake_up=805(90.9%)  place_plant=459(51.8%)  collect_wood=172(19.4%)  collect_drink=92(10.4%)  eat_cow=53(6.0%)  defeat_zombie=33(3.7%)  place_table=3(0.3%)  defeat_skeleton=1(0.1%)\r\n"}
,{"stream_name":"stdout","time":3163.12173687,"data":"      JAMAIS vus en train (13) : collect_coal  collect_diamond  collect_iron  collect_stone  eat_plant  make_iron_pickaxe  make_iron_sword  make_stone_pickaxe  make_stone_sword  make_wood_pickaxe  make_wood_sword  place_furnace  place_stone\r\n"}
,{"stream_name":"stdout","time":3163.12174048,"data":"      BOIS/épisode (n=886): 0=80.6%  1=14.6%  2=4.1%  3=0.6%  4=0.2%  5+=0.0%  | \u003e=2 bois (table possible): 4.9%  | \u003e=3 (pioche): 0.8%  | a eu de la pierre: 0.00%\r\n"}
,{"stream_name":"stdout","time":3163.12174437,"data":"      ACTIONS top5: do=33.7%  move_right=11.9%  sleep=9.4%  move_down=8.4%  move_left=8.4%  | 12/17 actions \u003e1%  | place_table tenté 0.61%  | make_wood_pickaxe tenté 2.30%\r\n"}
,{"stream_name":"stdout","time":3172.147197428,"data":"  Checkpoint saved : dreamer_crafter_jax_v52-rareweight1_iter005000.npz\r\n"}
,{"stream_name":"stdout","time":3197.893255693,"data":"  iter  5050/20000 [25.2%] | WM wm=17.72 rec=11.49 kl=6.13 rew=0.094 con=0.009 rew@ach=0.62/1.00(n=21) rew@0=+0.002 | AC act=0.001 crit=1.365 pg=0.001 H=0.63 | img ret=-0.05 val=-0.05 imgR(mu=0.005 max=1.00 p99=0.17 hi=0.37%) scale=2.29 p5=-0.66 p95=1.63 | umix=0.010 | r/step=0.0107 | 1.6 ips ETA 2h31\r\n"}
,{"stream_name":"stdout","time":3223.91126359,"data":"  iter  5100/20000 [25.5%] | WM wm=23.93 rec=17.25 kl=6.60 rew=0.076 con=0.009 rew@ach=0.69/1.00(n=14) rew@0=+0.001 | AC act=-0.005 crit=1.499 pg=-0.005 H=0.58 | img ret=0.10 val=0.10 imgR(mu=0.007 max=1.01 p99=0.34 hi=0.66%) scale=2.29 p5=-0.65 p95=1.64 | umix=0.010 | r/step=0.0140 | 1.7 ips ETA 2h30\r\n"}
,{"stream_name":"stdout","time":3249.787266787,"data":"  iter  5150/20000 [25.8%] | WM wm=20.95 rec=13.73 kl=7.13 rew=0.088 con=0.016 rew@ach=0.43/0.91(n=18) rew@0=+0.002 | AC act=-0.003 crit=1.445 pg=-0.003 H=0.60 | img ret=0.32 val=0.30 imgR(mu=0.015 max=1.01 p99=0.83 hi=1.42%) scale=2.26 p5=-0.65 p95=1.61 | umix=0.010 | r/step=0.0136 | 1.7 ips ETA 2h29\r\n"}
,{"stream_name":"stdout","time":3275.454518276,"data":"  iter  5200/20000 [26.0%] | WM wm=21.06 rec=14.51 kl=6.48 rew=0.061 con=0.005 rew@ach=0.70/0.85(n=11) rew@0=+0.006 | AC act=-0.000 crit=1.378 pg=-0.000 H=0.61 | img ret=-0.07 val=-0.07 imgR(mu=0.008 max=1.01 p99=0.44 hi=0.95%) scale=2.25 p5=-0.64 p95=1.61 | umix=0.010 | r/step=0.0147 | 1.7 ips ETA 2h28\r\n"}
,{"stream_name":"stdout","time":3301.59526247,"data":"  iter  5250/20000 [26.2%] | WM wm=27.74 rec=20.10 kl=7.53 rew=0.113 con=0.004 rew@ach=0.53/0.91(n=20) rew@0=+0.005 | AC act=-0.004 crit=1.509 pg=-0.004 H=0.49 | img ret=0.10 val=0.13 imgR(mu=0.006 max=1.01 p99=0.26 hi=0.66%) scale=2.28 p5=-0.63 p95=1.65 | umix=0.010 | r/step=0.0139 | 1.7 ips ETA 2h28\r\n"}
,{"stream_name":"stdout","time":3327.312904841,"data":"  iter  5300/20000 [26.5%] | WM wm=17.28 rec=10.47 kl=6.73 rew=0.077 con=0.005 rew@ach=0.62/0.91(n=17) rew@0=+0.003 | AC act=0.001 crit=1.510 pg=0.001 H=0.52 | img ret=0.25 val=0.23 imgR(mu=0.014 max=1.04 p99=0.43 hi=0.90%) scale=2.32 p5=-0.62 p95=1.71 | umix=0.010 | r/step=0.0087 | 1.7 ips ETA 2h27\r\n"}
,{"stream_name":"stdout","time":3353.234104577,"data":"  iter  5350/20000 [26.8%] | WM wm=15.81 rec=10.75 kl=5.00 rew=0.053 con=0.006 rew@ach=0.58/1.00(n=13) rew@0=+0.001 | AC act=0.003 crit=1.458 pg=0.003 H=0.49 | img ret=0.10 val=0.07 imgR(mu=0.006 max=1.00 p99=0.31 hi=0.74%) scale=2.32 p5=-0.61 p95=1.72 | umix=0.010 | r/step=0.0135 | 1.7 ips ETA 2h26\r\n"}
,{"stream_name":"stdout","time":3379.295624452,"data":"  iter  5400/20000 [27.0%] | WM wm=16.46 rec=10.60 kl=5.74 rew=0.110 con=0.006 rew@ach=0.62/0.92(n=21) rew@0=+0.003 | AC act=-0.001 crit=1.446 pg=-0.001 H=0.55 | img ret=-0.01 val=0.01 imgR(mu=0.003 max=1.01 p99=0.12 hi=0.57%) scale=2.30 p5=-0.61 p95=1.69 | umix=0.010 | r/step=0.0087 | 1.7 ips ETA 2h26\r\n"}
,{"stream_name":"stdout","time":3404.909621092,"data":"  iter  5450/20000 [27.2%] | WM wm=19.06 rec=13.05 kl=5.93 rew=0.082 con=0.003 rew@ach=0.54/0.89(n=15) rew@0=+0.001 | AC act=0.002 crit=1.588 pg=0.003 H=0.44 | img ret=0.22 val=0.20 imgR(mu=0.011 max=1.01 p99=0.55 hi=1.07%) scale=2.30 p5=-0.60 p95=1.71 | umix=0.010 | r/step=0.0049 | 1.7 ips ETA 2h25\r\n"}
,{"stream_name":"stdout","time":3430.709267464,"data":"  iter  5500/20000 [27.5%] | WM wm=15.66 rec=9.41 kl=6.17 rew=0.075 con=0.004 rew@ach=0.66/1.00(n=17) rew@0=+0.004 | AC act=-0.002 crit=1.545 pg=-0.002 H=0.53 | img ret=0.08 val=0.05 imgR(mu=0.007 max=1.01 p99=0.41 hi=0.81%) scale=2.31 p5=-0.59 p95=1.72 | umix=0.010 | r/step=0.0084 | 1.7 ips ETA 2h24\r\n"}
,{"stream_name":"stdout","time":3456.693962882,"data":"  iter  5550/20000 [27.8%] | WM wm=16.38 rec=9.71 kl=6.57 rew=0.101 con=0.004 rew@ach=0.40/0.84(n=21) rew@0=+0.001 | AC act=-0.002 crit=1.346 pg=-0.002 H=0.51 | img ret=0.10 val=0.11 imgR(mu=0.007 max=1.01 p99=0.28 hi=0.76%) scale=2.30 p5=-0.59 p95=1.72 | umix=0.010 | r/step=0.0124 | 1.7 ips ETA 2h24\r\n"}
,{"stream_name":"stdout","time":3482.645605022,"data":"  iter  5600/20000 [28.0%] | WM wm=16.73 rec=10.93 kl=5.72 rew=0.076 con=0.007 rew@ach=0.49/0.88(n=14) rew@0=+0.003 | AC act=-0.001 crit=1.497 pg=-0.001 H=0.46 | img ret=0.25 val=0.24 imgR(mu=0.006 max=1.00 p99=0.28 hi=0.52%) scale=2.30 p5=-0.58 p95=1.73 | umix=0.010 | r/step=0.0103 | 1.7 ips ETA 2h23\r\n"}
,{"stream_name":"stdout","time":3508.645779242,"data":"  iter  5650/20000 [28.2%] | WM wm=24.24 rec=16.44 kl=7.75 rew=0.048 con=0.004 rew@ach=0.69/0.77(n=7) rew@0=-0.000 | AC act=-0.002 crit=1.424 pg=-0.002 H=0.52 | img ret=0.10 val=0.09 imgR(mu=0.005 max=1.01 p99=0.48 hi=0.98%) scale=2.34 p5=-0.57 p95=1.77 | umix=0.010 | r/step=0.0063 | 1.7 ips ETA 2h22\r\n"}
,{"stream_name":"stdout","time":3534.449204071,"data":"  iter  5700/20000 [28.5%] | WM wm=15.37 rec=9.06 kl=6.20 rew=0.107 con=0.002 rew@ach=0.55/0.99(n=17) rew@0=+0.006 | AC act=0.001 crit=1.341 pg=0.001 H=0.51 | img ret=-0.01 val=-0.01 imgR(mu=0.005 max=1.01 p99=0.20 hi=0.70%) scale=2.29 p5=-0.57 p95=1.71 | umix=0.010 | r/step=0.0092 | 1.7 ips ETA 2h22\r\n"}
,{"stream_name":"stdout","time":3560.250850691,"data":"  iter  5750/20000 [28.8%] | WM wm=24.03 rec=16.77 kl=7.17 rew=0.083 con=0.011 rew@ach=0.62/1.00(n=19) rew@0=+0.003 | AC act=0.002 crit=1.582 pg=0.002 H=0.49 | img ret=0.34 val=0.32 imgR(mu=0.009 max=1.01 p99=0.55 hi=1.04%) scale=2.34 p5=-0.58 p95=1.77 | umix=0.010 | r/step=0.0116 | 1.7 ips ETA 2h21\r\n"}
,{"stream_name":"stdout","time":3586.267540821,"data":"  iter  5800/20000 [29.0%] | WM wm=15.60 rec=9.67 kl=5.82 rew=0.103 con=0.014 rew@ach=0.68/1.00(n=18) rew@0=+0.004 | AC act=-0.004 crit=1.466 pg=-0.004 H=0.48 | img ret=-0.22 val=-0.21 imgR(mu=-0.002 max=1.00 p99=0.09 hi=0.20%) scale=2.40 p5=-0.58 p95=1.81 | umix=0.010 | r/step=0.0119 | 1.7 ips ETA 2h20\r\n"}
,{"stream_name":"stdout","time":3612.099061723,"data":"  iter  5850/20000 [29.2%] | WM wm=17.28 rec=11.10 kl=6.08 rew=0.081 con=0.015 rew@ach=0.65/0.93(n=24) rew@0=+0.003 | AC act=-0.003 crit=1.436 pg=-0.003 H=0.54 | img ret=0.22 val=0.22 imgR(mu=0.011 max=1.00 p99=0.54 hi=1.07%) scale=2.43 p5=-0.59 p95=1.84 | umix=0.010 | r/step=0.0093 | 1.7 ips ETA 2h20\r\n"}
,{"stream_name":"stdout","time":3637.851873794,"data":"  iter  5900/20000 [29.5%] | WM wm=14.28 rec=8.65 kl=5.53 rew=0.096 con=0.007 rew@ach=0.47/0.78(n=23) rew@0=+0.005 | AC act=0.002 crit=1.491 pg=0.002 H=0.61 | img ret=0.13 val=0.11 imgR(mu=0.011 max=1.00 p99=0.55 hi=1.07%) scale=2.41 p5=-0.58 p95=1.83 | umix=0.010 | r/step=0.0098 | 1.7 ips ETA 2h19\r\n"}
,{"stream_name":"stdout","time":3663.852065117,"data":"  iter  5950/20000 [29.8%] | WM wm=17.25 rec=10.91 kl=6.23 rew=0.102 con=0.009 rew@ach=0.49/0.88(n=14) rew@0=+0.001 | AC act=-0.005 crit=1.531 pg=-0.005 H=0.55 | img ret=0.28 val=0.30 imgR(mu=0.009 max=1.01 p99=0.73 hi=1.18%) scale=2.41 p5=-0.58 p95=1.83 | umix=0.010 | r/step=0.0104 | 1.7 ips ETA 2h18\r\n"}
,{"stream_name":"stdout","time":3689.818725587,"data":"  iter  6000/20000 [30.0%] | WM wm=15.71 rec=10.72 kl=4.92 rew=0.065 con=0.007 rew@ach=0.39/0.83(n=10) rew@0=+0.003 | AC act=-0.002 crit=1.484 pg=-0.002 H=0.51 | img ret=0.20 val=0.20 imgR(mu=0.005 max=1.01 p99=0.21 hi=0.63%) scale=2.43 p5=-0.59 p95=1.84 | umix=0.010 | r/step=0.0125 | 1.7 ips ETA 2h18\r\n"}
,{"stream_name":"stdout","time":3715.8621383,"data":"  iter  6050/20000 [30.2%] | WM wm=21.44 rec=14.01 kl=7.35 rew=0.072 con=0.004 rew@ach=0.54/0.89(n=15) rew@0=+0.004 | AC act=-0.002 crit=1.534 pg=-0.002 H=0.56 | img ret=0.02 val=0.01 imgR(mu=0.009 max=1.01 p99=0.55 hi=1.07%) scale=2.37 p5=-0.59 p95=1.78 | umix=0.010 | r/step=0.0084 | 1.7 ips ETA 2h17\r\n"}
,{"stream_name":"stdout","time":3742.057485364,"data":"  iter  6100/20000 [30.5%] | WM wm=21.79 rec=15.07 kl=6.65 rew=0.072 con=0.002 rew@ach=0.68/1.00(n=15) rew@0=+0.003 | AC act=0.002 crit=1.513 pg=0.002 H=0.61 | img ret=0.15 val=0.14 imgR(mu=0.008 max=1.01 p99=0.75 hi=1.39%) scale=2.37 p5=-0.58 p95=1.79 | umix=0.010 | r/step=0.0109 | 1.7 ips ETA 2h16\r\n"}
,{"stream_name":"stdout","time":3767.901436003,"data":"  iter  6150/20000 [30.8%] | WM wm=19.79 rec=12.26 kl=7.42 rew=0.095 con=0.009 rew@ach=0.70/1.00(n=21) rew@0=+0.005 | AC act=-0.003 crit=1.475 pg=-0.003 H=0.64 | img ret=0.01 val=0.02 imgR(mu=0.001 max=1.00 p99=0.24 hi=0.66%) scale=2.39 p5=-0.58 p95=1.80 | umix=0.010 | r/step=0.0110 | 1.7 ips ETA 2h16\r\n"}
,{"stream_name":"stdout","time":3793.913095108,"data":"  iter  6200/20000 [31.0%] | WM wm=17.24 rec=10.86 kl=6.30 rew=0.064 con=0.011 rew@ach=0.62/1.00(n=15) rew@0=+0.002 | AC act=0.005 crit=1.577 pg=0.005 H=0.66 | img ret=0.20 val=0.18 imgR(mu=0.008 max=1.00 p99=0.70 hi=1.20%) scale=2.30 p5=-0.59 p95=1.71 | umix=0.010 | r/step=0.0081 | 1.7 ips ETA 2h15\r\n"}
,{"stream_name":"stdout","time":3819.580472088,"data":"  iter  6250/20000 [31.2%] | WM wm=19.76 rec=12.75 kl=6.95 rew=0.068 con=0.005 rew@ach=0.77/1.00(n=20) rew@0=+0.003 | AC act=-0.003 crit=1.483 pg=-0.003 H=0.65 | img ret=0.11 val=0.11 imgR(mu=0.006 max=1.01 p99=0.32 hi=0.78%) scale=2.33 p5=-0.59 p95=1.74 | umix=0.010 | r/step=0.0096 | 1.7 ips ETA 2h15\r\n"}
,{"stream_name":"stdout","time":3845.322713701,"data":"  iter  6300/20000 [31.5%] | WM wm=15.83 rec=9.68 kl=6.03 rew=0.116 con=0.008 rew@ach=0.53/1.00(n=22) rew@0=+0.003 | AC act=-0.001 crit=1.525 pg=-0.000 H=0.62 | img ret=0.14 val=0.15 imgR(mu=0.005 max=1.01 p99=0.41 hi=0.93%) scale=2.30 p5=-0.60 p95=1.70 | umix=0.010 | r/step=0.0133 | 1.7 ips ETA 2h14\r\n"}
,{"stream_name":"stdout","time":3871.476956678,"data":"  iter  6350/20000 [31.8%] | WM wm=18.77 rec=11.44 kl=7.24 rew=0.084 con=0.007 rew@ach=0.59/0.91(n=18) rew@0=+0.005 | AC act=0.008 crit=1.693 pg=0.008 H=0.72 | img ret=0.08 val=0.03 imgR(mu=0.011 max=1.00 p99=0.50 hi=1.01%) scale=2.34 p5=-0.59 p95=1.74 | umix=0.010 | r/step=0.0120 | 1.7 ips ETA 2h13\r\n"}
,{"stream_name":"stdout","time":3897.170164505,"data":"  iter  6400/20000 [32.0%] | WM wm=17.50 rec=10.93 kl=6.48 rew=0.081 con=0.010 rew@ach=0.55/1.00(n=11) rew@0=+0.000 | AC act=-0.000 crit=1.311 pg=-0.000 H=0.68 | img ret=-0.03 val=-0.04 imgR(mu=0.008 max=1.01 p99=0.40 hi=0.90%) scale=2.32 p5=-0.59 p95=1.72 | umix=0.010 | r/step=0.0079 | 1.7 ips ETA 2h13\r\n"}
,{"stream_name":"stdout","time":3923.024026751,"data":"  iter  6450/20000 [32.2%] | WM wm=15.58 rec=9.34 kl=6.17 rew=0.070 con=0.007 rew@ach=0.51/1.00(n=16) rew@0=+0.001 | AC act=-0.004 crit=1.630 pg=-0.004 H=0.56 | img ret=0.07 val=0.05 imgR(mu=0.007 max=1.01 p99=0.82 hi=1.37%) scale=2.36 p5=-0.59 p95=1.76 | umix=0.010 | r/step=0.0075 | 1.7 ips ETA 2h12\r\n"}
,{"stream_name":"stdout","time":3948.933223388,"data":"  iter  6500/20000 [32.5%] | WM wm=20.07 rec=11.87 kl=8.13 rew=0.073 con=0.002 rew@ach=0.54/1.00(n=15) rew@0=+0.001 | AC act=-0.001 crit=1.508 pg=-0.001 H=0.50 | img ret=0.14 val=0.11 imgR(mu=0.008 max=1.01 p99=0.61 hi=1.08%) scale=2.33 p5=-0.61 p95=1.73 | umix=0.010 | r/step=0.0079 | 1.7 ips ETA 2h11\r\n"}
,{"stream_name":"stdout","time":3974.673748124,"data":"  iter  6550/20000 [32.8%] | WM wm=17.70 rec=10.64 kl=6.98 rew=0.070 con=0.004 rew@ach=0.67/1.00(n=19) rew@0=+0.002 | AC act=-0.004 crit=1.519 pg=-0.004 H=0.40 | img ret=0.16 val=0.18 imgR(mu=0.009 max=1.01 p99=0.38 hi=0.92%) scale=2.34 p5=-0.60 p95=1.73 | umix=0.010 | r/step=0.0107 | 1.7 ips ETA 2h11\r\n"}
,{"stream_name":"stdout","time":4000.416939462,"data":"  iter  6600/20000 [33.0%] | WM wm=16.73 rec=9.98 kl=6.68 rew=0.070 con=0.004 rew@ach=0.64/1.00(n=19) rew@0=+0.001 | AC act=-0.001 crit=1.569 pg=-0.001 H=0.53 | img ret=0.10 val=0.10 imgR(mu=0.002 max=1.00 p99=0.28 hi=0.69%) scale=2.36 p5=-0.60 p95=1.76 | umix=0.010 | r/step=0.0110 | 1.7 ips ETA 2h10\r\n"}
,{"stream_name":"stdout","time":4026.535827278,"data":"  iter  6650/20000 [33.2%] | WM wm=17.82 rec=10.42 kl=7.29 rew=0.107 con=0.007 rew@ach=0.55/0.99(n=18) rew@0=+0.004 | AC act=-0.004 crit=1.456 pg=-0.004 H=0.52 | img ret=-0.16 val=-0.14 imgR(mu=0.003 max=1.01 p99=0.11 hi=0.36%) scale=2.30 p5=-0.60 p95=1.69 | umix=0.010 | r/step=0.0145 | 1.7 ips ETA 2h10\r\n"}
,{"stream_name":"stdout","time":4052.376948555,"data":"  iter  6700/20000 [33.5%] | WM wm=19.47 rec=12.15 kl=7.26 rew=0.064 con=0.001 rew@ach=0.59/0.90(n=17) rew@0=+0.003 | AC act=0.000 crit=1.587 pg=0.000 H=0.40 | img ret=0.20 val=0.17 imgR(mu=0.010 max=1.00 p99=0.57 hi=1.07%) scale=2.26 p5=-0.60 p95=1.67 | umix=0.010 | r/step=0.0099 | 1.7 ips ETA 2h09\r\n"}
,{"stream_name":"stdout","time":4078.295590912,"data":"  iter  6750/20000 [33.8%] | WM wm=17.75 rec=11.31 kl=6.33 rew=0.097 con=0.006 rew@ach=0.53/0.71(n=17) rew@0=+0.002 | AC act=-0.001 crit=1.291 pg=-0.001 H=0.48 | img ret=0.15 val=0.14 imgR(mu=0.013 max=1.01 p99=0.61 hi=1.23%) scale=2.26 p5=-0.60 p95=1.66 | umix=0.010 | r/step=0.0154 | 1.7 ips ETA 2h08\r\n"}
,{"stream_name":"stdout","time":4104.029030992,"data":"  iter  6800/20000 [34.0%] | WM wm=19.12 rec=12.43 kl=6.57 rew=0.109 con=0.009 rew@ach=0.47/0.79(n=24) rew@0=+0.001 | AC act=-0.001 crit=1.394 pg=-0.001 H=0.53 | img ret=-0.00 val=-0.04 imgR(mu=0.009 max=1.01 p99=0.63 hi=1.19%) scale=2.25 p5=-0.60 p95=1.64 | umix=0.010 | r/step=0.0092 | 1.7 ips ETA 2h08\r\n"}
,{"stream_name":"stdout","time":4129.948273118,"data":"  iter  6850/20000 [34.2%] | WM wm=14.82 rec=9.74 kl=5.01 rew=0.073 con=0.003 rew@ach=0.57/0.88(n=14) rew@0=+0.006 | AC act=0.001 crit=1.411 pg=0.001 H=0.52 | img ret=0.03 val=0.02 imgR(mu=0.010 max=1.01 p99=0.50 hi=0.99%) scale=2.22 p5=-0.60 p95=1.62 | umix=0.010 | r/step=0.0141 | 1.7 ips ETA 2h07\r\n"}
,{"stream_name":"stdout","time":4155.806888086,"data":"  iter  6900/20000 [34.5%] | WM wm=17.09 rec=11.20 kl=5.82 rew=0.079 con=0.001 rew@ach=0.51/0.91(n=19) rew@0=+0.005 | AC act=0.002 crit=1.470 pg=0.002 H=0.60 | img ret=0.01 val=0.01 imgR(mu=0.008 max=1.00 p99=0.36 hi=0.78%) scale=2.27 p5=-0.59 p95=1.68 | umix=0.010 | r/step=0.0146 | 1.7 ips ETA 2h07\r\n"}
,{"stream_name":"stdout","time":4181.590349463,"data":"  iter  6950/20000 [34.8%] | WM wm=20.73 rec=13.65 kl=7.00 rew=0.078 con=0.005 rew@ach=0.51/1.00(n=16) rew@0=+0.002 | AC act=-0.002 crit=1.559 pg=-0.002 H=0.59 | img ret=0.19 val=0.16 imgR(mu=0.012 max=1.00 p99=0.48 hi=0.96%) scale=2.29 p5=-0.59 p95=1.71 | umix=0.010 | r/step=0.0089 | 1.7 ips ETA 2h06\r\n"}
,{"stream_name":"stdout","time":4207.446357283,"data":"  iter  7000/20000 [35.0%] | WM wm=17.44 rec=11.12 kl=6.25 rew=0.069 con=0.005 rew@ach=0.65/1.00(n=21) rew@0=+0.003 | AC act=0.000 crit=1.602 pg=0.000 H=0.49 | img ret=0.21 val=0.18 imgR(mu=0.009 max=1.01 p99=0.57 hi=1.10%) scale=2.32 p5=-0.59 p95=1.74 | umix=0.010 | r/step=0.0081 | 1.7 ips ETA 2h06\r\n"}
,{"stream_name":"stdout","time":4233.340354552,"data":"  iter  7050/20000 [35.2%] | WM wm=16.96 rec=10.53 kl=6.36 rew=0.068 con=0.005 rew@ach=0.60/1.00(n=13) rew@0=+0.003 | AC act=-0.004 crit=1.475 pg=-0.004 H=0.57 | img ret=0.24 val=0.25 imgR(mu=0.004 max=1.01 p99=0.48 hi=0.99%) scale=2.30 p5=-0.59 p95=1.71 | umix=0.010 | r/step=0.0125 | 1.7 ips ETA 2h05\r\n"}
,{"stream_name":"stdout","time":4258.996599424,"data":"  iter  7100/20000 [35.5%] | WM wm=19.68 rec=12.69 kl=6.90 rew=0.082 con=0.004 rew@ach=0.49/0.87(n=15) rew@0=+0.003 | AC act=-0.001 crit=1.393 pg=-0.001 H=0.60 | img ret=0.27 val=0.23 imgR(mu=0.016 max=1.01 p99=0.77 hi=1.37%) scale=2.25 p5=-0.59 p95=1.66 | umix=0.010 | r/step=0.0099 | 1.7 ips ETA 2h04\r\n"}
,{"stream_name":"stdout","time":4284.884768143,"data":"  iter  7150/20000 [35.8%] | WM wm=20.73 rec=13.04 kl=7.57 rew=0.118 con=0.003 rew@ach=0.49/1.00(n=15) rew@0=+0.001 | AC act=-0.003 crit=1.715 pg=-0.003 H=0.63 | img ret=0.29 val=0.27 imgR(mu=0.014 max=1.01 p99=0.89 hi=1.81%) scale=2.26 p5=-0.59 p95=1.69 | umix=0.010 | r/step=0.0073 | 1.7 ips ETA 2h04\r\n"}
,{"stream_name":"stdout","time":4311.17348522,"data":"  iter  7200/20000 [36.0%] | WM wm=20.65 rec=13.37 kl=7.17 rew=0.095 con=0.006 rew@ach=0.57/1.00(n=16) rew@0=+0.002 | AC act=-0.001 crit=1.459 pg=-0.001 H=0.63 | img ret=0.11 val=0.11 imgR(mu=0.005 max=1.00 p99=0.47 hi=0.97%) scale=2.24 p5=-0.59 p95=1.65 | umix=0.010 | r/step=0.0137 | 1.7 ips ETA 2h03\r\n"}
,{"stream_name":"stdout","time":4337.029850301,"data":"  iter  7250/20000 [36.2%] | WM wm=19.64 rec=12.56 kl=7.02 rew=0.061 con=0.002 rew@ach=0.72/1.00(n=11) rew@0=-0.000 | AC act=-0.003 crit=1.563 pg=-0.002 H=0.69 | img ret=0.34 val=0.35 imgR(mu=0.010 max=1.01 p99=0.59 hi=1.08%) scale=2.29 p5=-0.60 p95=1.70 | umix=0.010 | r/step=0.0138 | 1.7 ips ETA 2h03\r\n"}
,{"stream_name":"stdout","time":4362.882854091,"data":"  iter  7300/20000 [36.5%] | WM wm=16.03 rec=9.40 kl=6.53 rew=0.107 con=0.004 rew@ach=0.62/1.00(n=23) rew@0=+0.004 | AC act=-0.010 crit=1.758 pg=-0.010 H=0.72 | img ret=0.37 val=0.39 imgR(mu=0.011 max=1.01 p99=0.65 hi=1.21%) scale=2.35 p5=-0.60 p95=1.76 | umix=0.010 | r/step=0.0136 | 1.7 ips ETA 2h02\r\n"}
,{"stream_name":"stdout","time":4388.552023845,"data":"  iter  7350/20000 [36.8%] | WM wm=15.83 rec=9.89 kl=5.84 rew=0.092 con=0.005 rew@ach=0.49/0.81(n=18) rew@0=+0.004 | AC act=0.003 crit=1.614 pg=0.003 H=0.63 | img ret=0.05 val=0.03 imgR(mu=0.007 max=1.01 p99=0.36 hi=0.79%) scale=2.33 p5=-0.60 p95=1.73 | umix=0.010 | r/step=0.0155 | 1.7 ips ETA 2h01\r\n"}
,{"stream_name":"stdout","time":4414.421614358,"data":"  iter  7400/20000 [37.0%] | WM wm=15.64 rec=8.92 kl=6.64 rew=0.086 con=0.005 rew@ach=0.54/1.00(n=14) rew@0=+0.002 | AC act=0.002 crit=1.775 pg=0.002 H=0.52 | img ret=0.18 val=0.14 imgR(mu=0.012 max=1.01 p99=0.50 hi=1.03%) scale=2.29 p5=-0.59 p95=1.70 | umix=0.010 | r/step=0.0133 | 1.7 ips ETA 2h01\r\n"}
,{"stream_name":"stdout","time":4440.366480451,"data":"  iter  7450/20000 [37.2%] | WM wm=16.86 rec=9.93 kl=6.84 rew=0.089 con=0.004 rew@ach=0.52/0.91(n=18) rew@0=+0.005 | AC act=0.007 crit=1.709 pg=0.007 H=0.57 | img ret=0.29 val=0.25 imgR(mu=0.018 max=1.01 p99=0.88 hi=1.31%) scale=2.30 p5=-0.59 p95=1.71 | umix=0.010 | r/step=0.0130 | 1.7 ips ETA 2h00\r\n"}
,{"stream_name":"stdout","time":4466.006917006,"data":"  iter  7500/20000 [37.5%] | WM wm=18.69 rec=11.95 kl=6.67 rew=0.069 con=0.003 rew@ach=0.66/0.89(n=16) rew@0=+0.002 | AC act=0.001 crit=1.733 pg=0.002 H=0.62 | img ret=0.02 val=0.02 imgR(mu=0.002 max=1.01 p99=0.23 hi=0.44%) scale=2.24 p5=-0.59 p95=1.65 | umix=0.010 | r/step=0.0123 | 1.7 ips ETA 2h00\r\n"}
,{"stream_name":"stdout","time":4651.487344676,"data":"  \u003e\u003e\u003e EVAL @ iter 7500 : score=2.58  length=186  achievements=3.49 ↑  sample=3.60  (best=3.49 @7500)  crafter_score=1.78% [1324 train eps]\r\n"}
,{"stream_name":"stdout","time":4651.487401276,"data":"      unlocked (8/22): collect_sapling=99%  wake_up=97%  collect_wood=80%  collect_drink=43%  place_plant=12%  place_table=9%  eat_cow=7%  defeat_zombie=3%\r\n"}
,{"stream_name":"stdout","time":4651.487407836,"data":"      TRAIN (9/22 sur 1324 eps): collect_sapling=1293(97.7%)  wake_up=1227(92.7%)  place_plant=746(56.3%)  collect_wood=261(19.7%)  collect_drink=166(12.5%)  eat_cow=59(4.5%)  defeat_zombie=34(2.6%)  place_table=11(0.8%)  defeat_skeleton=1(0.1%)\r\n"}
,{"stream_name":"stdout","time":4651.487413356,"data":"      JAMAIS vus en train (13) : collect_coal  collect_diamond  collect_iron  collect_stone  eat_plant  make_iron_pickaxe  make_iron_sword  make_stone_pickaxe  make_stone_sword  make_wood_pickaxe  make_wood_sword  place_furnace  place_stone\r\n"}
,{"stream_name":"stdout","time":4651.487418296,"data":"      BOIS/épisode (n=1324): 0=80.3%  1=14.6%  2=4.1%  3=0.7%  4=0.4%  5+=0.0%  | \u003e=2 bois (table possible): 5.1%  | \u003e=3 (pioche): 1.1%  | a eu de la pierre: 0.00%\r\n"}
,{"stream_name":"stdout","time":4651.487423356,"data":"      ACTIONS top5: do=31.0%  move_right=12.1%  move_up=10.3%  move_left=9.4%  sleep=8.5%  | 14/17 actions \u003e1%  | place_table tenté 1.53%  | make_wood_pickaxe tenté 1.97%\r\n"}
,{"stream_name":"stdout","time":4660.399424681,"data":"  Checkpoint saved : dreamer_crafter_jax_v52-rareweight1_iter007500.npz\r\n"}
,{"stream_name":"stdout","time":4686.740731804,"data":"  iter  7550/20000 [37.8%] | WM wm=17.08 rec=10.81 kl=6.19 rew=0.075 con=0.004 rew@ach=0.66/0.99(n=19) rew@0=+0.004 | AC act=-0.000 crit=1.455 pg=-0.000 H=0.58 | img ret=-0.04 val=-0.04 imgR(mu=0.006 max=1.01 p99=0.23 hi=0.61%) scale=2.25 p5=-0.59 p95=1.66 | umix=0.010 | r/step=0.0139 | 1.7 ips ETA 2h05\r\n"}
,{"stream_name":"stdout","time":4712.473286222,"data":"  iter  7600/20000 [38.0%] | WM wm=13.84 rec=8.67 kl=5.10 rew=0.063 con=0.002 rew@ach=0.46/0.86(n=12) rew@0=+0.002 | AC act=-0.000 crit=1.534 pg=-0.000 H=0.58 | img ret=0.35 val=0.33 imgR(mu=0.015 max=1.00 p99=0.75 hi=1.57%) scale=2.28 p5=-0.59 p95=1.69 | umix=0.010 | r/step=0.0116 | 1.7 ips ETA 2h04\r\n"}
,{"stream_name":"stdout","time":4738.18075556,"data":"  iter  7650/20000 [38.2%] | WM wm=17.30 rec=9.99 kl=7.15 rew=0.149 con=0.011 rew@ach=0.54/0.92(n=19) rew@0=+0.011 | AC act=0.002 crit=1.688 pg=0.003 H=0.50 | img ret=0.17 val=0.15 imgR(mu=0.002 max=1.01 p99=0.30 hi=0.52%) scale=2.27 p5=-0.59 p95=1.68 | umix=0.010 | r/step=0.0174 | 1.7 ips ETA 2h03\r\n"}
,{"stream_name":"stdout","time":4764.268643295,"data":"  iter  7700/20000 [38.5%] | WM wm=15.94 rec=9.64 kl=6.21 rew=0.079 con=0.004 rew@ach=0.68/0.89(n=17) rew@0=+0.001 | AC act=0.001 crit=1.577 pg=0.001 H=0.57 | img ret=0.25 val=0.21 imgR(mu=0.010 max=1.01 p99=0.51 hi=1.02%) scale=2.31 p5=-0.59 p95=1.72 | umix=0.010 | r/step=0.0142 | 1.7 ips ETA 2h03\r\n"}
,{"stream_name":"stdout","time":4790.173879292,"data":"  iter  7750/20000 [38.8%] | WM wm=16.06 rec=9.55 kl=6.42 rew=0.085 con=0.007 rew@ach=0.66/0.98(n=13) rew@0=+0.005 | AC act=0.000 crit=1.573 pg=0.000 H=0.48 | img ret=0.24 val=0.22 imgR(mu=0.007 max=1.00 p99=0.37 hi=0.75%) scale=2.34 p5=-0.59 p95=1.75 | umix=0.010 | r/step=0.0144 | 1.7 ips ETA 2h02\r\n"}
,{"stream_name":"stdout","time":4815.845901119,"data":"  iter  7800/20000 [39.0%] | WM wm=25.84 rec=17.54 kl=8.22 rew=0.070 con=0.009 rew@ach=0.67/1.00(n=11) rew@0=+0.001 | AC act=0.004 crit=1.592 pg=0.004 H=0.48 | img ret=0.27 val=0.23 imgR(mu=0.014 max=1.01 p99=0.88 hi=1.62%) scale=2.30 p5=-0.58 p95=1.72 | umix=0.010 | r/step=0.0162 | 1.7 ips ETA 2h01\r\n"}
,{"stream_name":"stdout","time":4841.999542704,"data":"  iter  7850/20000 [39.2%] | WM wm=17.13 rec=10.60 kl=6.44 rew=0.074 con=0.009 rew@ach=0.56/0.93(n=23) rew@0=+0.001 | AC act=0.001 crit=1.545 pg=0.001 H=0.67 | img ret=0.05 val=0.06 imgR(mu=0.007 max=1.01 p99=0.37 hi=0.90%) scale=2.32 p5=-0.58 p95=1.73 | umix=0.010 | r/step=0.0162 | 1.7 ips ETA 2h01\r\n"}
,{"stream_name":"stdout","time":4867.743805634,"data":"  iter  7900/20000 [39.5%] | WM wm=17.24 rec=10.87 kl=6.24 rew=0.127 con=0.006 rew@ach=0.42/1.00(n=18) rew@0=+0.005 | AC act=0.004 crit=1.615 pg=0.004 H=0.52 | img ret=0.50 val=0.47 imgR(mu=0.015 max=1.01 p99=0.82 hi=1.40%) scale=2.38 p5=-0.58 p95=1.80 | umix=0.010 | r/step=0.0195 | 1.7 ips ETA 2h00\r\n"}
,{"stream_name":"stdout","time":4893.646306138,"data":"  iter  7950/20000 [39.8%] | WM wm=22.77 rec=15.64 kl=7.01 rew=0.105 con=0.005 rew@ach=0.61/0.91(n=20) rew@0=+0.004 | AC act=0.008 crit=1.713 pg=0.008 H=0.46 | img ret=0.26 val=0.23 imgR(mu=0.009 max=1.01 p99=0.37 hi=0.85%) scale=2.39 p5=-0.58 p95=1.81 | umix=0.010 | r/step=0.0164 | 1.7 ips ETA 2h00\r\n"}
,{"stream_name":"stdout","time":4919.681565573,"data":"  iter  8000/20000 [40.0%] | WM wm=18.11 rec=10.96 kl=7.05 rew=0.085 con=0.005 rew@ach=0.31/0.86(n=12) rew@0=+0.008 | AC act=0.003 crit=1.667 pg=0.003 H=0.52 | img ret=0.15 val=0.13 imgR(mu=0.010 max=1.00 p99=0.35 hi=0.76%) scale=2.39 p5=-0.58 p95=1.81 | umix=0.010 | r/step=0.0157 | 1.7 ips ETA 1h59\r\n"}
,{"stream_name":"stdout","time":4945.607782898,"data":"  iter  8050/20000 [40.2%] | WM wm=17.54 rec=10.78 kl=6.67 rew=0.080 con=0.003 rew@ach=0.55/0.91(n=19) rew@0=+0.004 | AC act=0.003 crit=1.631 pg=0.003 H=0.47 | img ret=0.31 val=0.29 imgR(mu=0.014 max=1.01 p99=0.59 hi=1.11%) scale=2.48 p5=-0.58 p95=1.90 | umix=0.010 | r/step=0.0112 | 1.7 ips ETA 1h58\r\n"}
,{"stream_name":"stdout","time":4971.298149638,"data":"  iter  8100/20000 [40.5%] | WM wm=15.94 rec=10.06 kl=5.81 rew=0.067 con=0.006 rew@ach=0.34/0.62(n=18) rew@0=+0.002 | AC act=0.003 crit=1.707 pg=0.003 H=0.51 | img ret=0.24 val=0.22 imgR(mu=0.011 max=1.00 p99=0.64 hi=1.18%) scale=2.49 p5=-0.58 p95=1.91 | umix=0.010 | r/step=0.0216 | 1.7 ips ETA 1h58\r\n"}
,{"stream_name":"stdout","time":4997.168228515,"data":"  iter  8150/20000 [40.8%] | WM wm=17.79 rec=10.53 kl=7.19 rew=0.073 con=0.002 rew@ach=0.47/0.81(n=17) rew@0=+0.002 | AC act=0.006 crit=1.578 pg=0.006 H=0.54 | img ret=0.61 val=0.58 imgR(mu=0.015 max=1.00 p99=0.91 hi=1.29%) scale=2.49 p5=-0.58 p95=1.91 | umix=0.010 | r/step=0.0107 | 1.7 ips ETA 1h57\r\n"}
,{"stream_name":"stdout","time":5023.12161721,"data":"  iter  8200/20000 [41.0%] | WM wm=22.18 rec=14.18 kl=7.90 rew=0.091 con=0.003 rew@ach=0.44/1.00(n=15) rew@0=+0.003 | AC act=0.003 crit=1.741 pg=0.003 H=0.49 | img ret=0.55 val=0.50 imgR(mu=0.015 max=1.01 p99=0.93 hi=1.52%) scale=2.54 p5=-0.58 p95=1.96 | umix=0.010 | r/step=0.0145 | 1.7 ips ETA 1h57\r\n"}
,{"stream_name":"stdout","time":5049.090924957,"data":"  iter  8250/20000 [41.2%] | WM wm=15.03 rec=8.99 kl=5.97 rew=0.064 con=0.002 rew@ach=0.63/0.81(n=18) rew@0=+0.003 | AC act=0.001 crit=1.679 pg=0.001 H=0.61 | img ret=0.35 val=0.34 imgR(mu=0.010 max=1.01 p99=0.48 hi=0.96%) scale=2.59 p5=-0.58 p95=2.01 | umix=0.010 | r/step=0.0077 | 1.7 ips ETA 1h56\r\n"}
,{"stream_name":"stdout","time":5074.882876387,"data":"  iter  8300/20000 [41.5%] | WM wm=13.41 rec=7.11 kl=6.23 rew=0.070 con=0.002 rew@ach=0.68/0.91(n=20) rew@0=+0.004 | AC act=0.004 crit=1.755 pg=0.005 H=0.48 | img ret=0.40 val=0.38 imgR(mu=0.010 max=1.00 p99=0.52 hi=1.06%) scale=2.60 p5=-0.58 p95=2.02 | umix=0.010 | r/step=0.0044 | 1.7 ips ETA 1h56\r\n"}
,{"stream_name":"stdout","time":5100.553976486,"data":"  iter  8350/20000 [41.8%] | WM wm=17.07 rec=10.02 kl=6.94 rew=0.106 con=0.005 rew@ach=0.50/0.91(n=20) rew@0=+0.002 | AC act=0.004 crit=1.558 pg=0.004 H=0.62 | img ret=0.32 val=0.28 imgR(mu=0.009 max=1.01 p99=0.64 hi=1.15%) scale=2.60 p5=-0.58 p95=2.01 | umix=0.010 | r/step=0.0192 | 1.7 ips ETA 1h55\r\n"}
,{"stream_name":"stdout","time":5126.478948975,"data":"  iter  8400/20000 [42.0%] | WM wm=16.97 rec=10.39 kl=6.50 rew=0.078 con=0.004 rew@ach=0.59/1.00(n=13) rew@0=+0.003 | AC act=-0.005 crit=1.454 pg=-0.005 H=0.53 | img ret=0.18 val=0.19 imgR(mu=0.002 max=1.00 p99=0.26 hi=0.65%) scale=2.64 p5=-0.58 p95=2.05 | umix=0.010 | r/step=0.0101 | 1.7 ips ETA 1h54\r\n"}
,{"stream_name":"stdout","time":5152.142528806,"data":"  iter  8450/20000 [42.2%] | WM wm=15.76 rec=9.50 kl=6.18 rew=0.069 con=0.003 rew@ach=0.53/0.74(n=13) rew@0=+0.002 | AC act=0.001 crit=1.701 pg=0.001 H=0.46 | img ret=0.36 val=0.34 imgR(mu=0.014 max=1.01 p99=0.88 hi=1.22%) scale=2.67 p5=-0.59 p95=2.08 | umix=0.010 | r/step=0.0149 | 1.7 ips ETA 1h54\r\n"}
,{"stream_name":"stdout","time":5178.021206783,"data":"  iter  8500/20000 [42.5%] | WM wm=19.03 rec=12.38 kl=6.59 rew=0.057 con=0.002 rew@ach=0.88/1.00(n=13) rew@0=+0.004 | AC act=0.003 crit=1.599 pg=0.003 H=0.49 | img ret=0.63 val=0.59 imgR(mu=0.015 max=1.01 p99=0.94 hi=1.50%) scale=2.65 p5=-0.58 p95=2.08 | umix=0.010 | r/step=0.0134 | 1.7 ips ETA 1h53\r\n"}
,{"stream_name":"stdout","time":5203.993049391,"data":"  iter  8550/20000 [42.8%] | WM wm=18.69 rec=11.15 kl=7.46 rew=0.073 con=0.003 rew@ach=0.73/0.99(n=19) rew@0=+0.003 | AC act=-0.005 crit=1.687 pg=-0.005 H=0.58 | img ret=0.34 val=0.35 imgR(mu=0.011 max=1.00 p99=0.61 hi=1.14%) scale=2.70 p5=-0.58 p95=2.11 | umix=0.010 | r/step=0.0094 | 1.7 ips ETA 1h53\r\n"}
,{"stream_name":"stdout","time":5229.95187491,"data":"  iter  8600/20000 [43.0%] | WM wm=18.21 rec=10.58 kl=7.53 rew=0.100 con=0.003 rew@ach=0.50/1.00(n=16) rew@0=+0.000 | AC act=0.007 crit=1.628 pg=0.007 H=0.55 | img ret=0.55 val=0.55 imgR(mu=0.017 max=1.01 p99=0.98 hi=1.60%) scale=2.74 p5=-0.59 p95=2.16 | umix=0.010 | r/step=0.0141 | 1.7 ips ETA 1h52\r\n"}
,{"stream_name":"stdout","time":5255.979399409,"data":"  iter  8650/20000 [43.2%] | WM wm=17.44 rec=10.31 kl=7.06 rew=0.074 con=0.006 rew@ach=0.74/1.00(n=16) rew@0=+0.003 | AC act=0.004 crit=1.817 pg=0.004 H=0.42 | img ret=0.74 val=0.65 imgR(mu=0.028 max=1.01 p99=0.91 hi=2.58%) scale=2.75 p5=-0.58 p95=2.18 | umix=0.010 | r/step=0.0122 | 1.7 ips ETA 1h51\r\n"}
,{"stream_name":"stdout","time":5282.132341886,"data":"  iter  8700/20000 [43.5%] | WM wm=16.09 rec=8.96 kl=7.05 rew=0.077 con=0.010 rew@ach=0.49/1.00(n=16) rew@0=+0.001 | AC act=0.001 crit=1.722 pg=0.001 H=0.46 | img ret=0.50 val=0.45 imgR(mu=0.016 max=1.01 p99=0.63 hi=1.40%) scale=2.80 p5=-0.58 p95=2.22 | umix=0.010 | r/step=0.0112 | 1.7 ips ETA 1h51\r\n"}
,{"stream_name":"stdout","time":5308.008504066,"data":"  iter  8750/20000 [43.8%] | WM wm=19.93 rec=12.18 kl=7.67 rew=0.084 con=0.002 rew@ach=0.82/1.00(n=15) rew@0=+0.006 | AC act=0.012 crit=1.899 pg=0.013 H=0.48 | img ret=0.35 val=0.26 imgR(mu=0.023 max=1.01 p99=0.81 hi=1.73%) scale=2.78 p5=-0.59 p95=2.19 | umix=0.010 | r/step=0.0104 | 1.7 ips ETA 1h50\r\n"}
,{"stream_name":"stdout","time":5333.951614855,"data":"  iter  8800/20000 [44.0%] | WM wm=16.72 rec=9.38 kl=7.21 rew=0.126 con=0.007 rew@ach=0.54/0.99(n=17) rew@0=+0.001 | AC act=-0.005 crit=1.650 pg=-0.005 H=0.49 | img ret=0.26 val=0.25 imgR(mu=0.003 max=1.00 p99=0.42 hi=0.79%) scale=2.78 p5=-0.58 p95=2.21 | umix=0.010 | r/step=0.0145 | 1.7 ips ETA 1h50\r\n"}
,{"stream_name":"stdout","time":5359.841348854,"data":"  iter  8850/20000 [44.2%] | WM wm=20.10 rec=12.60 kl=7.36 rew=0.130 con=0.009 rew@ach=0.51/1.00(n=14) rew@0=+0.002 | AC act=-0.004 crit=1.697 pg=-0.004 H=0.53 | img ret=0.27 val=0.27 imgR(mu=0.006 max=1.01 p99=0.52 hi=1.01%) scale=2.80 p5=-0.58 p95=2.21 | umix=0.010 | r/step=0.0128 | 1.7 ips ETA 1h49\r\n"}
,{"stream_name":"stdout","time":5385.650138536,"data":"  iter  8900/20000 [44.5%] | WM wm=18.63 rec=11.37 kl=7.17 rew=0.088 con=0.008 rew@ach=0.71/0.92(n=21) rew@0=+0.004 | AC act=0.003 crit=1.618 pg=0.003 H=0.56 | img ret=0.64 val=0.62 imgR(mu=0.012 max=1.01 p99=0.68 hi=1.26%) scale=2.82 p5=-0.58 p95=2.24 | umix=0.010 | r/step=0.0138 | 1.7 ips ETA 1h49\r\n"}
,{"stream_name":"stdout","time":5411.767917544,"data":"  iter  8950/20000 [44.8%] | WM wm=20.33 rec=13.32 kl=6.90 rew=0.102 con=0.007 rew@ach=0.49/0.92(n=21) rew@0=+0.001 | AC act=0.001 crit=1.707 pg=0.001 H=0.53 | img ret=0.59 val=0.54 imgR(mu=0.019 max=1.01 p99=0.89 hi=1.90%) scale=2.82 p5=-0.57 p95=2.25 | umix=0.010 | r/step=0.0085 | 1.7 ips ETA 1h48\r\n"}
,{"stream_name":"stdout","time":5437.54689579,"data":"  iter  9000/20000 [45.0%] | WM wm=14.95 rec=8.64 kl=6.24 rew=0.067 con=0.003 rew@ach=0.59/0.83(n=10) rew@0=+0.002 | AC act=-0.003 crit=1.690 pg=-0.003 H=0.54 | img ret=0.47 val=0.47 imgR(mu=0.011 max=1.01 p99=0.54 hi=1.07%) scale=2.86 p5=-0.58 p95=2.28 | umix=0.010 | r/step=0.0087 | 1.7 ips ETA 1h47\r\n"}
,{"stream_name":"stdout","time":5463.476529998,"data":"  iter  9050/20000 [45.2%] | WM wm=19.89 rec=11.66 kl=8.10 rew=0.122 con=0.007 rew@ach=0.46/0.88(n=28) rew@0=+0.002 | AC act=-0.004 crit=1.644 pg=-0.004 H=0.51 | img ret=0.59 val=0.59 imgR(mu=0.013 max=1.01 p99=0.82 hi=1.34%) scale=2.86 p5=-0.59 p95=2.28 | umix=0.010 | r/step=0.0144 | 1.7 ips ETA 1h47\r\n"}
,{"stream_name":"stdout","time":5489.408578356,"data":"  iter  9100/20000 [45.5%] | WM wm=19.43 rec=10.99 kl=8.30 rew=0.131 con=0.011 rew@ach=0.64/1.00(n=22) rew@0=+0.003 | AC act=-0.003 crit=1.706 pg=-0.003 H=0.44 | img ret=0.32 val=0.32 imgR(mu=0.010 max=1.00 p99=0.54 hi=1.09%) scale=2.90 p5=-0.59 p95=2.31 | umix=0.010 | r/step=0.0076 | 1.7 ips ETA 1h46\r\n"}
,{"stream_name":"stdout","time":5515.262655336,"data":"  iter  9150/20000 [45.8%] | WM wm=19.76 rec=12.83 kl=6.82 rew=0.102 con=0.009 rew@ach=0.57/1.00(n=23) rew@0=+0.001 | AC act=-0.003 crit=1.580 pg=-0.003 H=0.45 | img ret=0.37 val=0.36 imgR(mu=0.010 max=1.00 p99=0.64 hi=1.26%) scale=2.90 p5=-0.59 p95=2.31 | umix=0.010 | r/step=0.0104 | 1.7 ips ETA 1h46\r\n"}
,{"stream_name":"stdout","time":5541.219593513,"data":"  iter  9200/20000 [46.0%] | WM wm=19.09 rec=11.91 kl=7.10 rew=0.072 con=0.004 rew@ach=0.74/0.89(n=15) rew@0=+0.001 | AC act=-0.003 crit=1.506 pg=-0.002 H=0.53 | img ret=0.41 val=0.42 imgR(mu=0.007 max=1.00 p99=0.27 hi=0.76%) scale=2.89 p5=-0.58 p95=2.31 | umix=0.010 | r/step=0.0143 | 1.7 ips ETA 1h45\r\n"}
,{"stream_name":"stdout","time":5567.262333997,"data":"  iter  9250/20000 [46.2%] | WM wm=19.14 rec=11.67 kl=7.39 rew=0.078 con=0.007 rew@ach=0.62/1.00(n=14) rew@0=+0.003 | AC act=-0.003 crit=1.666 pg=-0.003 H=0.58 | img ret=0.36 val=0.36 imgR(mu=0.005 max=1.01 p99=0.48 hi=0.98%) scale=2.94 p5=-0.58 p95=2.36 | umix=0.010 | r/step=0.0106 | 1.7 ips ETA 1h45\r\n"}
,{"stream_name":"stdout","time":5592.902472775,"data":"  iter  9300/20000 [46.5%] | WM wm=17.63 rec=10.22 kl=7.33 rew=0.079 con=0.005 rew@ach=0.74/1.00(n=15) rew@0=+0.003 | AC act=0.000 crit=1.553 pg=0.000 H=0.67 | img ret=0.24 val=0.22 imgR(mu=0.008 max=1.01 p99=0.51 hi=1.01%) scale=2.91 p5=-0.58 p95=2.33 | umix=0.010 | r/step=0.0158 | 1.7 ips ETA 1h44\r\n"}
,{"stream_name":"stdout","time":5618.93108088,"data":"  iter  9350/20000 [46.8%] | WM wm=15.47 rec=9.11 kl=6.31 rew=0.048 con=0.001 rew@ach=0.73/1.00(n=11) rew@0=+0.002 | AC act=0.000 crit=1.540 pg=0.000 H=0.61 | img ret=0.47 val=0.46 imgR(mu=0.015 max=1.01 p99=0.70 hi=1.32%) scale=2.91 p5=-0.58 p95=2.33 | umix=0.010 | r/step=0.0117 | 1.7 ips ETA 1h44\r\n"}
,{"stream_name":"stdout","time":5644.761002831,"data":"  iter  9400/20000 [47.0%] | WM wm=15.40 rec=8.64 kl=6.69 rew=0.065 con=0.006 rew@ach=0.67/1.00(n=11) rew@0=+0.003 | AC act=0.002 crit=1.647 pg=0.002 H=0.63 | img ret=0.17 val=0.15 imgR(mu=0.005 max=1.01 p99=0.32 hi=0.74%) scale=2.96 p5=-0.58 p95=2.38 | umix=0.010 | r/step=0.0101 | 1.7 ips ETA 1h43\r\n"}
,{"stream_name":"stdout","time":5670.723398048,"data":"  iter  9450/20000 [47.2%] | WM wm=19.78 rec=12.40 kl=7.27 rew=0.107 con=0.003 rew@ach=0.49/0.74(n=20) rew@0=+0.003 | AC act=-0.002 crit=1.566 pg=-0.001 H=0.56 | img ret=0.33 val=0.33 imgR(mu=0.008 max=1.01 p99=0.53 hi=1.05%) scale=3.00 p5=-0.59 p95=2.40 | umix=0.010 | r/step=0.0115 | 1.7 ips ETA 1h42\r\n"}
,{"stream_name":"stdout","time":5697.204684587,"data":"  iter  9500/20000 [47.5%] | WM wm=21.71 rec=12.88 kl=8.71 rew=0.116 con=0.004 rew@ach=0.58/1.00(n=17) rew@0=+0.002 | AC act=-0.005 crit=1.619 pg=-0.005 H=0.56 | img ret=0.35 val=0.36 imgR(mu=0.008 max=1.01 p99=0.64 hi=1.21%) scale=2.95 p5=-0.60 p95=2.34 | umix=0.010 | r/step=0.0140 | 1.7 ips ETA 1h42\r\n"}
,{"stream_name":"stdout","time":5722.669260252,"data":"  iter  9550/20000 [47.8%] | WM wm=19.20 rec=12.44 kl=6.70 rew=0.056 con=0.003 rew@ach=0.71/1.00(n=12) rew@0=+0.001 | AC act=-0.007 crit=1.766 pg=-0.007 H=0.55 | img ret=0.38 val=0.39 imgR(mu=0.011 max=1.01 p99=0.60 hi=1.20%) scale=2.95 p5=-0.61 p95=2.34 | umix=0.010 | r/step=0.0072 | 1.7 ips ETA 1h41\r\n"}
,{"stream_name":"stdout","time":5748.372631958,"data":"  iter  9600/20000 [48.0%] | WM wm=17.01 rec=9.69 kl=7.26 rew=0.053 con=0.001 rew@ach=0.50/0.79(n=16) rew@0=+0.002 | AC act=-0.003 crit=1.555 pg=-0.003 H=0.55 | img ret=0.14 val=0.15 imgR(mu=0.006 max=1.00 p99=0.16 hi=0.65%) scale=2.87 p5=-0.60 p95=2.26 | umix=0.010 | r/step=0.0148 | 1.7 ips ETA 1h41\r\n"}
,{"stream_name":"stdout","time":5774.335620275,"data":"  iter  9650/20000 [48.2%] | WM wm=18.52 rec=10.40 kl=8.02 rew=0.091 con=0.006 rew@ach=0.43/0.79(n=25) rew@0=+0.005 | AC act=-0.003 crit=1.623 pg=-0.003 H=0.55 | img ret=0.42 val=0.46 imgR(mu=0.006 max=1.01 p99=0.49 hi=0.98%) scale=2.84 p5=-0.60 p95=2.25 | umix=0.010 | r/step=0.0160 | 1.7 ips ETA 1h40\r\n"}
,{"stream_name":"stdout","time":5800.019750823,"data":"  iter  9700/20000 [48.5%] | WM wm=18.35 rec=10.85 kl=7.41 rew=0.088 con=0.002 rew@ach=0.63/0.93(n=22) rew@0=+0.007 | AC act=-0.003 crit=1.625 pg=-0.002 H=0.54 | img ret=0.56 val=0.55 imgR(mu=0.017 max=1.01 p99=0.91 hi=1.50%) scale=2.80 p5=-0.60 p95=2.21 | umix=0.010 | r/step=0.0109 | 1.7 ips ETA 1h40\r\n"}
,{"stream_name":"stdout","time":5825.738858149,"data":"  iter  9750/20000 [48.8%] | WM wm=17.51 rec=10.29 kl=7.12 rew=0.083 con=0.006 rew@ach=0.79/1.00(n=20) rew@0=+0.001 | AC act=-0.003 crit=1.543 pg=-0.003 H=0.59 | img ret=0.08 val=0.09 imgR(mu=0.009 max=1.01 p99=0.36 hi=0.85%) scale=2.77 p5=-0.60 p95=2.16 | umix=0.010 | r/step=0.0111 | 1.7 ips ETA 1h39\r\n"}
,{"stream_name":"stdout","time":5851.892201699,"data":"  iter  9800/20000 [49.0%] | WM wm=18.77 rec=11.05 kl=7.64 rew=0.070 con=0.006 rew@ach=0.47/0.74(n=19) rew@0=+0.001 | AC act=-0.003 crit=1.480 pg=-0.003 H=0.62 | img ret=0.15 val=0.16 imgR(mu=0.008 max=1.00 p99=0.29 hi=0.84%) scale=2.79 p5=-0.61 p95=2.18 | umix=0.010 | r/step=0.0162 | 1.7 ips ETA 1h39\r\n"}
,{"stream_name":"stdout","time":5877.665381833,"data":"  iter  9850/20000 [49.2%] | WM wm=17.90 rec=10.03 kl=7.79 rew=0.078 con=0.007 rew@ach=0.62/1.00(n=18) rew@0=+0.005 | AC act=-0.001 crit=1.665 pg=-0.001 H=0.66 | img ret=0.27 val=0.27 imgR(mu=0.006 max=1.00 p99=0.51 hi=1.03%) scale=2.83 p5=-0.60 p95=2.22 | umix=0.010 | r/step=0.0170 | 1.7 ips ETA 1h38\r\n"}
,{"stream_name":"stdout","time":5903.91532496,"data":"  iter  9900/20000 [49.5%] | WM wm=16.43 rec=9.41 kl=6.93 rew=0.080 con=0.007 rew@ach=0.68/1.00(n=22) rew@0=+0.002 | AC act=-0.005 crit=1.621 pg=-0.005 H=0.62 | img ret=0.43 val=0.45 imgR(mu=0.010 max=1.01 p99=0.75 hi=1.23%) scale=2.77 p5=-0.60 p95=2.17 | umix=0.010 | r/step=0.0131 | 1.7 ips ETA 1h38\r\n"}
,{"stream_name":"stdout","time":5929.80608817,"data":"  iter  9950/20000 [49.8%] | WM wm=19.57 rec=11.29 kl=8.20 rew=0.081 con=0.001 rew@ach=0.67/1.00(n=17) rew@0=+0.002 | AC act=-0.006 crit=1.657 pg=-0.006 H=0.78 | img ret=0.16 val=0.17 imgR(mu=0.004 max=1.01 p99=0.46 hi=0.96%) scale=2.76 p5=-0.60 p95=2.16 | umix=0.010 | r/step=0.0144 | 1.7 ips ETA 1h37\r\n"}
,{"stream_name":"stdout","time":5955.725404819,"data":"  iter 10000/20000 [50.0%] | WM wm=15.18 rec=8.55 kl=6.55 rew=0.085 con=0.004 rew@ach=0.67/0.92(n=21) rew@0=+0.005 | AC act=-0.002 crit=1.624 pg=-0.002 H=0.63 | img ret=0.30 val=0.29 imgR(mu=0.011 max=1.00 p99=0.70 hi=1.38%) scale=2.71 p5=-0.60 p95=2.12 | umix=0.010 | r/step=0.0140 | 1.7 ips ETA 1h36\r\n"}
,{"stream_name":"stdout","time":6140.892138033,"data":"  \u003e\u003e\u003e EVAL @ iter 10000 : score=2.53  length=185  achievements=3.48 ↓  sample=2.80  (best=3.49 @7500)  crafter_score=2.00% [1759 train eps]\r\n"}
,{"stream_name":"stdout","time":6140.892184563,"data":"      unlocked (7/22): collect_sapling=99%  wake_up=99%  collect_wood=64%  collect_drink=47%  place_plant=28%  place_table=7%  eat_cow=5%\r\n"}
,{"stream_name":"stdout","time":6140.892190913,"data":"      TRAIN (11/22 sur 1759 eps): collect_sapling=1728(98.2%)  wake_up=1645(93.5%)  place_plant=794(45.1%)  collect_wood=534(30.4%)  collect_drink=390(22.2%)  eat_cow=80(4.5%)  place_table=50(2.8%)  defeat_zombie=38(2.2%)  make_wood_sword=3(0.2%)  make_wood_pickaxe=3(0.2%)  defeat_skeleton=1(0.1%)\r\n"}
,{"stream_name":"stdout","time":6140.892196193,"data":"      JAMAIS vus en train (11) : collect_coal  collect_diamond  collect_iron  collect_stone  eat_plant  make_iron_pickaxe  make_iron_sword  make_stone_pickaxe  make_stone_sword  place_furnace  place_stone\r\n"}
,{"stream_name":"stdout","time":6140.892200373,"data":"      BOIS/épisode (n=1759): 0=69.6%  1=17.6%  2=7.2%  3=2.9%  4=1.8%  5+=0.9%  | \u003e=2 bois (table possible): 12.8%  | \u003e=3 (pioche): 5.6%  | a eu de la pierre: 0.00%\r\n"}
,{"stream_name":"stdout","time":6140.892204933,"data":"      ACTIONS top5: do=30.4%  move_right=12.1%  move_up=11.9%  move_left=11.1%  move_down=8.7%  | 15/17 actions \u003e1%  | place_table tenté 1.67%  | make_wood_pickaxe tenté 1.64%\r\n"}
,{"stream_name":"stdout","time":6149.86226345,"data":"  Checkpoint saved : dreamer_crafter_jax_v52-rareweight1_iter010000.npz\r\n"}
,{"stream_name":"stdout","time":6177.252943064,"data":"  iter 10050/20000 [50.2%] | WM wm=15.76 rec=8.91 kl=6.72 rew=0.121 con=0.005 rew@ach=0.51/0.92(n=20) rew@0=+0.006 | AC act=-0.002 crit=1.483 pg=-0.002 H=0.70 | img ret=0.30 val=0.29 imgR(mu=0.013 max=1.00 p99=0.64 hi=1.25%) scale=2.69 p5=-0.60 p95=2.09 | umix=0.010 | r/step=0.0110 | 1.7 ips ETA 1h39\r\n"}
,{"stream_name":"stdout","time":6204.411034718,"data":"  iter 10100/20000 [50.5%] | WM wm=16.98 rec=9.35 kl=7.50 rew=0.115 con=0.008 rew@ach=0.45/0.91(n=20) rew@0=+0.004 | AC act=0.002 crit=1.645 pg=0.003 H=0.76 | img ret=0.23 val=0.21 imgR(mu=0.018 max=1.03 p99=0.77 hi=1.65%) scale=2.70 p5=-0.59 p95=2.11 | umix=0.010 | r/step=0.0123 | 1.7 ips ETA 1h39\r\n"}
,{"stream_name":"stdout","time":6231.693683897,"data":"  iter 10150/20000 [50.8%] | WM wm=18.33 rec=10.48 kl=7.71 rew=0.120 con=0.019 rew@ach=0.60/0.90(n=16) rew@0=+0.004 | AC act=0.001 crit=1.704 pg=0.001 H=0.67 | img ret=0.41 val=0.41 imgR(mu=0.013 max=1.00 p99=0.60 hi=1.13%) scale=2.66 p5=-0.59 p95=2.07 | umix=0.010 | r/step=0.0141 | 1.7 ips ETA 1h38\r\n"}
,{"stream_name":"stdout","time":6259.023016536,"data":"  iter 10200/20000 [51.0%] | WM wm=15.80 rec=9.37 kl=6.36 rew=0.077 con=0.000 rew@ach=0.41/0.85(n=11) rew@0=+0.000 | AC act=-0.002 crit=1.662 pg=-0.002 H=0.64 | img ret=0.35 val=0.37 imgR(mu=0.009 max=1.01 p99=0.55 hi=1.06%) scale=2.63 p5=-0.59 p95=2.05 | umix=0.010 | r/step=0.0145 | 1.7 ips ETA 1h38\r\n"}
,{"stream_name":"stdout","time":6285.926529678,"data":"  iter 10250/20000 [51.2%] | WM wm=20.78 rec=11.62 kl=9.08 rew=0.067 con=0.008 rew@ach=0.66/1.00(n=10) rew@0=+0.005 | AC act=-0.006 crit=1.580 pg=-0.006 H=0.58 | img ret=0.29 val=0.31 imgR(mu=0.008 max=1.00 p99=0.41 hi=0.92%) scale=2.66 p5=-0.58 p95=2.07 | umix=0.010 | r/step=0.0073 | 1.7 ips ETA 1h37\r\n"}
,{"stream_name":"stdout","time":6313.131290997,"data":"  iter 10300/20000 [51.5%] | WM wm=17.65 rec=11.05 kl=6.52 rew=0.084 con=0.004 rew@ach=0.65/1.00(n=20) rew@0=+0.002 | AC act=-0.002 crit=1.559 pg=-0.002 H=0.60 | img ret=0.46 val=0.46 imgR(mu=0.016 max=1.01 p99=0.90 hi=1.35%) scale=2.71 p5=-0.57 p95=2.13 | umix=0.010 | r/step=0.0165 | 1.7 ips ETA 1h36\r\n"}
,{"stream_name":"stdout","time":6340.066435242,"data":"  iter 10350/20000 [51.8%] | WM wm=17.44 rec=10.11 kl=7.25 rew=0.076 con=0.001 rew@ach=0.72/0.91(n=20) rew@0=+0.003 | AC act=-0.003 crit=1.618 pg=-0.003 H=0.60 | img ret=0.28 val=0.26 imgR(mu=0.012 max=1.01 p99=0.71 hi=1.58%) scale=2.65 p5=-0.57 p95=2.08 | umix=0.010 | r/step=0.0083 | 1.7 ips ETA 1h36\r\n"}
,{"stream_name":"stdout","time":6367.055935635,"data":"  iter 10400/20000 [52.0%] | WM wm=18.17 rec=10.38 kl=7.70 rew=0.079 con=0.009 rew@ach=0.51/1.00(n=6) rew@0=+0.005 | AC act=-0.002 crit=1.580 pg=-0.002 H=0.55 | img ret=0.29 val=0.29 imgR(mu=0.010 max=1.01 p99=0.52 hi=1.03%) scale=2.69 p5=-0.57 p95=2.12 | umix=0.010 | r/step=0.0152 | 1.7 ips ETA 1h35\r\n"}
,{"stream_name":"stdout","time":6394.003677098,"data":"  iter 10450/20000 [52.2%] | WM wm=13.80 rec=7.05 kl=6.67 rew=0.077 con=0.004 rew@ach=0.77/1.00(n=16) rew@0=+0.006 | AC act=0.004 crit=1.645 pg=0.004 H=0.55 | img ret=0.43 val=0.38 imgR(mu=0.017 max=1.01 p99=0.98 hi=1.96%) scale=2.64 p5=-0.57 p95=2.07 | umix=0.010 | r/step=0.0204 | 1.7 ips ETA 1h35\r\n"}
,{"stream_name":"stdout","time":6421.12063089,"data":"  iter 10500/20000 [52.5%] | WM wm=22.47 rec=13.89 kl=8.48 rew=0.095 con=0.003 rew@ach=0.55/0.92(n=22) rew@0=+0.004 | AC act=-0.001 crit=1.672 pg=-0.001 H=0.53 | img ret=0.36 val=0.36 imgR(mu=0.012 max=1.00 p99=0.68 hi=1.25%) scale=2.66 p5=-0.57 p95=2.09 | umix=0.010 | r/step=0.0149 | 1.7 ips ETA 1h34\r\n"}
,{"stream_name":"stdout","time":6448.344069521,"data":"  iter 10550/20000 [52.8%] | WM wm=17.26 rec=10.13 kl=7.02 rew=0.103 con=0.008 rew@ach=0.39/0.83(n=20) rew@0=-0.001 | AC act=0.002 crit=1.458 pg=0.002 H=0.58 | img ret=-0.11 val=-0.11 imgR(mu=0.002 max=1.01 p99=0.15 hi=0.40%) scale=2.65 p5=-0.56 p95=2.08 | umix=0.010 | r/step=0.0104 | 1.7 ips ETA 1h34\r\n"}
,{"stream_name":"stdout","time":6475.35516607,"data":"  iter 10600/20000 [53.0%] | WM wm=17.07 rec=10.26 kl=6.74 rew=0.063 con=0.003 rew@ach=0.73/1.00(n=14) rew@0=-0.001 | AC act=-0.001 crit=1.553 pg=-0.001 H=0.60 | img ret=0.42 val=0.42 imgR(mu=0.015 max=1.02 p99=0.99 hi=1.33%) scale=2.67 p5=-0.56 p95=2.11 | umix=0.010 | r/step=0.0106 | 1.7 ips ETA 1h33\r\n"}
,{"stream_name":"stdout","time":6502.618464888,"data":"  iter 10650/20000 [53.2%] | WM wm=16.30 rec=9.62 kl=6.58 rew=0.091 con=0.008 rew@ach=0.51/0.92(n=22) rew@0=+0.002 | AC act=-0.000 crit=1.520 pg=-0.000 H=0.61 | img ret=0.27 val=0.28 imgR(mu=0.011 max=1.01 p99=0.62 hi=1.11%) scale=2.66 p5=-0.55 p95=2.10 | umix=0.010 | r/step=0.0188 | 1.7 ips ETA 1h33\r\n"}
,{"stream_name":"stdout","time":6529.696270357,"data":"  iter 10700/20000 [53.5%] | WM wm=17.08 rec=9.81 kl=7.15 rew=0.112 con=0.006 rew@ach=0.58/0.91(n=19) rew@0=+0.009 | AC act=0.001 crit=1.637 pg=0.002 H=0.58 | img ret=0.32 val=0.30 imgR(mu=0.011 max=1.00 p99=0.58 hi=1.07%) scale=2.70 p5=-0.56 p95=2.14 | umix=0.010 | r/step=0.0097 | 1.7 ips ETA 1h32\r\n"}
,{"stream_name":"stdout","time":6557.025681424,"data":"  iter 10750/20000 [53.8%] | WM wm=17.51 rec=10.04 kl=7.41 rew=0.062 con=0.004 rew@ach=0.74/1.00(n=17) rew@0=+0.002 | AC act=-0.001 crit=1.560 pg=-0.001 H=0.69 | img ret=0.12 val=0.13 imgR(mu=0.002 max=1.01 p99=0.23 hi=0.52%) scale=2.72 p5=-0.56 p95=2.15 | umix=0.010 | r/step=0.0096 | 1.7 ips ETA 1h32\r\n"}
,{"stream_name":"stdout","time":6583.962414665,"data":"  iter 10800/20000 [54.0%] | WM wm=17.80 rec=10.44 kl=7.26 rew=0.091 con=0.008 rew@ach=0.47/0.77(n=15) rew@0=+0.001 | AC act=0.001 crit=1.649 pg=0.001 H=0.55 | img ret=0.13 val=0.12 imgR(mu=0.008 max=1.00 p99=0.35 hi=0.75%) scale=2.72 p5=-0.56 p95=2.15 | umix=0.010 | r/step=0.0097 | 1.7 ips ETA 1h31\r\n"}
,{"stream_name":"stdout","time":6611.53176228,"data":"  iter 10850/20000 [54.2%] | WM wm=18.42 rec=11.02 kl=7.28 rew=0.109 con=0.010 rew@ach=0.55/0.98(n=12) rew@0=+0.002 | AC act=0.006 crit=1.735 pg=0.006 H=0.63 | img ret=0.45 val=0.38 imgR(mu=0.013 max=1.01 p99=0.81 hi=1.89%) scale=2.77 p5=-0.57 p95=2.20 | umix=0.010 | r/step=0.0088 | 1.7 ips ETA 1h31\r\n"}
,{"stream_name":"stdout","time":6638.534666721,"data":"  iter 10900/20000 [54.5%] | WM wm=13.06 rec=6.88 kl=6.12 rew=0.053 con=0.007 rew@ach=0.71/1.00(n=19) rew@0=+0.001 | AC act=0.002 crit=1.594 pg=0.003 H=0.60 | img ret=0.53 val=0.52 imgR(mu=0.010 max=1.00 p99=0.86 hi=1.35%) scale=2.78 p5=-0.57 p95=2.20 | umix=0.010 | r/step=0.0026 | 1.7 ips ETA 1h30\r\n"}
,{"stream_name":"stdout","time":6665.596998051,"data":"  iter 10950/20000 [54.8%] | WM wm=14.99 rec=8.64 kl=6.24 rew=0.098 con=0.011 rew@ach=0.45/0.76(n=14) rew@0=+0.004 | AC act=-0.000 crit=1.604 pg=-0.000 H=0.54 | img ret=0.06 val=0.04 imgR(mu=0.007 max=1.00 p99=0.40 hi=0.90%) scale=2.74 p5=-0.57 p95=2.16 | umix=0.010 | r/step=0.0140 | 1.7 ips ETA 1h29\r\n"}
,{"stream_name":"stdout","time":6692.724147392,"data":"  iter 11000/20000 [55.0%] | WM wm=21.25 rec=13.23 kl=7.91 rew=0.098 con=0.012 rew@ach=0.65/1.00(n=23) rew@0=+0.003 | AC act=0.003 crit=1.700 pg=0.003 H=0.65 | img ret=0.21 val=0.18 imgR(mu=0.014 max=1.00 p99=0.66 hi=1.21%) scale=2.76 p5=-0.57 p95=2.19 | umix=0.010 | r/step=0.0105 | 1.7 ips ETA 1h29\r\n"}
,{"stream_name":"stdout","time":6719.726507533,"data":"  iter 11050/20000 [55.2%] | WM wm=18.75 rec=10.80 kl=7.85 rew=0.090 con=0.004 rew@ach=0.53/1.00(n=14) rew@0=+0.001 | AC act=0.002 crit=1.530 pg=0.003 H=0.62 | img ret=0.37 val=0.35 imgR(mu=0.005 max=1.01 p99=0.35 hi=0.81%) scale=2.77 p5=-0.57 p95=2.20 | umix=0.010 | r/step=0.0085 | 1.7 ips ETA 1h28\r\n"}
,{"stream_name":"stdout","time":6746.325707019,"data":"  iter 11100/20000 [55.5%] | WM wm=18.45 rec=10.73 kl=7.58 rew=0.131 con=0.009 rew@ach=0.52/0.90(n=19) rew@0=+0.006 | AC act=0.000 crit=1.702 pg=0.000 H=0.52 | img ret=0.53 val=0.48 imgR(mu=0.013 max=1.00 p99=0.68 hi=1.43%) scale=2.73 p5=-0.57 p95=2.16 | umix=0.010 | r/step=0.0092 | 1.7 ips ETA 1h28\r\n"}
,{"stream_name":"stdout","time":6773.782140975,"data":"  iter 11150/20000 [55.8%] | WM wm=17.69 rec=10.55 kl=7.04 rew=0.091 con=0.007 rew@ach=0.41/0.78(n=23) rew@0=+0.002 | AC act=-0.001 crit=1.647 pg=-0.001 H=0.77 | img ret=0.15 val=0.14 imgR(mu=0.006 max=1.00 p99=0.64 hi=1.18%) scale=2.77 p5=-0.57 p95=2.20 | umix=0.010 | r/step=0.0130 | 1.7 ips ETA 1h27\r\n"}
,{"stream_name":"stdout","time":6800.828688076,"data":"  iter 11200/20000 [56.0%] | WM wm=16.08 rec=8.94 kl=7.01 rew=0.123 con=0.006 rew@ach=0.51/1.00(n=22) rew@0=+0.003 | AC act=0.003 crit=1.526 pg=0.003 H=0.72 | img ret=0.50 val=0.49 imgR(mu=0.014 max=1.00 p99=0.72 hi=1.22%) scale=2.88 p5=-0.57 p95=2.31 | umix=0.010 | r/step=0.0098 | 1.7 ips ETA 1h27\r\n"}
,{"stream_name":"stdout","time":6828.133486195,"data":"  iter 11250/20000 [56.2%] | WM wm=15.97 rec=9.00 kl=6.86 rew=0.108 con=0.005 rew@ach=0.54/0.99(n=21) rew@0=+0.007 | AC act=0.001 crit=1.617 pg=0.002 H=0.70 | img ret=0.63 val=0.60 imgR(mu=0.013 max=1.01 p99=0.76 hi=1.66%) scale=2.87 p5=-0.57 p95=2.32 | umix=0.010 | r/step=0.0162 | 1.7 ips ETA 1h26\r\n"}
,{"stream_name":"stdout","time":6855.046860198,"data":"  iter 11300/20000 [56.5%] | WM wm=21.36 rec=12.91 kl=8.35 rew=0.106 con=0.002 rew@ach=0.54/1.00(n=15) rew@0=+0.002 | AC act=-0.002 crit=1.666 pg=-0.002 H=0.70 | img ret=0.30 val=0.31 imgR(mu=0.013 max=1.01 p99=0.69 hi=1.37%) scale=2.90 p5=-0.57 p95=2.33 | umix=0.010 | r/step=0.0110 | 1.7 ips ETA 1h26\r\n"}
,{"stream_name":"stdout","time":6881.826036743,"data":"  iter 11350/20000 [56.8%] | WM wm=20.26 rec=11.69 kl=8.49 rew=0.080 con=0.006 rew@ach=0.85/0.99(n=14) rew@0=+0.002 | AC act=0.001 crit=1.689 pg=0.001 H=0.75 | img ret=0.81 val=0.78 imgR(mu=0.019 max=1.01 p99=0.88 hi=1.54%) scale=2.96 p5=-0.57 p95=2.39 | umix=0.010 | r/step=0.0145 | 1.7 ips ETA 1h25\r\n"}
,{"stream_name":"stdout","time":6908.707911667,"data":"  iter 11400/20000 [57.0%] | WM wm=19.82 rec=11.45 kl=8.29 rew=0.069 con=0.004 rew@ach=0.68/1.00(n=11) rew@0=+0.003 | AC act=0.005 crit=1.590 pg=0.006 H=0.78 | img ret=0.51 val=0.47 imgR(mu=0.016 max=1.01 p99=0.93 hi=1.76%) scale=2.95 p5=-0.57 p95=2.37 | umix=0.010 | r/step=0.0111 | 1.7 ips ETA 1h25\r\n"}
,{"stream_name":"stdout","time":6935.852915759,"data":"  iter 11450/20000 [57.2%] | WM wm=21.19 rec=11.94 kl=9.17 rew=0.076 con=0.005 rew@ach=0.66/1.00(n=17) rew@0=+0.002 | AC act=0.001 crit=1.446 pg=0.001 H=0.67 | img ret=0.47 val=0.47 imgR(mu=0.011 max=1.01 p99=0.72 hi=1.11%) scale=2.91 p5=-0.58 p95=2.33 | umix=0.010 | r/step=0.0179 | 1.7 ips ETA 1h24\r\n"}
,{"stream_name":"stdout","time":6962.644377865,"data":"  iter 11500/20000 [57.5%] | WM wm=15.77 rec=9.80 kl=5.85 rew=0.106 con=0.009 rew@ach=0.50/0.93(n=24) rew@0=+0.005 | AC act=0.003 crit=1.690 pg=0.003 H=0.78 | img ret=0.40 val=0.36 imgR(mu=0.017 max=1.00 p99=0.89 hi=1.67%) scale=2.83 p5=-0.59 p95=2.24 | umix=0.010 | r/step=0.0185 | 1.7 ips ETA 1h24\r\n"}
,{"stream_name":"stdout","time":6989.633719829,"data":"  iter 11550/20000 [57.8%] | WM wm=18.19 rec=10.05 kl=8.05 rew=0.077 con=0.006 rew@ach=0.56/1.00(n=13) rew@0=+0.004 | AC act=-0.005 crit=1.630 pg=-0.005 H=0.86 | img ret=0.64 val=0.64 imgR(mu=0.017 max=1.01 p99=1.00 hi=1.80%) scale=2.75 p5=-0.59 p95=2.16 | umix=0.010 | r/step=0.0101 | 1.7 ips ETA 1h23\r\n"}
,{"stream_name":"stdout","time":7016.708337223,"data":"  iter 11600/20000 [58.0%] | WM wm=17.92 rec=10.50 kl=7.35 rew=0.067 con=0.002 rew@ach=0.64/0.99(n=17) rew@0=+0.002 | AC act=-0.004 crit=1.565 pg=-0.004 H=0.74 | img ret=0.33 val=0.33 imgR(mu=0.008 max=1.00 p99=0.73 hi=1.51%) scale=2.75 p5=-0.59 p95=2.16 | umix=0.010 | r/step=0.0093 | 1.7 ips ETA 1h23\r\n"}
,{"stream_name":"stdout","time":7043.851055045,"data":"  iter 11650/20000 [58.2%] | WM wm=13.82 rec=7.04 kl=6.69 rew=0.074 con=0.008 rew@ach=0.64/0.90(n=16) rew@0=+0.001 | AC act=-0.003 crit=1.507 pg=-0.003 H=0.79 | img ret=0.35 val=0.36 imgR(mu=0.006 max=1.01 p99=0.60 hi=1.08%) scale=2.79 p5=-0.60 p95=2.19 | umix=0.010 | r/step=0.0148 | 1.7 ips ETA 1h22\r\n"}
,{"stream_name":"stdout","time":7070.827679319,"data":"  iter 11700/20000 [58.5%] | WM wm=20.17 rec=12.04 kl=8.04 rew=0.081 con=0.003 rew@ach=0.50/0.76(n=14) rew@0=+0.001 | AC act=-0.001 crit=1.462 pg=-0.000 H=0.78 | img ret=0.33 val=0.33 imgR(mu=0.010 max=1.01 p99=0.52 hi=1.03%) scale=2.82 p5=-0.61 p95=2.21 | umix=0.010 | r/step=0.0174 | 1.7 ips ETA 1h21\r\n"}
,{"stream_name":"stdout","time":7097.630664905,"data":"  iter 11750/20000 [58.8%] | WM wm=18.39 rec=10.77 kl=7.56 rew=0.054 con=0.002 rew@ach=0.49/0.81(n=9) rew@0=-0.000 | AC act=-0.002 crit=1.577 pg=-0.002 H=0.71 | img ret=0.27 val=0.27 imgR(mu=0.008 max=1.01 p99=0.53 hi=1.03%) scale=2.82 p5=-0.61 p95=2.20 | umix=0.010 | r/step=0.0168 | 1.7 ips ETA 1h21\r\n"}
,{"stream_name":"stdout","time":7124.429082121,"data":"  iter 11800/20000 [59.0%] | WM wm=15.32 rec=8.56 kl=6.68 rew=0.084 con=0.003 rew@ach=0.47/0.89(n=16) rew@0=+0.001 | AC act=-0.005 crit=1.549 pg=-0.005 H=0.81 | img ret=0.37 val=0.37 imgR(mu=0.015 max=1.01 p99=0.75 hi=1.39%) scale=2.83 p5=-0.62 p95=2.21 | umix=0.010 | r/step=0.0102 | 1.7 ips ETA 1h20\r\n"}
,{"stream_name":"stdout","time":7151.525831404,"data":"  iter 11850/20000 [59.2%] | WM wm=16.75 rec=9.88 kl=6.78 rew=0.080 con=0.004 rew@ach=0.71/1.00(n=18) rew@0=+0.003 | AC act=0.009 crit=1.659 pg=0.010 H=0.79 | img ret=0.21 val=0.18 imgR(mu=0.004 max=1.00 p99=0.44 hi=0.85%) scale=2.81 p5=-0.62 p95=2.20 | umix=0.010 | r/step=0.0126 | 1.7 ips ETA 1h20\r\n"}
,{"stream_name":"stdout","time":7178.600064618,"data":"  iter 11900/20000 [59.5%] | WM wm=24.25 rec=13.30 kl=10.82 rew=0.130 con=0.005 rew@ach=0.52/0.91(n=20) rew@0=+0.000 | AC act=-0.003 crit=1.516 pg=-0.003 H=0.65 | img ret=0.10 val=0.11 imgR(mu=0.004 max=1.01 p99=0.18 hi=0.64%) scale=2.78 p5=-0.61 p95=2.16 | umix=0.010 | r/step=0.0182 | 1.7 ips ETA 1h19\r\n"}
,{"stream_name":"stdout","time":7205.542337304,"data":"  iter 11950/20000 [59.8%] | WM wm=16.45 rec=8.52 kl=7.84 rew=0.092 con=0.003 rew@ach=0.52/0.90(n=20) rew@0=+0.002 | AC act=-0.003 crit=1.631 pg=-0.003 H=0.65 | img ret=0.33 val=0.33 imgR(mu=0.016 max=1.00 p99=0.93 hi=1.44%) scale=2.63 p5=-0.62 p95=2.01 | umix=0.010 | r/step=0.0146 | 1.7 ips ETA 1h19\r\n"}
,{"stream_name":"stdout","time":7232.706384516,"data":"  iter 12000/20000 [60.0%] | WM wm=17.98 rec=10.43 kl=7.44 rew=0.103 con=0.007 rew@ach=0.60/0.89(n=16) rew@0=+0.002 | AC act=0.008 crit=1.566 pg=0.008 H=0.76 | img ret=0.37 val=0.34 imgR(mu=0.011 max=1.00 p99=0.59 hi=1.21%) scale=2.59 p5=-0.61 p95=1.99 | umix=0.010 | r/step=0.0111 | 1.7 ips ETA 1h18\r\n"}
,{"stream_name":"stdout","time":7259.529930743,"data":"  iter 12050/20000 [60.2%] | WM wm=16.12 rec=9.29 kl=6.73 rew=0.091 con=0.002 rew@ach=0.53/0.86(n=26) rew@0=+0.002 | AC act=-0.005 crit=1.478 pg=-0.004 H=0.58 | img ret=0.10 val=0.13 imgR(mu=0.000 max=1.01 p99=0.11 hi=0.42%) scale=2.66 p5=-0.62 p95=2.03 | umix=0.010 | r/step=0.0129 | 1.7 ips ETA 1h18\r\n"}
,{"stream_name":"stdout","time":7286.768650259,"data":"  iter 12100/20000 [60.5%] | WM wm=17.09 rec=9.19 kl=7.76 rew=0.128 con=0.017 rew@ach=0.45/0.91(n=22) rew@0=+0.005 | AC act=-0.010 crit=1.613 pg=-0.010 H=0.53 | img ret=0.11 val=0.13 imgR(mu=0.005 max=1.00 p99=0.38 hi=0.76%) scale=2.67 p5=-0.62 p95=2.05 | umix=0.010 | r/step=0.0146 | 1.7 ips ETA 1h17\r\n"}
,{"stream_name":"stdout","time":7313.87487,"data":"  iter 12150/20000 [60.8%] | WM wm=15.20 rec=8.56 kl=6.56 rew=0.077 con=0.005 rew@ach=0.53/0.87(n=26) rew@0=+0.003 | AC act=-0.000 crit=1.453 pg=0.000 H=0.71 | img ret=0.18 val=0.18 imgR(mu=0.009 max=1.01 p99=0.70 hi=1.15%) scale=2.64 p5=-0.62 p95=2.02 | umix=0.010 | r/step=0.0135 | 1.7 ips ETA 1h17\r\n"}
,{"stream_name":"stdout","time":7340.528948284,"data":"  iter 12200/20000 [61.0%] | WM wm=15.72 rec=8.82 kl=6.80 rew=0.095 con=0.003 rew@ach=0.45/0.89(n=16) rew@0=+0.003 | AC act=-0.005 crit=1.596 pg=-0.005 H=0.73 | img ret=0.31 val=0.32 imgR(mu=0.006 max=1.01 p99=0.50 hi=1.01%) scale=2.70 p5=-0.62 p95=2.08 | umix=0.010 | r/step=0.0134 | 1.7 ips ETA 1h16\r\n"}
,{"stream_name":"stdout","time":7367.452339611,"data":"  iter 12250/20000 [61.2%] | WM wm=17.14 rec=10.12 kl=6.90 rew=0.107 con=0.007 rew@ach=0.59/0.91(n=21) rew@0=+0.004 | AC act=-0.001 crit=1.555 pg=-0.001 H=0.70 | img ret=0.17 val=0.15 imgR(mu=0.012 max=1.00 p99=0.59 hi=1.16%) scale=2.72 p5=-0.62 p95=2.09 | umix=0.010 | r/step=0.0136 | 1.7 ips ETA 1h16\r\n"}
,{"stream_name":"stdout","time":7394.122641174,"data":"  iter 12300/20000 [61.5%] | WM wm=17.66 rec=10.35 kl=7.21 rew=0.097 con=0.002 rew@ach=0.62/1.00(n=16) rew@0=+0.005 | AC act=0.000 crit=1.512 pg=0.000 H=0.65 | img ret=0.10 val=0.09 imgR(mu=0.007 max=1.01 p99=0.33 hi=0.87%) scale=2.71 p5=-0.62 p95=2.08 | umix=0.010 | r/step=0.0045 | 1.7 ips ETA 1h15\r\n"}
,{"stream_name":"stdout","time":7421.158095314,"data":"  iter 12350/20000 [61.8%] | WM wm=16.05 rec=9.57 kl=6.39 rew=0.098 con=0.002 rew@ach=0.44/0.91(n=20) rew@0=+0.001 | AC act=-0.002 crit=1.516 pg=-0.002 H=0.54 | img ret=0.14 val=0.14 imgR(mu=0.008 max=1.00 p99=0.56 hi=1.10%) scale=2.75 p5=-0.63 p95=2.11 | umix=0.010 | r/step=0.0077 | 1.7 ips ETA 1h15\r\n"}
,{"stream_name":"stdout","time":7448.167599492,"data":"  iter 12400/20000 [62.0%] | WM wm=17.08 rec=9.43 kl=7.59 rew=0.052 con=0.001 rew@ach=0.66/1.00(n=14) rew@0=+0.002 | AC act=-0.001 crit=1.453 pg=-0.001 H=0.68 | img ret=0.01 val=0.01 imgR(mu=0.005 max=1.00 p99=0.39 hi=0.83%) scale=2.78 p5=-0.63 p95=2.15 | umix=0.010 | r/step=0.0086 | 1.7 ips ETA 1h14\r\n"}
,{"stream_name":"stdout","time":7474.903628264,"data":"  iter 12450/20000 [62.2%] | WM wm=20.05 rec=11.64 kl=8.28 rew=0.117 con=0.006 rew@ach=0.46/1.00(n=23) rew@0=+0.002 | AC act=-0.003 crit=1.530 pg=-0.003 H=0.68 | img ret=0.07 val=0.07 imgR(mu=0.007 max=1.00 p99=0.41 hi=0.81%) scale=2.74 p5=-0.62 p95=2.12 | umix=0.010 | r/step=0.0142 | 1.7 ips ETA 1h14\r\n"}
,{"stream_name":"stdout","time":7501.744410638,"data":"  iter 12500/20000 [62.5%] | WM wm=14.70 rec=7.84 kl=6.77 rew=0.078 con=0.008 rew@ach=0.32/0.60(n=21) rew@0=+0.001 | AC act=-0.004 crit=1.550 pg=-0.004 H=0.65 | img ret=0.06 val=0.07 imgR(mu=0.003 max=1.01 p99=0.16 hi=0.50%) scale=2.77 p5=-0.62 p95=2.15 | umix=0.010 | r/step=0.0165 | 1.7 ips ETA 1h13\r\n"}
,{"stream_name":"stdout","time":7690.632386626,"data":"  \u003e\u003e\u003e EVAL @ iter 12500 : score=2.13  length=186  achievements=3.03 ↓  sample=3.60  (best=3.49 @7500)  crafter_score=1.99% [2187 train eps]\r\n"}
,{"stream_name":"stdout","time":7690.632421556,"data":"      unlocked (8/22): collect_sapling=100%  wake_up=96%  place_plant=39%  collect_wood=35%  collect_drink=27%  defeat_zombie=3%  eat_cow=3%  place_table=1%\r\n"}
,{"stream_name":"stdout","time":7690.632426476,"data":"      TRAIN (11/22 sur 2187 eps): collect_sapling=2153(98.4%)  wake_up=2064(94.4%)  place_plant=1062(48.6%)  collect_wood=692(31.6%)  collect_drink=487(22.3%)  eat_cow=94(4.3%)  place_table=61(2.8%)  defeat_zombie=40(1.8%)  make_wood_pickaxe=4(0.2%)  make_wood_sword=3(0.1%)  defeat_skeleton=1(0.0%)\r\n"}
,{"stream_name":"stdout","time":7690.632430696,"data":"      JAMAIS vus en train (11) : collect_coal  collect_diamond  collect_iron  collect_stone  eat_plant  make_iron_pickaxe  make_iron_sword  make_stone_pickaxe  make_stone_sword  place_furnace  place_stone\r\n"}
,{"stream_name":"stdout","time":7690.632434636,"data":"      BOIS/épisode (n=2187): 0=68.4%  1=19.4%  2=7.4%  3=2.6%  4=1.5%  5+=0.8%  | \u003e=2 bois (table possible): 12.3%  | \u003e=3 (pioche): 4.8%  | a eu de la pierre: 0.00%\r\n"}
,{"stream_name":"stdout","time":7690.632439016,"data":"      ACTIONS top5: do=29.0%  move_up=12.4%  move_left=11.8%  move_right=11.4%  move_down=8.8%  | 15/17 actions \u003e1%  | place_table tenté 1.91%  | make_wood_pickaxe tenté 1.58%\r\n"}
,{"stream_name":"stdout","time":7699.501750037,"data":"  Checkpoint saved : dreamer_crafter_jax_v52-rareweight1_iter012500.npz\r\n"}
,{"stream_name":"stdout","time":7725.099254553,"data":"  iter 12550/20000 [62.8%] | WM wm=14.44 rec=7.57 kl=6.76 rew=0.117 con=0.004 rew@ach=0.55/0.86(n=24) rew@0=+0.004 | AC act=-0.006 crit=1.519 pg=-0.006 H=0.61 | img ret=0.17 val=0.19 imgR(mu=0.004 max=1.00 p99=0.35 hi=0.90%) scale=2.74 p5=-0.62 p95=2.11 | umix=0.010 | r/step=0.0132 | 1.7 ips ETA 1h15\r\n"}
,{"stream_name":"stdout","time":7750.622321461,"data":"  iter 12600/20000 [63.0%] | WM wm=16.97 rec=9.15 kl=7.75 rew=0.064 con=0.006 rew@ach=0.71/0.99(n=14) rew@0=+0.002 | AC act=-0.004 crit=1.576 pg=-0.004 H=0.54 | img ret=0.02 val=0.04 imgR(mu=0.003 max=1.01 p99=0.36 hi=0.87%) scale=2.68 p5=-0.62 p95=2.06 | umix=0.010 | r/step=0.0125 | 1.7 ips ETA 1h14\r\n"}
,{"stream_name":"stdout","time":7776.241369426,"data":"  iter 12650/20000 [63.2%] | WM wm=20.40 rec=12.10 kl=8.27 rew=0.038 con=0.000 rew@ach=0.73/1.00(n=12) rew@0=+0.002 | AC act=0.001 crit=1.563 pg=0.001 H=0.58 | img ret=0.19 val=0.18 imgR(mu=0.009 max=1.00 p99=0.25 hi=0.75%) scale=2.69 p5=-0.62 p95=2.07 | umix=0.010 | r/step=0.0131 | 1.7 ips ETA 1h13\r\n"}
,{"stream_name":"stdout","time":7801.724806495,"data":"  iter 12700/20000 [63.5%] | WM wm=17.41 rec=9.79 kl=7.47 rew=0.135 con=0.013 rew@ach=0.50/1.00(n=12) rew@0=+0.002 | AC act=-0.001 crit=1.360 pg=-0.001 H=0.61 | img ret=-0.01 val=-0.01 imgR(mu=0.003 max=1.00 p99=0.20 hi=0.51%) scale=2.68 p5=-0.62 p95=2.05 | umix=0.010 | r/step=0.0185 | 1.7 ips ETA 1h13\r\n"}
,{"stream_name":"stdout","time":7827.41506356,"data":"  iter 12750/20000 [63.8%] | WM wm=20.21 rec=11.60 kl=8.53 rew=0.076 con=0.004 rew@ach=0.33/0.86(n=12) rew@0=+0.002 | AC act=-0.003 crit=1.633 pg=-0.003 H=0.64 | img ret=0.21 val=0.22 imgR(mu=0.007 max=1.00 p99=0.55 hi=1.14%) scale=2.71 p5=-0.63 p95=2.09 | umix=0.010 | r/step=0.0132 | 1.7 ips ETA 1h12\r\n"}
,{"stream_name":"stdout","time":7852.976570428,"data":"  iter 12800/20000 [64.0%] | WM wm=16.29 rec=9.19 kl=6.99 rew=0.093 con=0.008 rew@ach=0.72/1.00(n=19) rew@0=+0.010 | AC act=-0.000 crit=1.647 pg=-0.000 H=0.57 | img ret=0.24 val=0.23 imgR(mu=0.011 max=1.00 p99=0.87 hi=1.43%) scale=2.68 p5=-0.62 p95=2.06 | umix=0.010 | r/step=0.0135 | 1.7 ips ETA 1h12\r\n"}
,{"stream_name":"stdout","time":7878.579056846,"data":"  iter 12850/20000 [64.2%] | WM wm=16.49 rec=10.16 kl=6.28 rew=0.056 con=0.001 rew@ach=0.75/1.00(n=16) rew@0=+0.004 | AC act=-0.003 crit=1.821 pg=-0.003 H=0.61 | img ret=0.35 val=0.35 imgR(mu=0.004 max=1.01 p99=0.57 hi=1.07%) scale=2.73 p5=-0.62 p95=2.12 | umix=0.010 | r/step=0.0153 | 1.7 ips ETA 1h11\r\n"}
,{"stream_name":"stdout","time":7905.622039084,"data":"  iter 12900/20000 [64.5%] | WM wm=13.96 rec=7.64 kl=6.24 rew=0.069 con=0.005 rew@ach=0.75/1.00(n=20) rew@0=+0.007 | AC act=-0.001 crit=1.722 pg=-0.001 H=0.58 | img ret=0.32 val=0.29 imgR(mu=0.014 max=1.00 p99=0.58 hi=1.15%) scale=2.72 p5=-0.63 p95=2.10 | umix=0.010 | r/step=0.0116 | 1.7 ips ETA 1h11\r\n"}
,{"stream_name":"stdout","time":7932.88349156,"data":"  iter 12950/20000 [64.8%] | WM wm=17.05 rec=9.73 kl=7.25 rew=0.068 con=0.002 rew@ach=0.73/1.00(n=16) rew@0=+0.001 | AC act=0.002 crit=1.546 pg=0.002 H=0.74 | img ret=0.42 val=0.40 imgR(mu=0.020 max=1.01 p99=1.00 hi=1.92%) scale=2.68 p5=-0.62 p95=2.05 | umix=0.010 | r/step=0.0125 | 1.7 ips ETA 1h10\r\n"}
,{"stream_name":"stdout","time":7960.074589357,"data":"  iter 13000/20000 [65.0%] | WM wm=16.96 rec=8.89 kl=7.97 rew=0.083 con=0.007 rew@ach=0.49/0.89(n=15) rew@0=+0.004 | AC act=-0.004 crit=1.439 pg=-0.003 H=0.64 | img ret=0.29 val=0.30 imgR(mu=0.008 max=1.01 p99=0.65 hi=1.12%) scale=2.64 p5=-0.63 p95=2.01 | umix=0.010 | r/step=0.0179 | 1.7 ips ETA 1h10\r\n"}
,{"stream_name":"stdout","time":7987.48137256,"data":"  iter 13050/20000 [65.2%] | WM wm=15.39 rec=8.31 kl=6.99 rew=0.088 con=0.003 rew@ach=0.61/1.00(n=14) rew@0=+0.002 | AC act=0.003 crit=1.602 pg=0.003 H=0.64 | img ret=0.16 val=0.14 imgR(mu=0.011 max=1.01 p99=0.57 hi=1.14%) scale=2.57 p5=-0.63 p95=1.95 | umix=0.010 | r/step=0.0125 | 1.7 ips ETA 1h09\r\n"}
,{"stream_name":"stdout","time":8014.386024373,"data":"  iter 13100/20000 [65.5%] | WM wm=14.96 rec=8.71 kl=6.18 rew=0.071 con=0.001 rew@ach=0.63/1.00(n=14) rew@0=+0.005 | AC act=-0.005 crit=1.507 pg=-0.005 H=0.65 | img ret=0.18 val=0.20 imgR(mu=0.007 max=1.01 p99=0.27 hi=0.72%) scale=2.55 p5=-0.63 p95=1.92 | umix=0.010 | r/step=0.0093 | 1.7 ips ETA 1h09\r\n"}
,{"stream_name":"stdout","time":8041.769720836,"data":"  iter 13150/20000 [65.8%] | WM wm=18.45 rec=11.96 kl=6.41 rew=0.079 con=0.001 rew@ach=0.49/1.00(n=14) rew@0=+0.001 | AC act=0.001 crit=1.691 pg=0.001 H=0.61 | img ret=0.34 val=0.33 imgR(mu=0.011 max=1.01 p99=0.65 hi=1.28%) scale=2.57 p5=-0.63 p95=1.95 | umix=0.010 | r/step=0.0070 | 1.7 ips ETA 1h08\r\n"}
,{"stream_name":"stdout","time":8068.958281894,"data":"  iter 13200/20000 [66.0%] | WM wm=14.79 rec=7.90 kl=6.81 rew=0.069 con=0.006 rew@ach=0.70/0.93(n=26) rew@0=+0.004 | AC act=-0.000 crit=1.500 pg=-0.000 H=0.64 | img ret=0.07 val=0.07 imgR(mu=0.008 max=1.00 p99=0.37 hi=0.86%) scale=2.56 p5=-0.63 p95=1.93 | umix=0.010 | r/step=0.0130 | 1.7 ips ETA 1h08\r\n"}
,{"stream_name":"stdout","time":8096.2659422,"data":"  iter 13250/20000 [66.2%] | WM wm=15.84 rec=8.87 kl=6.89 rew=0.075 con=0.001 rew@ach=0.59/0.88(n=16) rew@0=+0.003 | AC act=0.002 crit=1.491 pg=0.002 H=0.59 | img ret=0.27 val=0.25 imgR(mu=0.010 max=1.00 p99=0.50 hi=1.01%) scale=2.54 p5=-0.64 p95=1.90 | umix=0.010 | r/step=0.0099 | 1.7 ips ETA 1h07\r\n"}
,{"stream_name":"stdout","time":8123.381212159,"data":"  iter 13300/20000 [66.5%] | WM wm=14.09 rec=7.34 kl=6.66 rew=0.083 con=0.004 rew@ach=0.64/1.00(n=23) rew@0=+0.002 | AC act=-0.002 crit=1.558 pg=-0.002 H=0.66 | img ret=0.08 val=0.07 imgR(mu=0.006 max=1.01 p99=0.55 hi=1.07%) scale=2.50 p5=-0.64 p95=1.85 | umix=0.010 | r/step=0.0149 | 1.7 ips ETA 1h07\r\n"}
,{"stream_name":"stdout","time":8150.728894614,"data":"  iter 13350/20000 [66.8%] | WM wm=14.81 rec=8.13 kl=6.58 rew=0.088 con=0.009 rew@ach=0.62/0.99(n=16) rew@0=+0.002 | AC act=-0.001 crit=1.522 pg=-0.000 H=0.68 | img ret=0.07 val=0.06 imgR(mu=0.010 max=1.02 p99=0.60 hi=1.17%) scale=2.49 p5=-0.64 p95=1.85 | umix=0.010 | r/step=0.0125 | 1.7 ips ETA 1h06\r\n"}
,{"stream_name":"stdout","time":8177.528878357,"data":"  iter 13400/20000 [67.0%] | WM wm=15.11 rec=8.42 kl=6.67 rew=0.024 con=0.000 rew@ach=0.80/1.00(n=12) rew@0=+0.001 | AC act=-0.003 crit=1.576 pg=-0.003 H=0.69 | img ret=0.48 val=0.49 imgR(mu=0.014 max=1.01 p99=0.95 hi=1.45%) scale=2.49 p5=-0.64 p95=1.86 | umix=0.010 | r/step=0.0097 | 1.7 ips ETA 1h06\r\n"}
,{"stream_name":"stdout","time":8205.149387339,"data":"  iter 13450/20000 [67.2%] | WM wm=16.03 rec=9.73 kl=6.21 rew=0.088 con=0.006 rew@ach=0.62/0.89(n=17) rew@0=+0.002 | AC act=0.005 crit=1.689 pg=0.005 H=0.61 | img ret=0.39 val=0.35 imgR(mu=0.018 max=1.01 p99=0.88 hi=1.39%) scale=2.50 p5=-0.63 p95=1.87 | umix=0.010 | r/step=0.0136 | 1.7 ips ETA 1h05\r\n"}
,{"stream_name":"stdout","time":8232.267023468,"data":"  iter 13500/20000 [67.5%] | WM wm=15.34 rec=9.08 kl=6.18 rew=0.073 con=0.006 rew@ach=0.56/0.85(n=22) rew@0=+0.000 | AC act=0.001 crit=1.486 pg=0.001 H=0.74 | img ret=0.12 val=0.11 imgR(mu=0.005 max=1.00 p99=0.33 hi=0.79%) scale=2.49 p5=-0.63 p95=1.86 | umix=0.010 | r/step=0.0066 | 1.7 ips ETA 1h04\r\n"}
,{"stream_name":"stdout","time":8258.639634818,"data":"  iter 13550/20000 [67.8%] | WM wm=17.46 rec=10.34 kl=7.04 rew=0.082 con=0.001 rew@ach=0.65/1.00(n=11) rew@0=+0.002 | AC act=0.002 crit=1.493 pg=0.002 H=0.77 | img ret=0.26 val=0.23 imgR(mu=0.014 max=1.01 p99=0.62 hi=1.21%) scale=2.48 p5=-0.63 p95=1.85 | umix=0.010 | r/step=0.0116 | 1.7 ips ETA 1h04\r\n"}
,{"stream_name":"stdout","time":8285.901975906,"data":"  iter 13600/20000 [68.0%] | WM wm=16.76 rec=9.59 kl=7.04 rew=0.125 con=0.007 rew@ach=0.51/0.84(n=22) rew@0=+0.001 | AC act=0.001 crit=1.445 pg=0.001 H=0.67 | img ret=0.10 val=0.09 imgR(mu=0.009 max=1.01 p99=0.62 hi=1.20%) scale=2.53 p5=-0.63 p95=1.89 | umix=0.010 | r/step=0.0066 | 1.7 ips ETA 1h03\r\n"}
,{"stream_name":"stdout","time":8313.018802867,"data":"  iter 13650/20000 [68.2%] | WM wm=16.59 rec=9.62 kl=6.90 rew=0.073 con=0.002 rew@ach=0.72/1.00(n=17) rew@0=+0.002 | AC act=0.003 crit=1.644 pg=0.003 H=0.72 | img ret=0.07 val=0.03 imgR(mu=0.009 max=1.00 p99=0.45 hi=0.90%) scale=2.53 p5=-0.63 p95=1.89 | umix=0.010 | r/step=0.0118 | 1.7 ips ETA 1h03\r\n"}
,{"stream_name":"stdout","time":8339.8742354,"data":"  iter 13700/20000 [68.5%] | WM wm=17.47 rec=9.33 kl=8.05 rew=0.082 con=0.001 rew@ach=0.48/0.91(n=20) rew@0=+0.004 | AC act=0.000 crit=1.573 pg=0.001 H=0.63 | img ret=0.31 val=0.30 imgR(mu=0.013 max=1.01 p99=0.82 hi=1.32%) scale=2.53 p5=-0.64 p95=1.90 | umix=0.010 | r/step=0.0162 | 1.7 ips ETA 1h02\r\n"}
,{"stream_name":"stdout","time":8367.418533925,"data":"  iter 13750/20000 [68.8%] | WM wm=15.53 rec=8.80 kl=6.64 rew=0.090 con=0.006 rew@ach=0.68/1.00(n=17) rew@0=+0.005 | AC act=-0.002 crit=1.496 pg=-0.002 H=0.62 | img ret=-0.05 val=-0.05 imgR(mu=0.006 max=1.01 p99=0.24 hi=0.64%) scale=2.51 p5=-0.63 p95=1.87 | umix=0.010 | r/step=0.0163 | 1.7 ips ETA 1h02\r\n"}
,{"stream_name":"stdout","time":8394.711707373,"data":"  iter 13800/20000 [69.0%] | WM wm=19.06 rec=11.27 kl=7.71 rew=0.075 con=0.003 rew@ach=0.44/1.00(n=12) rew@0=+0.001 | AC act=-0.007 crit=1.554 pg=-0.007 H=0.64 | img ret=0.21 val=0.25 imgR(mu=0.007 max=1.00 p99=0.29 hi=0.75%) scale=2.49 p5=-0.64 p95=1.85 | umix=0.010 | r/step=0.0090 | 1.7 ips ETA 1h01\r\n"}
,{"stream_name":"stdout","time":8421.302084551,"data":"  iter 13850/20000 [69.2%] | WM wm=15.99 rec=9.72 kl=6.20 rew=0.067 con=0.004 rew@ach=0.65/0.88(n=14) rew@0=-0.001 | AC act=-0.005 crit=1.469 pg=-0.004 H=0.69 | img ret=0.06 val=0.09 imgR(mu=0.006 max=1.01 p99=0.40 hi=0.91%) scale=2.50 p5=-0.64 p95=1.86 | umix=0.010 | r/step=0.0152 | 1.7 ips ETA 1h01\r\n"}
,{"stream_name":"stdout","time":8448.705490916,"data":"  iter 13900/20000 [69.5%] | WM wm=17.37 rec=9.24 kl=8.08 rew=0.044 con=0.002 rew@ach=0.61/0.89(n=15) rew@0=+0.001 | AC act=-0.004 crit=1.560 pg=-0.004 H=0.61 | img ret=0.36 val=0.37 imgR(mu=0.016 max=1.00 p99=0.87 hi=1.39%) scale=2.49 p5=-0.63 p95=1.86 | umix=0.010 | r/step=0.0124 | 1.7 ips ETA 1h00\r\n"}
,{"stream_name":"stdout","time":8475.654204411,"data":"  iter 13950/20000 [69.8%] | WM wm=13.59 rec=7.53 kl=6.01 rew=0.049 con=0.003 rew@ach=0.82/0.99(n=15) rew@0=+0.004 | AC act=-0.003 crit=1.586 pg=-0.003 H=0.52 | img ret=0.13 val=0.14 imgR(mu=0.009 max=1.01 p99=0.60 hi=1.06%) scale=2.47 p5=-0.63 p95=1.84 | umix=0.010 | r/step=0.0095 | 1.7 ips ETA 1h00\r\n"}
,{"stream_name":"stdout","time":8502.793020492,"data":"  iter 14000/20000 [70.0%] | WM wm=16.76 rec=9.25 kl=7.43 rew=0.067 con=0.012 rew@ach=0.66/0.92(n=22) rew@0=+0.004 | AC act=0.005 crit=1.699 pg=0.005 H=0.60 | img ret=0.03 val=-0.01 imgR(mu=0.010 max=1.00 p99=0.62 hi=1.15%) scale=2.54 p5=-0.64 p95=1.90 | umix=0.010 | r/step=0.0105 | 1.7 ips ETA 59m45\r\n"}
,{"stream_name":"stdout","time":8529.488835324,"data":"  iter 14050/20000 [70.2%] | WM wm=14.64 rec=8.58 kl=5.99 rew=0.060 con=0.002 rew@ach=0.64/0.91(n=20) rew@0=+0.002 | AC act=-0.001 crit=1.451 pg=-0.000 H=0.54 | img ret=0.11 val=0.11 imgR(mu=0.005 max=1.00 p99=0.37 hi=0.85%) scale=2.53 p5=-0.64 p95=1.88 | umix=0.010 | r/step=0.0106 | 1.7 ips ETA 59m14\r\n"}
,{"stream_name":"stdout","time":8556.95448465,"data":"  iter 14100/20000 [70.5%] | WM wm=18.76 rec=11.20 kl=7.48 rew=0.074 con=0.006 rew@ach=0.51/0.79(n=16) rew@0=+0.003 | AC act=-0.008 crit=1.609 pg=-0.008 H=0.59 | img ret=0.44 val=0.48 imgR(mu=0.009 max=1.00 p99=0.37 hi=0.83%) scale=2.56 p5=-0.64 p95=1.92 | umix=0.010 | r/step=0.0093 | 1.7 ips ETA 58m43\r\n"}
,{"stream_name":"stdout","time":8584.369946357,"data":"  iter 14150/20000 [70.8%] | WM wm=20.90 rec=13.33 kl=7.49 rew=0.076 con=0.004 rew@ach=0.66/0.91(n=20) rew@0=+0.004 | AC act=0.000 crit=1.609 pg=0.000 H=0.53 | img ret=0.34 val=0.30 imgR(mu=0.015 max=1.00 p99=0.78 hi=1.50%) scale=2.55 p5=-0.64 p95=1.92 | umix=0.010 | r/step=0.0183 | 1.7 ips ETA 58m12\r\n"}
,{"stream_name":"stdout","time":8610.928493939,"data":"  iter 14200/20000 [71.0%] | WM wm=16.31 rec=8.86 kl=7.36 rew=0.080 con=0.010 rew@ach=0.56/1.00(n=18) rew@0=+0.003 | AC act=-0.002 crit=1.443 pg=-0.002 H=0.61 | img ret=0.15 val=0.16 imgR(mu=0.009 max=1.01 p99=0.33 hi=0.90%) scale=2.55 p5=-0.64 p95=1.91 | umix=0.010 | r/step=0.0088 | 1.7 ips ETA 57m41\r\n"}
,{"stream_name":"stdout","time":8637.974468201,"data":"  iter 14250/20000 [71.2%] | WM wm=13.10 rec=6.49 kl=6.51 rew=0.087 con=0.006 rew@ach=0.65/1.00(n=19) rew@0=+0.007 | AC act=0.009 crit=1.712 pg=0.009 H=0.60 | img ret=0.36 val=0.32 imgR(mu=0.019 max=1.01 p99=0.88 hi=1.75%) scale=2.49 p5=-0.64 p95=1.85 | umix=0.010 | r/step=0.0162 | 1.7 ips ETA 57m10\r\n"}
,{"stream_name":"stdout","time":8665.168366191,"data":"  iter 14300/20000 [71.5%] | WM wm=18.49 rec=11.14 kl=7.22 rew=0.120 con=0.007 rew@ach=0.43/0.91(n=20) rew@0=+0.005 | AC act=-0.000 crit=1.541 pg=-0.000 H=0.59 | img ret=0.46 val=0.44 imgR(mu=0.015 max=1.01 p99=0.76 hi=1.47%) scale=2.55 p5=-0.62 p95=1.93 | umix=0.010 | r/step=0.0167 | 1.7 ips ETA 56m39\r\n"}
,{"stream_name":"stdout","time":8692.077327977,"data":"  iter 14350/20000 [71.8%] | WM wm=19.84 rec=9.85 kl=9.87 rew=0.112 con=0.010 rew@ach=0.64/1.00(n=21) rew@0=+0.004 | AC act=0.004 crit=1.627 pg=0.004 H=0.60 | img ret=0.26 val=0.22 imgR(mu=0.013 max=1.01 p99=0.78 hi=1.35%) scale=2.55 p5=-0.62 p95=1.94 | umix=0.010 | r/step=0.0099 | 1.7 ips ETA 56m08\r\n"}
,{"stream_name":"stdout","time":8718.64387262,"data":"  iter 14400/20000 [72.0%] | WM wm=13.93 rec=8.19 kl=5.66 rew=0.076 con=0.002 rew@ach=0.42/0.82(n=19) rew@0=+0.001 | AC act=-0.002 crit=1.509 pg=-0.002 H=0.61 | img ret=0.22 val=0.22 imgR(mu=0.010 max=1.01 p99=0.49 hi=0.98%) scale=2.56 p5=-0.62 p95=1.94 | umix=0.010 | r/step=0.0137 | 1.7 ips ETA 55m37\r\n"}
,{"stream_name":"stdout","time":8745.647625225,"data":"  iter 14450/20000 [72.2%] | WM wm=15.66 rec=7.89 kl=7.69 rew=0.078 con=0.002 rew@ach=0.69/0.93(n=24) rew@0=+0.005 | AC act=0.004 crit=1.685 pg=0.004 H=0.57 | img ret=0.50 val=0.47 imgR(mu=0.016 max=1.01 p99=0.68 hi=1.31%) scale=2.53 p5=-0.61 p95=1.92 | umix=0.010 | r/step=0.0139 | 1.7 ips ETA 55m06\r\n"}
,{"stream_name":"stdout","time":8772.292840336,"data":"  iter 14500/20000 [72.5%] | WM wm=15.84 rec=8.71 kl=7.01 rew=0.111 con=0.008 rew@ach=0.51/1.00(n=22) rew@0=+0.007 | AC act=0.004 crit=1.669 pg=0.004 H=0.68 | img ret=0.44 val=0.42 imgR(mu=0.014 max=1.01 p99=0.64 hi=1.15%) scale=2.48 p5=-0.61 p95=1.87 | umix=0.010 | r/step=0.0192 | 1.7 ips ETA 54m35\r\n"}
,{"stream_name":"stdout","time":8799.38560533,"data":"  iter 14550/20000 [72.8%] | WM wm=15.64 rec=8.36 kl=7.23 rew=0.053 con=0.002 rew@ach=0.69/0.92(n=19) rew@0=+0.001 | AC act=0.003 crit=1.414 pg=0.003 H=0.74 | img ret=0.10 val=0.09 imgR(mu=0.006 max=1.02 p99=0.22 hi=0.65%) scale=2.45 p5=-0.60 p95=1.85 | umix=0.010 | r/step=0.0121 | 1.7 ips ETA 54m04\r\n"}
,{"stream_name":"stdout","time":8826.550741832,"data":"  iter 14600/20000 [73.0%] | WM wm=17.92 rec=10.31 kl=7.52 rew=0.084 con=0.004 rew@ach=0.64/1.00(n=7) rew@0=+0.000 | AC act=-0.002 crit=1.491 pg=-0.002 H=0.56 | img ret=0.28 val=0.27 imgR(mu=0.009 max=1.01 p99=0.47 hi=0.95%) scale=2.47 p5=-0.61 p95=1.86 | umix=0.010 | r/step=0.0116 | 1.7 ips ETA 53m34\r\n"}
,{"stream_name":"stdout","time":8853.287617323,"data":"  iter 14650/20000 [73.2%] | WM wm=15.43 rec=8.76 kl=6.55 rew=0.107 con=0.007 rew@ach=0.63/1.00(n=14) rew@0=+0.008 | AC act=-0.001 crit=1.553 pg=-0.001 H=0.55 | img ret=0.04 val=0.03 imgR(mu=0.008 max=1.00 p99=0.44 hi=0.93%) scale=2.53 p5=-0.61 p95=1.92 | umix=0.010 | r/step=0.0129 | 1.7 ips ETA 53m03\r\n"}
,{"stream_name":"stdout","time":8880.356627368,"data":"  iter 14700/20000 [73.5%] | WM wm=18.83 rec=11.34 kl=7.42 rew=0.072 con=0.002 rew@ach=0.49/0.87(n=15) rew@0=+0.003 | AC act=0.001 crit=1.507 pg=0.001 H=0.57 | img ret=0.38 val=0.37 imgR(mu=0.013 max=1.01 p99=0.53 hi=1.05%) scale=2.52 p5=-0.61 p95=1.91 | umix=0.010 | r/step=0.0135 | 1.7 ips ETA 52m32\r\n"}
,{"stream_name":"stdout","time":8907.072287478,"data":"  iter 14750/20000 [73.8%] | WM wm=16.04 rec=8.66 kl=7.29 rew=0.084 con=0.003 rew@ach=0.63/1.00(n=17) rew@0=+0.001 | AC act=-0.003 crit=1.575 pg=-0.003 H=0.56 | img ret=0.32 val=0.33 imgR(mu=0.010 max=1.01 p99=0.52 hi=1.01%) scale=2.52 p5=-0.61 p95=1.92 | umix=0.010 | r/step=0.0176 | 1.7 ips ETA 52m01\r\n"}
,{"stream_name":"stdout","time":8933.529474924,"data":"  iter 14800/20000 [74.0%] | WM wm=12.90 rec=6.55 kl=6.29 rew=0.056 con=0.002 rew@ach=0.56/1.00(n=10) rew@0=+0.000 | AC act=0.005 crit=1.557 pg=0.005 H=0.57 | img ret=0.26 val=0.21 imgR(mu=0.016 max=1.01 p99=0.95 hi=1.64%) scale=2.56 p5=-0.61 p95=1.95 | umix=0.010 | r/step=0.0154 | 1.7 ips ETA 51m30\r\n"}
,{"stream_name":"stdout","time":8960.976725191,"data":"  iter 14850/20000 [74.2%] | WM wm=14.52 rec=7.77 kl=6.64 rew=0.100 con=0.006 rew@ach=0.51/0.90(n=17) rew@0=+0.001 | AC act=-0.004 crit=1.459 pg=-0.004 H=0.56 | img ret=0.28 val=0.30 imgR(mu=0.001 max=1.01 p99=0.21 hi=0.51%) scale=2.61 p5=-0.61 p95=1.99 | umix=0.010 | r/step=0.0143 | 1.7 ips ETA 51m00\r\n"}
,{"stream_name":"stdout","time":8988.164631723,"data":"  iter 14900/20000 [74.5%] | WM wm=16.48 rec=9.72 kl=6.67 rew=0.082 con=0.005 rew@ach=0.59/0.91(n=19) rew@0=+0.002 | AC act=-0.004 crit=1.525 pg=-0.004 H=0.54 | img ret=0.21 val=0.23 imgR(mu=0.001 max=1.00 p99=0.24 hi=0.49%) scale=2.62 p5=-0.61 p95=2.01 | umix=0.010 | r/step=0.0082 | 1.7 ips ETA 50m29\r\n"}
,{"stream_name":"stdout","time":9015.14712603,"data":"  iter 14950/20000 [74.8%] | WM wm=13.19 rec=7.45 kl=5.64 rew=0.093 con=0.005 rew@ach=0.33/0.73(n=19) rew@0=+0.004 | AC act=0.007 crit=1.608 pg=0.007 H=0.57 | img ret=0.26 val=0.19 imgR(mu=0.017 max=1.00 p99=0.68 hi=1.41%) scale=2.61 p5=-0.61 p95=2.00 | umix=0.010 | r/step=0.0086 | 1.7 ips ETA 49m59\r\n"}
,{"stream_name":"stdout","time":9042.650688405,"data":"  iter 15000/20000 [75.0%] | WM wm=16.44 rec=9.26 kl=7.09 rew=0.086 con=0.004 rew@ach=0.52/0.92(n=21) rew@0=+0.005 | AC act=0.003 crit=1.527 pg=0.003 H=0.63 | img ret=0.30 val=0.30 imgR(mu=0.011 max=1.00 p99=0.34 hi=0.78%) scale=2.58 p5=-0.61 p95=1.97 | umix=0.010 | r/step=0.0178 | 1.7 ips ETA 49m28\r\n"}
,{"stream_name":"stdout","time":9235.181022731,"data":"  \u003e\u003e\u003e EVAL @ iter 15000 : score=2.34  length=191  achievements=3.24 ↑  sample=4.00  (best=3.49 @7500)  crafter_score=1.99% [2620 train eps]\r\n"}
,{"stream_name":"stdout","time":9235.181057531,"data":"      unlocked (7/22): collect_sapling=99%  wake_up=91%  place_plant=69%  collect_wood=28%  collect_drink=25%  defeat_zombie=7%  eat_cow=5%\r\n"}
,{"stream_name":"stdout","time":9235.181063711,"data":"      TRAIN (11/22 sur 2620 eps): collect_sapling=2584(98.6%)  wake_up=2481(94.7%)  place_plant=1316(50.2%)  collect_wood=835(31.9%)  collect_drink=642(24.5%)  eat_cow=107(4.1%)  place_table=66(2.5%)  defeat_zombie=47(1.8%)  make_wood_pickaxe=4(0.2%)  defeat_skeleton=3(0.1%)  make_wood_sword=3(0.1%)\r\n"}
,{"stream_name":"stdout","time":9235.181069841,"data":"      JAMAIS vus en train (11) : collect_coal  collect_diamond  collect_iron  collect_stone  eat_plant  make_iron_pickaxe  make_iron_sword  make_stone_pickaxe  make_stone_sword  place_furnace  place_stone\r\n"}
,{"stream_name":"stdout","time":9235.181075531,"data":"      BOIS/épisode (n=2620): 0=68.1%  1=20.4%  2=7.2%  3=2.3%  4=1.4%  5+=0.7%  | \u003e=2 bois (table possible): 11.5%  | \u003e=3 (pioche): 4.3%  | a eu de la pierre: 0.00%\r\n"}
,{"stream_name":"stdout","time":9235.181080521,"data":"      ACTIONS top5: do=28.1%  move_left=12.6%  move_up=12.1%  move_right=11.1%  move_down=8.5%  | 16/17 actions \u003e1%  | place_table tenté 1.71%  | make_wood_pickaxe tenté 1.64%\r\n"}
,{"stream_name":"stdout","time":9244.052473089,"data":"  Checkpoint saved : dreamer_crafter_jax_v52-rareweight1_iter015000.npz\r\n"}
,{"stream_name":"stdout","time":9269.50902795,"data":"  iter 15050/20000 [75.2%] | WM wm=17.68 rec=9.45 kl=8.08 rew=0.131 con=0.015 rew@ach=0.27/0.89(n=16) rew@0=-0.002 | AC act=0.004 crit=1.572 pg=0.004 H=0.49 | img ret=0.50 val=0.45 imgR(mu=0.019 max=1.00 p99=0.94 hi=2.05%) scale=2.57 p5=-0.62 p95=1.96 | umix=0.010 | r/step=0.0113 | 1.6 ips ETA 50m03\r\n"}
,{"stream_name":"stdout","time":9294.982880139,"data":"  iter 15100/20000 [75.5%] | WM wm=13.91 rec=7.20 kl=6.62 rew=0.083 con=0.006 rew@ach=0.68/1.00(n=23) rew@0=+0.002 | AC act=-0.002 crit=1.631 pg=-0.001 H=0.53 | img ret=0.30 val=0.28 imgR(mu=0.007 max=1.00 p99=0.52 hi=1.06%) scale=2.57 p5=-0.61 p95=1.95 | umix=0.010 | r/step=0.0124 | 1.6 ips ETA 49m32\r\n"}
,{"stream_name":"stdout","time":9320.73384509,"data":"  iter 15150/20000 [75.8%] | WM wm=16.95 rec=9.46 kl=7.39 rew=0.097 con=0.005 rew@ach=0.45/0.88(n=14) rew@0=+0.006 | AC act=-0.003 crit=1.561 pg=-0.003 H=0.49 | img ret=0.14 val=0.16 imgR(mu=0.005 max=1.01 p99=0.34 hi=0.85%) scale=2.59 p5=-0.61 p95=1.98 | umix=0.010 | r/step=0.0125 | 1.6 ips ETA 49m00\r\n"}
,{"stream_name":"stdout","time":9346.235651118,"data":"  iter 15200/20000 [76.0%] | WM wm=14.86 rec=7.72 kl=7.03 rew=0.107 con=0.006 rew@ach=0.66/1.00(n=20) rew@0=+0.002 | AC act=0.007 crit=1.726 pg=0.007 H=0.59 | img ret=0.63 val=0.59 imgR(mu=0.016 max=1.00 p99=0.80 hi=1.53%) scale=2.57 p5=-0.60 p95=1.98 | umix=0.010 | r/step=0.0096 | 1.7 ips ETA 48m28\r\n"}
,{"stream_name":"stdout","time":9371.855373313,"data":"  iter 15250/20000 [76.2%] | WM wm=13.32 rec=6.77 kl=6.47 rew=0.069 con=0.007 rew@ach=0.46/0.76(n=21) rew@0=+0.004 | AC act=-0.001 crit=1.538 pg=-0.001 H=0.63 | img ret=0.02 val=0.01 imgR(mu=0.007 max=1.00 p99=0.42 hi=0.80%) scale=2.63 p5=-0.61 p95=2.02 | umix=0.010 | r/step=0.0145 | 1.7 ips ETA 47m56\r\n"}
,{"stream_name":"stdout","time":9397.292967613,"data":"  iter 15300/20000 [76.5%] | WM wm=15.21 rec=8.19 kl=6.91 rew=0.104 con=0.006 rew@ach=0.56/0.91(n=17) rew@0=+0.001 | AC act=0.001 crit=1.676 pg=0.001 H=0.60 | img ret=0.10 val=0.07 imgR(mu=0.003 max=1.00 p99=0.47 hi=0.89%) scale=2.66 p5=-0.60 p95=2.06 | umix=0.010 | r/step=0.0091 | 1.7 ips ETA 47m24\r\n"}
,{"stream_name":"stdout","time":9422.852997092,"data":"  iter 15350/20000 [76.8%] | WM wm=13.59 rec=7.28 kl=6.20 rew=0.090 con=0.009 rew@ach=0.60/0.98(n=12) rew@0=+0.000 | AC act=-0.001 crit=1.493 pg=-0.001 H=0.60 | img ret=0.22 val=0.22 imgR(mu=0.002 max=1.00 p99=0.24 hi=0.67%) scale=2.62 p5=-0.61 p95=2.01 | umix=0.010 | r/step=0.0096 | 1.7 ips ETA 46m53\r\n"}
,{"stream_name":"stdout","time":9448.358067051,"data":"  iter 15400/20000 [77.0%] | WM wm=16.85 rec=9.62 kl=7.12 rew=0.095 con=0.006 rew@ach=0.48/0.91(n=19) rew@0=+0.006 | AC act=0.003 crit=1.649 pg=0.004 H=0.65 | img ret=0.21 val=0.16 imgR(mu=0.015 max=1.01 p99=0.56 hi=1.09%) scale=2.62 p5=-0.61 p95=2.01 | umix=0.010 | r/step=0.0124 | 1.7 ips ETA 46m21\r\n"}
,{"stream_name":"stdout","time":9474.065516418,"data":"  iter 15450/20000 [77.2%] | WM wm=16.32 rec=9.20 kl=7.04 rew=0.076 con=0.001 rew@ach=0.75/1.00(n=9) rew@0=+0.004 | AC act=-0.003 crit=1.584 pg=-0.003 H=0.64 | img ret=0.23 val=0.24 imgR(mu=0.004 max=1.01 p99=0.31 hi=0.62%) scale=2.63 p5=-0.61 p95=2.03 | umix=0.010 | r/step=0.0110 | 1.7 ips ETA 45m49\r\n"}
,{"stream_name":"stdout","time":9499.43714418,"data":"  iter 15500/20000 [77.5%] | WM wm=15.88 rec=8.45 kl=7.31 rew=0.103 con=0.011 rew@ach=0.63/0.93(n=24) rew@0=+0.003 | AC act=0.000 crit=1.507 pg=0.000 H=0.80 | img ret=-0.08 val=-0.08 imgR(mu=0.006 max=1.00 p99=0.25 hi=0.50%) scale=2.63 p5=-0.60 p95=2.02 | umix=0.010 | r/step=0.0144 | 1.7 ips ETA 45m18\r\n"}
,{"stream_name":"stdout","time":9525.104352186,"data":"  iter 15550/20000 [77.8%] | WM wm=14.11 rec=8.02 kl=6.01 rew=0.072 con=0.003 rew@ach=0.58/1.00(n=12) rew@0=+0.002 | AC act=-0.001 crit=1.553 pg=-0.001 H=0.57 | img ret=0.00 val=0.01 imgR(mu=0.002 max=1.01 p99=0.14 hi=0.49%) scale=2.68 p5=-0.60 p95=2.07 | umix=0.010 | r/step=0.0172 | 1.7 ips ETA 44m46\r\n"}
,{"stream_name":"stdout","time":9550.52136891,"data":"  iter 15600/20000 [78.0%] | WM wm=14.15 rec=7.32 kl=6.72 rew=0.092 con=0.011 rew@ach=0.59/1.00(n=23) rew@0=+0.005 | AC act=-0.008 crit=1.683 pg=-0.008 H=0.64 | img ret=0.25 val=0.28 imgR(mu=0.004 max=1.01 p99=0.43 hi=0.84%) scale=2.61 p5=-0.60 p95=2.01 | umix=0.010 | r/step=0.0176 | 1.7 ips ETA 44m15\r\n"}
,{"stream_name":"stdout","time":9576.342521401,"data":"  iter 15650/20000 [78.2%] | WM wm=15.54 rec=8.12 kl=7.33 rew=0.092 con=0.003 rew@ach=0.52/1.00(n=9) rew@0=+0.003 | AC act=0.000 crit=1.613 pg=0.000 H=0.60 | img ret=0.31 val=0.29 imgR(mu=0.014 max=1.01 p99=0.61 hi=1.14%) scale=2.62 p5=-0.61 p95=2.01 | umix=0.010 | r/step=0.0130 | 1.7 ips ETA 43m43\r\n"}
,{"stream_name":"stdout","time":9602.148738051,"data":"  iter 15700/20000 [78.5%] | WM wm=14.65 rec=7.86 kl=6.72 rew=0.067 con=0.008 rew@ach=0.67/1.00(n=16) rew@0=+0.001 | AC act=-0.005 crit=1.454 pg=-0.005 H=0.53 | img ret=0.06 val=0.08 imgR(mu=0.004 max=1.00 p99=0.16 hi=0.41%) scale=2.59 p5=-0.60 p95=1.98 | umix=0.010 | r/step=0.0133 | 1.7 ips ETA 43m12\r\n"}
,{"stream_name":"stdout","time":9627.793543113,"data":"  iter 15750/20000 [78.8%] | WM wm=13.79 rec=7.32 kl=6.35 rew=0.119 con=0.007 rew@ach=0.42/1.00(n=20) rew@0=+0.004 | AC act=-0.003 crit=1.608 pg=-0.003 H=0.55 | img ret=0.45 val=0.47 imgR(mu=0.010 max=1.01 p99=0.72 hi=1.26%) scale=2.57 p5=-0.60 p95=1.98 | umix=0.010 | r/step=0.0125 | 1.7 ips ETA 42m41\r\n"}
,{"stream_name":"stdout","time":9653.471853004,"data":"  iter 15800/20000 [79.0%] | WM wm=15.92 rec=8.54 kl=7.30 rew=0.075 con=0.007 rew@ach=0.53/0.84(n=21) rew@0=+0.008 | AC act=0.001 crit=1.519 pg=0.001 H=0.62 | img ret=0.24 val=0.23 imgR(mu=0.012 max=1.01 p99=0.79 hi=1.24%) scale=2.54 p5=-0.60 p95=1.94 | umix=0.010 | r/step=0.0118 | 1.7 ips ETA 42m09\r\n"}
,{"stream_name":"stdout","time":9679.265939096,"data":"  iter 15850/20000 [79.2%] | WM wm=16.52 rec=9.58 kl=6.85 rew=0.078 con=0.010 rew@ach=0.72/0.99(n=17) rew@0=+0.005 | AC act=0.002 crit=1.670 pg=0.002 H=0.67 | img ret=0.13 val=0.11 imgR(mu=0.010 max=1.00 p99=0.59 hi=1.15%) scale=2.50 p5=-0.60 p95=1.90 | umix=0.010 | r/step=0.0138 | 1.7 ips ETA 41m38\r\n"}
,{"stream_name":"stdout","time":9704.749737124,"data":"  iter 15900/20000 [79.5%] | WM wm=14.20 rec=7.62 kl=6.44 rew=0.138 con=0.009 rew@ach=0.43/1.00(n=19) rew@0=+0.004 | AC act=-0.000 crit=1.703 pg=-0.000 H=0.55 | img ret=0.41 val=0.38 imgR(mu=0.016 max=1.01 p99=0.66 hi=1.50%) scale=2.46 p5=-0.59 p95=1.88 | umix=0.010 | r/step=0.0144 | 1.7 ips ETA 41m07\r\n"}
,{"stream_name":"stdout","time":9730.278722928,"data":"  iter 15950/20000 [79.8%] | WM wm=19.37 rec=11.16 kl=8.13 rew=0.072 con=0.005 rew@ach=0.53/0.89(n=15) rew@0=+0.002 | AC act=-0.002 crit=1.690 pg=-0.002 H=0.54 | img ret=0.41 val=0.41 imgR(mu=0.007 max=1.01 p99=0.45 hi=0.90%) scale=2.49 p5=-0.59 p95=1.91 | umix=0.010 | r/step=0.0102 | 1.7 ips ETA 40m36\r\n"}
,{"stream_name":"stdout","time":9756.204509305,"data":"  iter 16000/20000 [80.0%] | WM wm=18.37 rec=10.71 kl=7.57 rew=0.090 con=0.001 rew@ach=0.54/0.90(n=16) rew@0=+0.002 | AC act=-0.003 crit=1.451 pg=-0.003 H=0.57 | img ret=0.31 val=0.29 imgR(mu=0.016 max=1.01 p99=0.76 hi=1.35%) scale=2.49 p5=-0.59 p95=1.90 | umix=0.010 | r/step=0.0125 | 1.7 ips ETA 40m04\r\n"}
,{"stream_name":"stdout","time":9781.728455091,"data":"  iter 16050/20000 [80.2%] | WM wm=17.35 rec=9.45 kl=7.84 rew=0.058 con=0.001 rew@ach=0.74/1.00(n=21) rew@0=+0.003 | AC act=0.001 crit=1.546 pg=0.001 H=0.74 | img ret=0.18 val=0.15 imgR(mu=0.011 max=1.01 p99=0.72 hi=1.37%) scale=2.51 p5=-0.58 p95=1.93 | umix=0.010 | r/step=0.0111 | 1.7 ips ETA 39m33\r\n"}
,{"stream_name":"stdout","time":9807.491419064,"data":"  iter 16100/20000 [80.5%] | WM wm=15.36 rec=8.35 kl=6.91 rew=0.083 con=0.004 rew@ach=0.64/1.00(n=20) rew@0=+0.001 | AC act=0.000 crit=1.457 pg=0.000 H=0.71 | img ret=0.37 val=0.35 imgR(mu=0.014 max=1.01 p99=0.76 hi=1.38%) scale=2.49 p5=-0.58 p95=1.92 | umix=0.010 | r/step=0.0079 | 1.7 ips ETA 39m02\r\n"}
,{"stream_name":"stdout","time":9832.754515363,"data":"  iter 16150/20000 [80.8%] | WM wm=13.12 rec=6.52 kl=6.54 rew=0.055 con=0.001 rew@ach=0.62/0.99(n=11) rew@0=+0.003 | AC act=0.000 crit=1.591 pg=0.000 H=0.68 | img ret=0.21 val=0.19 imgR(mu=0.008 max=1.00 p99=0.40 hi=0.81%) scale=2.48 p5=-0.59 p95=1.89 | umix=0.010 | r/step=0.0146 | 1.7 ips ETA 38m31\r\n"}
,{"stream_name":"stdout","time":9858.2107592,"data":"  iter 16200/20000 [81.0%] | WM wm=15.44 rec=8.68 kl=6.67 rew=0.089 con=0.003 rew@ach=0.51/0.79(n=16) rew@0=-0.000 | AC act=-0.000 crit=1.505 pg=-0.000 H=0.62 | img ret=-0.06 val=-0.08 imgR(mu=0.007 max=1.00 p99=0.47 hi=0.95%) scale=2.49 p5=-0.58 p95=1.90 | umix=0.010 | r/step=0.0116 | 1.7 ips ETA 38m00\r\n"}
,{"stream_name":"stdout","time":9883.811767683,"data":"  iter 16250/20000 [81.2%] | WM wm=15.38 rec=8.89 kl=6.41 rew=0.076 con=0.003 rew@ach=0.45/0.81(n=17) rew@0=+0.003 | AC act=-0.002 crit=1.627 pg=-0.002 H=0.63 | img ret=0.06 val=0.04 imgR(mu=0.006 max=1.00 p99=0.46 hi=0.96%) scale=2.49 p5=-0.57 p95=1.91 | umix=0.010 | r/step=0.0111 | 1.7 ips ETA 37m29\r\n"}
,{"stream_name":"stdout","time":9910.199489627,"data":"  iter 16300/20000 [81.5%] | WM wm=16.53 rec=8.80 kl=7.66 rew=0.079 con=0.002 rew@ach=0.56/1.01(n=14) rew@0=+0.001 | AC act=0.005 crit=1.624 pg=0.005 H=0.58 | img ret=0.26 val=0.24 imgR(mu=0.010 max=1.01 p99=0.36 hi=0.75%) scale=2.42 p5=-0.57 p95=1.85 | umix=0.010 | r/step=0.0113 | 1.7 ips ETA 36m58\r\n"}
,{"stream_name":"stdout","time":9937.299631544,"data":"  iter 16350/20000 [81.8%] | WM wm=18.45 rec=10.22 kl=8.16 rew=0.070 con=0.002 rew@ach=0.67/0.91(n=18) rew@0=+0.001 | AC act=-0.001 crit=1.449 pg=-0.001 H=0.59 | img ret=0.43 val=0.42 imgR(mu=0.010 max=1.01 p99=0.65 hi=1.10%) scale=2.43 p5=-0.56 p95=1.87 | umix=0.010 | r/step=0.0103 | 1.7 ips ETA 36m28\r\n"}
,{"stream_name":"stdout","time":9964.35410988,"data":"  iter 16400/20000 [82.0%] | WM wm=14.83 rec=7.59 kl=7.19 rew=0.056 con=0.003 rew@ach=0.54/0.86(n=12) rew@0=+0.001 | AC act=-0.001 crit=1.411 pg=-0.001 H=0.85 | img ret=0.07 val=0.08 imgR(mu=0.005 max=1.00 p99=0.14 hi=0.62%) scale=2.40 p5=-0.56 p95=1.83 | umix=0.010 | r/step=0.0070 | 1.7 ips ETA 35m57\r\n"}
,{"stream_name":"stdout","time":9990.992756143,"data":"  iter 16450/20000 [82.2%] | WM wm=13.36 rec=6.75 kl=6.52 rew=0.084 con=0.006 rew@ach=0.63/1.00(n=18) rew@0=+0.002 | AC act=-0.001 crit=1.550 pg=-0.001 H=0.56 | img ret=0.20 val=0.20 imgR(mu=0.008 max=1.00 p99=0.42 hi=0.92%) scale=2.45 p5=-0.56 p95=1.89 | umix=0.010 | r/step=0.0090 | 1.7 ips ETA 35m26\r\n"}
,{"stream_name":"stdout","time":10018.282237846,"data":"  iter 16500/20000 [82.5%] | WM wm=14.61 rec=7.95 kl=6.58 rew=0.075 con=0.001 rew@ach=0.71/1.00(n=19) rew@0=+0.002 | AC act=-0.000 crit=1.645 pg=-0.000 H=0.62 | img ret=-0.08 val=-0.08 imgR(mu=0.002 max=1.00 p99=0.26 hi=0.61%) scale=2.43 p5=-0.57 p95=1.86 | umix=0.010 | r/step=0.0163 | 1.7 ips ETA 34m56\r\n"}
,{"stream_name":"stdout","time":10045.374488782,"data":"  iter 16550/20000 [82.8%] | WM wm=13.74 rec=7.17 kl=6.50 rew=0.064 con=0.004 rew@ach=0.66/1.00(n=21) rew@0=+0.004 | AC act=-0.001 crit=1.573 pg=-0.000 H=0.66 | img ret=0.29 val=0.26 imgR(mu=0.013 max=1.00 p99=0.57 hi=1.09%) scale=2.43 p5=-0.57 p95=1.86 | umix=0.010 | r/step=0.0110 | 1.7 ips ETA 34m25\r\n"}
,{"stream_name":"stdout","time":10072.726829544,"data":"  iter 16600/20000 [83.0%] | WM wm=17.76 rec=9.54 kl=8.13 rew=0.081 con=0.007 rew@ach=0.76/1.00(n=19) rew@0=+0.008 | AC act=-0.005 crit=1.611 pg=-0.005 H=0.65 | img ret=0.48 val=0.47 imgR(mu=0.011 max=1.01 p99=0.58 hi=1.12%) scale=2.48 p5=-0.57 p95=1.92 | umix=0.010 | r/step=0.0137 | 1.7 ips ETA 33m55\r\n"}
,{"stream_name":"stdout","time":10100.119883066,"data":"  iter 16650/20000 [83.2%] | WM wm=16.46 rec=9.49 kl=6.86 rew=0.103 con=0.011 rew@ach=0.56/0.93(n=25) rew@0=+0.003 | AC act=0.002 crit=1.634 pg=0.003 H=0.66 | img ret=0.26 val=0.23 imgR(mu=0.014 max=1.00 p99=0.51 hi=1.02%) scale=2.49 p5=-0.57 p95=1.93 | umix=0.010 | r/step=0.0130 | 1.7 ips ETA 33m24\r\n"}
,{"stream_name":"stdout","time":10127.000546096,"data":"  iter 16700/20000 [83.5%] | WM wm=17.77 rec=9.55 kl=8.12 rew=0.094 con=0.007 rew@ach=0.57/0.99(n=15) rew@0=+0.002 | AC act=-0.003 crit=1.601 pg=-0.003 H=0.63 | img ret=0.10 val=0.11 imgR(mu=0.000 max=1.01 p99=0.17 hi=0.53%) scale=2.56 p5=-0.57 p95=1.99 | umix=0.010 | r/step=0.0056 | 1.7 ips ETA 32m54\r\n"}
,{"stream_name":"stdout","time":10154.110958233,"data":"  iter 16750/20000 [83.8%] | WM wm=15.74 rec=8.92 kl=6.73 rew=0.089 con=0.001 rew@ach=0.64/0.93(n=25) rew@0=+0.001 | AC act=-0.003 crit=1.601 pg=-0.003 H=0.59 | img ret=0.44 val=0.43 imgR(mu=0.011 max=1.01 p99=0.89 hi=1.42%) scale=2.61 p5=-0.57 p95=2.05 | umix=0.010 | r/step=0.0103 | 1.7 ips ETA 32m23\r\n"}
,{"stream_name":"stdout","time":10181.465444377,"data":"  iter 16800/20000 [84.0%] | WM wm=13.25 rec=6.48 kl=6.66 rew=0.108 con=0.005 rew@ach=0.73/1.00(n=28) rew@0=+0.010 | AC act=0.003 crit=1.698 pg=0.003 H=0.65 | img ret=0.49 val=0.48 imgR(mu=0.013 max=1.00 p99=0.99 hi=1.43%) scale=2.67 p5=-0.57 p95=2.10 | umix=0.010 | r/step=0.0075 | 1.7 ips ETA 31m53\r\n"}
,{"stream_name":"stdout","time":10208.868105601,"data":"  iter 16850/20000 [84.2%] | WM wm=16.83 rec=9.80 kl=6.91 rew=0.103 con=0.009 rew@ach=0.48/0.89(n=21) rew@0=+0.003 | AC act=-0.002 crit=1.487 pg=-0.001 H=0.61 | img ret=0.19 val=0.19 imgR(mu=0.006 max=1.00 p99=0.58 hi=1.09%) scale=2.67 p5=-0.57 p95=2.09 | umix=0.010 | r/step=0.0107 | 1.7 ips ETA 31m23\r\n"}
,{"stream_name":"stdout","time":10235.866515479,"data":"  iter 16900/20000 [84.5%] | WM wm=14.43 rec=7.79 kl=6.54 rew=0.097 con=0.008 rew@ach=0.55/0.93(n=23) rew@0=+0.002 | AC act=-0.000 crit=1.603 pg=-0.000 H=0.60 | img ret=0.31 val=0.28 imgR(mu=0.011 max=1.00 p99=0.76 hi=1.37%) scale=2.59 p5=-0.57 p95=2.01 | umix=0.010 | r/step=0.0090 | 1.7 ips ETA 30m52\r\n"}
,{"stream_name":"stdout","time":10263.190332993,"data":"  iter 16950/20000 [84.8%] | WM wm=13.07 rec=6.58 kl=6.42 rew=0.069 con=0.008 rew@ach=0.51/0.86(n=12) rew@0=+0.001 | AC act=0.006 crit=1.663 pg=0.006 H=0.66 | img ret=0.20 val=0.17 imgR(mu=0.012 max=1.00 p99=0.74 hi=1.37%) scale=2.55 p5=-0.58 p95=1.96 | umix=0.010 | r/step=0.0133 | 1.7 ips ETA 30m22\r\n"}
,{"stream_name":"stdout","time":10290.433912127,"data":"  iter 17000/20000 [85.0%] | WM wm=12.87 rec=6.52 kl=6.30 rew=0.042 con=0.003 rew@ach=0.46/1.00(n=8) rew@0=+0.000 | AC act=-0.002 crit=1.607 pg=-0.002 H=0.59 | img ret=0.49 val=0.50 imgR(mu=0.012 max=1.00 p99=0.87 hi=1.35%) scale=2.62 p5=-0.57 p95=2.05 | umix=0.010 | r/step=0.0127 | 1.7 ips ETA 29m51\r\n"}
,{"stream_name":"stdout","time":10317.672235534,"data":"  iter 17050/20000 [85.2%] | WM wm=12.79 rec=6.80 kl=5.92 rew=0.073 con=0.003 rew@ach=0.62/1.00(n=21) rew@0=+0.004 | AC act=0.006 crit=1.633 pg=0.007 H=0.68 | img ret=0.09 val=0.07 imgR(mu=0.008 max=1.00 p99=0.38 hi=0.89%) scale=2.64 p5=-0.56 p95=2.07 | umix=0.010 | r/step=0.0124 | 1.7 ips ETA 29m21\r\n"}
,{"stream_name":"stdout","time":10344.872062211,"data":"  iter 17100/20000 [85.5%] | WM wm=15.08 rec=8.30 kl=6.69 rew=0.092 con=0.008 rew@ach=0.65/1.00(n=14) rew@0=+0.002 | AC act=-0.001 crit=1.506 pg=-0.001 H=0.75 | img ret=0.28 val=0.28 imgR(mu=0.008 max=1.00 p99=0.40 hi=0.87%) scale=2.64 p5=-0.56 p95=2.07 | umix=0.010 | r/step=0.0088 | 1.7 ips ETA 28m51\r\n"}
,{"stream_name":"stdout","time":10371.685425804,"data":"  iter 17150/20000 [85.8%] | WM wm=14.59 rec=7.62 kl=6.88 rew=0.079 con=0.004 rew@ach=0.59/0.91(n=19) rew@0=+0.005 | AC act=-0.000 crit=1.671 pg=0.000 H=0.65 | img ret=0.33 val=0.31 imgR(mu=0.012 max=1.00 p99=0.65 hi=1.27%) scale=2.62 p5=-0.56 p95=2.06 | umix=0.010 | r/step=0.0160 | 1.7 ips ETA 28m20\r\n"}
,{"stream_name":"stdout","time":10398.766077123,"data":"  iter 17200/20000 [86.0%] | WM wm=16.65 rec=9.86 kl=6.67 rew=0.106 con=0.008 rew@ach=0.72/1.00(n=15) rew@0=+0.007 | AC act=-0.005 crit=1.488 pg=-0.004 H=0.68 | img ret=-0.00 val=0.01 imgR(mu=0.003 max=1.01 p99=0.23 hi=0.67%) scale=2.58 p5=-0.56 p95=2.02 | umix=0.010 | r/step=0.0113 | 1.7 ips ETA 27m50\r\n"}
,{"stream_name":"stdout","time":10426.008034719,"data":"  iter 17250/20000 [86.2%] | WM wm=17.14 rec=10.00 kl=7.07 rew=0.068 con=0.001 rew@ach=0.53/0.88(n=14) rew@0=+0.003 | AC act=-0.003 crit=1.623 pg=-0.003 H=0.68 | img ret=0.33 val=0.33 imgR(mu=0.008 max=1.00 p99=0.53 hi=1.03%) scale=2.59 p5=-0.56 p95=2.04 | umix=0.010 | r/step=0.0127 | 1.7 ips ETA 27m20\r\n"}
,{"stream_name":"stdout","time":10452.865364181,"data":"  iter 17300/20000 [86.5%] | WM wm=15.81 rec=8.53 kl=7.20 rew=0.083 con=0.004 rew@ach=0.69/0.93(n=24) rew@0=+0.005 | AC act=-0.002 crit=1.531 pg=-0.002 H=0.56 | img ret=0.44 val=0.45 imgR(mu=0.015 max=1.01 p99=0.87 hi=1.48%) scale=2.60 p5=-0.56 p95=2.04 | umix=0.010 | r/step=0.0140 | 1.7 ips ETA 26m50\r\n"}
,{"stream_name":"stdout","time":10480.229457287,"data":"  iter 17350/20000 [86.8%] | WM wm=16.64 rec=9.11 kl=7.42 rew=0.101 con=0.005 rew@ach=0.48/0.92(n=21) rew@0=+0.003 | AC act=0.000 crit=1.530 pg=0.000 H=0.68 | img ret=0.15 val=0.13 imgR(mu=0.005 max=1.00 p99=0.36 hi=0.84%) scale=2.56 p5=-0.56 p95=1.99 | umix=0.010 | r/step=0.0072 | 1.7 ips ETA 26m19\r\n"}
,{"stream_name":"stdout","time":10507.76189634,"data":"  iter 17400/20000 [87.0%] | WM wm=15.68 rec=7.91 kl=7.65 rew=0.116 con=0.012 rew@ach=0.51/0.92(n=21) rew@0=+0.013 | AC act=-0.003 crit=1.427 pg=-0.002 H=0.77 | img ret=-0.02 val=-0.02 imgR(mu=0.004 max=1.00 p99=0.17 hi=0.48%) scale=2.54 p5=-0.56 p95=1.97 | umix=0.010 | r/step=0.0153 | 1.7 ips ETA 25m49\r\n"}
,{"stream_name":"stdout","time":10534.252498837,"data":"  iter 17450/20000 [87.2%] | WM wm=13.72 rec=6.82 kl=6.82 rew=0.085 con=0.002 rew@ach=0.51/0.93(n=26) rew@0=+0.002 | AC act=-0.003 crit=1.469 pg=-0.002 H=0.80 | img ret=0.10 val=0.09 imgR(mu=0.005 max=1.01 p99=0.38 hi=0.79%) scale=2.54 p5=-0.57 p95=1.97 | umix=0.010 | r/step=0.0066 | 1.7 ips ETA 25m19\r\n"}
,{"stream_name":"stdout","time":10560.794113163,"data":"  iter 17500/20000 [87.5%] | WM wm=14.78 rec=7.82 kl=6.91 rew=0.048 con=0.001 rew@ach=0.59/1.00(n=11) rew@0=+0.003 | AC act=-0.013 crit=1.647 pg=-0.012 H=0.79 | img ret=0.22 val=0.26 imgR(mu=0.004 max=1.01 p99=0.30 hi=0.65%) scale=2.53 p5=-0.58 p95=1.96 | umix=0.010 | r/step=0.0143 | 1.7 ips ETA 24m49\r\n"}
,{"stream_name":"stdout","time":10741.320919085,"data":"  \u003e\u003e\u003e EVAL @ iter 17500 : score=1.89  length=181  achievements=2.79 ↓  sample=2.40  (best=3.49 @7500)  crafter_score=2.01% [3044 train eps]\r\n"}
,{"stream_name":"stdout","time":10741.320958905,"data":"      unlocked (6/22): collect_sapling=99%  wake_up=97%  place_plant=64%  collect_drink=13%  collect_wood=3%  eat_cow=3%\r\n"}
,{"stream_name":"stdout","time":10741.320965165,"data":"      TRAIN (11/22 sur 3044 eps): collect_sapling=3001(98.6%)  wake_up=2891(95.0%)  place_plant=1516(49.8%)  collect_wood=955(31.4%)  collect_drink=755(24.8%)  eat_cow=122(4.0%)  place_table=76(2.5%)  defeat_zombie=72(2.4%)  defeat_skeleton=5(0.2%)  make_wood_pickaxe=4(0.1%)  make_wood_sword=3(0.1%)\r\n"}
,{"stream_name":"stdout","time":10741.320970455,"data":"      JAMAIS vus en train (11) : collect_coal  collect_diamond  collect_iron  collect_stone  eat_plant  make_iron_pickaxe  make_iron_sword  make_stone_pickaxe  make_stone_sword  place_furnace  place_stone\r\n"}
,{"stream_name":"stdout","time":10741.320975275,"data":"      BOIS/épisode (n=3044): 0=68.6%  1=20.4%  2=7.0%  3=2.1%  4=1.2%  5+=0.6%  | \u003e=2 bois (table possible): 11.0%  | \u003e=3 (pioche): 3.9%  | a eu de la pierre: 0.00%\r\n"}
,{"stream_name":"stdout","time":10741.320980375,"data":"      ACTIONS top5: do=27.2%  move_left=12.8%  move_up=11.8%  move_right=10.8%  move_down=8.5%  | 16/17 actions \u003e1%  | place_table tenté 1.55%  | make_wood_pickaxe tenté 1.60%\r\n"}
,{"stream_name":"stdout","time":10750.237702068,"data":"  Checkpoint saved : dreamer_crafter_jax_v52-rareweight1_iter017500.npz\r\n"}
,{"stream_name":"stdout","time":10775.736420782,"data":"  iter 17550/20000 [87.8%] | WM wm=14.01 rec=7.30 kl=6.62 rew=0.084 con=0.002 rew@ach=0.71/1.00(n=11) rew@0=+0.004 | AC act=-0.004 crit=1.721 pg=-0.004 H=0.72 | img ret=0.41 val=0.40 imgR(mu=0.015 max=1.01 p99=0.72 hi=1.61%) scale=2.48 p5=-0.58 p95=1.91 | umix=0.010 | r/step=0.0054 | 1.6 ips ETA 24m45\r\n"}
,{"stream_name":"stdout","time":10801.310029237,"data":"  iter 17600/20000 [88.0%] | WM wm=18.35 rec=10.56 kl=7.70 rew=0.086 con=0.003 rew@ach=0.63/1.00(n=15) rew@0=+0.001 | AC act=-0.007 crit=1.551 pg=-0.007 H=0.69 | img ret=0.09 val=0.12 imgR(mu=0.005 max=1.00 p99=0.34 hi=0.72%) scale=2.49 p5=-0.58 p95=1.91 | umix=0.010 | r/step=0.0090 | 1.7 ips ETA 24m14\r\n"}
,{"stream_name":"stdout","time":10827.266937597,"data":"  iter 17650/20000 [88.2%] | WM wm=15.19 rec=7.89 kl=7.21 rew=0.092 con=0.004 rew@ach=0.71/1.00(n=18) rew@0=+0.005 | AC act=-0.004 crit=1.443 pg=-0.004 H=0.67 | img ret=0.10 val=0.11 imgR(mu=0.006 max=1.01 p99=0.25 hi=0.73%) scale=2.43 p5=-0.58 p95=1.85 | umix=0.010 | r/step=0.0119 | 1.7 ips ETA 23m43\r\n"}
,{"stream_name":"stdout","time":10852.595055399,"data":"  iter 17700/20000 [88.5%] | WM wm=17.21 rec=10.33 kl=6.80 rew=0.074 con=0.005 rew@ach=0.57/1.00(n=10) rew@0=+0.003 | AC act=0.001 crit=1.509 pg=0.002 H=0.71 | img ret=0.34 val=0.32 imgR(mu=0.014 max=1.00 p99=0.74 hi=1.25%) scale=2.46 p5=-0.57 p95=1.89 | umix=0.010 | r/step=0.0054 | 1.7 ips ETA 23m12\r\n"}
,{"stream_name":"stdout","time":10878.105778286,"data":"  iter 17750/20000 [88.8%] | WM wm=14.98 rec=8.39 kl=6.49 rew=0.098 con=0.004 rew@ach=0.61/1.00(n=13) rew@0=+0.002 | AC act=0.004 crit=1.706 pg=0.004 H=0.72 | img ret=0.33 val=0.29 imgR(mu=0.014 max=1.00 p99=0.81 hi=1.41%) scale=2.43 p5=-0.57 p95=1.86 | umix=0.010 | r/step=0.0146 | 1.7 ips ETA 22m41\r\n"}
,{"stream_name":"stdout","time":10903.840274822,"data":"  iter 17800/20000 [89.0%] | WM wm=13.58 rec=7.11 kl=6.35 rew=0.116 con=0.008 rew@ach=0.33/0.81(n=18) rew@0=+0.006 | AC act=-0.000 crit=1.501 pg=0.000 H=0.65 | img ret=0.12 val=0.11 imgR(mu=0.007 max=1.00 p99=0.33 hi=0.79%) scale=2.53 p5=-0.58 p95=1.95 | umix=0.010 | r/step=0.0115 | 1.7 ips ETA 22m10\r\n"}
,{"stream_name":"stdout","time":10929.032090498,"data":"  iter 17850/20000 [89.2%] | WM wm=13.03 rec=6.71 kl=6.25 rew=0.070 con=0.004 rew@ach=0.74/1.00(n=17) rew@0=+0.002 | AC act=0.003 crit=1.489 pg=0.004 H=0.68 | img ret=0.29 val=0.28 imgR(mu=0.010 max=1.01 p99=0.81 hi=1.25%) scale=2.50 p5=-0.57 p95=1.93 | umix=0.010 | r/step=0.0122 | 1.7 ips ETA 21m39\r\n"}
,{"stream_name":"stdout","time":10954.358956162,"data":"  iter 17900/20000 [89.5%] | WM wm=12.35 rec=6.38 kl=5.87 rew=0.092 con=0.002 rew@ach=0.31/0.89(n=15) rew@0=+0.006 | AC act=-0.002 crit=1.653 pg=-0.001 H=0.62 | img ret=0.36 val=0.35 imgR(mu=0.013 max=1.01 p99=0.85 hi=1.44%) scale=2.51 p5=-0.58 p95=1.93 | umix=0.010 | r/step=0.0142 | 1.7 ips ETA 21m09\r\n"}
,{"stream_name":"stdout","time":10980.086598657,"data":"  iter 17950/20000 [89.8%] | WM wm=17.11 rec=9.85 kl=7.19 rew=0.067 con=0.001 rew@ach=0.55/1.00(n=15) rew@0=+0.002 | AC act=-0.001 crit=1.579 pg=-0.001 H=0.60 | img ret=0.26 val=0.25 imgR(mu=0.007 max=1.01 p99=0.45 hi=0.89%) scale=2.53 p5=-0.58 p95=1.95 | umix=0.010 | r/step=0.0178 | 1.7 ips ETA 20m38\r\n"}
,{"stream_name":"stdout","time":11005.633964435,"data":"  iter 18000/20000 [90.0%] | WM wm=14.50 rec=7.80 kl=6.60 rew=0.097 con=0.006 rew@ach=0.61/1.00(n=25) rew@0=+0.002 | AC act=-0.003 crit=1.566 pg=-0.003 H=0.58 | img ret=0.06 val=0.06 imgR(mu=0.006 max=1.00 p99=0.28 hi=0.58%) scale=2.52 p5=-0.58 p95=1.93 | umix=0.010 | r/step=0.0172 | 1.7 ips ETA 20m07\r\n"}
,{"stream_name":"stdout","time":11031.206146036,"data":"  iter 18050/20000 [90.2%] | WM wm=17.20 rec=9.57 kl=7.53 rew=0.086 con=0.005 rew@ach=0.52/1.00(n=8) rew@0=+0.005 | AC act=-0.002 crit=1.528 pg=-0.002 H=0.63 | img ret=0.23 val=0.23 imgR(mu=0.008 max=1.00 p99=0.42 hi=0.90%) scale=2.52 p5=-0.58 p95=1.94 | umix=0.010 | r/step=0.0127 | 1.7 ips ETA 19m37\r\n"}
,{"stream_name":"stdout","time":11056.995519023,"data":"  iter 18100/20000 [90.5%] | WM wm=12.73 rec=6.31 kl=6.33 rew=0.087 con=0.005 rew@ach=0.65/1.00(n=23) rew@0=+0.002 | AC act=0.000 crit=1.557 pg=0.000 H=0.66 | img ret=0.33 val=0.32 imgR(mu=0.012 max=1.00 p99=0.80 hi=1.37%) scale=2.48 p5=-0.58 p95=1.91 | umix=0.010 | r/step=0.0166 | 1.7 ips ETA 19m06\r\n"}
,{"stream_name":"stdout","time":11082.377444856,"data":"  iter 18150/20000 [90.8%] | WM wm=13.03 rec=7.11 kl=5.85 rew=0.070 con=0.005 rew@ach=0.62/1.00(n=17) rew@0=+0.001 | AC act=-0.004 crit=1.697 pg=-0.004 H=0.64 | img ret=0.30 val=0.32 imgR(mu=0.006 max=1.01 p99=0.46 hi=0.92%) scale=2.48 p5=-0.58 p95=1.91 | umix=0.010 | r/step=0.0142 | 1.7 ips ETA 18m35\r\n"}
,{"stream_name":"stdout","time":11108.070853554,"data":"  iter 18200/20000 [91.0%] | WM wm=12.51 rec=6.67 kl=5.73 rew=0.105 con=0.004 rew@ach=0.62/1.00(n=20) rew@0=+0.004 | AC act=-0.003 crit=1.644 pg=-0.003 H=0.69 | img ret=0.34 val=0.34 imgR(mu=0.009 max=1.01 p99=0.69 hi=1.42%) scale=2.51 p5=-0.57 p95=1.95 | umix=0.010 | r/step=0.0148 | 1.7 ips ETA 18m05\r\n"}
,{"stream_name":"stdout","time":11133.611640605,"data":"  iter 18250/20000 [91.2%] | WM wm=15.64 rec=8.63 kl=6.94 rew=0.059 con=0.007 rew@ach=0.69/1.00(n=18) rew@0=+0.002 | AC act=-0.000 crit=1.667 pg=0.000 H=0.89 | img ret=-0.00 val=-0.01 imgR(mu=0.004 max=1.00 p99=0.39 hi=0.72%) scale=2.48 p5=-0.56 p95=1.92 | umix=0.010 | r/step=0.0154 | 1.7 ips ETA 17m34\r\n"}
,{"stream_name":"stdout","time":11159.120215247,"data":"  iter 18300/20000 [91.5%] | WM wm=14.61 rec=7.60 kl=6.91 rew=0.107 con=0.005 rew@ach=0.42/0.91(n=20) rew@0=+0.003 | AC act=-0.003 crit=1.563 pg=-0.003 H=0.65 | img ret=0.44 val=0.44 imgR(mu=0.011 max=1.01 p99=0.67 hi=1.21%) scale=2.47 p5=-0.56 p95=1.91 | umix=0.010 | r/step=0.0137 | 1.7 ips ETA 17m03\r\n"}
,{"stream_name":"stdout","time":11186.151120026,"data":"  iter 18350/20000 [91.8%] | WM wm=16.11 rec=9.42 kl=6.63 rew=0.063 con=0.005 rew@ach=0.64/0.88(n=13) rew@0=+0.002 | AC act=-0.004 crit=1.583 pg=-0.004 H=0.67 | img ret=0.19 val=0.21 imgR(mu=0.006 max=1.00 p99=0.27 hi=0.59%) scale=2.45 p5=-0.55 p95=1.89 | umix=0.010 | r/step=0.0101 | 1.7 ips ETA 16m33\r\n"}
,{"stream_name":"stdout","time":11213.217785776,"data":"  iter 18400/20000 [92.0%] | WM wm=13.25 rec=7.00 kl=6.19 rew=0.059 con=0.000 rew@ach=0.61/1.00(n=19) rew@0=+0.003 | AC act=-0.002 crit=1.526 pg=-0.002 H=0.55 | img ret=0.39 val=0.38 imgR(mu=0.006 max=1.01 p99=0.33 hi=0.72%) scale=2.40 p5=-0.54 p95=1.86 | umix=0.010 | r/step=0.0111 | 1.7 ips ETA 16m03\r\n"}
,{"stream_name":"stdout","time":11240.162259358,"data":"  iter 18450/20000 [92.2%] | WM wm=12.62 rec=6.61 kl=5.89 rew=0.109 con=0.010 rew@ach=0.53/0.94(n=26) rew@0=+0.006 | AC act=-0.004 crit=1.520 pg=-0.004 H=0.61 | img ret=0.13 val=0.16 imgR(mu=0.003 max=1.00 p99=0.14 hi=0.60%) scale=2.34 p5=-0.54 p95=1.80 | umix=0.010 | r/step=0.0133 | 1.7 ips ETA 15m32\r\n"}
,{"stream_name":"stdout","time":11267.612945383,"data":"  iter 18500/20000 [92.5%] | WM wm=10.99 rec=5.62 kl=5.27 rew=0.089 con=0.011 rew@ach=0.57/0.92(n=25) rew@0=+0.002 | AC act=0.002 crit=1.630 pg=0.002 H=0.70 | img ret=0.21 val=0.18 imgR(mu=0.014 max=1.01 p99=0.71 hi=1.20%) scale=2.43 p5=-0.54 p95=1.89 | umix=0.010 | r/step=0.0140 | 1.7 ips ETA 15m02\r\n"}
,{"stream_name":"stdout","time":11294.714286053,"data":"  iter 18550/20000 [92.8%] | WM wm=14.12 rec=8.42 kl=5.62 rew=0.071 con=0.005 rew@ach=0.71/0.99(n=15) rew@0=-0.002 | AC act=0.004 crit=1.510 pg=0.004 H=0.66 | img ret=0.13 val=0.10 imgR(mu=0.009 max=1.01 p99=0.75 hi=1.35%) scale=2.52 p5=-0.54 p95=1.98 | umix=0.010 | r/step=0.0174 | 1.7 ips ETA 14m32\r\n"}
,{"stream_name":"stdout","time":11321.821375693,"data":"  iter 18600/20000 [93.0%] | WM wm=11.70 rec=6.35 kl=5.23 rew=0.102 con=0.008 rew@ach=0.57/1.00(n=18) rew@0=+0.003 | AC act=-0.004 crit=1.562 pg=-0.004 H=0.68 | img ret=0.07 val=0.08 imgR(mu=0.004 max=1.01 p99=0.40 hi=0.84%) scale=2.51 p5=-0.54 p95=1.97 | umix=0.010 | r/step=0.0174 | 1.7 ips ETA 14m01\r\n"}
,{"stream_name":"stdout","time":11349.379219425,"data":"  iter 18650/20000 [93.2%] | WM wm=12.10 rec=6.66 kl=5.38 rew=0.068 con=0.003 rew@ach=0.74/1.00(n=15) rew@0=+0.003 | AC act=-0.004 crit=1.645 pg=-0.004 H=0.79 | img ret=0.03 val=0.03 imgR(mu=0.005 max=1.01 p99=0.49 hi=0.98%) scale=2.47 p5=-0.54 p95=1.93 | umix=0.010 | r/step=0.0152 | 1.7 ips ETA 13m31\r\n"}
,{"stream_name":"stdout","time":11376.395638517,"data":"  iter 18700/20000 [93.5%] | WM wm=12.04 rec=6.16 kl=5.80 rew=0.080 con=0.002 rew@ach=0.56/0.92(n=22) rew@0=+0.003 | AC act=-0.002 crit=1.507 pg=-0.002 H=0.68 | img ret=0.32 val=0.32 imgR(mu=0.006 max=1.01 p99=0.53 hi=1.05%) scale=2.47 p5=-0.54 p95=1.94 | umix=0.010 | r/step=0.0109 | 1.7 ips ETA 13m01\r\n"}
,{"stream_name":"stdout","time":11403.508030116,"data":"  iter 18750/20000 [93.8%] | WM wm=14.18 rec=7.51 kl=6.61 rew=0.051 con=0.002 rew@ach=0.64/0.85(n=11) rew@0=+0.000 | AC act=-0.004 crit=1.546 pg=-0.003 H=0.70 | img ret=0.30 val=0.31 imgR(mu=0.013 max=1.00 p99=0.55 hi=1.07%) scale=2.51 p5=-0.54 p95=1.97 | umix=0.010 | r/step=0.0164 | 1.7 ips ETA 12m31\r\n"}
,{"stream_name":"stdout","time":11430.587039187,"data":"  iter 18800/20000 [94.0%] | WM wm=13.95 rec=7.46 kl=6.37 rew=0.115 con=0.007 rew@ach=0.46/1.00(n=16) rew@0=+0.003 | AC act=-0.006 crit=1.432 pg=-0.006 H=0.75 | img ret=0.24 val=0.26 imgR(mu=0.005 max=1.01 p99=0.29 hi=0.80%) scale=2.49 p5=-0.55 p95=1.94 | umix=0.010 | r/step=0.0120 | 1.7 ips ETA 12m00\r\n"}
,{"stream_name":"stdout","time":11457.375927592,"data":"  iter 18850/20000 [94.2%] | WM wm=18.65 rec=10.48 kl=8.08 rew=0.080 con=0.004 rew@ach=0.45/0.85(n=22) rew@0=+0.002 | AC act=-0.006 crit=1.580 pg=-0.006 H=0.80 | img ret=0.16 val=0.19 imgR(mu=0.011 max=1.01 p99=0.80 hi=1.17%) scale=2.42 p5=-0.55 p95=1.86 | umix=0.010 | r/step=0.0104 | 1.7 ips ETA 11m30\r\n"}
,{"stream_name":"stdout","time":11484.807622837,"data":"  iter 18900/20000 [94.5%] | WM wm=15.24 rec=8.39 kl=6.75 rew=0.098 con=0.004 rew@ach=0.60/0.90(n=17) rew@0=+0.003 | AC act=0.005 crit=1.566 pg=0.005 H=0.75 | img ret=0.37 val=0.33 imgR(mu=0.013 max=1.01 p99=0.66 hi=1.27%) scale=2.42 p5=-0.56 p95=1.87 | umix=0.010 | r/step=0.0136 | 1.7 ips ETA 11m00\r\n"}
,{"stream_name":"stdout","time":11511.584118381,"data":"  iter 18950/20000 [94.8%] | WM wm=12.16 rec=6.12 kl=5.95 rew=0.087 con=0.008 rew@ach=0.58/1.00(n=20) rew@0=+0.002 | AC act=-0.000 crit=1.511 pg=-0.000 H=0.69 | img ret=0.31 val=0.31 imgR(mu=0.013 max=1.01 p99=0.59 hi=1.10%) scale=2.47 p5=-0.56 p95=1.90 | umix=0.010 | r/step=0.0113 | 1.7 ips ETA 10m30\r\n"}
,{"stream_name":"stdout","time":11538.857200199,"data":"  iter 19000/20000 [95.0%] | WM wm=10.97 rec=5.07 kl=5.83 rew=0.062 con=0.000 rew@ach=0.73/1.00(n=14) rew@0=+0.004 | AC act=-0.006 crit=1.627 pg=-0.006 H=0.70 | img ret=0.55 val=0.57 imgR(mu=0.008 max=1.01 p99=0.50 hi=1.03%) scale=2.45 p5=-0.57 p95=1.89 | umix=0.010 | r/step=0.0136 | 1.7 ips ETA 10m00\r\n"}
,{"stream_name":"stdout","time":11566.240036867,"data":"  iter 19050/20000 [95.2%] | WM wm=12.02 rec=5.58 kl=6.38 rew=0.056 con=0.002 rew@ach=0.62/0.91(n=18) rew@0=+0.001 | AC act=-0.002 crit=1.629 pg=-0.002 H=0.66 | img ret=0.15 val=0.14 imgR(mu=0.002 max=1.01 p99=0.59 hi=1.14%) scale=2.44 p5=-0.57 p95=1.87 | umix=0.010 | r/step=0.0076 | 1.7 ips ETA 9m30\r\n"}
,{"stream_name":"stdout","time":11593.480053015,"data":"  iter 19100/20000 [95.5%] | WM wm=12.78 rec=6.46 kl=6.19 rew=0.119 con=0.016 rew@ach=0.40/0.85(n=25) rew@0=+0.005 | AC act=0.000 crit=1.536 pg=0.001 H=0.65 | img ret=0.31 val=0.30 imgR(mu=0.014 max=1.01 p99=0.61 hi=1.07%) scale=2.48 p5=-0.57 p95=1.91 | umix=0.010 | r/step=0.0109 | 1.7 ips ETA 8m59\r\n"}
,{"stream_name":"stdout","time":11620.697643977,"data":"  iter 19150/20000 [95.8%] | WM wm=11.70 rec=6.04 kl=5.55 rew=0.104 con=0.000 rew@ach=0.55/0.91(n=20) rew@0=+0.005 | AC act=0.004 crit=1.597 pg=0.004 H=0.72 | img ret=0.14 val=0.12 imgR(mu=0.006 max=1.00 p99=0.41 hi=0.85%) scale=2.47 p5=-0.58 p95=1.89 | umix=0.010 | r/step=0.0111 | 1.7 ips ETA 8m29\r\n"}
,{"stream_name":"stdout","time":11648.053192344,"data":"  iter 19200/20000 [96.0%] | WM wm=15.57 rec=7.82 kl=7.64 rew=0.099 con=0.008 rew@ach=0.47/0.85(n=23) rew@0=+0.002 | AC act=0.001 crit=1.628 pg=0.001 H=0.70 | img ret=0.15 val=0.14 imgR(mu=0.009 max=1.01 p99=0.59 hi=1.18%) scale=2.47 p5=-0.57 p95=1.90 | umix=0.010 | r/step=0.0120 | 1.7 ips ETA 7m59\r\n"}
,{"stream_name":"stdout","time":11675.318463223,"data":"  iter 19250/20000 [96.2%] | WM wm=14.59 rec=7.60 kl=6.92 rew=0.066 con=0.005 rew@ach=0.49/0.85(n=23) rew@0=+0.004 | AC act=0.022 crit=1.666 pg=0.022 H=0.74 | img ret=0.32 val=0.26 imgR(mu=0.020 max=1.01 p99=0.99 hi=2.32%) scale=2.41 p5=-0.58 p95=1.83 | umix=0.010 | r/step=0.0141 | 1.7 ips ETA 7m29\r\n"}
,{"stream_name":"stdout","time":11702.442459102,"data":"  iter 19300/20000 [96.5%] | WM wm=12.60 rec=6.55 kl=5.98 rew=0.065 con=0.002 rew@ach=0.71/0.93(n=24) rew@0=+0.005 | AC act=-0.001 crit=1.549 pg=-0.001 H=0.68 | img ret=0.31 val=0.28 imgR(mu=0.017 max=1.01 p99=0.89 hi=1.59%) scale=2.45 p5=-0.58 p95=1.86 | umix=0.010 | r/step=0.0145 | 1.7 ips ETA 6m59\r\n"}
,{"stream_name":"stdout","time":11729.833252627,"data":"  iter 19350/20000 [96.8%] | WM wm=11.87 rec=5.93 kl=5.86 rew=0.081 con=0.002 rew@ach=0.65/0.91(n=18) rew@0=+0.002 | AC act=-0.002 crit=1.459 pg=-0.002 H=0.66 | img ret=0.10 val=0.10 imgR(mu=0.006 max=1.01 p99=0.28 hi=0.79%) scale=2.47 p5=-0.59 p95=1.87 | umix=0.010 | r/step=0.0106 | 1.7 ips ETA 6m29\r\n"}
,{"stream_name":"stdout","time":11757.194367054,"data":"  iter 19400/20000 [97.0%] | WM wm=13.72 rec=7.25 kl=6.38 rew=0.088 con=0.004 rew@ach=0.45/0.89(n=15) rew@0=+0.003 | AC act=0.001 crit=1.650 pg=0.001 H=0.59 | img ret=0.15 val=0.14 imgR(mu=0.013 max=1.00 p99=0.61 hi=1.19%) scale=2.48 p5=-0.59 p95=1.89 | umix=0.010 | r/step=0.0109 | 1.7 ips ETA 5m59\r\n"}
,{"stream_name":"stdout","time":11784.649248439,"data":"  iter 19450/20000 [97.2%] | WM wm=13.39 rec=7.10 kl=6.20 rew=0.082 con=0.004 rew@ach=0.75/1.00(n=16) rew@0=+0.005 | AC act=-0.004 crit=1.497 pg=-0.004 H=0.60 | img ret=0.19 val=0.21 imgR(mu=0.015 max=1.01 p99=0.99 hi=1.46%) scale=2.48 p5=-0.59 p95=1.88 | umix=0.010 | r/step=0.0091 | 1.7 ips ETA 5m29\r\n"}
,{"stream_name":"stdout","time":11811.862335248,"data":"  iter 19500/20000 [97.5%] | WM wm=16.56 rec=9.03 kl=7.42 rew=0.096 con=0.008 rew@ach=0.55/1.00(n=24) rew@0=+0.006 | AC act=0.002 crit=1.654 pg=0.002 H=0.67 | img ret=0.15 val=0.13 imgR(mu=0.011 max=1.01 p99=0.62 hi=1.15%) scale=2.40 p5=-0.59 p95=1.81 | umix=0.010 | r/step=0.0080 | 1.7 ips ETA 4m59\r\n"}
,{"stream_name":"stdout","time":11838.872594581,"data":"  iter 19550/20000 [97.8%] | WM wm=15.09 rec=8.34 kl=6.69 rew=0.057 con=0.003 rew@ach=0.60/0.90(n=17) rew@0=+0.001 | AC act=-0.003 crit=1.461 pg=-0.003 H=0.68 | img ret=0.17 val=0.18 imgR(mu=0.014 max=1.01 p99=1.00 hi=1.40%) scale=2.46 p5=-0.59 p95=1.86 | umix=0.010 | r/step=0.0108 | 1.7 ips ETA 4m29\r\n"}
,{"stream_name":"stdout","time":11866.15861096,"data":"  iter 19600/20000 [98.0%] | WM wm=16.62 rec=9.48 kl=7.06 rew=0.076 con=0.007 rew@ach=0.65/0.99(n=18) rew@0=+0.002 | AC act=0.004 crit=1.630 pg=0.004 H=0.68 | img ret=-0.00 val=-0.02 imgR(mu=0.012 max=1.01 p99=0.61 hi=1.20%) scale=2.47 p5=-0.59 p95=1.87 | umix=0.010 | r/step=0.0107 | 1.7 ips ETA 3m59\r\n"}
,{"stream_name":"stdout","time":11892.946966276,"data":"  iter 19650/20000 [98.2%] | WM wm=15.26 rec=8.78 kl=6.40 rew=0.077 con=0.005 rew@ach=0.40/0.88(n=14) rew@0=+0.002 | AC act=-0.005 crit=1.417 pg=-0.004 H=0.62 | img ret=-0.00 val=0.01 imgR(mu=0.008 max=1.00 p99=0.28 hi=0.70%) scale=2.43 p5=-0.59 p95=1.83 | umix=0.010 | r/step=0.0130 | 1.7 ips ETA 3m29\r\n"}
,{"stream_name":"stdout","time":11919.767463513,"data":"  iter 19700/20000 [98.5%] | WM wm=10.65 rec=4.80 kl=5.78 rew=0.063 con=0.001 rew@ach=0.62/0.93(n=23) rew@0=+0.005 | AC act=-0.001 crit=1.559 pg=-0.001 H=0.56 | img ret=0.10 val=0.07 imgR(mu=0.006 max=1.01 p99=0.55 hi=1.07%) scale=2.42 p5=-0.60 p95=1.82 | umix=0.010 | r/step=0.0074 | 1.7 ips ETA 2m59\r\n"}
,{"stream_name":"stdout","time":11947.240522547,"data":"  iter 19750/20000 [98.8%] | WM wm=12.91 rec=6.87 kl=5.95 rew=0.082 con=0.004 rew@ach=0.43/0.92(n=21) rew@0=+0.002 | AC act=-0.007 crit=1.517 pg=-0.007 H=0.63 | img ret=0.27 val=0.29 imgR(mu=0.008 max=1.01 p99=0.53 hi=1.04%) scale=2.40 p5=-0.59 p95=1.81 | umix=0.010 | r/step=0.0082 | 1.7 ips ETA 2m29\r\n"}
,{"stream_name":"stdout","time":11974.000326674,"data":"  iter 19800/20000 [99.0%] | WM wm=13.26 rec=7.29 kl=5.87 rew=0.093 con=0.005 rew@ach=0.62/1.00(n=15) rew@0=+0.001 | AC act=-0.002 crit=1.603 pg=-0.002 H=0.62 | img ret=0.20 val=0.20 imgR(mu=0.013 max=1.01 p99=0.62 hi=1.14%) scale=2.44 p5=-0.59 p95=1.84 | umix=0.010 | r/step=0.0133 | 1.7 ips ETA 1m59\r\n"}
,{"stream_name":"stdout","time":12000.879658648,"data":"  iter 19850/20000 [99.2%] | WM wm=18.85 rec=11.31 kl=7.44 rew=0.103 con=0.005 rew@ach=0.67/0.93(n=26) rew@0=+0.003 | AC act=-0.003 crit=1.581 pg=-0.003 H=0.65 | img ret=0.16 val=0.15 imgR(mu=0.010 max=1.01 p99=0.61 hi=1.20%) scale=2.45 p5=-0.59 p95=1.86 | umix=0.010 | r/step=0.0137 | 1.7 ips ETA 1m29\r\n"}
,{"stream_name":"stdout","time":12028.292487597,"data":"  iter 19900/20000 [99.5%] | WM wm=16.00 rec=8.65 kl=7.28 rew=0.064 con=0.000 rew@ach=0.54/0.88(n=16) rew@0=+0.002 | AC act=-0.009 crit=1.590 pg=-0.009 H=0.64 | img ret=0.17 val=0.20 imgR(mu=0.005 max=1.00 p99=0.37 hi=0.76%) scale=2.52 p5=-0.59 p95=1.94 | umix=0.010 | r/step=0.0120 | 1.7 ips ETA 59s\r\n"}
,{"stream_name":"stdout","time":12055.681586148,"data":"  iter 19950/20000 [99.8%] | WM wm=13.94 rec=7.23 kl=6.66 rew=0.048 con=0.001 rew@ach=0.61/0.89(n=16) rew@0=+0.002 | AC act=-0.009 crit=1.537 pg=-0.008 H=0.62 | img ret=0.36 val=0.40 imgR(mu=0.009 max=1.00 p99=0.89 hi=1.14%) scale=2.53 p5=-0.59 p95=1.94 | umix=0.010 | r/step=0.0094 | 1.7 ips ETA 29s\r\n"}
,{"stream_name":"stdout","time":12083.19492332,"data":"  iter 20000/20000 [100.0%] | WM wm=13.39 rec=7.17 kl=6.14 rew=0.071 con=0.007 rew@ach=0.50/0.83(n=20) rew@0=+0.005 | AC act=-0.003 crit=1.676 pg=-0.002 H=0.68 | img ret=0.22 val=0.23 imgR(mu=0.009 max=1.00 p99=0.49 hi=0.98%) scale=2.43 p5=-0.59 p95=1.83 | umix=0.010 | r/step=0.0096 | 1.7 ips ETA 0s\r\n"}
,{"stream_name":"stdout","time":12270.419726854,"data":"  \u003e\u003e\u003e EVAL @ iter 20000 : score=1.97  length=184  achievements=2.88 ↑  sample=3.40  (best=3.49 @7500)  crafter_score=2.02% [3478 train eps]\r\n"}
,{"stream_name":"stdout","time":12270.419759404,"data":"      unlocked (7/22): collect_sapling=100%  wake_up=100%  place_plant=40%  collect_wood=24%  collect_drink=11%  defeat_zombie=9%  eat_cow=4%\r\n"}
,{"stream_name":"stdout","time":12270.419766184,"data":"      TRAIN (11/22 sur 3478 eps): collect_sapling=3435(98.8%)  wake_up=3313(95.3%)  place_plant=1812(52.1%)  collect_wood=1039(29.9%)  collect_drink=836(24.0%)  eat_cow=144(4.1%)  defeat_zombie=95(2.7%)  place_table=83(2.4%)  defeat_skeleton=5(0.1%)  make_wood_pickaxe=5(0.1%)  make_wood_sword=3(0.1%)\r\n"}
,{"stream_name":"stdout","time":12270.419770834,"data":"      JAMAIS vus en train (11) : collect_coal  collect_diamond  collect_iron  collect_stone  eat_plant  make_iron_pickaxe  make_iron_sword  make_stone_pickaxe  make_stone_sword  place_furnace  place_stone\r\n"}
,{"stream_name":"stdout","time":12270.419774624,"data":"      BOIS/épisode (n=3478): 0=70.1%  1=19.6%  2=6.6%  3=2.0%  4=1.2%  5+=0.5%  | \u003e=2 bois (table possible): 10.3%  | \u003e=3 (pioche): 3.6%  | a eu de la pierre: 0.00%\r\n"}
,{"stream_name":"stdout","time":12270.419779614,"data":"      ACTIONS top5: do=26.8%  move_left=12.9%  move_up=11.5%  move_right=10.5%  move_down=8.7%  | 16/17 actions \u003e1%  | place_table tenté 1.48%  | make_wood_pickaxe tenté 1.72%\r\n"}
,{"stream_name":"stdout","time":12279.331382615,"data":"  Checkpoint saved : dreamer_crafter_jax_v52-rareweight1_iter020000.npz\r\n"}
,{"stream_name":"stdout","time":12279.381561714,"data":"\r\n"}
,{"stream_name":"stdout","time":12279.381575414,"data":"Training fini en 12143.2s (202.4min)\r\n"}
,{"stream_name":"stdout","time":12279.381580834,"data":"Best EVAL achievements : 3.49 @ iter 7500  (dernier : 2.88)\r\n"}
,{"stream_name":"stdout","time":12279.381585085,"data":"\r\n"}
,{"stream_name":"stdout","time":12288.213860877,"data":"Final checkpoint : /kaggle/working/checkpoints/dreamer_crafter_jax_v52-rareweight1.npz\r\n"}
,{"stream_name":"stdout","time":12288.213893257,"data":"\r\n"}
,{"stream_name":"stdout","time":12288.213898697,"data":"============================================================\r\n"}
,{"stream_name":"stdout","time":12288.213902987,"data":"DONE\r\n"}
,{"stream_name":"stdout","time":12288.213907457,"data":"============================================================\r\n"}
,{"stream_name":"stderr","time":12299.846980139,"data":"[NbConvertApp] Converting notebook __notebook__.ipynb to notebook\n"}
,{"stream_name":"stderr","time":12300.238629484,"data":"[NbConvertApp] Writing 202185 bytes to __notebook__.ipynb\n"}
,{"stream_name":"stderr","time":12302.58301159,"data":"[NbConvertApp] Converting notebook __notebook__.ipynb to html\n"}
,{"stream_name":"stderr","time":12303.656541184,"data":"[NbConvertApp] Writing 490766 bytes to __results__.html\n"}
]