[{"stream_name":"stderr","time":6.940568933,"data":"/usr/local/lib/python3.12/site-packages/nbformat/__init__.py:96: MissingIDFieldWarning: Cell is missing an id field, this will become a hard error in future nbformat versions. You may want to use `normalize()` on your notebooks before validations (available since nbformat 5.1.4). Previous versions of nbformat are fixing this issue transparently, and will stop doing so in the future.\n"}
,{"stream_name":"stderr","time":6.940629103,"data":"  validate(nb)\n"}
,{"stream_name":"stderr","time":9.55933467,"data":"[IPKernelApp] WARNING | Kernel is running over TCP without encryption. All communication (including code and outputs) is sent in plain text and is susceptible to eavesdropping. Use IPC transport or launch with kernel manager-provisioned CurveZMQ keys to enable transport encryption.\n"}
,{"stream_name":"stdout","time":10.446918798,"data":"Cloning into 'oneiro'...\r\n"}
,{"stream_name":"stdout","time":11.609455713,"data":"remote: Enumerating objects: 436, done.\u001b[K\r\n"}
,{"stream_name":"stdout","time":11.609502004,"data":"remote: Counting objects:   3% (1/26)\u001b[K\rremote: Counting objects:   7% (2/26)\u001b[K\rremote: Counting objects:  11% (3/26)\u001b[K\rremote: Counting objects:  15% (4/26)\u001b[K\rremote: Counting objects:  19% (5/26)\u001b[K\rremote: Counting objects:  23% (6/26)\u001b[K\rremote: Counting objects:  26% (7/26)\u001b[K\rremote: Counting objects:  30% (8/26)\u001b[K\rremote: Counting objects:  34% (9/26)\u001b[K\rremote: Counting objects:  38% (10/26)\u001b[K\rremote: Counting objects:  42% (11/26)\u001b[K\rremote: Counting objects:  46% (12/26)\u001b[K\rremote: Counting objects:  50% (13/26)\u001b[K\rremote: Counting objects:  53% (14/26)\u001b[K\rremote: Counting objects:  57% (15/26)\u001b[K\rremote: Counting objects:  61% (16/26)\u001b[K\rremote: Counting objects:  65% (17/26)\u001b[K\rremote: Counting objects:  69% (18/26)\u001b[K\rremote: Counting objects:  73% (19/26)\u001b[K\rremote: Counting objects:  76% (20/26)\u001b[K\rremote: Counting objects:  80% (21/26)\u001b[K\rremote: Counting objects:  84% (22/26)\u001b[K\rremote: Counting objects:  88% (23/26)\u001b[K\rremote: Counting objects:  92% (24/26)\u001b[K\rremote: Counting objects:  96% (25/26)\u001b[K\rremote: Counting objects: 100% (26/26)\u001b[K\rremote: Counting objects: 100% (26/26), done.\u001b[K\r\n"}
,{"stream_name":"stdout","time":11.609515113,"data":"remote: Compressing objects:   4% (1/21)\u001b[K\rremote: Compressing objects:   9% (2/21)\u001b[K\rremote: Compressing objects:  14% (3/21)\u001b[K\rremote: Compressing objects:  19% (4/21)\u001b[K\rremote: Compressing objects:  23% (5/21)\u001b[K\rremote: Compressing objects:  28% (6/21)\u001b[K\rremote: Compressing objects:  33% (7/21)\u001b[K\rremote: Compressing objects:  38% (8/21)\u001b[K\rremote: Compressing objects:  42% (9/21)\u001b[K\rremote: Compressing objects:  47% (10/21)\u001b[K\rremote: Compressing objects:  52% (11/21)\u001b[K\rremote: Compressing objects:  57% (12/21)\u001b[K\rremote: Compressing objects:  61% (13/21)\u001b[K\rremote: Compressing objects:  66% (14/21)\u001b[K\rremote: Compressing objects:  71% (15/21)\u001b[K\rremote: Compressing objects:  76% (16/21)\u001b[K\rremote: Compressing objects:  80% (17/21)\u001b[K\rremote: Compressing objects:  85% (18/21)\u001b[K\rremote: Compressing objects:  90% (19/21)\u001b[K\rremote: Compressing objects:  95% (20/21)\u001b[K\rremote: Compressing objects: 100% (21/21)\u001b[K\rremote: Compressing objects: 100% (21/21), done.\u001b[K\r\n"}
,{"stream_name":"stdout","time":11.810648581,"data":"Receiving objects:   0% (1/436)\rReceiving objects:   1% (5/436)\rReceiving objects:   2% (9/436)\rReceiving objects:   3% (14/436)\rReceiving objects:   4% (18/436)\rReceiving objects:   5% (22/436)\rReceiving objects:   6% (27/436)\rReceiving objects:   7% (31/436)\rReceiving objects:   8% (35/436)\rReceiving objects:   9% (40/436)\rReceiving objects:  10% (44/436)\rReceiving objects:  11% (48/436)\rReceiving objects:  12% (53/436)\rReceiving objects:  13% (57/436)\rReceiving objects:  14% (62/436)\rReceiving objects:  15% (66/436)\rReceiving objects:  16% (70/436)\rReceiving objects:  17% (75/436)\rReceiving objects:  18% (79/436)\rReceiving objects:  19% (83/436)\rReceiving objects:  20% (88/436)\rReceiving objects:  21% (92/436)\rReceiving objects:  22% (96/436)\rReceiving objects:  23% (101/436)\rReceiving objects:  24% (105/436)\rReceiving objects:  25% (109/436)\rReceiving objects:  26% (114/436)\rReceiving objects:  27% (118/436)\rReceiving objects:  28% (123/436)\rReceiving objects:  29% (127/436)\rReceiving objects:  30% (131/436)\rReceiving objects:  31% (136/436)\rReceiving objects:  32% (140/436)\rReceiving objects:  33% (144/436)\rReceiving objects:  34% (149/436)\rReceiving objects:  35% (153/436)\rReceiving objects:  36% (157/436)\rReceiving objects:  37% (162/436)\rReceiving objects:  38% (166/436)\rReceiving objects:  39% (171/436)\rReceiving objects:  40% (175/436)\rReceiving objects:  41% (179/436)\rReceiving objects:  42% (184/436)\rReceiving objects:  43% (188/436)\rReceiving objects:  44% (192/436)\rReceiving objects:  45% (197/436)\rReceiving objects:  46% (201/436)\rReceiving objects:  47% (205/436)\rReceiving objects:  48% (210/436)\rReceiving objects:  49% (214/436)\rReceiving objects:  50% (218/436)\rReceiving objects:  51% (223/436)\rReceiving objects:  52% (227/436)\rReceiving objects:  53% (232/436)\rReceiving objects:  54% (236/436)\rReceiving objects:  55% (240/436)\rReceiving objects:  56% (245/436)\rReceiving objects:  57% (249/436)\rReceiving objects:  58% (253/436)\rReceiving objects:  59% (258/436)\rReceiving objects:  60% (262/436)\rReceiving objects:  61% (266/436)\rReceiving objects:  62% (271/436)\rReceiving objects:  63% (275/436)\rReceiving objects:  64% (280/436)\rReceiving objects:  65% (284/436)\rReceiving objects:  66% (288/436)\rReceiving objects:  67% (293/436)\rReceiving objects:  68% (297/436)\rReceiving objects:  69% (301/436)\rReceiving objects:  70% (306/436)\rReceiving objects:  71% (310/436)\rReceiving objects:  72% (314/436)\rReceiving objects:  73% (319/436)\rReceiving objects:  74% (323/436)\rReceiving objects:  75% (327/436)\rReceiving objects:  76% (332/436)\rReceiving objects:  77% (336/436)\rReceiving objects:  78% (341/436)\rReceiving objects:  79% (345/436)\rReceiving objects:  80% (349/436)\rReceiving objects:  81% (354/436)\rReceiving objects:  82% (358/436)\rReceiving objects:  83% (362/436)\rReceiving objects:  84% (367/436)\rReceiving objects:  85% (371/436)\rReceiving objects:  86% (375/436)\rReceiving objects:  87% (380/436)\rReceiving objects:  88% (384/436)\rReceiving objects:  89% (389/436)\rReceiving objects:  90% (393/436)\rReceiving objects:  91% (397/436)\rReceiving objects:  92% (402/436)\rReceiving objects:  93% (406/436)\rReceiving objects:  94% (410/436)\rReceiving objects:  95% (415/436)\rReceiving objects:  96% (419/436)\rremote: Total 436 (delta 10), reused 16 (delta 5), pack-reused 410 (from 1)\u001b[K\r\n"}
,{"stream_name":"stdout","time":11.810689551,"data":"Receiving objects:  97% (423/436)\rReceiving objects:  98% (428/436)\rReceiving objects:  99% (432/436)\rReceiving objects: 100% (436/436)\rReceiving objects: 100% (436/436), 3.92 MiB | 16.74 MiB/s, done.\r\n"}
,{"stream_name":"stdout","time":11.810694541,"data":"Resolving deltas:   0% (0/229)\rResolving deltas:   1% (3/229)\rResolving deltas:   3% (7/229)\rResolving deltas:   4% (11/229)\rResolving deltas:   5% (12/229)\rResolving deltas:   6% (14/229)\rResolving deltas:   7% (17/229)\rResolving deltas:   8% (19/229)\rResolving deltas:   9% (21/229)\rResolving deltas:  10% (23/229)\rResolving deltas:  11% (26/229)\rResolving deltas:  12% (28/229)\rResolving deltas:  13% (30/229)\rResolving deltas:  14% (34/229)\rResolving deltas:  15% (36/229)\rResolving deltas:  16% (37/229)\rResolving deltas:  17% (39/229)\rResolving deltas:  18% (42/229)\rResolving deltas:  19% (44/229)\rResolving deltas:  20% (47/229)\rResolving deltas:  21% (50/229)\rResolving deltas:  22% (52/229)\rResolving deltas:  23% (53/229)\rResolving deltas:  24% (55/229)\rResolving deltas:  25% (58/229)\rResolving deltas:  26% (60/229)\rResolving deltas:  27% (62/229)\rResolving deltas:  28% (65/229)\rResolving deltas:  29% (67/229)\rResolving deltas:  30% (69/229)\rResolving deltas:  31% (71/229)\rResolving deltas:  32% (74/229)\rResolving deltas:  33% (76/229)\rResolving deltas:  38% (89/229)\rResolving deltas:  39% (91/229)\rResolving deltas:  40% (92/229)\rResolving deltas:  41% (94/229)\rResolving deltas:  42% (97/229)\rResolving deltas:  43% (100/229)\rResolving deltas:  44% (102/229)\rResolving deltas:  45% (104/229)\rResolving deltas:  46% (107/229)\rResolving deltas:  47% (108/229)\rResolving deltas:  48% (111/229)\rResolving deltas:  49% (113/229)\rResolving deltas:  50% (116/229)\rResolving deltas:  51% (117/229)\rResolving deltas:  54% (125/229)\rResolving deltas:  55% (126/229)\rResolving deltas:  56% (129/229)\rResolving deltas:  57% (131/229)\rResolving deltas:  58% (133/229)\rResolving deltas:  61% (140/229)\rResolving deltas:  62% (142/229)\rResolving deltas:  64% (147/229)\rResolving deltas:  65% (149/229)\rResolving deltas:  67% (155/229)\rResolving deltas:  68% (156/229)\rResolving deltas:  69% (159/229)\rResolving deltas:  70% (161/229)\rResolving deltas:  71% (163/229)\rResolving deltas:  72% (166/229)\rResolving deltas:  73% (168/229)\rResolving deltas:  74% (170/229)\rResolving deltas:  75% (172/229)\rResolving deltas:  76% (175/229)\rResolving deltas:  77% (177/229)\rResolving deltas:  78% (179/229)\rResolving deltas:  79% (181/229)\rResolving deltas:  80% (184/229)\rResolving deltas:  81% (186/229)\rResolving deltas:  82% (190/229)\rResolving deltas:  83% (192/229)\rResolving deltas:  84% (193/229)\rResolving deltas:  85% (195/229)\rResolving deltas:  86% (197/229)\rResolving deltas:  87% (201/229)\rResolving deltas:  88% (202/229)\rResolving deltas:  89% (205/229)\rResolving deltas:  90% (207/229)\rResolving deltas:  91% (209/229)\rResolving deltas:  92% (211/229)\rResolving deltas:  93% (213/229)\rResolving deltas:  94% (216/229)\rResolving deltas:  95% (218/229)\rResolving deltas:  96% (220/229)\rResolving deltas:  97% (223/229)\rResolving deltas:  98% (225/229)\rResolving deltas:  99% (227/229)\rResolving deltas: 100% (229/229)\rResolving deltas: 100% (229/229), done.\r\n"}
,{"stream_name":"stdout","time":12.364794144,"data":"/kaggle/working/oneiro\n"}
,{"stream_name":"stdout","time":52.178143894,"data":"\u001b[33mWARNING: Running pip as the 'root' user can result in broken permissions and conflicting behaviour with the system package manager, possibly rendering your system unusable. It is recommended to use a virtual environment instead: https://pip.pypa.io/warnings/venv. Use the --root-user-action option if you know what you are doing and want to suppress this warning.\u001b[0m\u001b[33m\r\n"}
,{"stream_name":"stdout","time":52.277039492,"data":"\u001b[0m\r\n"}
,{"stream_name":"stdout","time":52.277056382,"data":"\u001b[1m[\u001b[0m\u001b[34;49mnotice\u001b[0m\u001b[1;39;49m]\u001b[0m\u001b[39;49m A new release of pip is available: \u001b[0m\u001b[31;49m25.0.1\u001b[0m\u001b[39;49m -\u003e \u001b[0m\u001b[32;49m26.1.2\u001b[0m\r\n"}
,{"stream_name":"stdout","time":52.277062942,"data":"\u001b[1m[\u001b[0m\u001b[34;49mnotice\u001b[0m\u001b[1;39;49m]\u001b[0m\u001b[39;49m To update, run: \u001b[0m\u001b[32;49mpip install --upgrade pip\u001b[0m\r\n"}
,{"stream_name":"stdout","time":67.320982759,"data":"\u001b[33mWARNING: Running pip as the 'root' user can result in broken permissions and conflicting behaviour with the system package manager, possibly rendering your system unusable. It is recommended to use a virtual environment instead: https://pip.pypa.io/warnings/venv. Use the --root-user-action option if you know what you are doing and want to suppress this warning.\u001b[0m\u001b[33m\r\n"}
,{"stream_name":"stdout","time":67.371282528,"data":"\u001b[0m\r\n"}
,{"stream_name":"stdout","time":67.371316667,"data":"\u001b[1m[\u001b[0m\u001b[34;49mnotice\u001b[0m\u001b[1;39;49m]\u001b[0m\u001b[39;49m A new release of pip is available: \u001b[0m\u001b[31;49m25.0.1\u001b[0m\u001b[39;49m -\u003e \u001b[0m\u001b[32;49m26.1.2\u001b[0m\r\n"}
,{"stream_name":"stdout","time":67.371323797,"data":"\u001b[1m[\u001b[0m\u001b[34;49mnotice\u001b[0m\u001b[1;39;49m]\u001b[0m\u001b[39;49m To update, run: \u001b[0m\u001b[32;49mpip install --upgrade pip\u001b[0m\r\n"}
,{"stream_name":"stdout","time":87.060562786,"data":"\u001b[33mWARNING: Running pip as the 'root' user can result in broken permissions and conflicting behaviour with the system package manager, possibly rendering your system unusable. It is recommended to use a virtual environment instead: https://pip.pypa.io/warnings/venv. Use the --root-user-action option if you know what you are doing and want to suppress this warning.\u001b[0m\u001b[33m\r\n"}
,{"stream_name":"stdout","time":87.060597116,"data":"\u001b[0m\r\n"}
,{"stream_name":"stdout","time":87.060602706,"data":"\u001b[1m[\u001b[0m\u001b[34;49mnotice\u001b[0m\u001b[1;39;49m]\u001b[0m\u001b[39;49m A new release of pip is available: \u001b[0m\u001b[31;49m25.0.1\u001b[0m\u001b[39;49m -\u003e \u001b[0m\u001b[32;49m26.1.2\u001b[0m\r\n"}
,{"stream_name":"stdout","time":87.060607626,"data":"\u001b[1m[\u001b[0m\u001b[34;49mnotice\u001b[0m\u001b[1;39;49m]\u001b[0m\u001b[39;49m To update, run: \u001b[0m\u001b[32;49mpip install --upgrade pip\u001b[0m\r\n"}
,{"stream_name":"stdout","time":88.761465406,"data":"/usr/local/lib/python3.12/site-packages/jax/_src/cloud_tpu_init.py:88: UserWarning: Transparent hugepages are not enabled. TPU runtime startup and shutdown time should be significantly improved on TPU v5e and newer. If not already set, you may need to enable transparent hugepages in your VM image (sudo sh -c \"echo always \u003e /sys/kernel/mm/transparent_hugepage/enabled\")\r\n"}
,{"stream_name":"stdout","time":88.761504236,"data":"  warnings.warn(\r\n"}
,{"stream_name":"stdout","time":93.961639193,"data":"Gym has been unmaintained since 2022 and does not support NumPy 2.0 amongst other critical functionality.\r\n"}
,{"stream_name":"stdout","time":93.961679764,"data":"Please upgrade to Gymnasium, the maintained drop-in replacement of Gym, or contact the authors of your software and request that they upgrade.\r\n"}
,{"stream_name":"stdout","time":93.961686293,"data":"Users of this version of Gym should be able to simply replace 'import gym' with 'import gymnasium as gym' in the vast majority of cases.\r\n"}
,{"stream_name":"stdout","time":93.961691353,"data":"See the migration guide at https://gymnasium.farama.org/introduction/migration_guide/ for additional information.\r\n"}
,{"stream_name":"stdout","time":96.385515173,"data":"WARNING: Logging before InitGoogle() is written to STDERR\r\n"}
,{"stream_name":"stdout","time":96.385543113,"data":"E0000 00:00:1785130412.435957     133 common_lib.cc:646] Could not set metric server port: INVALID_ARGUMENT: Could not find SliceBuilder port 8471 in any of the 0 ports provided in `tpu_process_addresses`=\"local\"\r\n"}
,{"stream_name":"stdout","time":96.385550673,"data":"=== Source Location Trace: ===\r\n"}
,{"stream_name":"stdout","time":96.385555393,"data":"learning/45eac/tfrc/runtime/common_lib.cc:228\r\n"}
,{"stream_name":"stdout","time":105.448224096,"data":"JAX backend : tpu\r\n"}
,{"stream_name":"stdout","time":105.448263905,"data":"Device      : [TpuDevice(id=0, process_index=0, coords=(0,0,0), core_on_chip=0), TpuDevice(id=1, process_index=0, coords=(1,0,0), core_on_chip=0), TpuDevice(id=2, process_index=0, coords=(0,1,0), core_on_chip=0), TpuDevice(id=3, process_index=0, coords=(1,1,0), core_on_chip=0), TpuDevice(id=4, process_index=0, coords=(0,2,0), core_on_chip=0), TpuDevice(id=5, process_index=0, coords=(1,2,0), core_on_chip=0), TpuDevice(id=6, process_index=0, coords=(0,3,0), core_on_chip=0), TpuDevice(id=7, process_index=0, coords=(1,3,0), core_on_chip=0)]\r\n"}
,{"stream_name":"stdout","time":105.448286185,"data":"Sharding    : DATA-PARALLEL sur 8 devices (mesh OrderedDict({'data': 8}), axis 'data', batch dim0 shardé, state répliqué)\r\n"}
,{"stream_name":"stdout","time":105.448290425,"data":"Run         : v50-wmfix-t1\r\n"}
,{"stream_name":"stdout","time":105.448293265,"data":"Config      : entropy=0.0003  train_iter=45000  n_envs=4  batch=16  seq_len=64\r\n"}
,{"stream_name":"stdout","time":105.448296065,"data":"Optim       : lr_wm=1.0e-04  lr_ac=1.0e-04  lr_alpha=1.0e-03  grad_clip=100.0  horizon=16\r\n"}
,{"stream_name":"stdout","time":105.448299005,"data":"Replay      : collect/iter=32  wm_train/iter=4  ac_train/iter=4  → train_ratio≈128\r\n"}
,{"stream_name":"stdout","time":105.448302105,"data":"Flags       : adaptive_alpha=False  auto_explore=False  use_rnd=False\r\n"}
,{"stream_name":"stdout","time":105.448304856,"data":"\r\n"}
,{"stream_name":"stdout","time":108.377010432,"data":"Buffer      : CPU (1,000,000 cap, 12300 MB)\r\n"}
,{"stream_name":"stdout","time":118.225687697,"data":"Adaptive α : OFF (entropy_coef fixe = 0.0003)\r\n"}
,{"stream_name":"stdout","time":118.225724646,"data":"RND        : OFF\r\n"}
,{"stream_name":"stdout","time":118.225730486,"data":"Auto-explore : OFF\r\n"}
,{"stream_name":"stdout","time":118.225735026,"data":"\r\n"}
,{"stream_name":"stdout","time":118.225739026,"data":"============================================================\r\n"}
,{"stream_name":"stdout","time":118.225743786,"data":"Architecture\r\n"}
,{"stream_name":"stdout","time":118.225748486,"data":"============================================================\r\n"}
,{"stream_name":"stdout","time":118.225752646,"data":"  WM modules (CNNEnc+RSSM+CNNDec+heads) : 54,153,539 params\r\n"}
,{"stream_name":"stdout","time":118.225756586,"data":"  Actor + Critic                        : 10,782,992 params\r\n"}
,{"stream_name":"stdout","time":118.225760546,"data":"  TOTAL                                 : 64,936,531 params (~64.94M)\r\n"}
,{"stream_name":"stdout","time":118.225764637,"data":"\r\n"}
,{"stream_name":"stdout","time":118.981230817,"data":"Output dirs : runs=/kaggle/working/runs  checkpoints=/kaggle/working/checkpoints\r\n"}
,{"stream_name":"stdout","time":118.981262887,"data":"\r\n"}
,{"stream_name":"stdout","time":118.981268687,"data":"============================================================\r\n"}
,{"stream_name":"stdout","time":118.981273387,"data":"Phase 0 : Warmup random (5000 steps, 4 envs)\r\n"}
,{"stream_name":"stdout","time":118.981277817,"data":"============================================================\r\n"}
,{"stream_name":"stdout","time":128.972689036,"data":"Buffer : 5000 transitions en 10.0s\r\n"}
,{"stream_name":"stdout","time":128.972721396,"data":"         Mémoire buffer : 12300.0 MB\r\n"}
,{"stream_name":"stdout","time":128.972728036,"data":"\r\n"}
,{"stream_name":"stdout","time":128.972732696,"data":"============================================================\r\n"}
,{"stream_name":"stdout","time":128.972737766,"data":"Phase 1 : Training Dreamer JAX (45000 itérations)\r\n"}
,{"stream_name":"stdout","time":128.972742916,"data":"============================================================\r\n"}
,{"stream_name":"stdout","time":129.174816059,"data":"[Phase 13] Safeguards : warmup=5000  adaptive_rnd=True  health_auto_stop=False  h_target_schedule=True [1.13→1.13 over 10000]\r\n"}
,{"stream_name":"stdout","time":193.669357198,"data":"  iter    50/45000 [ 0.1%] | WM wm=144.50 rec=141.61 kl=2.24 rew=0.637 con=0.013 rew@ach=0.13/0.91(n=18) rew@0=+0.111 | AC act=1.843 crit=3.533 pg=1.844 H=2.74 | img ret=1.54 val=0.83 imgR(mu=0.121 max=0.19 p99=0.18 hi=0.00%) scale=1.00 p5=0.47 p95=1.21 | r/step=0.0122 | 0.8 ips ETA 16h04\r\n"}
,{"stream_name":"stdout","time":231.660074153,"data":"  iter   100/45000 [ 0.2%] | WM wm=79.23 rec=76.43 kl=2.25 rew=0.523 con=0.022 rew@ach=0.22/0.81(n=17) rew@0=+0.057 | AC act=0.364 crit=1.988 pg=0.365 H=2.73 | img ret=1.78 val=1.62 imgR(mu=0.046 max=0.60 p99=0.19 hi=0.06%) scale=1.17 p5=1.04 p95=2.21 | r/step=0.0047 | 1.0 ips ETA 12h46\r\n"}
,{"stream_name":"stdout","time":269.55600208,"data":"  iter   150/45000 [ 0.3%] | WM wm=81.05 rec=77.31 kl=3.13 rew=0.578 con=0.032 rew@ach=0.26/0.83(n=20) rew@0=+0.045 | AC act=-0.003 crit=2.260 pg=-0.002 H=2.72 | img ret=1.57 val=1.59 imgR(mu=0.028 max=0.89 p99=0.24 hi=0.41%) scale=2.36 p5=0.38 p95=2.74 | r/step=0.0022 | 1.1 ips ETA 11h39\r\n"}
,{"stream_name":"stdout","time":307.917650405,"data":"  iter   200/45000 [ 0.4%] | WM wm=70.76 rec=66.95 kl=3.42 rew=0.383 con=0.016 rew@ach=0.41/0.89(n=15) rew@0=+0.038 | AC act=0.019 crit=2.246 pg=0.020 H=2.71 | img ret=2.09 val=2.07 imgR(mu=0.039 max=0.95 p99=0.54 hi=1.09%) scale=3.43 p5=-0.04 p95=3.39 | r/step=0.0038 | 1.1 ips ETA 11h07\r\n"}
,{"stream_name":"stdout","time":345.692492039,"data":"  iter   250/45000 [ 0.6%] | WM wm=46.57 rec=42.64 kl=3.53 rew=0.383 con=0.020 rew@ach=0.43/1.00(n=11) rew@0=+0.024 | AC act=0.013 crit=2.309 pg=0.013 H=2.70 | img ret=1.82 val=1.81 imgR(mu=0.032 max=0.99 p99=0.32 hi=0.54%) scale=3.93 p5=-0.29 p95=3.64 | r/step=0.0074 | 1.2 ips ETA 10h45\r\n"}
,{"stream_name":"stdout","time":383.693853181,"data":"  iter   300/45000 [ 0.7%] | WM wm=45.91 rec=41.95 kl=3.59 rew=0.347 con=0.026 rew@ach=0.65/0.86(n=12) rew@0=+0.061 | AC act=0.005 crit=2.456 pg=0.006 H=2.71 | img ret=1.76 val=1.76 imgR(mu=0.037 max=1.00 p99=0.52 hi=1.09%) scale=4.27 p5=-0.37 p95=3.90 | r/step=0.0044 | 1.2 ips ETA 10h31\r\n"}
,{"stream_name":"stdout","time":421.262154429,"data":"  iter   350/45000 [ 0.8%] | WM wm=43.33 rec=38.96 kl=4.05 rew=0.292 con=0.018 rew@ach=0.59/0.81(n=17) rew@0=+0.019 | AC act=-0.071 crit=2.365 pg=-0.070 H=2.70 | img ret=0.90 val=1.02 imgR(mu=0.009 max=1.00 p99=0.34 hi=0.59%) scale=4.32 p5=-0.44 p95=3.88 | r/step=0.0094 | 1.2 ips ETA 10h21\r\n"}
,{"stream_name":"stdout","time":459.015276129,"data":"  iter   400/45000 [ 0.9%] | WM wm=41.86 rec=37.50 kl=3.99 rew=0.347 con=0.018 rew@ach=0.40/0.69(n=16) rew@0=+0.017 | AC act=-0.073 crit=2.374 pg=-0.072 H=2.71 | img ret=1.14 val=1.25 imgR(mu=0.017 max=0.99 p99=0.29 hi=0.49%) scale=4.04 p5=-0.43 p95=3.60 | r/step=0.0087 | 1.2 ips ETA 10h12\r\n"}
,{"stream_name":"stdout","time":496.639760508,"data":"  iter   450/45000 [ 1.0%] | WM wm=44.99 rec=40.19 kl=4.40 rew=0.397 con=0.008 rew@ach=0.52/0.77(n=15) rew@0=+0.029 | AC act=0.115 crit=2.830 pg=0.116 H=2.71 | img ret=0.98 val=0.82 imgR(mu=0.050 max=1.00 p99=0.83 hi=3.47%) scale=3.72 p5=-0.51 p95=3.22 | r/step=0.0096 | 1.2 ips ETA 10h06\r\n"}
,{"stream_name":"stdout","time":534.623249682,"data":"  iter   500/45000 [ 1.1%] | WM wm=33.21 rec=29.25 kl=3.68 rew=0.258 con=0.018 rew@ach=0.72/1.00(n=13) rew@0=+0.018 | AC act=-0.026 crit=2.352 pg=-0.025 H=2.70 | img ret=0.93 val=0.96 imgR(mu=0.021 max=1.00 p99=0.41 hi=0.76%) scale=3.31 p5=-0.56 p95=2.75 | r/step=0.0112 | 1.2 ips ETA 10h01\r\n"}
,{"stream_name":"stdout","time":572.490996497,"data":"  iter   550/45000 [ 1.2%] | WM wm=38.16 rec=33.52 kl=4.30 rew=0.315 con=0.024 rew@ach=0.60/0.91(n=17) rew@0=+0.029 | AC act=-0.070 crit=2.258 pg=-0.069 H=2.70 | img ret=0.70 val=0.78 imgR(mu=0.007 max=1.00 p99=0.32 hi=0.65%) scale=3.16 p5=-0.66 p95=2.49 | r/step=0.0039 | 1.2 ips ETA 9h57\r\n"}
,{"stream_name":"stdout","time":610.477250719,"data":"  iter   600/45000 [ 1.3%] | WM wm=36.38 rec=31.67 kl=4.41 rew=0.273 con=0.020 rew@ach=0.52/0.58(n=12) rew@0=+0.019 | AC act=-0.042 crit=2.233 pg=-0.041 H=2.70 | img ret=0.45 val=0.50 imgR(mu=0.003 max=1.00 p99=0.18 hi=0.40%) scale=3.03 p5=-0.73 p95=2.29 | r/step=0.0064 | 1.2 ips ETA 9h53\r\n"}
,{"stream_name":"stdout","time":648.393373861,"data":"  iter   650/45000 [ 1.4%] | WM wm=34.13 rec=29.67 kl=4.19 rew=0.246 con=0.018 rew@ach=0.60/0.98(n=10) rew@0=+0.015 | AC act=-0.043 crit=2.382 pg=-0.042 H=2.71 | img ret=0.25 val=0.30 imgR(mu=0.008 max=1.00 p99=0.39 hi=0.70%) scale=2.90 p5=-0.82 p95=2.07 | r/step=0.0071 | 1.3 ips ETA 9h50\r\n"}
,{"stream_name":"stdout","time":686.228977547,"data":"  iter   700/45000 [ 1.6%] | WM wm=31.80 rec=27.21 kl=4.29 rew=0.290 con=0.013 rew@ach=0.66/0.91(n=18) rew@0=+0.010 | AC act=0.005 crit=2.211 pg=0.006 H=2.70 | img ret=0.35 val=0.35 imgR(mu=0.016 max=1.00 p99=0.86 hi=1.64%) scale=2.92 p5=-0.93 p95=1.99 | r/step=0.0010 | 1.3 ips ETA 9h47\r\n"}
,{"stream_name":"stdout","time":724.361097676,"data":"  iter   750/45000 [ 1.7%] | WM wm=37.15 rec=32.55 kl=4.40 rew=0.193 con=0.006 rew@ach=0.69/0.77(n=14) rew@0=+0.009 | AC act=-0.006 crit=2.155 pg=-0.006 H=2.69 | img ret=0.17 val=0.17 imgR(mu=0.003 max=1.00 p99=0.58 hi=1.20%) scale=2.76 p5=-0.99 p95=1.76 | r/step=0.0049 | 1.3 ips ETA 9h45\r\n"}
,{"stream_name":"stdout","time":761.929980616,"data":"  iter   800/45000 [ 1.8%] | WM wm=34.49 rec=29.48 kl=4.67 rew=0.323 con=0.012 rew@ach=0.54/0.72(n=18) rew@0=+0.007 | AC act=0.100 crit=2.670 pg=0.100 H=2.70 | img ret=0.23 val=0.13 imgR(mu=0.025 max=1.00 p99=0.79 hi=2.12%) scale=2.70 p5=-1.08 p95=1.62 | r/step=0.0086 | 1.3 ips ETA 9h42\r\n"}
,{"stream_name":"stdout","time":799.868290821,"data":"  iter   850/45000 [ 1.9%] | WM wm=28.73 rec=23.80 kl=4.68 rew=0.235 con=0.011 rew@ach=0.51/0.42(n=12) rew@0=+0.002 | AC act=-0.003 crit=2.091 pg=-0.003 H=2.69 | img ret=0.12 val=0.12 imgR(mu=0.015 max=1.00 p99=0.74 hi=1.48%) scale=2.64 p5=-1.13 p95=1.50 | r/step=0.0068 | 1.3 ips ETA 9h40\r\n"}
,{"stream_name":"stdout","time":837.695759158,"data":"  iter   900/45000 [ 2.0%] | WM wm=32.69 rec=27.95 kl=4.52 rew=0.213 con=0.005 rew@ach=0.78/0.90(n=17) rew@0=+0.004 | AC act=-0.014 crit=2.432 pg=-0.014 H=2.70 | img ret=-0.12 val=-0.11 imgR(mu=0.010 max=1.00 p99=0.74 hi=1.64%) scale=2.51 p5=-1.12 p95=1.39 | r/step=0.0017 | 1.3 ips ETA 9h38\r\n"}
,{"stream_name":"stdout","time":875.600302903,"data":"  iter   950/45000 [ 2.1%] | WM wm=27.37 rec=22.29 kl=4.79 rew=0.276 con=0.012 rew@ach=0.67/0.80(n=17) rew@0=+0.019 | AC act=-0.007 crit=2.098 pg=-0.006 H=2.70 | img ret=-0.15 val=-0.14 imgR(mu=0.012 max=1.01 p99=0.56 hi=1.13%) scale=2.49 p5=-1.12 p95=1.37 | r/step=0.0061 | 1.3 ips ETA 9h36\r\n"}
,{"stream_name":"stdout","time":913.691905629,"data":"  iter  1000/45000 [ 2.2%] | WM wm=28.77 rec=23.99 kl=4.55 rew=0.226 con=0.008 rew@ach=0.75/0.89(n=17) rew@0=+0.018 | AC act=0.005 crit=2.263 pg=0.006 H=2.70 | img ret=0.03 val=0.03 imgR(mu=0.012 max=1.01 p99=0.80 hi=1.84%) scale=2.46 p5=-1.10 p95=1.37 | r/step=0.0104 | 1.3 ips ETA 9h35\r\n"}
,{"stream_name":"stdout","time":951.399967332,"data":"  iter  1050/45000 [ 2.3%] | WM wm=29.68 rec=24.79 kl=4.74 rew=0.148 con=0.002 rew@ach=0.85/0.89(n=16) rew@0=+0.005 | AC act=-0.090 crit=2.182 pg=-0.089 H=2.70 | img ret=-0.20 val=-0.12 imgR(mu=-0.002 max=1.01 p99=0.38 hi=0.87%) scale=2.35 p5=-1.11 p95=1.25 | r/step=0.0056 | 1.3 ips ETA 9h33\r\n"}
,{"stream_name":"stdout","time":988.996889122,"data":"  iter  1100/45000 [ 2.4%] | WM wm=27.49 rec=22.82 kl=4.49 rew=0.172 con=0.002 rew@ach=0.94/1.00(n=20) rew@0=+0.016 | AC act=0.042 crit=2.077 pg=0.042 H=2.70 | img ret=-0.12 val=-0.16 imgR(mu=0.009 max=1.00 p99=0.73 hi=1.57%) scale=2.33 p5=-1.14 p95=1.19 | r/step=0.0061 | 1.3 ips ETA 9h31\r\n"}
,{"stream_name":"stdout","time":1027.121509994,"data":"  iter  1150/45000 [ 2.6%] | WM wm=26.80 rec=21.84 kl=4.67 rew=0.280 con=0.006 rew@ach=0.61/0.79(n=15) rew@0=+0.004 | AC act=-0.017 crit=1.929 pg=-0.016 H=2.69 | img ret=-0.12 val=-0.10 imgR(mu=0.012 max=1.00 p99=0.85 hi=1.24%) scale=2.35 p5=-1.14 p95=1.20 | r/step=0.0135 | 1.3 ips ETA 9h30\r\n"}
,{"stream_name":"stdout","time":1065.055841868,"data":"  iter  1200/45000 [ 2.7%] | WM wm=26.99 rec=21.79 kl=4.94 rew=0.250 con=0.011 rew@ach=0.82/0.86(n=14) rew@0=+0.011 | AC act=-0.012 crit=1.991 pg=-0.011 H=2.69 | img ret=0.11 val=0.12 imgR(mu=0.005 max=1.01 p99=0.67 hi=1.17%) scale=2.29 p5=-1.12 p95=1.16 | r/step=0.0081 | 1.3 ips ETA 9h29\r\n"}
,{"stream_name":"stdout","time":1102.937325751,"data":"  iter  1250/45000 [ 2.8%] | WM wm=23.44 rec=18.49 kl=4.76 rew=0.175 con=0.013 rew@ach=0.56/0.63(n=9) rew@0=+0.008 | AC act=-0.022 crit=2.263 pg=-0.021 H=2.70 | img ret=0.12 val=0.14 imgR(mu=0.014 max=1.00 p99=0.84 hi=1.57%) scale=2.24 p5=-1.12 p95=1.12 | r/step=0.0115 | 1.3 ips ETA 9h28\r\n"}
,{"stream_name":"stdout","time":1141.065224104,"data":"  iter  1300/45000 [ 2.9%] | WM wm=25.63 rec=20.68 kl=4.70 rew=0.242 con=0.005 rew@ach=0.46/0.64(n=18) rew@0=+0.005 | AC act=-0.118 crit=2.337 pg=-0.117 H=2.70 | img ret=-0.43 val=-0.33 imgR(mu=-0.018 max=1.00 p99=0.67 hi=1.19%) scale=2.27 p5=-1.20 p95=1.08 | r/step=0.0047 | 1.3 ips ETA 9h26\r\n"}
,{"stream_name":"stdout","time":1178.691873765,"data":"  iter  1350/45000 [ 3.0%] | WM wm=24.01 rec=19.12 kl=4.69 rew=0.189 con=0.007 rew@ach=0.69/0.81(n=17) rew@0=+0.008 | AC act=0.029 crit=1.799 pg=0.030 H=2.70 | img ret=-0.05 val=-0.08 imgR(mu=0.004 max=1.01 p99=0.48 hi=0.96%) scale=2.27 p5=-1.21 p95=1.06 | r/step=0.0104 | 1.3 ips ETA 9h25\r\n"}
,{"stream_name":"stdout","time":1216.807084499,"data":"  iter  1400/45000 [ 3.1%] | WM wm=28.91 rec=23.96 kl=4.79 rew=0.155 con=0.001 rew@ach=0.73/0.81(n=18) rew@0=+0.010 | AC act=0.048 crit=1.936 pg=0.049 H=2.69 | img ret=0.15 val=0.11 imgR(mu=0.014 max=1.00 p99=0.80 hi=1.57%) scale=2.29 p5=-1.17 p95=1.11 | r/step=0.0080 | 1.3 ips ETA 9h24\r\n"}
,{"stream_name":"stdout","time":1255.112532726,"data":"  iter  1450/45000 [ 3.2%] | WM wm=24.09 rec=18.73 kl=5.11 rew=0.238 con=0.007 rew@ach=0.77/0.86(n=12) rew@0=+0.011 | AC act=-0.031 crit=2.037 pg=-0.030 H=2.70 | img ret=-0.19 val=-0.16 imgR(mu=-0.006 max=1.00 p99=0.22 hi=0.64%) scale=2.34 p5=-1.16 p95=1.18 | r/step=0.0066 | 1.3 ips ETA 9h23\r\n"}
,{"stream_name":"stdout","time":1293.068016068,"data":"  iter  1500/45000 [ 3.3%] | WM wm=23.96 rec=18.87 kl=4.85 rew=0.230 con=0.010 rew@ach=0.40/0.43(n=12) rew@0=+0.011 | AC act=-0.014 crit=2.028 pg=-0.013 H=2.70 | img ret=-0.26 val=-0.25 imgR(mu=0.006 max=1.01 p99=0.53 hi=1.07%) scale=2.39 p5=-1.19 p95=1.20 | r/step=0.0076 | 1.3 ips ETA 9h22\r\n"}
,{"stream_name":"stdout","time":1330.911541402,"data":"  iter  1550/45000 [ 3.4%] | WM wm=19.96 rec=14.98 kl=4.79 rew=0.181 con=0.004 rew@ach=0.63/0.71(n=17) rew@0=+0.004 | AC act=-0.017 crit=2.082 pg=-0.016 H=2.70 | img ret=-0.04 val=-0.03 imgR(mu=-0.001 max=1.01 p99=0.40 hi=0.87%) scale=2.30 p5=-1.16 p95=1.14 | r/step=0.0067 | 1.3 ips ETA 9h21\r\n"}
,{"stream_name":"stdout","time":1367.973397184,"data":"  iter  1600/45000 [ 3.6%] | WM wm=21.33 rec=16.45 kl=4.67 rew=0.206 con=0.004 rew@ach=0.83/0.91(n=18) rew@0=+0.007 | AC act=0.026 crit=1.859 pg=0.027 H=2.70 | img ret=0.00 val=-0.02 imgR(mu=0.010 max=1.00 p99=0.76 hi=1.42%) scale=2.27 p5=-1.12 p95=1.15 | r/step=0.0006 | 1.3 ips ETA 9h20\r\n"}
,{"stream_name":"stdout","time":1405.593156334,"data":"  iter  1650/45000 [ 3.7%] | WM wm=22.26 rec=17.32 kl=4.80 rew=0.133 con=0.003 rew@ach=0.93/1.00(n=12) rew@0=+0.009 | AC act=-0.009 crit=1.872 pg=-0.009 H=2.70 | img ret=-0.14 val=-0.14 imgR(mu=0.001 max=1.00 p99=0.44 hi=0.91%) scale=2.21 p5=-1.14 p95=1.07 | r/step=0.0088 | 1.3 ips ETA 9h18\r\n"}
,{"stream_name":"stdout","time":1443.201857615,"data":"  iter  1700/45000 [ 3.8%] | WM wm=19.82 rec=14.80 kl=4.83 rew=0.186 con=0.003 rew@ach=0.86/0.91(n=22) rew@0=+0.008 | AC act=-0.023 crit=2.094 pg=-0.022 H=2.71 | img ret=-0.15 val=-0.14 imgR(mu=-0.002 max=1.01 p99=0.57 hi=1.12%) scale=2.07 p5=-1.07 p95=1.01 | r/step=0.0052 | 1.3 ips ETA 9h17\r\n"}
,{"stream_name":"stdout","time":1480.621147365,"data":"  iter  1750/45000 [ 3.9%] | WM wm=21.85 rec=16.57 kl=5.11 rew=0.165 con=0.003 rew@ach=0.43/0.54(n=11) rew@0=+0.007 | AC act=-0.005 crit=1.799 pg=-0.004 H=2.71 | img ret=-0.21 val=-0.20 imgR(mu=0.010 max=1.01 p99=0.55 hi=1.04%) scale=2.12 p5=-1.07 p95=1.05 | r/step=0.0110 | 1.3 ips ETA 9h16\r\n"}
,{"stream_name":"stdout","time":1518.400667969,"data":"  iter  1800/45000 [ 4.0%] | WM wm=20.81 rec=15.86 kl=4.81 rew=0.135 con=0.005 rew@ach=0.86/0.89(n=15) rew@0=+0.007 | AC act=-0.025 crit=1.795 pg=-0.024 H=2.70 | img ret=-0.12 val=-0.10 imgR(mu=0.003 max=1.00 p99=0.36 hi=0.92%) scale=2.09 p5=-1.07 p95=1.02 | r/step=0.0025 | 1.3 ips ETA 9h15\r\n"}
,{"stream_name":"stdout","time":1556.23931993,"data":"  iter  1850/45000 [ 4.1%] | WM wm=24.33 rec=19.03 kl=5.12 rew=0.165 con=0.004 rew@ach=0.49/0.52(n=14) rew@0=-0.001 | AC act=-0.012 crit=1.730 pg=-0.011 H=2.70 | img ret=-0.16 val=-0.15 imgR(mu=-0.004 max=1.00 p99=0.49 hi=0.99%) scale=2.02 p5=-1.05 p95=0.96 | r/step=0.0056 | 1.3 ips ETA 9h14\r\n"}
,{"stream_name":"stdout","time":1594.299160058,"data":"  iter  1900/45000 [ 4.2%] | WM wm=22.59 rec=17.26 kl=5.22 rew=0.115 con=0.006 rew@ach=0.59/0.62(n=9) rew@0=+0.004 | AC act=-0.038 crit=1.720 pg=-0.037 H=2.70 | img ret=-0.14 val=-0.11 imgR(mu=-0.006 max=1.01 p99=0.22 hi=0.78%) scale=2.08 p5=-1.07 p95=1.01 | r/step=0.0071 | 1.3 ips ETA 9h13\r\n"}
,{"stream_name":"stdout","time":1632.147665579,"data":"  iter  1950/45000 [ 4.3%] | WM wm=18.68 rec=13.69 kl=4.81 rew=0.177 con=0.005 rew@ach=0.54/0.58(n=16) rew@0=+0.003 | AC act=0.055 crit=2.000 pg=0.056 H=2.70 | img ret=-0.04 val=-0.08 imgR(mu=0.014 max=1.00 p99=0.96 hi=2.23%) scale=2.05 p5=-1.09 p95=0.96 | r/step=0.0045 | 1.3 ips ETA 9h13\r\n"}
,{"stream_name":"stdout","time":1670.216097478,"data":"  iter  2000/45000 [ 4.4%] | WM wm=23.43 rec=17.51 kl=5.69 rew=0.218 con=0.010 rew@ach=0.45/0.49(n=17) rew@0=+0.003 | AC act=0.015 crit=1.819 pg=0.016 H=2.70 | img ret=-0.05 val=-0.06 imgR(mu=0.007 max=1.00 p99=0.84 hi=1.75%) scale=2.01 p5=-1.07 p95=0.94 | r/step=0.0066 | 1.3 ips ETA 9h12\r\n"}
,{"stream_name":"stdout","time":1708.148713558,"data":"  iter  2050/45000 [ 4.6%] | WM wm=22.26 rec=16.24 kl=5.79 rew=0.216 con=0.015 rew@ach=0.55/0.60(n=13) rew@0=+0.009 | AC act=0.001 crit=2.334 pg=0.001 H=0.08 | img ret=-0.07 val=-0.07 imgR(mu=0.013 max=1.01 p99=0.48 hi=0.95%) scale=1.96 p5=-0.63 p95=1.33 | r/step=-0.0056 | 1.3 ips ETA 9h11\r\n"}
,{"stream_name":"stdout","time":1708.148741489,"data":"  [health] WARN H_collapse: H=0.08\r\n"}
,{"stream_name":"stdout","time":1745.730805951,"data":"  iter  2100/45000 [ 4.7%] | WM wm=17.61 rec=12.79 kl=4.64 rew=0.165 con=0.006 rew@ach=0.77/0.76(n=14) rew@0=+0.006 | AC act=0.002 crit=2.031 pg=0.002 H=0.08 | img ret=-0.02 val=-0.08 imgR(mu=0.016 max=1.00 p99=0.46 hi=0.88%) scale=2.11 p5=-0.65 p95=1.46 | r/step=-0.0035 | 1.3 ips ETA 9h10\r\n"}
,{"stream_name":"stdout","time":1745.730836611,"data":"  [health] WARN H_collapse: H=0.08\r\n"}
,{"stream_name":"stdout","time":1783.619363793,"data":"  iter  2150/45000 [ 4.8%] | WM wm=28.76 rec=22.83 kl=5.75 rew=0.169 con=0.004 rew@ach=0.64/0.64(n=14) rew@0=+0.011 | AC act=-0.001 crit=1.667 pg=-0.001 H=0.08 | img ret=-0.10 val=-0.07 imgR(mu=0.002 max=1.00 p99=0.11 hi=0.67%) scale=1.80 p5=-0.64 p95=1.16 | r/step=-0.0018 | 1.3 ips ETA 9h09\r\n"}
,{"stream_name":"stdout","time":1783.619394003,"data":"  [health] WARN H_collapse: H=0.08\r\n"}
,{"stream_name":"stdout","time":1821.595592823,"data":"  iter  2200/45000 [ 4.9%] | WM wm=25.35 rec=19.72 kl=5.37 rew=0.254 con=0.010 rew@ach=0.75/0.91(n=18) rew@0=+0.009 | AC act=0.002 crit=1.690 pg=0.002 H=0.08 | img ret=0.09 val=0.04 imgR(mu=0.013 max=1.00 p99=0.58 hi=1.10%) scale=1.75 p5=-0.69 p95=1.06 | r/step=-0.0034 | 1.3 ips ETA 9h08\r\n"}
,{"stream_name":"stdout","time":1821.595643973,"data":"  [health] WARN H_collapse: H=0.08\r\n"}
,{"stream_name":"stdout","time":1859.35498063,"data":"  iter  2250/45000 [ 5.0%] | WM wm=29.80 rec=24.15 kl=5.49 rew=0.148 con=0.010 rew@ach=0.49/0.62(n=9) rew@0=+0.004 | AC act=0.001 crit=1.737 pg=0.001 H=0.08 | img ret=-0.06 val=-0.05 imgR(mu=-0.002 max=1.00 p99=0.06 hi=0.39%) scale=1.78 p5=-0.66 p95=1.13 | r/step=-0.0048 | 1.3 ips ETA 9h07\r\n"}
,{"stream_name":"stdout","time":1859.3550176,"data":"  [health] WARN H_collapse: H=0.08\r\n"}
,{"stream_name":"stdout","time":1859.35502233,"data":"  [health] WARN FATAL: H_collapse persistent (consec=5)\r\n"}
,{"stream_name":"stdout","time":1897.523855163,"data":"  iter  2300/45000 [ 5.1%] | WM wm=27.52 rec=21.66 kl=5.72 rew=0.132 con=0.005 rew@ach=0.62/0.66(n=10) rew@0=+0.003 | AC act=-0.002 crit=1.606 pg=-0.002 H=0.09 | img ret=-0.17 val=-0.12 imgR(mu=0.001 max=1.01 p99=0.06 hi=0.67%) scale=1.66 p5=-0.68 p95=0.97 | r/step=-0.0049 | 1.3 ips ETA 9h07\r\n"}
,{"stream_name":"stdout","time":1897.523888213,"data":"  [health] WARN H_collapse: H=0.09\r\n"}
,{"stream_name":"stdout","time":1897.523894743,"data":"  [health] WARN FATAL: H_collapse persistent (consec=6)\r\n"}
,{"stream_name":"stdout","time":1935.258470481,"data":"  iter  2350/45000 [ 5.2%] | WM wm=19.98 rec=15.22 kl=4.60 rew=0.158 con=0.007 rew@ach=0.92/1.00(n=11) rew@0=+0.002 | AC act=0.002 crit=2.171 pg=0.002 H=0.08 | img ret=0.51 val=0.43 imgR(mu=0.008 max=1.00 p99=0.48 hi=0.99%) scale=2.66 p5=-0.58 p95=2.08 | r/step=0.0024 | 1.3 ips ETA 9h06\r\n"}
,{"stream_name":"stdout","time":1935.258521431,"data":"  [health] WARN H_collapse: H=0.08\r\n"}
,{"stream_name":"stdout","time":1935.258526321,"data":"  [health] WARN FATAL: H_collapse persistent (consec=7)\r\n"}
,{"stream_name":"stdout","time":1973.16319522,"data":"  iter  2400/45000 [ 5.3%] | WM wm=18.57 rec=14.32 kl=4.10 rew=0.148 con=0.002 rew@ach=0.54/0.63(n=14) rew@0=+0.013 | AC act=0.002 crit=2.230 pg=0.002 H=0.08 | img ret=0.67 val=0.54 imgR(mu=0.020 max=1.01 p99=0.62 hi=1.40%) scale=2.94 p5=-0.60 p95=2.34 | r/step=0.0072 | 1.3 ips ETA 9h05\r\n"}
,{"stream_name":"stdout","time":1973.16322582,"data":"  [health] WARN H_collapse: H=0.08\r\n"}
,{"stream_name":"stdout","time":1973.16323251,"data":"  [health] WARN FATAL: H_collapse persistent (consec=8)\r\n"}
,{"stream_name":"stdout","time":2010.984999189,"data":"  iter  2450/45000 [ 5.4%] | WM wm=17.12 rec=12.06 kl=4.88 rew=0.170 con=0.002 rew@ach=0.54/0.53(n=18) rew@0=+0.003 | AC act=0.001 crit=1.946 pg=0.001 H=0.08 | img ret=0.42 val=0.37 imgR(mu=0.010 max=1.00 p99=0.47 hi=0.95%) scale=2.85 p5=-0.61 p95=2.24 | r/step=0.0031 | 1.3 ips ETA 9h04\r\n"}
,{"stream_name":"stdout","time":2010.98503336,"data":"  [health] WARN H_collapse: H=0.08\r\n"}
,{"stream_name":"stdout","time":2010.9850399,"data":"  [health] WARN FATAL: H_collapse persistent (consec=9)\r\n"}
,{"stream_name":"stdout","time":2048.234203781,"data":"  iter  2500/45000 [ 5.6%] | WM wm=19.74 rec=14.61 kl=4.94 rew=0.188 con=0.007 rew@ach=0.83/1.00(n=10) rew@0=+0.019 | AC act=0.002 crit=1.919 pg=0.002 H=0.08 | img ret=0.47 val=0.42 imgR(mu=0.013 max=1.00 p99=0.41 hi=0.79%) scale=2.75 p5=-0.63 p95=2.11 | r/step=0.0039 | 1.3 ips ETA 9h03\r\n"}
,{"stream_name":"stdout","time":2048.234233411,"data":"  [health] WARN H_collapse: H=0.08\r\n"}
,{"stream_name":"stdout","time":2048.234238841,"data":"  [health] WARN FATAL: H_collapse persistent (consec=10)\r\n"}
,{"stream_name":"stdout","time":2221.148996459,"data":"  \u003e\u003e\u003e EVAL @ iter 2500 : score=0.49  length=175  achievements=1.39 =  sample=1.40  (best=1.39 @2500)  crafter_score=1.40% [469 train eps]\r\n"}
,{"stream_name":"stdout","time":2221.149037559,"data":"      unlocked (3/22): collect_sapling=99%  eat_cow=31%  defeat_zombie=9%\r\n"}
,{"stream_name":"stdout","time":2221.149044928,"data":"      TRAIN (8/22 sur 469 eps): wake_up=364(77.6%)  collect_sapling=195(41.6%)  place_plant=138(29.4%)  collect_wood=72(15.4%)  collect_drink=34(7.2%)  place_table=9(1.9%)  eat_cow=9(1.9%)  defeat_zombie=5(1.1%)\r\n"}
,{"stream_name":"stdout","time":2221.149066888,"data":"      JAMAIS vus en train (14) : collect_coal  collect_diamond  collect_iron  collect_stone  defeat_skeleton  eat_plant  make_iron_pickaxe  make_iron_sword  make_stone_pickaxe  make_stone_sword  make_wood_pickaxe  make_wood_sword  place_furnace  place_stone\r\n"}
,{"stream_name":"stdout","time":2230.283393462,"data":"  Checkpoint saved : dreamer_crafter_jax_v50-wmfix-t1_iter002500.npz\r\n"}
,{"stream_name":"stdout","time":2267.845868891,"data":"  iter  2550/45000 [ 5.7%] | WM wm=17.43 rec=12.78 kl=4.49 rew=0.158 con=0.005 rew@ach=0.66/0.64(n=14) rew@0=+0.007 | AC act=0.002 crit=2.179 pg=0.002 H=0.12 | img ret=1.30 val=1.23 imgR(mu=0.010 max=1.01 p99=0.64 hi=1.17%) scale=4.33 p5=-0.60 p95=3.73 | r/step=0.0121 | 1.2 ips ETA 9h53\r\n"}
,{"stream_name":"stdout","time":2267.845910511,"data":"  [health] WARN H_collapse: H=0.12\r\n"}
,{"stream_name":"stdout","time":2267.845917291,"data":"  [health] WARN FATAL: H_collapse persistent (consec=11)\r\n"}
,{"stream_name":"stdout","time":2305.78766931,"data":"  iter  2600/45000 [ 5.8%] | WM wm=18.84 rec=14.05 kl=4.61 rew=0.170 con=0.012 rew@ach=0.57/0.60(n=8) rew@0=+0.012 | AC act=0.004 crit=2.143 pg=0.004 H=0.11 | img ret=2.06 val=1.85 imgR(mu=0.025 max=1.01 p99=0.94 hi=2.15%) scale=5.72 p5=-0.69 p95=5.04 | r/step=0.0095 | 1.2 ips ETA 9h51\r\n"}
,{"stream_name":"stdout","time":2305.78770286,"data":"  [health] WARN H_collapse: H=0.11\r\n"}
,{"stream_name":"stdout","time":2305.7877088,"data":"  [health] WARN FATAL: H_collapse persistent (consec=12)\r\n"}
,{"stream_name":"stdout","time":2343.404656541,"data":"  iter  2650/45000 [ 5.9%] | WM wm=23.79 rec=18.04 kl=5.56 rew=0.181 con=0.011 rew@ach=0.17/0.26(n=9) rew@0=+0.002 | AC act=0.002 crit=2.033 pg=0.003 H=0.23 | img ret=1.43 val=1.40 imgR(mu=0.014 max=1.01 p99=0.94 hi=1.45%) scale=6.48 p5=-0.71 p95=5.77 | r/step=0.0083 | 1.2 ips ETA 9h49\r\n"}
,{"stream_name":"stdout","time":2343.404696021,"data":"  [health] WARN H_collapse: H=0.23\r\n"}
,{"stream_name":"stdout","time":2343.404702011,"data":"  [health] WARN FATAL: H_collapse persistent (consec=13)\r\n"}
,{"stream_name":"stdout","time":2380.859066014,"data":"  iter  2700/45000 [ 6.0%] | WM wm=20.73 rec=15.86 kl=4.73 rew=0.131 con=0.008 rew@ach=0.95/1.00(n=9) rew@0=+0.007 | AC act=0.006 crit=2.203 pg=0.006 H=0.44 | img ret=2.03 val=1.90 imgR(mu=0.019 max=1.01 p99=0.94 hi=2.11%) scale=7.21 p5=-0.52 p95=6.69 | r/step=0.0052 | 1.2 ips ETA 9h47\r\n"}
,{"stream_name":"stdout","time":2418.713253343,"data":"  iter  2750/45000 [ 6.1%] | WM wm=20.79 rec=15.32 kl=5.28 rew=0.190 con=0.006 rew@ach=0.86/0.89(n=15) rew@0=+0.009 | AC act=0.001 crit=2.258 pg=0.001 H=0.32 | img ret=2.67 val=2.64 imgR(mu=0.021 max=1.01 p99=0.93 hi=1.86%) scale=7.89 p5=-0.25 p95=7.64 | r/step=0.0106 | 1.2 ips ETA 9h46\r\n"}
,{"stream_name":"stdout","time":2456.333251715,"data":"  iter  2800/45000 [ 6.2%] | WM wm=16.27 rec=11.37 kl=4.70 rew=0.189 con=0.006 rew@ach=0.63/0.81(n=9) rew@0=+0.011 | AC act=0.008 crit=2.312 pg=0.008 H=0.27 | img ret=4.38 val=4.06 imgR(mu=0.079 max=1.01 p99=1.00 hi=4.54%) scale=7.49 p5=0.08 p95=7.57 | r/step=0.0095 | 1.2 ips ETA 9h44\r\n"}
,{"stream_name":"stdout","time":2456.333285205,"data":"  [health] WARN H_collapse: H=0.27\r\n"}
,{"stream_name":"stdout","time":2493.823162299,"data":"  iter  2850/45000 [ 6.3%] | WM wm=24.52 rec=18.47 kl=5.79 rew=0.236 con=0.014 rew@ach=0.45/0.79(n=9) rew@0=+0.007 | AC act=0.004 crit=2.002 pg=0.004 H=0.29 | img ret=3.15 val=2.99 imgR(mu=0.027 max=1.00 p99=0.87 hi=2.06%) scale=7.69 p5=-0.05 p95=7.64 | r/step=0.0052 | 1.2 ips ETA 9h42\r\n"}
,{"stream_name":"stdout","time":2493.823195809,"data":"  [health] WARN H_collapse: H=0.29\r\n"}
,{"stream_name":"stdout","time":2531.618849425,"data":"  iter  2900/45000 [ 6.4%] | WM wm=16.37 rec=10.93 kl=5.29 rew=0.139 con=0.006 rew@ach=0.78/0.85(n=11) rew@0=+0.003 | AC act=0.004 crit=1.906 pg=0.004 H=0.28 | img ret=3.66 val=3.54 imgR(mu=0.045 max=1.01 p99=0.92 hi=3.14%) scale=8.14 p5=-0.21 p95=7.94 | r/step=0.0096 | 1.2 ips ETA 9h41\r\n"}
,{"stream_name":"stdout","time":2531.618893925,"data":"  [health] WARN H_collapse: H=0.28\r\n"}
,{"stream_name":"stdout","time":2569.099650231,"data":"  iter  2950/45000 [ 6.6%] | WM wm=19.05 rec=13.61 kl=5.26 rew=0.171 con=0.009 rew@ach=0.67/0.79(n=15) rew@0=+0.013 | AC act=0.006 crit=2.387 pg=0.006 H=0.33 | img ret=2.74 val=2.55 imgR(mu=0.044 max=1.00 p99=0.70 hi=2.39%) scale=8.47 p5=-0.25 p95=8.23 | r/step=0.0053 | 1.2 ips ETA 9h39\r\n"}
,{"stream_name":"stdout","time":2607.053559743,"data":"  iter  3000/45000 [ 6.7%] | WM wm=16.24 rec=11.44 kl=4.65 rew=0.141 con=0.007 rew@ach=0.29/0.39(n=11) rew@0=+0.004 | AC act=0.000 crit=2.226 pg=0.000 H=0.30 | img ret=2.81 val=2.75 imgR(mu=0.040 max=1.01 p99=0.75 hi=2.73%) scale=8.39 p5=-0.21 p95=8.19 | r/step=0.0070 | 1.2 ips ETA 9h38\r\n"}
,{"stream_name":"stdout","time":2644.650178009,"data":"  iter  3050/45000 [ 6.8%] | WM wm=17.43 rec=12.82 kl=4.51 rew=0.103 con=0.001 rew@ach=0.68/0.81(n=9) rew@0=+0.002 | AC act=0.002 crit=2.329 pg=0.002 H=0.35 | img ret=2.88 val=2.78 imgR(mu=0.041 max=1.00 p99=0.69 hi=2.01%) scale=8.31 p5=-0.24 p95=8.08 | r/step=0.0098 | 1.2 ips ETA 9h36\r\n"}
,{"stream_name":"stdout","time":2682.398349834,"data":"  iter  3100/45000 [ 6.9%] | WM wm=18.15 rec=12.95 kl=5.03 rew=0.153 con=0.007 rew@ach=0.92/1.00(n=12) rew@0=+0.006 | AC act=0.005 crit=2.861 pg=0.005 H=0.20 | img ret=3.00 val=2.74 imgR(mu=0.059 max=1.01 p99=0.67 hi=2.25%) scale=7.87 p5=-0.04 p95=7.83 | r/step=0.0076 | 1.2 ips ETA 9h35\r\n"}
,{"stream_name":"stdout","time":2682.398379414,"data":"  [health] WARN H_collapse: H=0.20\r\n"}
,{"stream_name":"stdout","time":2720.02885709,"data":"  iter  3150/45000 [ 7.0%] | WM wm=19.35 rec=13.62 kl=5.60 rew=0.131 con=0.003 rew@ach=0.73/0.84(n=10) rew@0=+0.003 | AC act=0.005 crit=2.100 pg=0.005 H=0.27 | img ret=3.66 val=3.50 imgR(mu=0.072 max=1.01 p99=0.85 hi=4.16%) scale=7.25 p5=0.04 p95=7.30 | r/step=0.0053 | 1.2 ips ETA 9h33\r\n"}
,{"stream_name":"stdout","time":2720.02889144,"data":"  [health] WARN H_collapse: H=0.27\r\n"}
,{"stream_name":"stdout","time":2757.813275415,"data":"  iter  3200/45000 [ 7.1%] | WM wm=17.17 rec=12.22 kl=4.84 rew=0.111 con=0.005 rew@ach=0.96/1.00(n=11) rew@0=+0.004 | AC act=-0.000 crit=2.199 pg=0.000 H=0.24 | img ret=3.17 val=3.15 imgR(mu=0.036 max=1.00 p99=0.78 hi=2.17%) scale=6.99 p5=-0.09 p95=6.90 | r/step=0.0084 | 1.2 ips ETA 9h32\r\n"}
,{"stream_name":"stdout","time":2757.813306935,"data":"  [health] WARN H_collapse: H=0.24\r\n"}
,{"stream_name":"stdout","time":2795.58711457,"data":"  iter  3250/45000 [ 7.2%] | WM wm=20.05 rec=13.48 kl=6.36 rew=0.204 con=0.012 rew@ach=0.80/1.00(n=8) rew@0=+0.010 | AC act=-0.003 crit=2.152 pg=-0.002 H=0.32 | img ret=2.69 val=2.71 imgR(mu=0.030 max=1.01 p99=0.67 hi=1.78%) scale=7.46 p5=-0.29 p95=7.18 | r/step=0.0084 | 1.2 ips ETA 9h30\r\n"}
,{"stream_name":"stdout","time":2833.214062477,"data":"  iter  3300/45000 [ 7.3%] | WM wm=13.38 rec=8.85 kl=4.38 rew=0.144 con=0.004 rew@ach=0.52/0.52(n=14) rew@0=+0.010 | AC act=0.001 crit=2.003 pg=0.001 H=0.35 | img ret=3.48 val=3.41 imgR(mu=0.052 max=1.01 p99=0.84 hi=3.44%) scale=8.31 p5=-0.30 p95=8.01 | r/step=0.0133 | 1.2 ips ETA 9h29\r\n"}
,{"stream_name":"stdout","time":2870.727038394,"data":"  iter  3350/45000 [ 7.4%] | WM wm=17.89 rec=12.28 kl=5.44 rew=0.163 con=0.005 rew@ach=0.85/0.90(n=17) rew@0=+0.006 | AC act=-0.002 crit=2.011 pg=-0.002 H=0.35 | img ret=3.23 val=3.27 imgR(mu=0.027 max=1.00 p99=0.87 hi=1.63%) scale=9.33 p5=-0.37 p95=8.95 | r/step=0.0139 | 1.2 ips ETA 9h28\r\n"}
,{"stream_name":"stdout","time":2908.540379878,"data":"  iter  3400/45000 [ 7.6%] | WM wm=18.02 rec=11.79 kl=6.00 rew=0.214 con=0.015 rew@ach=0.48/0.57(n=12) rew@0=+0.017 | AC act=-0.001 crit=1.787 pg=-0.001 H=0.32 | img ret=2.99 val=2.98 imgR(mu=0.031 max=1.01 p99=0.94 hi=2.40%) scale=9.97 p5=-0.40 p95=9.56 | r/step=0.0130 | 1.2 ips ETA 9h26\r\n"}
,{"stream_name":"stdout","time":2946.178137154,"data":"  iter  3450/45000 [ 7.7%] | WM wm=18.34 rec=13.56 kl=4.69 rew=0.077 con=0.003 rew@ach=0.74/0.77(n=7) rew@0=+0.003 | AC act=-0.002 crit=1.748 pg=-0.002 H=0.32 | img ret=3.95 val=3.97 imgR(mu=0.034 max=1.01 p99=0.82 hi=2.91%) scale=10.19 p5=-0.41 p95=9.79 | r/step=0.0099 | 1.2 ips ETA 9h25\r\n"}
,{"stream_name":"stdout","time":2983.784126319,"data":"  iter  3500/45000 [ 7.8%] | WM wm=16.41 rec=10.69 kl=5.51 rew=0.197 con=0.015 rew@ach=0.67/0.85(n=11) rew@0=+0.012 | AC act=-0.004 crit=1.974 pg=-0.004 H=0.33 | img ret=3.21 val=3.31 imgR(mu=0.024 max=1.01 p99=0.65 hi=1.57%) scale=9.90 p5=-0.45 p95=9.45 | r/step=0.0151 | 1.2 ips ETA 9h24\r\n"}
,{"stream_name":"stdout","time":3021.487556674,"data":"  iter  3550/45000 [ 7.9%] | WM wm=14.41 rec=8.82 kl=5.29 rew=0.285 con=0.006 rew@ach=0.72/1.00(n=14) rew@0=+0.022 | AC act=0.001 crit=2.241 pg=0.001 H=0.36 | img ret=2.78 val=2.70 imgR(mu=0.046 max=1.01 p99=0.77 hi=2.88%) scale=9.71 p5=-0.45 p95=9.26 | r/step=0.0116 | 1.2 ips ETA 9h22\r\n"}
,{"stream_name":"stdout","time":3059.187849543,"data":"  iter  3600/45000 [ 8.0%] | WM wm=15.77 rec=10.54 kl=5.01 rew=0.218 con=0.012 rew@ach=0.77/1.00(n=14) rew@0=+0.005 | AC act=-0.001 crit=1.967 pg=-0.001 H=0.39 | img ret=2.36 val=2.41 imgR(mu=0.029 max=1.01 p99=0.80 hi=1.89%) scale=8.96 p5=-0.43 p95=8.53 | r/step=0.0141 | 1.2 ips ETA 9h21\r\n"}
,{"stream_name":"stdout","time":3096.876956233,"data":"  iter  3650/45000 [ 8.1%] | WM wm=16.53 rec=11.09 kl=5.24 rew=0.194 con=0.004 rew@ach=0.56/0.78(n=15) rew@0=+0.016 | AC act=-0.002 crit=1.925 pg=-0.002 H=0.34 | img ret=2.18 val=2.21 imgR(mu=0.021 max=1.01 p99=0.77 hi=1.75%) scale=7.75 p5=-0.41 p95=7.33 | r/step=0.0118 | 1.2 ips ETA 9h20\r\n"}
,{"stream_name":"stdout","time":3134.740705009,"data":"  iter  3700/45000 [ 8.2%] | WM wm=20.13 rec=14.59 kl=5.32 rew=0.210 con=0.012 rew@ach=0.70/0.87(n=15) rew@0=+0.009 | AC act=-0.000 crit=2.105 pg=-0.000 H=0.36 | img ret=1.56 val=1.52 imgR(mu=0.029 max=1.00 p99=0.81 hi=2.26%) scale=7.04 p5=-0.41 p95=6.63 | r/step=0.0185 | 1.2 ips ETA 9h19\r\n"}
,{"stream_name":"stdout","time":3172.303150129,"data":"  iter  3750/45000 [ 8.3%] | WM wm=15.52 rec=9.75 kl=5.55 rew=0.203 con=0.010 rew@ach=0.74/0.89(n=16) rew@0=+0.010 | AC act=0.000 crit=2.085 pg=0.000 H=0.31 | img ret=1.82 val=1.77 imgR(mu=0.030 max=1.01 p99=0.87 hi=2.59%) scale=6.40 p5=-0.41 p95=5.98 | r/step=0.0147 | 1.2 ips ETA 9h17\r\n"}
,{"stream_name":"stdout","time":3210.174376866,"data":"  iter  3800/45000 [ 8.4%] | WM wm=14.39 rec=9.63 kl=4.60 rew=0.154 con=0.007 rew@ach=0.66/0.86(n=12) rew@0=+0.006 | AC act=-0.001 crit=1.933 pg=-0.001 H=0.43 | img ret=1.94 val=1.91 imgR(mu=0.034 max=1.00 p99=0.81 hi=2.55%) scale=6.21 p5=-0.38 p95=5.82 | r/step=0.0147 | 1.2 ips ETA 9h16\r\n"}
,{"stream_name":"stdout","time":3247.811218945,"data":"  iter  3850/45000 [ 8.6%] | WM wm=16.12 rec=10.69 kl=5.26 rew=0.165 con=0.005 rew@ach=0.53/0.60(n=9) rew@0=+0.006 | AC act=-0.001 crit=2.096 pg=-0.001 H=0.40 | img ret=1.99 val=1.97 imgR(mu=0.031 max=1.01 p99=0.94 hi=2.73%) scale=6.67 p5=-0.34 p95=6.33 | r/step=0.0097 | 1.2 ips ETA 9h15\r\n"}
,{"stream_name":"stdout","time":3285.307370205,"data":"  iter  3900/45000 [ 8.7%] | WM wm=15.42 rec=9.50 kl=5.70 rew=0.211 con=0.008 rew@ach=0.95/1.00(n=16) rew@0=+0.031 | AC act=0.006 crit=2.122 pg=0.007 H=0.47 | img ret=2.29 val=2.10 imgR(mu=0.057 max=1.01 p99=0.93 hi=5.49%) scale=6.72 p5=-0.34 p95=6.41 | r/step=0.0098 | 1.2 ips ETA 9h14\r\n"}
,{"stream_name":"stdout","time":3323.030748994,"data":"  iter  3950/45000 [ 8.8%] | WM wm=17.36 rec=11.72 kl=5.44 rew=0.192 con=0.009 rew@ach=0.80/0.86(n=12) rew@0=+0.007 | AC act=-0.005 crit=1.876 pg=-0.005 H=0.49 | img ret=2.24 val=2.29 imgR(mu=0.024 max=1.01 p99=0.72 hi=1.97%) scale=6.96 p5=-0.34 p95=6.62 | r/step=0.0138 | 1.2 ips ETA 9h13\r\n"}
,{"stream_name":"stdout","time":3360.653939483,"data":"  iter  4000/45000 [ 8.9%] | WM wm=18.20 rec=12.04 kl=5.97 rew=0.181 con=0.005 rew@ach=0.85/0.87(n=15) rew@0=+0.010 | AC act=0.009 crit=1.988 pg=0.009 H=0.56 | img ret=2.04 val=1.85 imgR(mu=0.038 max=1.01 p99=0.85 hi=3.09%) scale=6.88 p5=-0.33 p95=6.56 | r/step=0.0127 | 1.2 ips ETA 9h12\r\n"}
,{"stream_name":"stdout","time":3398.293107162,"data":"  iter  4050/45000 [ 9.0%] | WM wm=13.03 rec=8.09 kl=4.80 rew=0.137 con=0.005 rew@ach=0.80/0.90(n=16) rew@0=+0.003 | AC act=0.003 crit=1.944 pg=0.003 H=0.46 | img ret=2.97 val=2.88 imgR(mu=0.041 max=1.00 p99=0.88 hi=3.48%) scale=7.45 p5=-0.33 p95=7.12 | r/step=0.0093 | 1.2 ips ETA 9h10\r\n"}
,{"stream_name":"stdout","time":3436.167769449,"data":"  iter  4100/45000 [ 9.1%] | WM wm=17.47 rec=11.13 kl=6.16 rew=0.176 con=0.001 rew@ach=0.83/1.00(n=15) rew@0=+0.013 | AC act=0.005 crit=2.177 pg=0.005 H=0.42 | img ret=3.30 val=3.07 imgR(mu=0.053 max=1.02 p99=0.90 hi=4.73%) scale=8.04 p5=-0.30 p95=7.75 | r/step=0.0041 | 1.2 ips ETA 9h09\r\n"}
,{"stream_name":"stdout","time":3473.788099106,"data":"  iter  4150/45000 [ 9.2%] | WM wm=16.15 rec=10.74 kl=5.23 rew=0.178 con=0.003 rew@ach=0.66/0.87(n=13) rew@0=+0.007 | AC act=-0.002 crit=2.164 pg=-0.002 H=0.55 | img ret=1.70 val=1.69 imgR(mu=0.012 max=1.01 p99=0.62 hi=1.39%) scale=8.48 p5=-0.30 p95=8.18 | r/step=0.0108 | 1.2 ips ETA 9h08\r\n"}
,{"stream_name":"stdout","time":3511.505479414,"data":"  iter  4200/45000 [ 9.3%] | WM wm=14.57 rec=9.23 kl=5.21 rew=0.121 con=0.002 rew@ach=0.75/0.79(n=8) rew@0=+0.002 | AC act=-0.002 crit=2.005 pg=-0.002 H=0.45 | img ret=2.77 val=2.76 imgR(mu=0.028 max=1.00 p99=0.65 hi=1.73%) scale=8.77 p5=-0.31 p95=8.46 | r/step=0.0144 | 1.2 ips ETA 9h07\r\n"}
,{"stream_name":"stdout","time":3549.106838313,"data":"  iter  4250/45000 [ 9.4%] | WM wm=12.93 rec=7.77 kl=4.98 rew=0.167 con=0.007 rew@ach=0.69/0.73(n=12) rew@0=+0.013 | AC act=-0.003 crit=1.835 pg=-0.003 H=0.40 | img ret=2.52 val=2.55 imgR(mu=0.035 max=1.00 p99=0.74 hi=2.34%) scale=8.94 p5=-0.33 p95=8.61 | r/step=0.0154 | 1.2 ips ETA 9h06\r\n"}
,{"stream_name":"stdout","time":3586.808533816,"data":"  iter  4300/45000 [ 9.6%] | WM wm=16.36 rec=10.56 kl=5.60 rew=0.189 con=0.009 rew@ach=0.72/1.00(n=10) rew@0=+0.005 | AC act=-0.005 crit=2.224 pg=-0.005 H=0.67 | img ret=1.64 val=1.70 imgR(mu=0.013 max=1.01 p99=0.59 hi=1.26%) scale=8.70 p5=-0.37 p95=8.34 | r/step=0.0112 | 1.2 ips ETA 9h05\r\n"}
,{"stream_name":"stdout","time":3624.489369786,"data":"  iter  4350/45000 [ 9.7%] | WM wm=17.51 rec=11.59 kl=5.66 rew=0.256 con=0.004 rew@ach=0.62/0.84(n=20) rew@0=+0.016 | AC act=-0.001 crit=1.972 pg=-0.001 H=0.46 | img ret=2.96 val=2.99 imgR(mu=0.039 max=1.00 p99=0.88 hi=2.71%) scale=7.77 p5=-0.38 p95=7.40 | r/step=0.0100 | 1.2 ips ETA 9h04\r\n"}
,{"stream_name":"stdout","time":3661.942720924,"data":"  iter  4400/45000 [ 9.8%] | WM wm=16.72 rec=10.42 kl=6.08 rew=0.218 con=0.004 rew@ach=0.79/0.89(n=17) rew@0=+0.023 | AC act=-0.003 crit=1.884 pg=-0.003 H=0.52 | img ret=2.80 val=2.80 imgR(mu=0.037 max=1.01 p99=0.77 hi=2.52%) scale=7.31 p5=-0.37 p95=6.94 | r/step=0.0074 | 1.2 ips ETA 9h03\r\n"}
,{"stream_name":"stdout","time":3699.393146471,"data":"  iter  4450/45000 [ 9.9%] | WM wm=16.14 rec=10.50 kl=5.48 rew=0.159 con=0.005 rew@ach=0.86/1.00(n=12) rew@0=+0.005 | AC act=0.000 crit=2.182 pg=0.000 H=0.56 | img ret=1.96 val=1.94 imgR(mu=0.029 max=1.01 p99=0.87 hi=2.21%) scale=6.75 p5=-0.35 p95=6.40 | r/step=0.0121 | 1.2 ips ETA 9h02\r\n"}
,{"stream_name":"stdout","time":3737.236083187,"data":"  iter  4500/45000 [10.0%] | WM wm=17.12 rec=10.89 kl=6.02 rew=0.201 con=0.011 rew@ach=0.66/0.89(n=15) rew@0=+0.006 | AC act=0.001 crit=2.026 pg=0.001 H=0.43 | img ret=2.23 val=2.18 imgR(mu=0.029 max=1.01 p99=0.77 hi=2.32%) scale=6.73 p5=-0.36 p95=6.37 | r/step=0.0094 | 1.2 ips ETA 9h01\r\n"}
,{"stream_name":"stdout","time":3774.798536345,"data":"  iter  4550/45000 [10.1%] | WM wm=14.35 rec=8.67 kl=5.57 rew=0.105 con=0.002 rew@ach=0.90/1.00(n=5) rew@0=+0.004 | AC act=-0.002 crit=1.779 pg=-0.002 H=0.45 | img ret=2.25 val=2.29 imgR(mu=0.030 max=1.01 p99=0.77 hi=2.30%) scale=6.34 p5=-0.35 p95=5.98 | r/step=0.0107 | 1.2 ips ETA 9h00\r\n"}
,{"stream_name":"stdout","time":3812.534481088,"data":"  iter  4600/45000 [10.2%] | WM wm=17.38 rec=11.31 kl=5.89 rew=0.173 con=0.004 rew@ach=0.70/0.83(n=10) rew@0=+0.016 | AC act=0.004 crit=2.285 pg=0.004 H=0.44 | img ret=2.13 val=2.02 imgR(mu=0.036 max=1.01 p99=0.86 hi=3.28%) scale=6.33 p5=-0.34 p95=6.00 | r/step=0.0166 | 1.2 ips ETA 8h59\r\n"}
,{"stream_name":"stdout","time":3850.154845185,"data":"  iter  4650/45000 [10.3%] | WM wm=15.78 rec=9.69 kl=5.94 rew=0.145 con=0.005 rew@ach=0.85/1.00(n=11) rew@0=+0.009 | AC act=-0.003 crit=2.099 pg=-0.003 H=0.56 | img ret=1.84 val=1.85 imgR(mu=0.028 max=1.00 p99=0.87 hi=2.34%) scale=6.43 p5=-0.39 p95=6.03 | r/step=0.0130 | 1.2 ips ETA 8h58\r\n"}
,{"stream_name":"stdout","time":3888.01231046,"data":"  iter  4700/45000 [10.4%] | WM wm=13.92 rec=8.23 kl=5.46 rew=0.227 con=0.009 rew@ach=0.62/0.80(n=17) rew@0=+0.013 | AC act=0.002 crit=2.195 pg=0.002 H=0.44 | img ret=1.41 val=1.34 imgR(mu=0.015 max=1.01 p99=0.52 hi=1.08%) scale=6.23 p5=-0.36 p95=5.86 | r/step=0.0131 | 1.3 ips ETA 8h57\r\n"}
,{"stream_name":"stdout","time":3925.629098725,"data":"  iter  4750/45000 [10.6%] | WM wm=14.05 rec=8.45 kl=5.43 rew=0.169 con=0.004 rew@ach=0.88/1.00(n=12) rew@0=+0.008 | AC act=-0.000 crit=2.005 pg=0.000 H=0.45 | img ret=1.56 val=1.54 imgR(mu=0.018 max=1.01 p99=0.64 hi=1.61%) scale=6.07 p5=-0.36 p95=5.70 | r/step=0.0065 | 1.3 ips ETA 8h56\r\n"}
,{"stream_name":"stdout","time":3963.337933192,"data":"  iter  4800/45000 [10.7%] | WM wm=14.18 rec=8.39 kl=5.65 rew=0.131 con=0.004 rew@ach=0.35/0.44(n=12) rew@0=+0.006 | AC act=0.004 crit=2.054 pg=0.004 H=0.49 | img ret=2.08 val=1.98 imgR(mu=0.049 max=1.02 p99=0.92 hi=4.16%) scale=5.88 p5=-0.38 p95=5.51 | r/step=0.0143 | 1.3 ips ETA 8h55\r\n"}
,{"stream_name":"stdout","time":4000.913429449,"data":"  iter  4850/45000 [10.8%] | WM wm=15.82 rec=9.78 kl=5.81 rew=0.227 con=0.010 rew@ach=0.66/0.74(n=13) rew@0=+0.017 | AC act=0.008 crit=2.267 pg=0.008 H=0.50 | img ret=2.03 val=1.93 imgR(mu=0.045 max=1.02 p99=0.91 hi=3.50%) scale=5.72 p5=-0.40 p95=5.32 | r/step=0.0104 | 1.3 ips ETA 8h54\r\n"}
,{"stream_name":"stdout","time":4038.691577294,"data":"  iter  4900/45000 [10.9%] | WM wm=14.74 rec=9.05 kl=5.47 rew=0.212 con=0.004 rew@ach=0.78/0.90(n=18) rew@0=+0.019 | AC act=-0.003 crit=2.204 pg=-0.003 H=0.50 | img ret=1.34 val=1.34 imgR(mu=0.017 max=1.00 p99=0.75 hi=1.81%) scale=5.81 p5=-0.40 p95=5.41 | r/step=0.0117 | 1.3 ips ETA 8h53\r\n"}
,{"stream_name":"stdout","time":4076.355845158,"data":"  iter  4950/45000 [11.0%] | WM wm=16.10 rec=10.06 kl=5.91 rew=0.138 con=0.000 rew@ach=0.58/0.69(n=11) rew@0=+0.014 | AC act=0.008 crit=2.110 pg=0.008 H=0.45 | img ret=2.51 val=2.35 imgR(mu=0.053 max=1.01 p99=0.90 hi=4.03%) scale=6.11 p5=-0.37 p95=5.75 | r/step=0.0131 | 1.3 ips ETA 8h52\r\n"}
,{"stream_name":"stdout","time":4113.898633841,"data":"  iter  5000/45000 [11.1%] | WM wm=15.72 rec=9.78 kl=5.77 rew=0.168 con=0.002 rew@ach=0.40/0.54(n=11) rew@0=+0.007 | AC act=-0.000 crit=1.975 pg=0.000 H=0.50 | img ret=1.80 val=1.84 imgR(mu=0.010 max=1.01 p99=0.59 hi=1.24%) scale=6.41 p5=-0.37 p95=6.03 | r/step=0.0119 | 1.3 ips ETA 8h51\r\n"}
,{"stream_name":"stdout","time":4302.251701208,"data":"  \u003e\u003e\u003e EVAL @ iter 5000 : score=2.22  length=186  achievements=3.12 ↑  sample=3.20  (best=3.12 @5000)  crafter_score=1.54% [921 train eps]\r\n"}
,{"stream_name":"stdout","time":4302.251728998,"data":"      unlocked (6/22): collect_sapling=99%  wake_up=97%  place_plant=93%  collect_wood=16%  defeat_zombie=5%  collect_drink=1%\r\n"}
,{"stream_name":"stdout","time":4302.251733858,"data":"      TRAIN (8/22 sur 921 eps): wake_up=776(84.3%)  collect_sapling=642(69.7%)  place_plant=402(43.6%)  collect_wood=166(18.0%)  collect_drink=40(4.3%)  eat_cow=34(3.7%)  defeat_zombie=20(2.2%)  place_table=9(1.0%)\r\n"}
,{"stream_name":"stdout","time":4302.251748338,"data":"      JAMAIS vus en train (14) : collect_coal  collect_diamond  collect_iron  collect_stone  defeat_skeleton  eat_plant  make_iron_pickaxe  make_iron_sword  make_stone_pickaxe  make_stone_sword  make_wood_pickaxe  make_wood_sword  place_furnace  place_stone\r\n"}
,{"stream_name":"stdout","time":4311.335116268,"data":"  Checkpoint saved : dreamer_crafter_jax_v50-wmfix-t1_iter005000.npz\r\n"}
,{"stream_name":"stdout","time":4348.841867063,"data":"  iter  5050/45000 [11.2%] | WM wm=17.31 rec=10.70 kl=6.18 rew=0.400 con=0.028 rew@ach=0.53/0.77(n=22) rew@0=+0.017 | AC act=-0.001 crit=1.924 pg=-0.001 H=0.55 | img ret=2.66 val=2.64 imgR(mu=0.032 max=1.01 p99=1.00 hi=2.57%) scale=6.49 p5=-0.38 p95=6.11 | r/step=0.0175 | 1.2 ips ETA 9h16\r\n"}
,{"stream_name":"stdout","time":4386.632422802,"data":"  iter  5100/45000 [11.3%] | WM wm=12.96 rec=7.01 kl=5.77 rew=0.178 con=0.006 rew@ach=0.71/1.00(n=12) rew@0=+0.006 | AC act=-0.006 crit=1.897 pg=-0.006 H=0.51 | img ret=1.55 val=1.64 imgR(mu=0.015 max=1.01 p99=0.59 hi=1.18%) scale=6.66 p5=-0.38 p95=6.28 | r/step=0.0128 | 1.2 ips ETA 9h15\r\n"}
,{"stream_name":"stdout","time":4424.399817571,"data":"  iter  5150/45000 [11.4%] | WM wm=12.71 rec=7.32 kl=5.23 rew=0.165 con=0.002 rew@ach=0.84/0.91(n=18) rew@0=+0.012 | AC act=0.001 crit=2.301 pg=0.001 H=0.43 | img ret=2.17 val=1.98 imgR(mu=0.047 max=1.01 p99=0.90 hi=3.96%) scale=7.09 p5=-0.38 p95=6.73 | r/step=0.0148 | 1.2 ips ETA 9h13\r\n"}
,{"stream_name":"stdout","time":4462.153327622,"data":"  iter  5200/45000 [11.6%] | WM wm=14.28 rec=8.01 kl=6.03 rew=0.223 con=0.011 rew@ach=0.84/0.88(n=17) rew@0=+0.018 | AC act=-0.002 crit=2.063 pg=-0.002 H=0.56 | img ret=1.91 val=1.87 imgR(mu=0.030 max=1.01 p99=0.82 hi=2.64%) scale=7.22 p5=-0.38 p95=6.83 | r/step=0.0110 | 1.2 ips ETA 9h12\r\n"}
,{"stream_name":"stdout","time":4500.222066458,"data":"  iter  5250/45000 [11.7%] | WM wm=18.27 rec=11.40 kl=6.66 rew=0.207 con=0.005 rew@ach=0.77/0.91(n=18) rew@0=+0.017 | AC act=0.001 crit=2.069 pg=0.001 H=0.56 | img ret=1.70 val=1.63 imgR(mu=0.031 max=1.01 p99=0.82 hi=2.22%) scale=7.42 p5=-0.37 p95=7.04 | r/step=0.0172 | 1.2 ips ETA 9h11\r\n"}
,{"stream_name":"stdout","time":4537.83976585,"data":"  iter  5300/45000 [11.8%] | WM wm=19.87 rec=12.85 kl=6.77 rew=0.254 con=0.008 rew@ach=0.62/0.88(n=14) rew@0=+0.016 | AC act=-0.002 crit=1.961 pg=-0.002 H=0.53 | img ret=2.38 val=2.38 imgR(mu=0.029 max=1.01 p99=0.74 hi=2.03%) scale=7.70 p5=-0.35 p95=7.36 | r/step=0.0120 | 1.2 ips ETA 9h10\r\n"}
,{"stream_name":"stdout","time":4575.446934013,"data":"  iter  5350/45000 [11.9%] | WM wm=18.40 rec=12.21 kl=5.89 rew=0.291 con=0.005 rew@ach=0.61/0.91(n=17) rew@0=+0.020 | AC act=-0.005 crit=1.929 pg=-0.005 H=0.61 | img ret=1.64 val=1.68 imgR(mu=0.019 max=1.01 p99=0.76 hi=1.57%) scale=7.57 p5=-0.37 p95=7.18 | r/step=0.0149 | 1.2 ips ETA 9h09\r\n"}
,{"stream_name":"stdout","time":4613.352355912,"data":"  iter  5400/45000 [12.0%] | WM wm=17.93 rec=10.90 kl=6.76 rew=0.254 con=0.012 rew@ach=0.78/0.92(n=21) rew@0=+0.017 | AC act=0.002 crit=1.910 pg=0.002 H=0.55 | img ret=2.47 val=2.44 imgR(mu=0.036 max=1.01 p99=0.97 hi=2.76%) scale=7.47 p5=-0.36 p95=7.10 | r/step=0.0173 | 1.2 ips ETA 9h08\r\n"}
,{"stream_name":"stdout","time":4651.025796494,"data":"  iter  5450/45000 [12.1%] | WM wm=20.23 rec=13.50 kl=6.60 rew=0.118 con=0.000 rew@ach=0.88/1.00(n=11) rew@0=+0.007 | AC act=0.001 crit=2.253 pg=0.001 H=0.55 | img ret=1.97 val=1.98 imgR(mu=0.032 max=1.01 p99=0.81 hi=2.04%) scale=7.29 p5=-0.34 p95=6.94 | r/step=0.0105 | 1.2 ips ETA 9h06\r\n"}
,{"stream_name":"stdout","time":4688.846908685,"data":"  iter  5500/45000 [12.2%] | WM wm=17.69 rec=10.84 kl=6.63 rew=0.208 con=0.007 rew@ach=0.83/1.00(n=12) rew@0=+0.015 | AC act=0.000 crit=2.048 pg=0.001 H=0.63 | img ret=1.85 val=1.74 imgR(mu=0.039 max=1.01 p99=0.93 hi=4.01%) scale=6.70 p5=-0.33 p95=6.39 | r/step=0.0157 | 1.2 ips ETA 9h05\r\n"}
,{"stream_name":"stdout","time":4726.545395937,"data":"  iter  5550/45000 [12.3%] | WM wm=12.38 rec=7.13 kl=5.11 rew=0.140 con=0.004 rew@ach=0.78/0.86(n=12) rew@0=+0.008 | AC act=0.003 crit=2.149 pg=0.003 H=0.54 | img ret=2.03 val=1.94 imgR(mu=0.035 max=1.00 p99=0.76 hi=2.79%) scale=6.69 p5=-0.32 p95=6.37 | r/step=0.0173 | 1.2 ips ETA 9h04\r\n"}
,{"stream_name":"stdout","time":4764.144252559,"data":"  iter  5600/45000 [12.4%] | WM wm=18.76 rec=11.84 kl=6.67 rew=0.231 con=0.013 rew@ach=0.51/0.71(n=13) rew@0=+0.010 | AC act=-0.003 crit=1.948 pg=-0.003 H=0.54 | img ret=2.48 val=2.44 imgR(mu=0.043 max=1.00 p99=0.94 hi=3.55%) scale=6.55 p5=-0.35 p95=6.20 | r/step=0.0133 | 1.2 ips ETA 9h03\r\n"}
,{"stream_name":"stdout","time":4802.059986018,"data":"  iter  5650/45000 [12.6%] | WM wm=14.92 rec=9.66 kl=5.04 rew=0.212 con=0.007 rew@ach=0.66/0.89(n=15) rew@0=+0.009 | AC act=-0.004 crit=2.072 pg=-0.003 H=0.51 | img ret=2.29 val=2.28 imgR(mu=0.049 max=1.01 p99=0.95 hi=4.08%) scale=6.63 p5=-0.34 p95=6.29 | r/step=0.0115 | 1.2 ips ETA 9h02\r\n"}
,{"stream_name":"stdout","time":4839.839590339,"data":"  iter  5700/45000 [12.7%] | WM wm=19.00 rec=11.68 kl=7.10 rew=0.214 con=0.002 rew@ach=0.77/0.89(n=16) rew@0=+0.024 | AC act=-0.001 crit=2.261 pg=-0.001 H=0.40 | img ret=2.65 val=2.43 imgR(mu=0.069 max=1.01 p99=0.98 hi=6.40%) scale=6.72 p5=-0.34 p95=6.41 | r/step=0.0095 | 1.2 ips ETA 9h01\r\n"}
,{"stream_name":"stdout","time":4877.744959429,"data":"  iter  5750/45000 [12.8%] | WM wm=15.31 rec=8.14 kl=6.94 rew=0.234 con=0.007 rew@ach=0.73/1.00(n=15) rew@0=+0.011 | AC act=0.002 crit=2.116 pg=0.003 H=0.42 | img ret=2.07 val=2.00 imgR(mu=0.042 max=1.05 p99=0.92 hi=3.52%) scale=7.01 p5=-0.32 p95=6.70 | r/step=0.0065 | 1.2 ips ETA 9h00\r\n"}
,{"stream_name":"stdout","time":4915.717348285,"data":"  iter  5800/45000 [12.9%] | WM wm=16.54 rec=9.40 kl=6.97 rew=0.161 con=0.008 rew@ach=0.77/0.86(n=12) rew@0=+0.014 | AC act=-0.001 crit=1.942 pg=-0.001 H=0.40 | img ret=2.07 val=2.07 imgR(mu=0.031 max=1.01 p99=0.96 hi=2.50%) scale=7.00 p5=-0.32 p95=6.67 | r/step=0.0126 | 1.2 ips ETA 8h59\r\n"}
,{"stream_name":"stdout","time":4953.441479866,"data":"  iter  5850/45000 [13.0%] | WM wm=17.81 rec=10.78 kl=6.82 rew=0.206 con=0.006 rew@ach=0.85/0.89(n=16) rew@0=+0.023 | AC act=-0.002 crit=2.021 pg=-0.002 H=0.45 | img ret=2.39 val=2.38 imgR(mu=0.024 max=1.01 p99=0.63 hi=1.46%) scale=6.58 p5=-0.36 p95=6.22 | r/step=0.0140 | 1.2 ips ETA 8h58\r\n"}
,{"stream_name":"stdout","time":4991.212978467,"data":"  iter  5900/45000 [13.1%] | WM wm=19.66 rec=12.44 kl=6.98 rew=0.224 con=0.005 rew@ach=0.65/0.79(n=17) rew@0=+0.014 | AC act=0.000 crit=2.171 pg=0.001 H=0.38 | img ret=2.00 val=1.94 imgR(mu=0.036 max=1.00 p99=0.87 hi=2.98%) scale=6.49 p5=-0.36 p95=6.12 | r/step=0.0124 | 1.2 ips ETA 8h57\r\n"}
,{"stream_name":"stdout","time":5028.78271532,"data":"  iter  5950/45000 [13.2%] | WM wm=14.99 rec=9.04 kl=5.72 rew=0.221 con=0.005 rew@ach=0.69/0.82(n=18) rew@0=+0.012 | AC act=0.002 crit=2.058 pg=0.002 H=0.41 | img ret=2.12 val=2.10 imgR(mu=0.022 max=1.00 p99=0.73 hi=1.87%) scale=6.36 p5=-0.36 p95=6.00 | r/step=0.0044 | 1.2 ips ETA 8h55\r\n"}
,{"stream_name":"stdout","time":5066.63541972,"data":"  iter  6000/45000 [13.3%] | WM wm=18.43 rec=12.40 kl=5.84 rew=0.186 con=0.007 rew@ach=0.68/0.77(n=15) rew@0=+0.010 | AC act=-0.002 crit=2.036 pg=-0.002 H=0.47 | img ret=1.55 val=1.56 imgR(mu=0.024 max=1.01 p99=0.77 hi=1.76%) scale=6.32 p5=-0.39 p95=5.92 | r/step=0.0107 | 1.2 ips ETA 8h54\r\n"}
,{"stream_name":"stdout","time":5104.43963137,"data":"  iter  6050/45000 [13.4%] | WM wm=14.89 rec=8.57 kl=6.08 rew=0.237 con=0.004 rew@ach=0.79/0.91(n=20) rew@0=+0.023 | AC act=0.015 crit=2.352 pg=0.015 H=0.47 | img ret=2.34 val=2.07 imgR(mu=0.056 max=1.00 p99=0.94 hi=4.72%) scale=6.28 p5=-0.36 p95=5.92 | r/step=0.0078 | 1.2 ips ETA 8h53\r\n"}
,{"stream_name":"stdout","time":5142.249417711,"data":"  iter  6100/45000 [13.6%] | WM wm=16.18 rec=9.45 kl=6.47 rew=0.262 con=0.007 rew@ach=0.69/0.97(n=15) rew@0=+0.017 | AC act=0.005 crit=2.248 pg=0.005 H=0.37 | img ret=2.39 val=2.25 imgR(mu=0.045 max=1.02 p99=0.88 hi=3.33%) scale=6.42 p5=-0.37 p95=6.05 | r/step=0.0091 | 1.2 ips ETA 8h52\r\n"}
,{"stream_name":"stdout","time":5179.791309986,"data":"  iter  6150/45000 [13.7%] | WM wm=15.23 rec=9.21 kl=5.81 rew=0.208 con=0.005 rew@ach=0.65/0.78(n=16) rew@0=+0.018 | AC act=-0.008 crit=1.818 pg=-0.008 H=0.53 | img ret=2.68 val=2.75 imgR(mu=0.017 max=1.00 p99=0.61 hi=1.35%) scale=6.50 p5=-0.38 p95=6.12 | r/step=0.0096 | 1.2 ips ETA 8h51\r\n"}
,{"stream_name":"stdout","time":5217.551355879,"data":"  iter  6200/45000 [13.8%] | WM wm=18.31 rec=11.29 kl=6.77 rew=0.247 con=0.008 rew@ach=0.80/1.00(n=15) rew@0=+0.018 | AC act=-0.007 crit=2.106 pg=-0.007 H=0.48 | img ret=1.83 val=1.86 imgR(mu=0.021 max=1.01 p99=0.65 hi=1.46%) scale=6.56 p5=-0.37 p95=6.19 | r/step=0.0091 | 1.2 ips ETA 8h50\r\n"}
,{"stream_name":"stdout","time":5255.29085472,"data":"  iter  6250/45000 [13.9%] | WM wm=14.35 rec=8.39 kl=5.75 rew=0.197 con=0.012 rew@ach=0.79/0.92(n=19) rew@0=+0.011 | AC act=0.006 crit=2.131 pg=0.006 H=0.47 | img ret=2.55 val=2.37 imgR(mu=0.047 max=1.01 p99=0.87 hi=3.49%) scale=6.62 p5=-0.37 p95=6.25 | r/step=0.0105 | 1.2 ips ETA 8h49\r\n"}
,{"stream_name":"stdout","time":5292.998595054,"data":"  iter  6300/45000 [14.0%] | WM wm=16.20 rec=9.25 kl=6.74 rew=0.201 con=0.009 rew@ach=0.91/1.00(n=17) rew@0=+0.006 | AC act=-0.002 crit=1.984 pg=-0.002 H=0.54 | img ret=2.59 val=2.63 imgR(mu=0.022 max=1.01 p99=0.93 hi=2.14%) scale=6.54 p5=-0.37 p95=6.16 | r/step=0.0040 | 1.2 ips ETA 8h48\r\n"}
,{"stream_name":"stdout","time":5330.823537975,"data":"  iter  6350/45000 [14.1%] | WM wm=12.98 rec=7.61 kl=5.21 rew=0.160 con=0.006 rew@ach=0.68/0.87(n=12) rew@0=+0.012 | AC act=-0.005 crit=2.019 pg=-0.005 H=0.47 | img ret=2.14 val=2.14 imgR(mu=0.029 max=1.01 p99=0.79 hi=2.12%) scale=6.61 p5=-0.37 p95=6.25 | r/step=0.0041 | 1.2 ips ETA 8h47\r\n"}
,{"stream_name":"stdout","time":5368.472011169,"data":"  iter  6400/45000 [14.2%] | WM wm=12.00 rec=6.52 kl=5.32 rew=0.158 con=0.001 rew@ach=0.68/0.72(n=18) rew@0=+0.008 | AC act=-0.001 crit=1.982 pg=-0.000 H=0.45 | img ret=1.98 val=1.96 imgR(mu=0.018 max=1.01 p99=0.70 hi=1.59%) scale=6.71 p5=-0.36 p95=6.34 | r/step=0.0090 | 1.2 ips ETA 8h46\r\n"}
,{"stream_name":"stdout","time":5406.650158396,"data":"  iter  6450/45000 [14.3%] | WM wm=17.83 rec=11.57 kl=6.10 rew=0.158 con=0.004 rew@ach=0.74/0.89(n=16) rew@0=+0.008 | AC act=-0.002 crit=1.818 pg=-0.002 H=0.51 | img ret=1.67 val=1.68 imgR(mu=0.014 max=1.00 p99=0.78 hi=1.60%) scale=6.73 p5=-0.37 p95=6.35 | r/step=0.0074 | 1.2 ips ETA 8h45\r\n"}
,{"stream_name":"stdout","time":5444.543445147,"data":"  iter  6500/45000 [14.4%] | WM wm=18.63 rec=11.36 kl=7.12 rew=0.137 con=0.006 rew@ach=0.78/1.00(n=6) rew@0=+0.006 | AC act=-0.004 crit=1.818 pg=-0.003 H=0.49 | img ret=1.93 val=1.94 imgR(mu=0.017 max=1.00 p99=0.75 hi=1.52%) scale=6.85 p5=-0.38 p95=6.46 | r/step=0.0100 | 1.2 ips ETA 8h44\r\n"}
,{"stream_name":"stdout","time":5482.179207332,"data":"  iter  6550/45000 [14.6%] | WM wm=14.57 rec=8.67 kl=5.70 rew=0.203 con=0.003 rew@ach=0.85/1.00(n=16) rew@0=+0.013 | AC act=-0.001 crit=1.766 pg=-0.001 H=0.52 | img ret=2.55 val=2.52 imgR(mu=0.034 max=1.01 p99=0.98 hi=2.86%) scale=6.96 p5=-0.40 p95=6.56 | r/step=0.0130 | 1.2 ips ETA 8h43\r\n"}
,{"stream_name":"stdout","time":5520.30244779,"data":"  iter  6600/45000 [14.7%] | WM wm=21.25 rec=13.96 kl=7.07 rew=0.211 con=0.011 rew@ach=0.56/0.87(n=13) rew@0=+0.010 | AC act=-0.001 crit=1.920 pg=-0.001 H=0.48 | img ret=1.65 val=1.64 imgR(mu=0.023 max=1.01 p99=0.88 hi=2.12%) scale=7.20 p5=-0.40 p95=6.81 | r/step=0.0091 | 1.2 ips ETA 8h42\r\n"}
,{"stream_name":"stdout","time":5557.806525836,"data":"  iter  6650/45000 [14.8%] | WM wm=14.84 rec=9.33 kl=5.34 rew=0.163 con=0.004 rew@ach=0.80/0.88(n=14) rew@0=+0.011 | AC act=-0.000 crit=1.958 pg=0.000 H=0.62 | img ret=2.12 val=2.09 imgR(mu=0.033 max=1.01 p99=0.97 hi=2.81%) scale=7.57 p5=-0.39 p95=7.19 | r/step=0.0123 | 1.2 ips ETA 8h41\r\n"}
,{"stream_name":"stdout","time":5595.272463882,"data":"  iter  6700/45000 [14.9%] | WM wm=16.93 rec=10.85 kl=5.93 rew=0.158 con=0.003 rew@ach=0.58/0.79(n=8) rew@0=+0.004 | AC act=-0.000 crit=2.034 pg=0.000 H=0.52 | img ret=2.64 val=2.55 imgR(mu=0.043 max=1.01 p99=0.99 hi=4.25%) scale=7.41 p5=-0.40 p95=7.01 | r/step=0.0125 | 1.2 ips ETA 8h40\r\n"}
,{"stream_name":"stdout","time":5633.087801374,"data":"  iter  6750/45000 [15.0%] | WM wm=15.96 rec=9.94 kl=5.86 rew=0.160 con=0.002 rew@ach=0.95/1.00(n=13) rew@0=+0.011 | AC act=0.000 crit=2.161 pg=0.001 H=0.51 | img ret=2.17 val=2.17 imgR(mu=0.045 max=1.01 p99=0.92 hi=3.58%) scale=7.41 p5=-0.41 p95=7.00 | r/step=0.0097 | 1.2 ips ETA 8h39\r\n"}
,{"stream_name":"stdout","time":5670.641327239,"data":"  iter  6800/45000 [15.1%] | WM wm=17.06 rec=10.66 kl=6.25 rew=0.158 con=0.000 rew@ach=0.78/1.00(n=10) rew@0=+0.008 | AC act=-0.000 crit=1.959 pg=-0.000 H=0.59 | img ret=2.11 val=2.09 imgR(mu=0.028 max=1.01 p99=0.83 hi=2.58%) scale=7.12 p5=-0.42 p95=6.71 | r/step=0.0099 | 1.2 ips ETA 8h38\r\n"}
,{"stream_name":"stdout","time":5708.682302739,"data":"  iter  6850/45000 [15.2%] | WM wm=13.79 rec=7.47 kl=6.12 rew=0.193 con=0.003 rew@ach=0.87/1.00(n=14) rew@0=+0.020 | AC act=0.004 crit=1.853 pg=0.004 H=0.61 | img ret=2.14 val=2.08 imgR(mu=0.046 max=1.01 p99=0.99 hi=4.58%) scale=6.79 p5=-0.45 p95=6.35 | r/step=0.0097 | 1.2 ips ETA 8h37\r\n"}
,{"stream_name":"stdout","time":5746.452817451,"data":"  iter  6900/45000 [15.3%] | WM wm=13.30 rec=8.21 kl=4.94 rew=0.145 con=0.001 rew@ach=0.61/0.81(n=9) rew@0=+0.004 | AC act=0.008 crit=2.000 pg=0.008 H=0.59 | img ret=1.47 val=1.39 imgR(mu=0.036 max=1.02 p99=0.97 hi=3.69%) scale=6.64 p5=-0.45 p95=6.17 | r/step=0.0051 | 1.2 ips ETA 8h36\r\n"}
,{"stream_name":"stdout","time":5784.195647465,"data":"  iter  6950/45000 [15.4%] | WM wm=16.25 rec=9.45 kl=6.64 rew=0.151 con=0.003 rew@ach=0.96/1.00(n=11) rew@0=+0.015 | AC act=-0.000 crit=1.747 pg=-0.000 H=0.79 | img ret=1.61 val=1.61 imgR(mu=0.030 max=1.01 p99=1.00 hi=2.80%) scale=6.78 p5=-0.48 p95=6.29 | r/step=0.0126 | 1.2 ips ETA 8h36\r\n"}
,{"stream_name":"stdout","time":5821.944039777,"data":"  iter  7000/45000 [15.6%] | WM wm=16.17 rec=9.31 kl=6.66 rew=0.192 con=0.006 rew@ach=0.90/1.00(n=12) rew@0=+0.021 | AC act=0.003 crit=2.067 pg=0.003 H=0.73 | img ret=1.19 val=1.17 imgR(mu=0.025 max=1.01 p99=0.87 hi=2.31%) scale=6.65 p5=-0.46 p95=6.19 | r/step=0.0102 | 1.2 ips ETA 8h35\r\n"}
,{"stream_name":"stdout","time":5859.394321122,"data":"  iter  7050/45000 [15.7%] | WM wm=16.69 rec=10.15 kl=6.29 rew=0.239 con=0.011 rew@ach=0.71/0.90(n=17) rew@0=+0.011 | AC act=0.000 crit=2.480 pg=0.001 H=0.41 | img ret=1.43 val=1.37 imgR(mu=0.044 max=1.01 p99=0.93 hi=3.83%) scale=6.66 p5=-0.47 p95=6.19 | r/step=0.0105 | 1.2 ips ETA 8h34\r\n"}
,{"stream_name":"stdout","time":5897.048233925,"data":"  iter  7100/45000 [15.8%] | WM wm=14.18 rec=8.02 kl=5.96 rew=0.197 con=0.006 rew@ach=0.78/1.00(n=15) rew@0=+0.023 | AC act=-0.003 crit=2.049 pg=-0.003 H=0.71 | img ret=1.50 val=1.53 imgR(mu=0.027 max=1.01 p99=0.87 hi=1.97%) scale=6.81 p5=-0.46 p95=6.33 | r/step=0.0097 | 1.2 ips ETA 8h33\r\n"}
,{"stream_name":"stdout","time":5934.659091108,"data":"  iter  7150/45000 [15.9%] | WM wm=18.25 rec=10.52 kl=7.40 rew=0.320 con=0.013 rew@ach=0.79/1.00(n=14) rew@0=+0.021 | AC act=0.008 crit=2.004 pg=0.009 H=0.59 | img ret=1.47 val=1.38 imgR(mu=0.029 max=1.01 p99=0.89 hi=2.58%) scale=6.91 p5=-0.41 p95=6.50 | r/step=0.0065 | 1.2 ips ETA 8h32\r\n"}
,{"stream_name":"stdout","time":5972.175578444,"data":"  iter  7200/45000 [16.0%] | WM wm=10.27 rec=5.61 kl=4.56 rew=0.100 con=0.005 rew@ach=0.87/0.82(n=9) rew@0=+0.008 | AC act=-0.002 crit=2.016 pg=-0.001 H=0.64 | img ret=1.27 val=1.30 imgR(mu=0.015 max=1.01 p99=0.83 hi=1.76%) scale=6.78 p5=-0.41 p95=6.36 | r/step=0.0108 | 1.2 ips ETA 8h31\r\n"}
,{"stream_name":"stdout","time":6010.194608734,"data":"  iter  7250/45000 [16.1%] | WM wm=13.85 rec=7.49 kl=6.24 rew=0.122 con=0.004 rew@ach=0.87/1.00(n=7) rew@0=+0.007 | AC act=0.003 crit=2.224 pg=0.003 H=0.65 | img ret=1.69 val=1.59 imgR(mu=0.021 max=1.01 p99=0.85 hi=1.97%) scale=7.18 p5=-0.43 p95=6.77 | r/step=0.0069 | 1.2 ips ETA 8h30\r\n"}
,{"stream_name":"stdout","time":6047.74635031,"data":"  iter  7300/45000 [16.2%] | WM wm=14.65 rec=8.57 kl=5.83 rew=0.248 con=0.004 rew@ach=0.55/0.82(n=19) rew@0=+0.009 | AC act=0.003 crit=2.137 pg=0.003 H=0.78 | img ret=1.22 val=1.17 imgR(mu=0.012 max=1.00 p99=0.63 hi=1.20%) scale=7.55 p5=-0.42 p95=7.12 | r/step=0.0147 | 1.2 ips ETA 8h29\r\n"}
,{"stream_name":"stdout","time":6085.607721021,"data":"  iter  7350/45000 [16.3%] | WM wm=16.01 rec=9.98 kl=5.89 rew=0.144 con=0.002 rew@ach=0.92/1.00(n=12) rew@0=+0.013 | AC act=0.001 crit=2.006 pg=0.001 H=0.77 | img ret=1.40 val=1.37 imgR(mu=0.024 max=1.01 p99=0.82 hi=2.16%) scale=6.73 p5=-0.44 p95=6.28 | r/step=0.0083 | 1.2 ips ETA 8h28\r\n"}
,{"stream_name":"stdout","time":6123.478276441,"data":"  iter  7400/45000 [16.4%] | WM wm=17.52 rec=11.05 kl=6.32 rew=0.151 con=0.004 rew@ach=0.92/1.00(n=14) rew@0=+0.007 | AC act=0.001 crit=1.881 pg=0.001 H=0.67 | img ret=1.65 val=1.59 imgR(mu=0.029 max=1.01 p99=0.83 hi=2.65%) scale=6.28 p5=-0.44 p95=5.85 | r/step=0.0106 | 1.2 ips ETA 8h27\r\n"}
,{"stream_name":"stdout","time":6161.114829617,"data":"  iter  7450/45000 [16.6%] | WM wm=17.01 rec=10.60 kl=6.24 rew=0.162 con=0.012 rew@ach=0.77/0.85(n=11) rew@0=+0.005 | AC act=0.004 crit=2.162 pg=0.005 H=0.62 | img ret=1.46 val=1.37 imgR(mu=0.036 max=1.00 p99=0.91 hi=3.36%) scale=6.47 p5=-0.42 p95=6.05 | r/step=0.0084 | 1.2 ips ETA 8h26\r\n"}
,{"stream_name":"stdout","time":6198.78729484,"data":"  iter  7500/45000 [16.7%] | WM wm=17.46 rec=10.45 kl=6.85 rew=0.154 con=0.001 rew@ach=0.84/0.88(n=14) rew@0=+0.007 | AC act=-0.001 crit=2.096 pg=-0.001 H=0.61 | img ret=1.45 val=1.46 imgR(mu=0.018 max=1.01 p99=0.73 hi=1.63%) scale=6.47 p5=-0.41 p95=6.05 | r/step=0.0098 | 1.2 ips ETA 8h25\r\n"}
,{"stream_name":"stdout","time":6369.322692081,"data":"  \u003e\u003e\u003e EVAL @ iter 7500 : score=1.34  length=171  achievements=2.24 ↓  sample=2.60  (best=3.12 @5000)  crafter_score=1.57% [1360 train eps]\r\n"}
,{"stream_name":"stdout","time":6369.322725771,"data":"      unlocked (6/22): collect_sapling=100%  wake_up=87%  place_plant=32%  collect_wood=3%  defeat_zombie=1%  eat_cow=1%\r\n"}
,{"stream_name":"stdout","time":6369.322732081,"data":"      TRAIN (9/22 sur 1360 eps): wake_up=1146(84.3%)  collect_sapling=1071(78.8%)  place_plant=750(55.1%)  collect_wood=236(17.4%)  collect_drink=57(4.2%)  eat_cow=48(3.5%)  defeat_zombie=31(2.3%)  place_table=10(0.7%)  defeat_skeleton=1(0.1%)\r\n"}
,{"stream_name":"stdout","time":6369.322739251,"data":"      JAMAIS vus en train (13) : collect_coal  collect_diamond  collect_iron  collect_stone  eat_plant  make_iron_pickaxe  make_iron_sword  make_stone_pickaxe  make_stone_sword  make_wood_pickaxe  make_wood_sword  place_furnace  place_stone\r\n"}
,{"stream_name":"stdout","time":6378.40320176,"data":"  Checkpoint saved : dreamer_crafter_jax_v50-wmfix-t1_iter007500.npz\r\n"}
,{"stream_name":"stdout","time":6416.442067647,"data":"  iter  7550/45000 [16.8%] | WM wm=18.14 rec=11.60 kl=6.40 rew=0.136 con=0.002 rew@ach=0.77/1.00(n=10) rew@0=+0.006 | AC act=-0.005 crit=1.941 pg=-0.004 H=0.67 | img ret=2.09 val=2.14 imgR(mu=0.030 max=1.01 p99=0.92 hi=2.82%) scale=6.55 p5=-0.42 p95=6.14 | r/step=0.0109 | 1.2 ips ETA 8h39\r\n"}
,{"stream_name":"stdout","time":6454.20239713,"data":"  iter  7600/45000 [16.9%] | WM wm=16.07 rec=8.92 kl=6.84 rew=0.311 con=0.004 rew@ach=0.80/1.00(n=23) rew@0=+0.027 | AC act=-0.003 crit=1.996 pg=-0.002 H=0.76 | img ret=1.03 val=1.07 imgR(mu=0.014 max=1.01 p99=0.57 hi=1.20%) scale=6.42 p5=-0.40 p95=6.00 | r/step=0.0109 | 1.2 ips ETA 8h38\r\n"}
,{"stream_name":"stdout","time":6492.366617665,"data":"  iter  7650/45000 [17.0%] | WM wm=15.62 rec=9.48 kl=5.96 rew=0.172 con=0.001 rew@ach=0.86/1.00(n=16) rew@0=+0.006 | AC act=0.002 crit=1.941 pg=0.002 H=0.62 | img ret=1.41 val=1.41 imgR(mu=0.022 max=1.01 p99=0.80 hi=1.87%) scale=6.32 p5=-0.43 p95=5.89 | r/step=0.0092 | 1.2 ips ETA 8h37\r\n"}
,{"stream_name":"stdout","time":6530.216669297,"data":"  iter  7700/45000 [17.1%] | WM wm=13.84 rec=6.49 kl=7.13 rew=0.205 con=0.005 rew@ach=0.94/1.00(n=21) rew@0=+0.015 | AC act=-0.004 crit=1.892 pg=-0.003 H=0.75 | img ret=1.78 val=1.76 imgR(mu=0.032 max=1.01 p99=0.87 hi=2.44%) scale=6.32 p5=-0.43 p95=5.89 | r/step=0.0124 | 1.2 ips ETA 8h36\r\n"}
,{"stream_name":"stdout","time":6568.201436776,"data":"  iter  7750/45000 [17.2%] | WM wm=12.47 rec=6.63 kl=5.62 rew=0.208 con=0.003 rew@ach=0.81/0.92(n=22) rew@0=+0.014 | AC act=-0.001 crit=2.060 pg=-0.000 H=0.62 | img ret=1.51 val=1.50 imgR(mu=0.021 max=1.00 p99=0.76 hi=2.12%) scale=6.31 p5=-0.41 p95=5.90 | r/step=0.0124 | 1.2 ips ETA 8h35\r\n"}
,{"stream_name":"stdout","time":6606.274421053,"data":"  iter  7800/45000 [17.3%] | WM wm=17.74 rec=10.88 kl=6.67 rew=0.194 con=0.001 rew@ach=0.87/1.00(n=14) rew@0=+0.016 | AC act=0.003 crit=2.106 pg=0.004 H=0.76 | img ret=1.26 val=1.19 imgR(mu=0.019 max=1.01 p99=0.83 hi=1.93%) scale=6.65 p5=-0.42 p95=6.21 | r/step=0.0085 | 1.2 ips ETA 8h34\r\n"}
,{"stream_name":"stdout","time":6644.300302132,"data":"  iter  7850/45000 [17.4%] | WM wm=15.80 rec=9.22 kl=6.37 rew=0.212 con=0.002 rew@ach=0.83/0.89(n=16) rew@0=+0.021 | AC act=-0.005 crit=2.092 pg=-0.005 H=0.62 | img ret=1.79 val=1.83 imgR(mu=0.041 max=1.01 p99=0.99 hi=3.85%) scale=6.59 p5=-0.41 p95=6.19 | r/step=0.0090 | 1.2 ips ETA 8h33\r\n"}
,{"stream_name":"stdout","time":6682.378808719,"data":"  iter  7900/45000 [17.6%] | WM wm=14.37 rec=7.70 kl=6.46 rew=0.202 con=0.005 rew@ach=0.69/0.81(n=17) rew@0=+0.010 | AC act=0.005 crit=2.240 pg=0.006 H=0.76 | img ret=1.25 val=1.17 imgR(mu=0.031 max=1.01 p99=0.91 hi=2.84%) scale=6.54 p5=-0.40 p95=6.13 | r/step=0.0086 | 1.2 ips ETA 8h32\r\n"}
,{"stream_name":"stdout","time":6720.205529171,"data":"  iter  7950/45000 [17.7%] | WM wm=15.49 rec=8.76 kl=6.52 rew=0.209 con=0.002 rew@ach=0.73/0.90(n=17) rew@0=+0.024 | AC act=0.002 crit=2.009 pg=0.003 H=0.68 | img ret=1.83 val=1.77 imgR(mu=0.040 max=1.01 p99=0.97 hi=3.59%) scale=6.16 p5=-0.39 p95=5.78 | r/step=0.0088 | 1.2 ips ETA 8h31\r\n"}
,{"stream_name":"stdout","time":6758.123348739,"data":"  iter  8000/45000 [17.8%] | WM wm=17.10 rec=10.29 kl=6.64 rew=0.167 con=0.006 rew@ach=0.73/0.79(n=17) rew@0=+0.016 | AC act=-0.004 crit=2.186 pg=-0.004 H=0.51 | img ret=1.50 val=1.42 imgR(mu=0.038 max=1.01 p99=0.81 hi=3.42%) scale=6.09 p5=-0.38 p95=5.72 | r/step=0.0102 | 1.2 ips ETA 8h30\r\n"}
,{"stream_name":"stdout","time":6796.251753654,"data":"  iter  8050/45000 [17.9%] | WM wm=14.68 rec=8.80 kl=5.73 rew=0.142 con=0.002 rew@ach=0.91/0.98(n=11) rew@0=+0.006 | AC act=0.001 crit=2.056 pg=0.001 H=0.69 | img ret=1.11 val=1.10 imgR(mu=0.026 max=1.00 p99=0.78 hi=2.26%) scale=6.30 p5=-0.37 p95=5.91 | r/step=0.0087 | 1.2 ips ETA 8h30\r\n"}
,{"stream_name":"stdout","time":6834.190298134,"data":"  iter  8100/45000 [18.0%] | WM wm=15.79 rec=10.00 kl=5.59 rew=0.192 con=0.002 rew@ach=0.69/0.77(n=15) rew@0=+0.024 | AC act=0.006 crit=2.103 pg=0.007 H=0.76 | img ret=1.41 val=1.33 imgR(mu=0.035 max=1.00 p99=0.93 hi=2.55%) scale=5.94 p5=-0.37 p95=5.56 | r/step=0.0119 | 1.2 ips ETA 8h29\r\n"}
,{"stream_name":"stdout","time":6871.899113728,"data":"  iter  8150/45000 [18.1%] | WM wm=15.63 rec=9.70 kl=5.83 rew=0.097 con=0.004 rew@ach=0.44/0.48(n=10) rew@0=+0.009 | AC act=0.006 crit=2.131 pg=0.006 H=0.64 | img ret=0.96 val=0.91 imgR(mu=0.021 max=1.00 p99=0.77 hi=1.73%) scale=5.57 p5=-0.38 p95=5.18 | r/step=0.0076 | 1.2 ips ETA 8h28\r\n"}
,{"stream_name":"stdout","time":6910.097573493,"data":"  iter  8200/45000 [18.2%] | WM wm=11.41 rec=5.60 kl=5.58 rew=0.224 con=0.005 rew@ach=0.66/0.83(n=19) rew@0=+0.018 | AC act=-0.008 crit=1.874 pg=-0.008 H=0.74 | img ret=1.70 val=1.74 imgR(mu=0.025 max=1.00 p99=0.76 hi=1.92%) scale=5.58 p5=-0.41 p95=5.16 | r/step=0.0105 | 1.2 ips ETA 8h27\r\n"}
,{"stream_name":"stdout","time":6948.321541148,"data":"  iter  8250/45000 [18.3%] | WM wm=11.34 rec=6.21 kl=5.02 rew=0.117 con=0.005 rew@ach=0.90/1.00(n=8) rew@0=+0.008 | AC act=-0.001 crit=1.845 pg=-0.001 H=0.73 | img ret=1.29 val=1.30 imgR(mu=0.018 max=1.00 p99=0.65 hi=1.49%) scale=5.51 p5=-0.39 p95=5.11 | r/step=0.0066 | 1.2 ips ETA 8h26\r\n"}
,{"stream_name":"stdout","time":6986.233216867,"data":"  iter  8300/45000 [18.4%] | WM wm=15.51 rec=9.54 kl=5.74 rew=0.222 con=0.009 rew@ach=0.78/0.91(n=18) rew@0=+0.018 | AC act=-0.001 crit=1.790 pg=-0.001 H=0.74 | img ret=1.66 val=1.65 imgR(mu=0.026 max=1.00 p99=0.81 hi=2.19%) scale=5.22 p5=-0.40 p95=4.81 | r/step=0.0091 | 1.2 ips ETA 8h25\r\n"}
,{"stream_name":"stdout","time":7024.221235595,"data":"  iter  8350/45000 [18.6%] | WM wm=15.55 rec=8.97 kl=6.41 rew=0.153 con=0.009 rew@ach=0.96/1.00(n=13) rew@0=+0.020 | AC act=0.025 crit=2.049 pg=0.025 H=0.82 | img ret=1.40 val=1.24 imgR(mu=0.044 max=1.00 p99=0.94 hi=4.85%) scale=5.38 p5=-0.41 p95=4.99 | r/step=0.0102 | 1.2 ips ETA 8h24\r\n"}
,{"stream_name":"stdout","time":7062.090376355,"data":"  iter  8400/45000 [18.7%] | WM wm=12.63 rec=6.83 kl=5.62 rew=0.182 con=0.001 rew@ach=0.81/1.01(n=14) rew@0=+0.003 | AC act=-0.002 crit=1.799 pg=-0.002 H=0.59 | img ret=1.51 val=1.45 imgR(mu=0.028 max=1.00 p99=0.91 hi=2.98%) scale=5.50 p5=-0.43 p95=5.08 | r/step=0.0121 | 1.2 ips ETA 8h23\r\n"}
,{"stream_name":"stdout","time":7100.228647511,"data":"  iter  8450/45000 [18.8%] | WM wm=13.31 rec=7.09 kl=5.97 rew=0.237 con=0.013 rew@ach=0.75/0.87(n=13) rew@0=+0.034 | AC act=0.006 crit=2.014 pg=0.007 H=0.72 | img ret=1.51 val=1.45 imgR(mu=0.035 max=1.00 p99=0.94 hi=3.02%) scale=5.61 p5=-0.43 p95=5.19 | r/step=0.0075 | 1.2 ips ETA 8h22\r\n"}
,{"stream_name":"stdout","time":7138.25845913,"data":"  iter  8500/45000 [18.9%] | WM wm=15.43 rec=9.01 kl=6.21 rew=0.191 con=0.011 rew@ach=0.71/0.89(n=15) rew@0=+0.005 | AC act=-0.004 crit=1.805 pg=-0.003 H=0.60 | img ret=1.44 val=1.45 imgR(mu=0.024 max=1.01 p99=0.83 hi=2.13%) scale=5.84 p5=-0.46 p95=5.38 | r/step=0.0137 | 1.2 ips ETA 8h21\r\n"}
,{"stream_name":"stdout","time":7176.306306118,"data":"  iter  8550/45000 [19.0%] | WM wm=13.37 rec=7.69 kl=5.52 rew=0.149 con=0.001 rew@ach=0.81/0.88(n=13) rew@0=+0.007 | AC act=-0.001 crit=1.917 pg=-0.001 H=0.77 | img ret=1.36 val=1.34 imgR(mu=0.024 max=1.01 p99=0.77 hi=2.17%) scale=5.78 p5=-0.43 p95=5.35 | r/step=0.0105 | 1.2 ips ETA 8h20\r\n"}
,{"stream_name":"stdout","time":7214.631537775,"data":"  iter  8600/45000 [19.1%] | WM wm=13.11 rec=7.06 kl=5.83 rew=0.221 con=0.002 rew@ach=0.77/1.00(n=19) rew@0=+0.023 | AC act=0.006 crit=2.150 pg=0.006 H=0.64 | img ret=1.35 val=1.25 imgR(mu=0.028 max=1.00 p99=0.87 hi=2.32%) scale=5.65 p5=-0.40 p95=5.25 | r/step=0.0080 | 1.2 ips ETA 8h19\r\n"}
,{"stream_name":"stdout","time":7252.373985361,"data":"  iter  8650/45000 [19.2%] | WM wm=14.29 rec=7.42 kl=6.65 rew=0.214 con=0.006 rew@ach=0.54/0.80(n=16) rew@0=+0.014 | AC act=0.002 crit=1.939 pg=0.003 H=0.61 | img ret=1.73 val=1.67 imgR(mu=0.029 max=1.00 p99=0.76 hi=2.27%) scale=5.81 p5=-0.39 p95=5.43 | r/step=0.0120 | 1.2 ips ETA 8h18\r\n"}
,{"stream_name":"stdout","time":7290.451194603,"data":"  iter  8700/45000 [19.3%] | WM wm=14.62 rec=8.72 kl=5.70 rew=0.200 con=0.007 rew@ach=0.78/1.00(n=14) rew@0=+0.021 | AC act=0.005 crit=2.129 pg=0.005 H=0.71 | img ret=1.41 val=1.31 imgR(mu=0.028 max=1.01 p99=0.93 hi=2.51%) scale=5.51 p5=-0.40 p95=5.12 | r/step=0.0093 | 1.2 ips ETA 8h17\r\n"}
,{"stream_name":"stdout","time":7328.506293515,"data":"  iter  8750/45000 [19.4%] | WM wm=14.05 rec=7.47 kl=6.39 rew=0.179 con=0.003 rew@ach=0.94/0.99(n=15) rew@0=+0.024 | AC act=0.002 crit=1.951 pg=0.002 H=0.74 | img ret=1.57 val=1.52 imgR(mu=0.025 max=1.00 p99=0.76 hi=1.98%) scale=5.85 p5=-0.41 p95=5.44 | r/step=0.0091 | 1.2 ips ETA 8h17\r\n"}
,{"stream_name":"stdout","time":7366.457629668,"data":"  iter  8800/45000 [19.6%] | WM wm=16.03 rec=9.46 kl=6.45 rew=0.120 con=0.002 rew@ach=0.92/1.00(n=9) rew@0=+0.014 | AC act=0.003 crit=2.032 pg=0.003 H=0.71 | img ret=1.73 val=1.65 imgR(mu=0.041 max=1.01 p99=0.99 hi=3.75%) scale=5.89 p5=-0.41 p95=5.48 | r/step=0.0095 | 1.2 ips ETA 8h16\r\n"}
,{"stream_name":"stdout","time":7404.751121556,"data":"  iter  8850/45000 [19.7%] | WM wm=15.26 rec=9.76 kl=5.35 rew=0.147 con=0.004 rew@ach=0.94/1.00(n=13) rew@0=+0.012 | AC act=0.001 crit=2.038 pg=0.001 H=0.56 | img ret=1.46 val=1.43 imgR(mu=0.023 max=1.00 p99=0.90 hi=2.36%) scale=5.90 p5=-0.41 p95=5.49 | r/step=0.0099 | 1.2 ips ETA 8h15\r\n"}
,{"stream_name":"stdout","time":7442.869129496,"data":"  iter  8900/45000 [19.8%] | WM wm=13.20 rec=6.71 kl=6.24 rew=0.241 con=0.011 rew@ach=0.78/1.00(n=18) rew@0=+0.021 | AC act=-0.002 crit=1.998 pg=-0.002 H=0.57 | img ret=1.69 val=1.73 imgR(mu=0.017 max=1.00 p99=0.78 hi=1.76%) scale=5.95 p5=-0.40 p95=5.54 | r/step=0.0097 | 1.2 ips ETA 8h14\r\n"}
,{"stream_name":"stdout","time":7480.643138613,"data":"  iter  8950/45000 [19.9%] | WM wm=10.53 rec=5.25 kl=5.07 rew=0.205 con=0.002 rew@ach=0.63/0.85(n=13) rew@0=+0.013 | AC act=0.000 crit=2.157 pg=0.000 H=0.55 | img ret=1.63 val=1.61 imgR(mu=0.030 max=1.01 p99=0.95 hi=2.97%) scale=5.81 p5=-0.42 p95=5.38 | r/step=0.0143 | 1.2 ips ETA 8h13\r\n"}
,{"stream_name":"stdout","time":7518.673630425,"data":"  iter  9000/45000 [20.0%] | WM wm=15.25 rec=9.80 kl=5.25 rew=0.191 con=0.004 rew@ach=0.94/1.00(n=16) rew@0=+0.013 | AC act=0.003 crit=1.959 pg=0.003 H=0.64 | img ret=2.41 val=2.34 imgR(mu=0.046 max=1.01 p99=1.00 hi=4.30%) scale=5.74 p5=-0.42 p95=5.34 | r/step=0.0093 | 1.2 ips ETA 8h12\r\n"}
,{"stream_name":"stdout","time":7556.731760596,"data":"  iter  9050/45000 [20.1%] | WM wm=15.12 rec=9.06 kl=5.89 rew=0.170 con=0.003 rew@ach=0.92/1.00(n=17) rew@0=+0.012 | AC act=0.003 crit=1.988 pg=0.003 H=0.66 | img ret=1.47 val=1.40 imgR(mu=0.028 max=1.00 p99=0.84 hi=2.25%) scale=5.64 p5=-0.43 p95=5.20 | r/step=0.0068 | 1.2 ips ETA 8h11\r\n"}
,{"stream_name":"stdout","time":7594.718292121,"data":"  iter  9100/45000 [20.2%] | WM wm=15.15 rec=8.77 kl=6.21 rew=0.169 con=0.007 rew@ach=0.85/0.88(n=14) rew@0=+0.016 | AC act=0.003 crit=1.958 pg=0.003 H=0.52 | img ret=1.54 val=1.51 imgR(mu=0.023 max=1.07 p99=0.96 hi=2.33%) scale=5.37 p5=-0.42 p95=4.95 | r/step=0.0114 | 1.2 ips ETA 8h10\r\n"}
,{"stream_name":"stdout","time":7632.834953482,"data":"  iter  9150/45000 [20.3%] | WM wm=16.80 rec=10.24 kl=6.34 rew=0.209 con=0.005 rew@ach=0.86/0.91(n=19) rew@0=+0.010 | AC act=0.002 crit=2.001 pg=0.002 H=0.53 | img ret=1.84 val=1.77 imgR(mu=0.039 max=1.01 p99=1.00 hi=3.77%) scale=5.29 p5=-0.40 p95=4.89 | r/step=0.0109 | 1.2 ips ETA 8h09\r\n"}
,{"stream_name":"stdout","time":7670.740078336,"data":"  iter  9200/45000 [20.4%] | WM wm=15.45 rec=9.53 kl=5.77 rew=0.144 con=0.005 rew@ach=0.90/1.00(n=12) rew@0=+0.008 | AC act=0.003 crit=2.220 pg=0.003 H=0.47 | img ret=1.91 val=1.82 imgR(mu=0.029 max=1.00 p99=0.91 hi=2.83%) scale=5.96 p5=-0.40 p95=5.55 | r/step=0.0095 | 1.2 ips ETA 8h09\r\n"}
,{"stream_name":"stdout","time":7708.839162439,"data":"  iter  9250/45000 [20.6%] | WM wm=12.06 rec=6.40 kl=5.55 rew=0.110 con=0.001 rew@ach=0.81/0.83(n=10) rew@0=+0.005 | AC act=0.001 crit=2.008 pg=0.001 H=0.53 | img ret=2.08 val=2.03 imgR(mu=0.037 max=1.01 p99=0.98 hi=3.24%) scale=6.07 p5=-0.39 p95=5.69 | r/step=0.0151 | 1.2 ips ETA 8h08\r\n"}
,{"stream_name":"stdout","time":7746.663227825,"data":"  iter  9300/45000 [20.7%] | WM wm=15.28 rec=8.41 kl=6.67 rew=0.194 con=0.002 rew@ach=0.81/1.00(n=17) rew@0=+0.012 | AC act=-0.001 crit=1.999 pg=-0.001 H=0.61 | img ret=1.96 val=1.95 imgR(mu=0.031 max=1.01 p99=0.98 hi=2.17%) scale=6.16 p5=-0.41 p95=5.75 | r/step=0.0104 | 1.2 ips ETA 8h07\r\n"}
,{"stream_name":"stdout","time":7784.781963577,"data":"  iter  9350/45000 [20.8%] | WM wm=15.86 rec=9.32 kl=6.38 rew=0.159 con=0.006 rew@ach=0.81/1.00(n=10) rew@0=+0.009 | AC act=-0.003 crit=1.833 pg=-0.003 H=0.59 | img ret=2.12 val=2.14 imgR(mu=0.022 max=1.00 p99=0.90 hi=1.87%) scale=6.22 p5=-0.42 p95=5.80 | r/step=0.0063 | 1.2 ips ETA 8h06\r\n"}
,{"stream_name":"stdout","time":7822.720865444,"data":"  iter  9400/45000 [20.9%] | WM wm=12.67 rec=7.01 kl=5.45 rew=0.198 con=0.003 rew@ach=0.63/0.87(n=13) rew@0=+0.009 | AC act=0.000 crit=1.628 pg=0.001 H=0.51 | img ret=2.39 val=2.35 imgR(mu=0.040 max=1.01 p99=1.00 hi=3.30%) scale=6.21 p5=-0.41 p95=5.80 | r/step=0.0170 | 1.2 ips ETA 8h05\r\n"}
,{"stream_name":"stdout","time":7860.460706372,"data":"  iter  9450/45000 [21.0%] | WM wm=12.55 rec=7.15 kl=5.17 rew=0.226 con=0.004 rew@ach=0.88/1.00(n=19) rew@0=+0.032 | AC act=0.002 crit=1.967 pg=0.002 H=0.62 | img ret=1.52 val=1.48 imgR(mu=0.022 max=1.01 p99=0.93 hi=2.56%) scale=6.21 p5=-0.38 p95=5.82 | r/step=0.0101 | 1.2 ips ETA 8h04\r\n"}
,{"stream_name":"stdout","time":7898.224767768,"data":"  iter  9500/45000 [21.1%] | WM wm=16.59 rec=10.01 kl=6.39 rew=0.186 con=0.005 rew@ach=0.61/0.85(n=11) rew@0=+0.006 | AC act=0.000 crit=1.869 pg=0.000 H=0.65 | img ret=2.07 val=2.03 imgR(mu=0.033 max=1.00 p99=0.88 hi=2.70%) scale=6.36 p5=-0.41 p95=5.95 | r/step=0.0113 | 1.2 ips ETA 8h03\r\n"}
,{"stream_name":"stdout","time":7936.107458043,"data":"  iter  9550/45000 [21.2%] | WM wm=15.91 rec=9.57 kl=6.12 rew=0.214 con=0.004 rew@ach=0.84/1.00(n=17) rew@0=+0.009 | AC act=0.003 crit=1.925 pg=0.003 H=0.51 | img ret=1.91 val=1.84 imgR(mu=0.036 max=1.01 p99=0.93 hi=3.17%) scale=6.33 p5=-0.43 p95=5.90 | r/step=0.0109 | 1.2 ips ETA 8h02\r\n"}
,{"stream_name":"stdout","time":7973.855202282,"data":"  iter  9600/45000 [21.3%] | WM wm=14.69 rec=8.87 kl=5.65 rew=0.154 con=0.006 rew@ach=0.83/0.88(n=14) rew@0=+0.008 | AC act=-0.000 crit=1.879 pg=-0.000 H=0.60 | img ret=2.18 val=2.13 imgR(mu=0.029 max=1.00 p99=0.92 hi=2.81%) scale=6.83 p5=-0.41 p95=6.43 | r/step=0.0127 | 1.2 ips ETA 8h02\r\n"}
,{"stream_name":"stdout","time":8011.793465327,"data":"  iter  9650/45000 [21.4%] | WM wm=14.48 rec=8.03 kl=6.29 rew=0.153 con=0.004 rew@ach=0.86/1.00(n=9) rew@0=+0.014 | AC act=0.002 crit=1.734 pg=0.002 H=0.74 | img ret=1.87 val=1.81 imgR(mu=0.023 max=1.00 p99=0.92 hi=2.17%) scale=7.51 p5=-0.42 p95=7.09 | r/step=0.0118 | 1.2 ips ETA 8h01\r\n"}
,{"stream_name":"stdout","time":8049.643124591,"data":"  iter  9700/45000 [21.6%] | WM wm=14.36 rec=8.08 kl=6.07 rew=0.208 con=0.004 rew@ach=0.87/0.92(n=21) rew@0=+0.022 | AC act=-0.002 crit=1.926 pg=-0.001 H=0.73 | img ret=2.22 val=2.19 imgR(mu=0.035 max=1.01 p99=0.90 hi=3.22%) scale=7.33 p5=-0.43 p95=6.91 | r/step=0.0130 | 1.2 ips ETA 8h00\r\n"}
,{"stream_name":"stdout","time":8087.514614298,"data":"  iter  9750/45000 [21.7%] | WM wm=14.60 rec=8.23 kl=6.18 rew=0.183 con=0.002 rew@ach=0.84/0.99(n=16) rew@0=+0.015 | AC act=-0.008 crit=1.753 pg=-0.007 H=0.82 | img ret=2.00 val=2.05 imgR(mu=0.016 max=1.00 p99=0.84 hi=1.53%) scale=6.62 p5=-0.41 p95=6.22 | r/step=0.0106 | 1.2 ips ETA 7h59\r\n"}
,{"stream_name":"stdout","time":8125.275657676,"data":"  iter  9800/45000 [21.8%] | WM wm=13.59 rec=7.28 kl=6.14 rew=0.167 con=0.003 rew@ach=0.69/0.77(n=15) rew@0=+0.010 | AC act=-0.003 crit=1.725 pg=-0.003 H=0.61 | img ret=1.60 val=1.59 imgR(mu=0.012 max=1.00 p99=0.51 hi=1.04%) scale=6.48 p5=-0.40 p95=6.09 | r/step=0.0075 | 1.2 ips ETA 7h58\r\n"}
,{"stream_name":"stdout","time":8162.870050846,"data":"  iter  9850/45000 [21.9%] | WM wm=11.08 rec=5.32 kl=5.56 rew=0.188 con=0.005 rew@ach=0.88/0.92(n=20) rew@0=+0.025 | AC act=0.001 crit=1.691 pg=0.002 H=0.74 | img ret=1.84 val=1.83 imgR(mu=0.023 max=1.01 p99=0.88 hi=2.37%) scale=6.34 p5=-0.41 p95=5.93 | r/step=0.0095 | 1.2 ips ETA 7h57\r\n"}
,{"stream_name":"stdout","time":8200.501514197,"data":"  iter  9900/45000 [22.0%] | WM wm=12.09 rec=7.10 kl=4.86 rew=0.130 con=0.002 rew@ach=0.87/1.00(n=9) rew@0=+0.009 | AC act=-0.004 crit=1.784 pg=-0.003 H=0.69 | img ret=1.64 val=1.64 imgR(mu=0.029 max=1.01 p99=0.85 hi=2.66%) scale=6.17 p5=-0.41 p95=5.76 | r/step=0.0078 | 1.2 ips ETA 7h56\r\n"}
,{"stream_name":"stdout","time":8238.168474745,"data":"  iter  9950/45000 [22.1%] | WM wm=13.92 rec=7.60 kl=6.13 rew=0.184 con=0.005 rew@ach=0.93/0.99(n=15) rew@0=+0.031 | AC act=0.003 crit=1.995 pg=0.003 H=0.72 | img ret=1.83 val=1.76 imgR(mu=0.047 max=1.00 p99=0.95 hi=4.13%) scale=5.98 p5=-0.38 p95=5.61 | r/step=0.0103 | 1.2 ips ETA 7h56\r\n"}
,{"stream_name":"stdout","time":8276.14481074,"data":"  iter 10000/45000 [22.2%] | WM wm=14.67 rec=8.76 kl=5.72 rew=0.183 con=0.002 rew@ach=0.85/0.90(n=17) rew@0=+0.010 | AC act=-0.003 crit=1.902 pg=-0.003 H=0.74 | img ret=1.42 val=1.43 imgR(mu=0.024 max=1.01 p99=0.78 hi=1.92%) scale=6.08 p5=-0.40 p95=5.67 | r/step=0.0111 | 1.2 ips ETA 7h55\r\n"}
,{"stream_name":"stdout","time":8456.17320268,"data":"  \u003e\u003e\u003e EVAL @ iter 10000 : score=2.06  length=177  achievements=2.96 ↑  sample=3.00  (best=3.12 @5000)  crafter_score=1.55% [1800 train eps]\r\n"}
,{"stream_name":"stdout","time":8456.17325324,"data":"      unlocked (7/22): collect_sapling=100%  wake_up=97%  collect_wood=49%  place_plant=29%  eat_cow=11%  defeat_zombie=7%  place_table=3%\r\n"}
,{"stream_name":"stdout","time":8456.17325943,"data":"      TRAIN (9/22 sur 1800 eps): wake_up=1571(87.3%)  collect_sapling=1507(83.7%)  place_plant=1063(59.1%)  collect_wood=293(16.3%)  collect_drink=59(3.3%)  eat_cow=56(3.1%)  defeat_zombie=44(2.4%)  place_table=15(0.8%)  defeat_skeleton=1(0.1%)\r\n"}
,{"stream_name":"stdout","time":8456.17326427,"data":"      JAMAIS vus en train (13) : collect_coal  collect_diamond  collect_iron  collect_stone  eat_plant  make_iron_pickaxe  make_iron_sword  make_stone_pickaxe  make_stone_sword  make_wood_pickaxe  make_wood_sword  place_furnace  place_stone\r\n"}
,{"stream_name":"stdout","time":8465.146575374,"data":"  Checkpoint saved : dreamer_crafter_jax_v50-wmfix-t1_iter010000.npz\r\n"}
,{"stream_name":"stdout","time":8502.673105119,"data":"  iter 10050/45000 [22.3%] | WM wm=14.07 rec=8.50 kl=5.35 rew=0.196 con=0.011 rew@ach=0.85/1.00(n=15) rew@0=+0.017 | AC act=0.004 crit=1.764 pg=0.004 H=0.74 | img ret=1.46 val=1.41 imgR(mu=0.028 max=1.01 p99=0.90 hi=2.45%) scale=6.08 p5=-0.41 p95=5.67 | r/step=0.0094 | 1.2 ips ETA 8h05\r\n"}
,{"stream_name":"stdout","time":8540.646502715,"data":"  iter 10100/45000 [22.4%] | WM wm=13.46 rec=6.79 kl=6.34 rew=0.311 con=0.009 rew@ach=0.53/0.87(n=15) rew@0=+0.020 | AC act=0.003 crit=2.064 pg=0.003 H=0.58 | img ret=1.75 val=1.65 imgR(mu=0.038 max=1.00 p99=0.94 hi=3.64%) scale=5.97 p5=-0.40 p95=5.57 | r/step=0.0168 | 1.2 ips ETA 8h04\r\n"}
,{"stream_name":"stdout","time":8578.392233295,"data":"  iter 10150/45000 [22.6%] | WM wm=14.47 rec=8.49 kl=5.75 rew=0.219 con=0.009 rew@ach=0.87/1.00(n=18) rew@0=+0.016 | AC act=-0.001 crit=2.150 pg=-0.001 H=0.64 | img ret=1.14 val=1.12 imgR(mu=0.017 max=1.00 p99=0.74 hi=2.06%) scale=6.13 p5=-0.36 p95=5.76 | r/step=0.0136 | 1.2 ips ETA 8h03\r\n"}
,{"stream_name":"stdout","time":8616.323435601,"data":"  iter 10200/45000 [22.7%] | WM wm=15.03 rec=8.55 kl=6.24 rew=0.236 con=0.005 rew@ach=0.78/1.00(n=19) rew@0=+0.018 | AC act=-0.003 crit=1.941 pg=-0.003 H=0.65 | img ret=1.39 val=1.40 imgR(mu=0.022 max=1.00 p99=0.84 hi=2.26%) scale=6.07 p5=-0.38 p95=5.68 | r/step=0.0061 | 1.2 ips ETA 8h02\r\n"}
,{"stream_name":"stdout","time":8654.183602399,"data":"  iter 10250/45000 [22.8%] | WM wm=9.94 rec=4.87 kl=4.88 rew=0.182 con=0.010 rew@ach=0.72/0.88(n=16) rew@0=+0.016 | AC act=-0.001 crit=1.767 pg=-0.000 H=0.75 | img ret=1.47 val=1.43 imgR(mu=0.029 max=1.01 p99=0.76 hi=2.43%) scale=6.16 p5=-0.42 p95=5.74 | r/step=0.0133 | 1.2 ips ETA 8h01\r\n"}
,{"stream_name":"stdout","time":8691.8418418,"data":"  iter 10300/45000 [22.9%] | WM wm=14.96 rec=8.54 kl=6.24 rew=0.178 con=0.001 rew@ach=0.75/1.00(n=12) rew@0=+0.011 | AC act=0.000 crit=1.756 pg=0.000 H=0.63 | img ret=1.75 val=1.71 imgR(mu=0.026 max=1.01 p99=0.81 hi=2.24%) scale=5.93 p5=-0.39 p95=5.54 | r/step=0.0151 | 1.2 ips ETA 8h00\r\n"}
,{"stream_name":"stdout","time":8729.978927273,"data":"  iter 10350/45000 [23.0%] | WM wm=15.91 rec=9.52 kl=6.19 rew=0.204 con=0.001 rew@ach=0.73/0.79(n=16) rew@0=+0.010 | AC act=0.003 crit=1.891 pg=0.003 H=0.52 | img ret=2.55 val=2.44 imgR(mu=0.046 max=1.00 p99=0.90 hi=4.54%) scale=6.15 p5=-0.36 p95=5.83 | r/step=0.0118 | 1.2 ips ETA 7h59\r\n"}
,{"stream_name":"stdout","time":8767.650272614,"data":"  iter 10400/45000 [23.1%] | WM wm=11.45 rec=5.83 kl=5.45 rew=0.165 con=0.003 rew@ach=0.55/0.76(n=7) rew@0=+0.012 | AC act=0.003 crit=1.930 pg=0.003 H=0.67 | img ret=1.46 val=1.40 imgR(mu=0.026 max=1.01 p99=0.90 hi=2.67%) scale=6.20 p5=-0.37 p95=5.82 | r/step=0.0108 | 1.2 ips ETA 7h58\r\n"}
,{"stream_name":"stdout","time":8805.628078992,"data":"  iter 10450/45000 [23.2%] | WM wm=14.59 rec=7.52 kl=6.90 rew=0.167 con=0.003 rew@ach=0.84/1.00(n=13) rew@0=+0.011 | AC act=0.002 crit=1.828 pg=0.002 H=0.56 | img ret=2.20 val=2.14 imgR(mu=0.038 max=1.01 p99=0.96 hi=3.41%) scale=6.01 p5=-0.32 p95=5.69 | r/step=0.0105 | 1.2 ips ETA 7h58\r\n"}
,{"stream_name":"stdout","time":8843.44609441,"data":"  iter 10500/45000 [23.3%] | WM wm=12.83 rec=6.62 kl=6.03 rew=0.185 con=0.006 rew@ach=0.64/0.76(n=14) rew@0=+0.005 | AC act=0.001 crit=1.618 pg=0.001 H=0.55 | img ret=2.30 val=2.27 imgR(mu=0.035 max=1.01 p99=0.99 hi=2.99%) scale=5.99 p5=-0.35 p95=5.63 | r/step=0.0089 | 1.2 ips ETA 7h57\r\n"}
,{"stream_name":"stdout","time":8881.251923931,"data":"  iter 10550/45000 [23.4%] | WM wm=14.27 rec=7.73 kl=6.27 rew=0.254 con=0.015 rew@ach=0.70/0.90(n=19) rew@0=+0.011 | AC act=-0.003 crit=1.818 pg=-0.003 H=0.66 | img ret=1.77 val=1.79 imgR(mu=0.027 max=1.01 p99=1.00 hi=2.39%) scale=6.08 p5=-0.36 p95=5.70 | r/step=0.0134 | 1.2 ips ETA 7h56\r\n"}
,{"stream_name":"stdout","time":8918.798654914,"data":"  iter 10600/45000 [23.6%] | WM wm=12.60 rec=7.13 kl=5.33 rew=0.146 con=0.003 rew@ach=0.94/1.00(n=14) rew@0=+0.008 | AC act=0.002 crit=1.933 pg=0.002 H=0.55 | img ret=1.13 val=1.07 imgR(mu=0.020 max=1.00 p99=0.82 hi=1.91%) scale=6.20 p5=-0.36 p95=5.83 | r/step=0.0100 | 1.2 ips ETA 7h55\r\n"}
,{"stream_name":"stdout","time":8956.706965842,"data":"  iter 10650/45000 [23.7%] | WM wm=16.20 rec=9.79 kl=6.21 rew=0.196 con=0.004 rew@ach=0.87/1.00(n=17) rew@0=+0.016 | AC act=0.017 crit=1.954 pg=0.017 H=0.64 | img ret=1.97 val=1.86 imgR(mu=0.042 max=1.00 p99=0.96 hi=3.81%) scale=6.36 p5=-0.35 p95=6.01 | r/step=0.0096 | 1.2 ips ETA 7h54\r\n"}
,{"stream_name":"stdout","time":8994.489382821,"data":"  iter 10700/45000 [23.8%] | WM wm=11.97 rec=6.84 kl=4.92 rew=0.203 con=0.006 rew@ach=0.81/1.00(n=14) rew@0=+0.017 | AC act=0.000 crit=1.893 pg=0.001 H=0.56 | img ret=2.08 val=2.06 imgR(mu=0.035 max=1.00 p99=0.99 hi=3.05%) scale=6.48 p5=-0.37 p95=6.11 | r/step=0.0061 | 1.2 ips ETA 7h53\r\n"}
,{"stream_name":"stdout","time":9032.415940339,"data":"  iter 10750/45000 [23.9%] | WM wm=12.41 rec=6.94 kl=5.25 rew=0.220 con=0.004 rew@ach=0.69/0.89(n=18) rew@0=+0.008 | AC act=-0.000 crit=1.836 pg=0.000 H=0.72 | img ret=2.32 val=2.30 imgR(mu=0.035 max=1.01 p99=0.99 hi=3.45%) scale=6.16 p5=-0.37 p95=5.80 | r/step=0.0128 | 1.2 ips ETA 7h52\r\n"}
,{"stream_name":"stdout","time":9070.24985356,"data":"  iter 10800/45000 [24.0%] | WM wm=11.11 rec=5.76 kl=5.16 rew=0.194 con=0.004 rew@ach=0.61/0.72(n=19) rew@0=+0.013 | AC act=0.001 crit=1.868 pg=0.001 H=0.62 | img ret=1.76 val=1.72 imgR(mu=0.017 max=1.01 p99=0.84 hi=1.64%) scale=6.27 p5=-0.41 p95=5.85 | r/step=0.0110 | 1.2 ips ETA 7h51\r\n"}
,{"stream_name":"stdout","time":9107.776609754,"data":"  iter 10850/45000 [24.1%] | WM wm=12.56 rec=6.86 kl=5.53 rew=0.174 con=0.004 rew@ach=0.59/0.76(n=14) rew@0=+0.011 | AC act=0.000 crit=1.926 pg=0.000 H=0.67 | img ret=1.84 val=1.86 imgR(mu=0.031 max=1.01 p99=0.99 hi=3.05%) scale=5.96 p5=-0.40 p95=5.56 | r/step=0.0060 | 1.2 ips ETA 7h50\r\n"}
,{"stream_name":"stdout","time":9145.78735843,"data":"  iter 10900/45000 [24.2%] | WM wm=13.81 rec=7.29 kl=6.31 rew=0.205 con=0.002 rew@ach=0.82/0.90(n=19) rew@0=+0.023 | AC act=0.001 crit=1.998 pg=0.001 H=0.77 | img ret=1.68 val=1.64 imgR(mu=0.028 max=1.01 p99=0.95 hi=2.52%) scale=6.01 p5=-0.41 p95=5.59 | r/step=0.0086 | 1.2 ips ETA 7h50\r\n"}
,{"stream_name":"stdout","time":9183.494025391,"data":"  iter 10950/45000 [24.3%] | WM wm=15.44 rec=9.17 kl=6.08 rew=0.177 con=0.007 rew@ach=0.64/0.85(n=13) rew@0=+0.012 | AC act=-0.002 crit=1.944 pg=-0.002 H=0.63 | img ret=1.46 val=1.47 imgR(mu=0.023 max=1.00 p99=0.99 hi=2.04%) scale=5.91 p5=-0.38 p95=5.52 | r/step=0.0161 | 1.2 ips ETA 7h49\r\n"}
,{"stream_name":"stdout","time":9221.251260311,"data":"  iter 11000/45000 [24.4%] | WM wm=15.28 rec=9.36 kl=5.80 rew=0.111 con=0.001 rew@ach=0.99/1.00(n=8) rew@0=+0.010 | AC act=-0.002 crit=1.874 pg=-0.002 H=0.66 | img ret=1.35 val=1.34 imgR(mu=0.029 max=1.01 p99=0.85 hi=2.60%) scale=5.98 p5=-0.38 p95=5.59 | r/step=0.0109 | 1.2 ips ETA 7h48\r\n"}
,{"stream_name":"stdout","time":9259.385555547,"data":"  iter 11050/45000 [24.6%] | WM wm=10.04 rec=5.29 kl=4.60 rew=0.156 con=0.001 rew@ach=0.80/0.89(n=16) rew@0=+0.010 | AC act=0.001 crit=1.792 pg=0.001 H=0.71 | img ret=1.69 val=1.66 imgR(mu=0.031 max=1.00 p99=0.96 hi=3.02%) scale=6.05 p5=-0.38 p95=5.67 | r/step=0.0065 | 1.2 ips ETA 7h47\r\n"}
,{"stream_name":"stdout","time":9297.057150015,"data":"  iter 11100/45000 [24.7%] | WM wm=13.05 rec=7.12 kl=5.67 rew=0.246 con=0.012 rew@ach=0.82/0.93(n=25) rew@0=+0.019 | AC act=0.002 crit=1.932 pg=0.002 H=0.67 | img ret=2.21 val=2.13 imgR(mu=0.039 max=1.00 p99=0.93 hi=3.88%) scale=5.87 p5=-0.40 p95=5.49 | r/step=0.0131 | 1.2 ips ETA 7h46\r\n"}
,{"stream_name":"stdout","time":9334.985722412,"data":"  iter 11150/45000 [24.8%] | WM wm=12.18 rec=7.00 kl=4.93 rew=0.239 con=0.010 rew@ach=0.76/1.00(n=19) rew@0=+0.022 | AC act=-0.001 crit=1.958 pg=-0.001 H=0.74 | img ret=1.41 val=1.40 imgR(mu=0.023 max=1.01 p99=0.94 hi=2.05%) scale=5.76 p5=-0.38 p95=5.37 | r/step=0.0169 | 1.2 ips ETA 7h45\r\n"}
,{"stream_name":"stdout","time":9372.925012236,"data":"  iter 11200/45000 [24.9%] | WM wm=12.63 rec=6.74 kl=5.67 rew=0.199 con=0.008 rew@ach=0.53/0.67(n=15) rew@0=+0.022 | AC act=0.003 crit=2.006 pg=0.003 H=0.70 | img ret=2.07 val=2.03 imgR(mu=0.034 max=1.00 p99=0.89 hi=2.70%) scale=6.09 p5=-0.34 p95=5.76 | r/step=0.0169 | 1.2 ips ETA 7h44\r\n"}
,{"stream_name":"stdout","time":9410.741161244,"data":"  iter 11250/45000 [25.0%] | WM wm=13.38 rec=7.73 kl=5.47 rew=0.170 con=0.012 rew@ach=0.68/0.77(n=15) rew@0=+0.006 | AC act=0.001 crit=2.059 pg=0.001 H=0.66 | img ret=1.84 val=1.81 imgR(mu=0.035 max=1.02 p99=0.92 hi=2.65%) scale=5.93 p5=-0.38 p95=5.55 | r/step=0.0148 | 1.2 ips ETA 7h44\r\n"}
,{"stream_name":"stdout","time":9448.807690108,"data":"  iter 11300/45000 [25.1%] | WM wm=13.67 rec=7.53 kl=5.97 rew=0.163 con=0.002 rew@ach=0.92/1.00(n=17) rew@0=+0.010 | AC act=0.001 crit=1.793 pg=0.001 H=0.74 | img ret=1.47 val=1.46 imgR(mu=0.022 max=1.00 p99=0.81 hi=1.75%) scale=6.06 p5=-0.37 p95=5.67 | r/step=0.0117 | 1.2 ips ETA 7h43\r\n"}
,{"stream_name":"stdout","time":9486.671869315,"data":"  iter 11350/45000 [25.2%] | WM wm=12.00 rec=6.49 kl=5.37 rew=0.136 con=0.000 rew@ach=0.76/0.86(n=12) rew@0=+0.014 | AC act=-0.003 crit=1.730 pg=-0.003 H=0.55 | img ret=2.46 val=2.46 imgR(mu=0.042 max=1.01 p99=1.00 hi=3.58%) scale=5.99 p5=-0.37 p95=5.64 | r/step=0.0051 | 1.2 ips ETA 7h42\r\n"}
,{"stream_name":"stdout","time":9524.484926672,"data":"  iter 11400/45000 [25.3%] | WM wm=14.72 rec=8.91 kl=5.62 rew=0.184 con=0.003 rew@ach=0.87/0.99(n=18) rew@0=+0.014 | AC act=0.004 crit=1.997 pg=0.004 H=0.52 | img ret=1.60 val=1.54 imgR(mu=0.022 max=1.01 p99=0.84 hi=1.91%) scale=6.06 p5=-0.36 p95=5.70 | r/step=0.0103 | 1.2 ips ETA 7h41\r\n"}
,{"stream_name":"stdout","time":9562.224138089,"data":"  iter 11450/45000 [25.4%] | WM wm=11.99 rec=5.95 kl=5.75 rew=0.280 con=0.011 rew@ach=0.83/0.99(n=22) rew@0=+0.026 | AC act=0.001 crit=1.929 pg=0.002 H=0.66 | img ret=1.52 val=1.51 imgR(mu=0.020 max=1.01 p99=0.70 hi=1.77%) scale=6.24 p5=-0.37 p95=5.86 | r/step=0.0064 | 1.2 ips ETA 7h40\r\n"}
,{"stream_name":"stdout","time":9600.133713416,"data":"  iter 11500/45000 [25.6%] | WM wm=12.98 rec=7.66 kl=5.15 rew=0.156 con=0.003 rew@ach=0.76/0.77(n=15) rew@0=+0.015 | AC act=0.001 crit=1.979 pg=0.001 H=0.57 | img ret=1.63 val=1.58 imgR(mu=0.032 max=1.01 p99=0.82 hi=2.37%) scale=6.06 p5=-0.41 p95=5.65 | r/step=0.0076 | 1.2 ips ETA 7h39\r\n"}
,{"stream_name":"stdout","time":9638.032230263,"data":"  iter 11550/45000 [25.7%] | WM wm=12.36 rec=6.80 kl=5.32 rew=0.228 con=0.009 rew@ach=0.72/0.98(n=11) rew@0=+0.021 | AC act=0.002 crit=1.889 pg=0.002 H=0.67 | img ret=1.70 val=1.65 imgR(mu=0.030 max=1.01 p99=0.96 hi=2.58%) scale=6.39 p5=-0.40 p95=5.99 | r/step=0.0089 | 1.2 ips ETA 7h38\r\n"}
,{"stream_name":"stdout","time":9676.151712006,"data":"  iter 11600/45000 [25.8%] | WM wm=11.67 rec=5.52 kl=5.91 rew=0.241 con=0.004 rew@ach=0.88/1.00(n=24) rew@0=+0.016 | AC act=-0.002 crit=1.918 pg=-0.002 H=0.59 | img ret=1.68 val=1.68 imgR(mu=0.027 max=1.01 p99=0.82 hi=2.40%) scale=6.80 p5=-0.40 p95=6.40 | r/step=0.0084 | 1.2 ips ETA 7h38\r\n"}
,{"stream_name":"stdout","time":9714.045008821,"data":"  iter 11650/45000 [25.9%] | WM wm=17.25 rec=9.25 kl=7.78 rew=0.219 con=0.002 rew@ach=0.77/0.89(n=17) rew@0=+0.017 | AC act=-0.001 crit=1.972 pg=-0.000 H=0.88 | img ret=1.40 val=1.40 imgR(mu=0.016 max=1.01 p99=0.76 hi=1.50%) scale=6.54 p5=-0.44 p95=6.09 | r/step=0.0081 | 1.2 ips ETA 7h37\r\n"}
,{"stream_name":"stdout","time":9751.81743524,"data":"  iter 11700/45000 [26.0%] | WM wm=11.24 rec=5.38 kl=5.65 rew=0.212 con=0.006 rew@ach=0.65/0.80(n=17) rew@0=+0.019 | AC act=-0.002 crit=1.944 pg=-0.002 H=0.54 | img ret=1.77 val=1.77 imgR(mu=0.023 max=1.01 p99=0.78 hi=2.18%) scale=6.06 p5=-0.44 p95=5.61 | r/step=0.0073 | 1.2 ips ETA 7h36\r\n"}
,{"stream_name":"stdout","time":9789.484208139,"data":"  iter 11750/45000 [26.1%] | WM wm=12.73 rec=6.83 kl=5.71 rew=0.183 con=0.005 rew@ach=0.86/1.00(n=15) rew@0=+0.018 | AC act=-0.000 crit=1.929 pg=0.000 H=0.70 | img ret=1.02 val=1.01 imgR(mu=0.022 max=1.01 p99=0.78 hi=2.07%) scale=5.79 p5=-0.41 p95=5.37 | r/step=0.0114 | 1.2 ips ETA 7h35\r\n"}
,{"stream_name":"stdout","time":9827.111266579,"data":"  iter 11800/45000 [26.2%] | WM wm=13.21 rec=7.64 kl=5.28 rew=0.291 con=0.004 rew@ach=0.76/0.93(n=23) rew@0=+0.022 | AC act=-0.002 crit=1.873 pg=-0.002 H=0.70 | img ret=2.14 val=2.14 imgR(mu=0.033 max=1.01 p99=0.96 hi=3.09%) scale=5.70 p5=-0.39 p95=5.32 | r/step=0.0073 | 1.2 ips ETA 7h34\r\n"}
,{"stream_name":"stdout","time":9865.108837373,"data":"  iter 11850/45000 [26.3%] | WM wm=11.26 rec=5.90 kl=5.16 rew=0.199 con=0.004 rew@ach=0.90/1.00(n=17) rew@0=+0.025 | AC act=0.013 crit=1.775 pg=0.013 H=0.68 | img ret=1.27 val=1.19 imgR(mu=0.034 max=1.01 p99=0.99 hi=2.95%) scale=5.86 p5=-0.42 p95=5.42 | r/step=0.0075 | 1.2 ips ETA 7h33\r\n"}
,{"stream_name":"stdout","time":9902.659323137,"data":"  iter 11900/45000 [26.4%] | WM wm=11.22 rec=5.59 kl=5.45 rew=0.180 con=0.007 rew@ach=0.85/1.00(n=16) rew@0=+0.015 | AC act=0.005 crit=1.856 pg=0.006 H=0.59 | img ret=1.77 val=1.70 imgR(mu=0.036 max=1.00 p99=0.97 hi=3.47%) scale=5.64 p5=-0.43 p95=5.22 | r/step=0.0092 | 1.2 ips ETA 7h33\r\n"}
,{"stream_name":"stdout","time":9940.650324752,"data":"  iter 11950/45000 [26.6%] | WM wm=14.13 rec=7.96 kl=5.91 rew=0.246 con=0.007 rew@ach=0.81/1.00(n=17) rew@0=+0.018 | AC act=-0.003 crit=1.898 pg=-0.002 H=0.63 | img ret=1.04 val=1.04 imgR(mu=0.014 max=1.01 p99=0.69 hi=1.59%) scale=5.86 p5=-0.42 p95=5.43 | r/step=0.0127 | 1.2 ips ETA 7h32\r\n"}
,{"stream_name":"stdout","time":9978.533276888,"data":"  iter 12000/45000 [26.7%] | WM wm=14.25 rec=7.70 kl=6.31 rew=0.244 con=0.003 rew@ach=0.82/1.00(n=20) rew@0=+0.013 | AC act=-0.004 crit=1.790 pg=-0.003 H=0.71 | img ret=1.53 val=1.56 imgR(mu=0.024 max=1.01 p99=0.95 hi=2.21%) scale=5.98 p5=-0.42 p95=5.55 | r/step=0.0150 | 1.2 ips ETA 7h31\r\n"}
,{"stream_name":"stdout","time":10016.187866348,"data":"  iter 12050/45000 [26.8%] | WM wm=10.71 rec=5.62 kl=4.89 rew=0.194 con=0.004 rew@ach=0.84/0.99(n=18) rew@0=+0.008 | AC act=-0.002 crit=1.810 pg=-0.002 H=0.63 | img ret=1.94 val=1.95 imgR(mu=0.029 max=1.00 p99=0.89 hi=2.12%) scale=6.40 p5=-0.38 p95=6.02 | r/step=0.0116 | 1.2 ips ETA 7h30\r\n"}
,{"stream_name":"stdout","time":10054.191339512,"data":"  iter 12100/45000 [26.9%] | WM wm=10.17 rec=5.27 kl=4.74 rew=0.155 con=0.002 rew@ach=0.84/1.00(n=14) rew@0=+0.011 | AC act=0.000 crit=1.972 pg=0.000 H=0.63 | img ret=1.00 val=1.01 imgR(mu=0.015 max=1.01 p99=0.66 hi=1.21%) scale=6.76 p5=-0.40 p95=6.33 | r/step=0.0135 | 1.2 ips ETA 7h29\r\n"}
,{"stream_name":"stdout","time":10091.893794241,"data":"  iter 12150/45000 [27.0%] | WM wm=12.39 rec=6.56 kl=5.66 rew=0.165 con=0.006 rew@ach=0.85/1.00(n=12) rew@0=+0.009 | AC act=-0.004 crit=1.841 pg=-0.004 H=0.59 | img ret=2.35 val=2.34 imgR(mu=0.030 max=1.02 p99=0.84 hi=2.24%) scale=6.59 p5=-0.39 p95=6.22 | r/step=0.0154 | 1.2 ips ETA 7h28\r\n"}
,{"stream_name":"stdout","time":10129.600490529,"data":"  iter 12200/45000 [27.1%] | WM wm=12.14 rec=6.30 kl=5.67 rew=0.168 con=0.004 rew@ach=0.89/1.01(n=15) rew@0=+0.010 | AC act=-0.000 crit=1.879 pg=0.000 H=0.72 | img ret=1.80 val=1.76 imgR(mu=0.031 max=1.01 p99=0.90 hi=2.55%) scale=6.53 p5=-0.41 p95=6.13 | r/step=0.0193 | 1.2 ips ETA 7h28\r\n"}
,{"stream_name":"stdout","time":10167.406538386,"data":"  iter 12250/45000 [27.2%] | WM wm=13.64 rec=7.44 kl=5.95 rew=0.234 con=0.007 rew@ach=0.68/0.90(n=17) rew@0=+0.022 | AC act=-0.000 crit=1.919 pg=-0.000 H=0.45 | img ret=1.47 val=1.45 imgR(mu=0.028 max=1.01 p99=0.81 hi=2.48%) scale=6.27 p5=-0.39 p95=5.87 | r/step=0.0134 | 1.2 ips ETA 7h27\r\n"}
,{"stream_name":"stdout","time":10205.483638388,"data":"  iter 12300/45000 [27.3%] | WM wm=13.13 rec=6.87 kl=6.02 rew=0.231 con=0.005 rew@ach=0.57/0.89(n=14) rew@0=+0.010 | AC act=0.002 crit=1.842 pg=0.002 H=0.67 | img ret=1.77 val=1.71 imgR(mu=0.031 max=1.00 p99=0.92 hi=2.41%) scale=6.13 p5=-0.41 p95=5.72 | r/step=0.0136 | 1.2 ips ETA 7h26\r\n"}
,{"stream_name":"stdout","time":10243.312132064,"data":"  iter 12350/45000 [27.4%] | WM wm=12.83 rec=7.17 kl=5.44 rew=0.221 con=0.006 rew@ach=0.69/0.80(n=17) rew@0=+0.023 | AC act=0.001 crit=2.066 pg=0.001 H=0.60 | img ret=1.69 val=1.61 imgR(mu=0.041 max=1.01 p99=1.00 hi=4.05%) scale=5.86 p5=-0.39 p95=5.47 | r/step=0.0106 | 1.2 ips ETA 7h25\r\n"}
,{"stream_name":"stdout","time":10281.326545293,"data":"  iter 12400/45000 [27.6%] | WM wm=12.31 rec=6.75 kl=5.43 rew=0.121 con=0.002 rew@ach=0.54/0.79(n=8) rew@0=+0.009 | AC act=-0.003 crit=1.842 pg=-0.002 H=0.60 | img ret=1.32 val=1.34 imgR(mu=0.019 max=1.00 p99=0.77 hi=1.82%) scale=5.86 p5=-0.38 p95=5.48 | r/step=0.0100 | 1.2 ips ETA 7h24\r\n"}
,{"stream_name":"stdout","time":10319.171643186,"data":"  iter 12450/45000 [27.7%] | WM wm=13.02 rec=6.70 kl=6.15 rew=0.167 con=0.002 rew@ach=0.92/1.00(n=17) rew@0=+0.009 | AC act=0.002 crit=2.014 pg=0.002 H=0.67 | img ret=1.79 val=1.74 imgR(mu=0.038 max=1.01 p99=0.97 hi=3.53%) scale=5.94 p5=-0.39 p95=5.56 | r/step=0.0114 | 1.2 ips ETA 7h24\r\n"}
,{"stream_name":"stdout","time":10357.000721131,"data":"  iter 12500/45000 [27.8%] | WM wm=11.48 rec=5.50 kl=5.82 rew=0.150 con=0.004 rew@ach=0.86/0.89(n=15) rew@0=+0.013 | AC act=-0.002 crit=1.993 pg=-0.002 H=0.65 | img ret=0.95 val=0.95 imgR(mu=0.019 max=1.01 p99=0.82 hi=1.82%) scale=6.15 p5=-0.44 p95=5.70 | r/step=0.0138 | 1.2 ips ETA 7h23\r\n"}
,{"stream_name":"stdout","time":10545.512623557,"data":"  \u003e\u003e\u003e EVAL @ iter 12500 : score=2.42  length=189  achievements=3.32 ↑  sample=2.80  (best=3.32 @12500)  crafter_score=1.61% [2250 train eps]\r\n"}
,{"stream_name":"stdout","time":10545.512658027,"data":"      unlocked (6/22): collect_sapling=99%  wake_up=96%  place_plant=80%  collect_wood=51%  eat_cow=5%  defeat_zombie=1%\r\n"}
,{"stream_name":"stdout","time":10545.512674187,"data":"      TRAIN (11/22 sur 2250 eps): wake_up=1981(88.0%)  collect_sapling=1954(86.8%)  place_plant=1288(57.2%)  collect_wood=448(19.9%)  eat_cow=89(4.0%)  collect_drink=60(2.7%)  defeat_zombie=52(2.3%)  place_table=30(1.3%)  defeat_skeleton=1(0.0%)  make_wood_pickaxe=1(0.0%)  make_wood_sword=1(0.0%)\r\n"}
,{"stream_name":"stdout","time":10545.512678267,"data":"      JAMAIS vus en train (11) : collect_coal  collect_diamond  collect_iron  collect_stone  eat_plant  make_iron_pickaxe  make_iron_sword  make_stone_pickaxe  make_stone_sword  place_furnace  place_stone\r\n"}
,{"stream_name":"stdout","time":10554.484555031,"data":"  Checkpoint saved : dreamer_crafter_jax_v50-wmfix-t1_iter012500.npz\r\n"}
,{"stream_name":"stdout","time":10592.128160371,"data":"  iter 12550/45000 [27.9%] | WM wm=12.39 rec=6.12 kl=6.01 rew=0.248 con=0.008 rew@ach=0.81/1.00(n=20) rew@0=+0.024 | AC act=0.001 crit=1.830 pg=0.001 H=0.59 | img ret=1.82 val=1.77 imgR(mu=0.034 max=1.00 p99=0.89 hi=3.08%) scale=6.27 p5=-0.42 p95=5.85 | r/step=0.0127 | 1.2 ips ETA 7h30\r\n"}
,{"stream_name":"stdout","time":10629.83757627,"data":"  iter 12600/45000 [28.0%] | WM wm=12.51 rec=6.52 kl=5.73 rew=0.247 con=0.006 rew@ach=0.87/1.00(n=22) rew@0=+0.009 | AC act=-0.005 crit=1.769 pg=-0.005 H=0.55 | img ret=1.94 val=2.01 imgR(mu=0.017 max=1.01 p99=0.63 hi=1.46%) scale=6.31 p5=-0.42 p95=5.89 | r/step=0.0176 | 1.2 ips ETA 7h30\r\n"}
,{"stream_name":"stdout","time":10667.468591417,"data":"  iter 12650/45000 [28.1%] | WM wm=13.00 rec=7.42 kl=5.34 rew=0.228 con=0.005 rew@ach=0.74/0.90(n=17) rew@0=+0.019 | AC act=0.002 crit=2.147 pg=0.002 H=0.56 | img ret=2.15 val=2.09 imgR(mu=0.050 max=1.01 p99=0.98 hi=4.69%) scale=6.28 p5=-0.43 p95=5.87 | r/step=0.0175 | 1.2 ips ETA 7h29\r\n"}
,{"stream_name":"stdout","time":10704.886752468,"data":"  iter 12700/45000 [28.2%] | WM wm=11.60 rec=5.78 kl=5.61 rew=0.208 con=0.002 rew@ach=0.89/1.00(n=21) rew@0=+0.022 | AC act=-0.002 crit=1.987 pg=-0.002 H=0.60 | img ret=1.30 val=1.28 imgR(mu=0.028 max=1.01 p99=0.86 hi=2.44%) scale=6.67 p5=-0.43 p95=6.24 | r/step=0.0126 | 1.2 ips ETA 7h28\r\n"}
,{"stream_name":"stdout","time":10742.85225004,"data":"  iter 12750/45000 [28.3%] | WM wm=12.13 rec=6.17 kl=5.73 rew=0.224 con=0.006 rew@ach=0.72/0.90(n=17) rew@0=+0.012 | AC act=-0.002 crit=1.890 pg=-0.002 H=0.69 | img ret=1.72 val=1.73 imgR(mu=0.026 max=1.00 p99=0.82 hi=2.34%) scale=7.13 p5=-0.42 p95=6.71 | r/step=0.0151 | 1.2 ips ETA 7h27\r\n"}
,{"stream_name":"stdout","time":10780.446228857,"data":"  iter 12800/45000 [28.4%] | WM wm=10.32 rec=5.09 kl=5.03 rew=0.198 con=0.005 rew@ach=0.72/0.83(n=19) rew@0=+0.016 | AC act=0.000 crit=2.117 pg=0.001 H=0.55 | img ret=1.77 val=1.73 imgR(mu=0.034 max=1.01 p99=0.89 hi=2.72%) scale=7.24 p5=-0.38 p95=6.85 | r/step=0.0131 | 1.2 ips ETA 7h26\r\n"}
,{"stream_name":"stdout","time":10817.874390276,"data":"  iter 12850/45000 [28.6%] | WM wm=10.89 rec=5.51 kl=5.20 rew=0.172 con=0.004 rew@ach=0.86/1.00(n=12) rew@0=+0.017 | AC act=-0.002 crit=1.874 pg=-0.002 H=0.62 | img ret=1.99 val=1.96 imgR(mu=0.032 max=1.01 p99=0.94 hi=2.72%) scale=7.24 p5=-0.39 p95=6.85 | r/step=0.0087 | 1.2 ips ETA 7h25\r\n"}
,{"stream_name":"stdout","time":10855.804157009,"data":"  iter 12900/45000 [28.7%] | WM wm=13.45 rec=7.15 kl=6.13 rew=0.164 con=0.003 rew@ach=0.75/0.88(n=16) rew@0=+0.009 | AC act=-0.000 crit=2.030 pg=-0.000 H=0.62 | img ret=1.84 val=1.78 imgR(mu=0.029 max=1.01 p99=0.90 hi=2.83%) scale=7.39 p5=-0.41 p95=6.98 | r/step=0.0057 | 1.2 ips ETA 7h24\r\n"}
,{"stream_name":"stdout","time":10893.390863107,"data":"  iter 12950/45000 [28.8%] | WM wm=11.27 rec=5.53 kl=5.50 rew=0.238 con=0.004 rew@ach=0.66/1.00(n=18) rew@0=+0.016 | AC act=-0.005 crit=1.868 pg=-0.005 H=0.72 | img ret=1.76 val=1.76 imgR(mu=0.028 max=1.00 p99=0.92 hi=2.46%) scale=7.00 p5=-0.44 p95=6.55 | r/step=0.0088 | 1.2 ips ETA 7h24\r\n"}
,{"stream_name":"stdout","time":10931.009756864,"data":"  iter 13000/45000 [28.9%] | WM wm=9.17 rec=4.69 kl=4.34 rew=0.137 con=0.000 rew@ach=0.81/1.00(n=8) rew@0=+0.008 | AC act=-0.006 crit=1.757 pg=-0.006 H=0.69 | img ret=1.56 val=1.62 imgR(mu=0.019 max=1.00 p99=0.70 hi=1.59%) scale=7.14 p5=-0.44 p95=6.69 | r/step=0.0105 | 1.2 ips ETA 7h23\r\n"}
,{"stream_name":"stdout","time":10968.580350491,"data":"  iter 13050/45000 [29.0%] | WM wm=13.88 rec=7.43 kl=6.26 rew=0.188 con=0.001 rew@ach=0.73/0.78(n=15) rew@0=+0.005 | AC act=0.006 crit=1.940 pg=0.007 H=0.76 | img ret=2.07 val=1.97 imgR(mu=0.039 max=1.01 p99=0.98 hi=3.61%) scale=6.92 p5=-0.44 p95=6.49 | r/step=0.0057 | 1.2 ips ETA 7h22\r\n"}
,{"stream_name":"stdout","time":11006.272369248,"data":"  iter 13100/45000 [29.1%] | WM wm=12.93 rec=7.13 kl=5.65 rew=0.149 con=0.006 rew@ach=0.89/1.00(n=15) rew@0=+0.010 | AC act=-0.002 crit=1.955 pg=-0.002 H=0.58 | img ret=1.96 val=1.97 imgR(mu=0.040 max=1.01 p99=0.94 hi=3.64%) scale=7.02 p5=-0.44 p95=6.58 | r/step=0.0128 | 1.2 ips ETA 7h21\r\n"}
,{"stream_name":"stdout","time":11043.816836555,"data":"  iter 13150/45000 [29.2%] | WM wm=10.84 rec=5.57 kl=5.08 rew=0.189 con=0.003 rew@ach=0.81/0.90(n=18) rew@0=+0.018 | AC act=-0.002 crit=1.940 pg=-0.002 H=0.68 | img ret=1.99 val=1.97 imgR(mu=0.023 max=1.01 p99=0.80 hi=1.98%) scale=7.22 p5=-0.46 p95=6.76 | r/step=0.0091 | 1.2 ips ETA 7h20\r\n"}
,{"stream_name":"stdout","time":11081.153480557,"data":"  iter 13200/45000 [29.3%] | WM wm=9.62 rec=5.12 kl=4.28 rew=0.213 con=0.004 rew@ach=0.62/0.88(n=14) rew@0=+0.018 | AC act=0.000 crit=2.026 pg=0.000 H=0.63 | img ret=2.10 val=2.02 imgR(mu=0.034 max=1.00 p99=0.81 hi=3.07%) scale=6.87 p5=-0.43 p95=6.46 | r/step=0.0132 | 1.2 ips ETA 7h19\r\n"}
,{"stream_name":"stdout","time":11118.755864757,"data":"  iter 13250/45000 [29.4%] | WM wm=11.59 rec=6.04 kl=5.42 rew=0.136 con=0.006 rew@ach=0.82/0.86(n=12) rew@0=+0.006 | AC act=-0.001 crit=2.075 pg=-0.001 H=0.58 | img ret=1.55 val=1.54 imgR(mu=0.029 max=1.01 p99=0.83 hi=2.29%) scale=6.54 p5=-0.43 p95=6.12 | r/step=0.0099 | 1.2 ips ETA 7h18\r\n"}
,{"stream_name":"stdout","time":11156.561992701,"data":"  iter 13300/45000 [29.6%] | WM wm=10.78 rec=4.92 kl=5.65 rew=0.210 con=0.002 rew@ach=0.77/0.90(n=17) rew@0=+0.030 | AC act=0.001 crit=2.011 pg=0.002 H=0.69 | img ret=1.82 val=1.78 imgR(mu=0.023 max=1.01 p99=0.89 hi=1.76%) scale=6.73 p5=-0.42 p95=6.31 | r/step=0.0107 | 1.2 ips ETA 7h18\r\n"}
,{"stream_name":"stdout","time":11194.165605607,"data":"  iter 13350/45000 [29.7%] | WM wm=10.58 rec=5.70 kl=4.69 rew=0.180 con=0.004 rew@ach=0.82/1.00(n=14) rew@0=+0.015 | AC act=-0.007 crit=1.866 pg=-0.007 H=0.70 | img ret=1.95 val=1.98 imgR(mu=0.029 max=1.01 p99=0.98 hi=2.53%) scale=6.78 p5=-0.39 p95=6.38 | r/step=0.0100 | 1.2 ips ETA 7h17\r\n"}
,{"stream_name":"stdout","time":11231.725123646,"data":"  iter 13400/45000 [29.8%] | WM wm=12.63 rec=5.74 kl=6.58 rew=0.300 con=0.011 rew@ach=0.71/0.93(n=23) rew@0=+0.035 | AC act=-0.003 crit=1.866 pg=-0.003 H=0.83 | img ret=1.38 val=1.40 imgR(mu=0.014 max=1.01 p99=0.74 hi=1.48%) scale=6.53 p5=-0.42 p95=6.10 | r/step=0.0111 | 1.2 ips ETA 7h16\r\n"}
,{"stream_name":"stdout","time":11269.432135302,"data":"  iter 13450/45000 [29.9%] | WM wm=13.27 rec=7.59 kl=5.38 rew=0.294 con=0.008 rew@ach=0.75/0.92(n=21) rew@0=+0.018 | AC act=0.001 crit=1.954 pg=0.001 H=0.71 | img ret=2.17 val=2.10 imgR(mu=0.043 max=1.00 p99=0.99 hi=3.72%) scale=6.51 p5=-0.42 p95=6.10 | r/step=0.0090 | 1.2 ips ETA 7h15\r\n"}
,{"stream_name":"stdout","time":11306.994112426,"data":"  iter 13500/45000 [30.0%] | WM wm=13.41 rec=6.55 kl=6.64 rew=0.211 con=0.006 rew@ach=0.74/0.91(n=19) rew@0=+0.015 | AC act=0.002 crit=1.946 pg=0.002 H=0.67 | img ret=1.81 val=1.74 imgR(mu=0.028 max=1.01 p99=0.90 hi=2.00%) scale=6.21 p5=-0.42 p95=5.77 | r/step=0.0100 | 1.2 ips ETA 7h14\r\n"}
,{"stream_name":"stdout","time":11344.668204919,"data":"  iter 13550/45000 [30.1%] | WM wm=12.25 rec=6.31 kl=5.73 rew=0.206 con=0.009 rew@ach=0.82/1.00(n=17) rew@0=+0.022 | AC act=0.003 crit=2.113 pg=0.003 H=0.64 | img ret=2.36 val=2.30 imgR(mu=0.051 max=1.01 p99=0.96 hi=3.95%) scale=6.39 p5=-0.39 p95=6.00 | r/step=0.0145 | 1.2 ips ETA 7h13\r\n"}
,{"stream_name":"stdout","time":11382.183317513,"data":"  iter 13600/45000 [30.2%] | WM wm=11.31 rec=6.04 kl=5.11 rew=0.148 con=0.008 rew@ach=0.93/1.00(n=12) rew@0=+0.007 | AC act=-0.008 crit=2.173 pg=-0.008 H=0.57 | img ret=1.97 val=2.02 imgR(mu=0.042 max=1.01 p99=0.98 hi=3.70%) scale=5.93 p5=-0.40 p95=5.54 | r/step=0.0073 | 1.2 ips ETA 7h13\r\n"}
,{"stream_name":"stdout","time":11419.777425449,"data":"  iter 13650/45000 [30.3%] | WM wm=12.76 rec=7.07 kl=5.55 rew=0.132 con=0.000 rew@ach=0.84/0.89(n=14) rew@0=+0.009 | AC act=-0.000 crit=1.931 pg=-0.000 H=0.60 | img ret=1.99 val=1.98 imgR(mu=0.024 max=1.00 p99=0.81 hi=2.24%) scale=6.03 p5=-0.40 p95=5.62 | r/step=0.0069 | 1.2 ips ETA 7h12\r\n"}
,{"stream_name":"stdout","time":11457.70001765,"data":"  iter 13700/45000 [30.4%] | WM wm=10.87 rec=5.46 kl=5.29 rew=0.117 con=0.003 rew@ach=0.97/1.00(n=12) rew@0=+0.007 | AC act=0.000 crit=2.085 pg=0.000 H=0.61 | img ret=1.66 val=1.65 imgR(mu=0.028 max=1.01 p99=0.68 hi=1.71%) scale=5.80 p5=-0.43 p95=5.37 | r/step=0.0080 | 1.2 ips ETA 7h11\r\n"}
,{"stream_name":"stdout","time":11495.40427687,"data":"  iter 13750/45000 [30.6%] | WM wm=13.67 rec=7.75 kl=5.65 rew=0.257 con=0.006 rew@ach=0.70/0.89(n=16) rew@0=+0.016 | AC act=-0.003 crit=1.867 pg=-0.003 H=0.65 | img ret=1.70 val=1.67 imgR(mu=0.022 max=1.01 p99=0.95 hi=2.09%) scale=6.24 p5=-0.42 p95=5.81 | r/step=0.0108 | 1.2 ips ETA 7h10\r\n"}
,{"stream_name":"stdout","time":11533.085933513,"data":"  iter 13800/45000 [30.7%] | WM wm=11.78 rec=6.14 kl=5.47 rew=0.169 con=0.000 rew@ach=0.75/0.82(n=19) rew@0=+0.011 | AC act=0.001 crit=1.878 pg=0.001 H=0.56 | img ret=1.90 val=1.86 imgR(mu=0.032 max=1.00 p99=0.89 hi=2.61%) scale=6.30 p5=-0.42 p95=5.88 | r/step=0.0066 | 1.2 ips ETA 7h09\r\n"}
,{"stream_name":"stdout","time":11570.777760936,"data":"  iter 13850/45000 [30.8%] | WM wm=11.67 rec=6.53 kl=4.90 rew=0.237 con=0.004 rew@ach=0.70/0.91(n=20) rew@0=+0.023 | AC act=0.002 crit=1.882 pg=0.002 H=0.67 | img ret=2.30 val=2.19 imgR(mu=0.038 max=1.01 p99=0.88 hi=3.14%) scale=6.14 p5=-0.40 p95=5.75 | r/step=0.0159 | 1.2 ips ETA 7h08\r\n"}
,{"stream_name":"stdout","time":11608.42860955,"data":"  iter 13900/45000 [30.9%] | WM wm=11.66 rec=6.07 kl=5.38 rew=0.208 con=0.004 rew@ach=0.80/0.98(n=11) rew@0=+0.023 | AC act=0.002 crit=1.912 pg=0.003 H=0.58 | img ret=1.99 val=1.96 imgR(mu=0.032 max=1.01 p99=0.94 hi=3.00%) scale=6.24 p5=-0.41 p95=5.82 | r/step=0.0083 | 1.2 ips ETA 7h08\r\n"}
,{"stream_name":"stdout","time":11646.390627641,"data":"  iter 13950/45000 [31.0%] | WM wm=10.10 rec=4.80 kl=5.09 rew=0.204 con=0.004 rew@ach=0.64/0.89(n=17) rew@0=+0.009 | AC act=-0.001 crit=1.924 pg=-0.001 H=0.54 | img ret=2.21 val=2.17 imgR(mu=0.031 max=1.01 p99=0.84 hi=2.37%) scale=6.47 p5=-0.40 p95=6.08 | r/step=0.0077 | 1.2 ips ETA 7h07\r\n"}
,{"stream_name":"stdout","time":11683.952380227,"data":"  iter 14000/45000 [31.1%] | WM wm=11.10 rec=5.31 kl=5.61 rew=0.176 con=0.004 rew@ach=0.76/0.97(n=14) rew@0=+0.013 | AC act=0.001 crit=1.723 pg=0.001 H=0.74 | img ret=1.81 val=1.77 imgR(mu=0.028 max=1.00 p99=0.97 hi=2.51%) scale=6.69 p5=-0.41 p95=6.26 | r/step=0.0056 | 1.2 ips ETA 7h06\r\n"}
,{"stream_name":"stdout","time":11721.674411901,"data":"  iter 14050/45000 [31.2%] | WM wm=13.24 rec=7.00 kl=5.82 rew=0.390 con=0.022 rew@ach=0.60/1.00(n=15) rew@0=+0.026 | AC act=-0.005 crit=2.053 pg=-0.004 H=0.64 | img ret=1.59 val=1.64 imgR(mu=0.022 max=1.05 p99=0.72 hi=1.81%) scale=6.39 p5=-0.43 p95=5.97 | r/step=0.0120 | 1.2 ips ETA 7h05\r\n"}
,{"stream_name":"stdout","time":11759.469790424,"data":"  iter 14100/45000 [31.3%] | WM wm=10.51 rec=5.29 kl=5.01 rew=0.202 con=0.005 rew@ach=0.93/1.00(n=19) rew@0=+0.019 | AC act=0.005 crit=1.972 pg=0.005 H=0.55 | img ret=2.57 val=2.47 imgR(mu=0.042 max=1.00 p99=0.97 hi=3.92%) scale=6.33 p5=-0.43 p95=5.93 | r/step=0.0082 | 1.2 ips ETA 7h04\r\n"}
,{"stream_name":"stdout","time":11796.932604558,"data":"  iter 14150/45000 [31.4%] | WM wm=11.80 rec=6.33 kl=5.31 rew=0.158 con=0.006 rew@ach=0.78/0.85(n=13) rew@0=+0.021 | AC act=0.001 crit=1.940 pg=0.001 H=0.66 | img ret=1.47 val=1.44 imgR(mu=0.028 max=1.00 p99=0.92 hi=2.57%) scale=6.10 p5=-0.44 p95=5.66 | r/step=0.0095 | 1.2 ips ETA 7h03\r\n"}
,{"stream_name":"stdout","time":11834.423679537,"data":"  iter 14200/45000 [31.6%] | WM wm=11.49 rec=5.93 kl=5.34 rew=0.210 con=0.005 rew@ach=0.80/1.00(n=16) rew@0=+0.013 | AC act=-0.000 crit=1.963 pg=0.000 H=0.62 | img ret=1.96 val=1.92 imgR(mu=0.036 max=1.01 p99=0.89 hi=2.72%) scale=6.08 p5=-0.45 p95=5.64 | r/step=0.0137 | 1.2 ips ETA 7h03\r\n"}
,{"stream_name":"stdout","time":11872.072628462,"data":"  iter 14250/45000 [31.7%] | WM wm=11.82 rec=6.12 kl=5.49 rew=0.193 con=0.015 rew@ach=0.78/0.92(n=20) rew@0=+0.015 | AC act=-0.001 crit=1.994 pg=-0.000 H=0.72 | img ret=1.45 val=1.43 imgR(mu=0.028 max=1.01 p99=0.97 hi=2.81%) scale=5.79 p5=-0.44 p95=5.34 | r/step=0.0095 | 1.2 ips ETA 7h02\r\n"}
,{"stream_name":"stdout","time":11909.695734666,"data":"  iter 14300/45000 [31.8%] | WM wm=11.92 rec=7.11 kl=4.61 rew=0.194 con=0.003 rew@ach=0.81/1.00(n=17) rew@0=+0.011 | AC act=0.001 crit=1.957 pg=0.002 H=0.64 | img ret=1.04 val=1.02 imgR(mu=0.017 max=1.00 p99=0.63 hi=1.40%) scale=5.79 p5=-0.45 p95=5.33 | r/step=0.0111 | 1.2 ips ETA 7h01\r\n"}
,{"stream_name":"stdout","time":11947.32080172,"data":"  iter 14350/45000 [31.9%] | WM wm=10.65 rec=4.87 kl=5.59 rew=0.182 con=0.004 rew@ach=0.63/0.75(n=20) rew@0=+0.013 | AC act=0.001 crit=1.984 pg=0.001 H=0.66 | img ret=1.44 val=1.37 imgR(mu=0.029 max=1.01 p99=0.90 hi=2.98%) scale=5.92 p5=-0.41 p95=5.51 | r/step=0.0092 | 1.2 ips ETA 7h00\r\n"}
,{"stream_name":"stdout","time":11984.853236324,"data":"  iter 14400/45000 [32.0%] | WM wm=10.42 rec=4.85 kl=5.30 rew=0.250 con=0.011 rew@ach=0.74/0.99(n=20) rew@0=+0.027 | AC act=-0.004 crit=1.715 pg=-0.004 H=0.80 | img ret=1.21 val=1.23 imgR(mu=0.016 max=1.00 p99=0.78 hi=1.66%) scale=5.52 p5=-0.41 p95=5.09 | r/step=0.0119 | 1.2 ips ETA 6h59\r\n"}
,{"stream_name":"stdout","time":12022.485415058,"data":"  iter 14450/45000 [32.1%] | WM wm=12.45 rec=6.87 kl=5.40 rew=0.173 con=0.005 rew@ach=0.85/1.00(n=13) rew@0=+0.013 | AC act=0.002 crit=1.949 pg=0.002 H=0.71 | img ret=1.33 val=1.27 imgR(mu=0.024 max=1.00 p99=0.78 hi=2.15%) scale=5.86 p5=-0.41 p95=5.45 | r/step=0.0105 | 1.2 ips ETA 6h59\r\n"}
,{"stream_name":"stdout","time":12060.288547161,"data":"  iter 14500/45000 [32.2%] | WM wm=12.15 rec=6.87 kl=5.12 rew=0.151 con=0.004 rew@ach=0.85/1.00(n=12) rew@0=+0.008 | AC act=0.008 crit=1.948 pg=0.008 H=0.73 | img ret=1.66 val=1.57 imgR(mu=0.026 max=1.01 p99=0.93 hi=2.51%) scale=5.97 p5=-0.44 p95=5.53 | r/step=0.0163 | 1.2 ips ETA 6h58\r\n"}
,{"stream_name":"stdout","time":12098.037872015,"data":"  iter 14550/45000 [32.3%] | WM wm=10.46 rec=4.79 kl=5.50 rew=0.155 con=0.007 rew@ach=0.77/0.84(n=10) rew@0=+0.014 | AC act=-0.003 crit=1.767 pg=-0.002 H=0.82 | img ret=1.59 val=1.59 imgR(mu=0.024 max=1.01 p99=0.89 hi=2.17%) scale=5.64 p5=-0.43 p95=5.21 | r/step=0.0160 | 1.2 ips ETA 6h57\r\n"}
,{"stream_name":"stdout","time":12135.561373451,"data":"  iter 14600/45000 [32.4%] | WM wm=9.62 rec=4.71 kl=4.76 rew=0.153 con=0.001 rew@ach=0.91/1.00(n=17) rew@0=+0.006 | AC act=0.006 crit=1.834 pg=0.006 H=0.86 | img ret=1.63 val=1.54 imgR(mu=0.046 max=1.01 p99=0.99 hi=4.28%) scale=5.72 p5=-0.45 p95=5.28 | r/step=0.0128 | 1.2 ips ETA 6h56\r\n"}
,{"stream_name":"stdout","time":12173.427895083,"data":"  iter 14650/45000 [32.6%] | WM wm=10.99 rec=5.69 kl=5.13 rew=0.162 con=0.004 rew@ach=0.87/1.00(n=15) rew@0=+0.008 | AC act=0.004 crit=2.001 pg=0.004 H=0.74 | img ret=1.46 val=1.38 imgR(mu=0.030 max=1.01 p99=0.92 hi=2.49%) scale=5.93 p5=-0.45 p95=5.47 | r/step=0.0140 | 1.2 ips ETA 6h55\r\n"}
,{"stream_name":"stdout","time":12210.887506328,"data":"  iter 14700/45000 [32.7%] | WM wm=16.52 rec=9.89 kl=6.54 rew=0.093 con=0.002 rew@ach=0.48/0.57(n=4) rew@0=+0.005 | AC act=0.006 crit=1.967 pg=0.007 H=0.71 | img ret=1.63 val=1.55 imgR(mu=0.038 max=1.01 p99=0.92 hi=3.65%) scale=5.88 p5=-0.45 p95=5.45 | r/step=0.0158 | 1.2 ips ETA 6h55\r\n"}
,{"stream_name":"stdout","time":12248.732339538,"data":"  iter 14750/45000 [32.8%] | WM wm=10.81 rec=5.40 kl=5.20 rew=0.206 con=0.000 rew@ach=0.82/1.00(n=17) rew@0=+0.020 | AC act=-0.002 crit=1.858 pg=-0.001 H=0.63 | img ret=1.60 val=1.61 imgR(mu=0.032 max=1.01 p99=0.97 hi=3.03%) scale=5.88 p5=-0.42 p95=5.47 | r/step=0.0113 | 1.2 ips ETA 6h54\r\n"}
,{"stream_name":"stdout","time":12286.351962332,"data":"  iter 14800/45000 [32.9%] | WM wm=8.29 rec=3.99 kl=4.12 rew=0.171 con=0.002 rew@ach=0.56/0.66(n=19) rew@0=+0.018 | AC act=0.002 crit=2.010 pg=0.002 H=0.63 | img ret=1.61 val=1.53 imgR(mu=0.039 max=1.00 p99=0.99 hi=3.61%) scale=6.21 p5=-0.42 p95=5.79 | r/step=0.0087 | 1.2 ips ETA 6h53\r\n"}
,{"stream_name":"stdout","time":12323.91612319,"data":"  iter 14850/45000 [33.0%] | WM wm=12.68 rec=6.78 kl=5.69 rew=0.208 con=0.001 rew@ach=0.52/0.85(n=13) rew@0=+0.009 | AC act=-0.001 crit=1.943 pg=-0.000 H=0.82 | img ret=1.65 val=1.61 imgR(mu=0.036 max=1.01 p99=0.96 hi=2.97%) scale=6.66 p5=-0.44 p95=6.22 | r/step=0.0116 | 1.2 ips ETA 6h52\r\n"}
,{"stream_name":"stdout","time":12361.774655101,"data":"  iter 14900/45000 [33.1%] | WM wm=11.00 rec=5.60 kl=5.21 rew=0.187 con=0.008 rew@ach=0.70/0.81(n=18) rew@0=+0.018 | AC act=0.001 crit=1.837 pg=0.001 H=0.80 | img ret=1.13 val=1.11 imgR(mu=0.014 max=1.00 p99=0.84 hi=1.57%) scale=6.34 p5=-0.45 p95=5.88 | r/step=0.0159 | 1.2 ips ETA 6h51\r\n"}
,{"stream_name":"stdout","time":12399.257222902,"data":"  iter 14950/45000 [33.2%] | WM wm=10.82 rec=5.58 kl=5.05 rew=0.189 con=0.002 rew@ach=0.76/0.89(n=16) rew@0=+0.017 | AC act=0.006 crit=1.961 pg=0.006 H=0.76 | img ret=1.25 val=1.16 imgR(mu=0.031 max=1.00 p99=0.97 hi=3.03%) scale=6.06 p5=-0.43 p95=5.62 | r/step=0.0136 | 1.2 ips ETA 6h51\r\n"}
,{"stream_name":"stdout","time":12436.755663173,"data":"  iter 15000/45000 [33.3%] | WM wm=11.46 rec=5.83 kl=5.44 rew=0.177 con=0.002 rew@ach=0.81/1.00(n=12) rew@0=+0.006 | AC act=0.004 crit=2.181 pg=0.004 H=0.64 | img ret=2.28 val=2.20 imgR(mu=0.027 max=1.01 p99=0.88 hi=2.74%) scale=6.75 p5=-0.42 p95=6.34 | r/step=0.0127 | 1.2 ips ETA 6h50\r\n"}
,{"stream_name":"stdout","time":12624.595869831,"data":"  \u003e\u003e\u003e EVAL @ iter 15000 : score=2.53  length=188  achievements=3.43 ↑  sample=3.20  (best=3.43 @15000)  crafter_score=1.62% [2702 train eps]\r\n"}
,{"stream_name":"stdout","time":12624.595908981,"data":"      unlocked (6/22): collect_sapling=100%  place_plant=99%  wake_up=95%  collect_wood=27%  eat_cow=15%  defeat_zombie=8%\r\n"}
,{"stream_name":"stdout","time":12624.595915121,"data":"      TRAIN (11/22 sur 2702 eps): wake_up=2419(89.5%)  collect_sapling=2403(88.9%)  place_plant=1570(58.1%)  collect_wood=569(21.1%)  eat_cow=105(3.9%)  defeat_zombie=71(2.6%)  collect_drink=60(2.2%)  place_table=36(1.3%)  defeat_skeleton=1(0.0%)  make_wood_pickaxe=1(0.0%)  make_wood_sword=1(0.0%)\r\n"}
,{"stream_name":"stdout","time":12624.595920991,"data":"      JAMAIS vus en train (11) : collect_coal  collect_diamond  collect_iron  collect_stone  eat_plant  make_iron_pickaxe  make_iron_sword  make_stone_pickaxe  make_stone_sword  place_furnace  place_stone\r\n"}
,{"stream_name":"stdout","time":12633.569658045,"data":"  Checkpoint saved : dreamer_crafter_jax_v50-wmfix-t1_iter015000.npz\r\n"}
,{"stream_name":"stdout","time":12671.265179044,"data":"  iter 15050/45000 [33.4%] | WM wm=10.57 rec=5.38 kl=5.01 rew=0.165 con=0.008 rew@ach=0.51/0.58(n=16) rew@0=+0.015 | AC act=-0.003 crit=1.929 pg=-0.003 H=0.66 | img ret=1.59 val=1.60 imgR(mu=0.013 max=1.01 p99=0.71 hi=1.46%) scale=7.04 p5=-0.42 p95=6.62 | r/step=0.0087 | 1.2 ips ETA 6h55\r\n"}
,{"stream_name":"stdout","time":12709.13611064,"data":"  iter 15100/45000 [33.6%] | WM wm=9.08 rec=4.17 kl=4.71 rew=0.194 con=0.006 rew@ach=0.84/0.91(n=18) rew@0=+0.025 | AC act=-0.003 crit=1.883 pg=-0.003 H=0.69 | img ret=2.15 val=2.11 imgR(mu=0.031 max=1.01 p99=0.97 hi=3.05%) scale=6.78 p5=-0.43 p95=6.37 | r/step=0.0153 | 1.2 ips ETA 6h55\r\n"}
,{"stream_name":"stdout","time":12746.75589937,"data":"  iter 15150/45000 [33.7%] | WM wm=10.81 rec=5.26 kl=5.36 rew=0.188 con=0.002 rew@ach=0.76/0.90(n=17) rew@0=+0.015 | AC act=0.002 crit=2.111 pg=0.002 H=0.59 | img ret=1.75 val=1.71 imgR(mu=0.027 max=1.01 p99=0.83 hi=2.19%) scale=6.68 p5=-0.40 p95=6.28 | r/step=0.0161 | 1.2 ips ETA 6h54\r\n"}
,{"stream_name":"stdout","time":12784.162790822,"data":"  iter 15200/45000 [33.8%] | WM wm=8.42 rec=3.42 kl=4.82 rew=0.176 con=0.002 rew@ach=0.88/0.92(n=20) rew@0=+0.009 | AC act=0.003 crit=2.071 pg=0.004 H=0.61 | img ret=1.92 val=1.85 imgR(mu=0.031 max=1.01 p99=0.86 hi=2.90%) scale=6.73 p5=-0.41 p95=6.33 | r/step=0.0167 | 1.2 ips ETA 6h53\r\n"}
,{"stream_name":"stdout","time":12821.826574631,"data":"  iter 15250/45000 [33.9%] | WM wm=9.21 rec=4.19 kl=4.80 rew=0.223 con=0.004 rew@ach=0.83/0.93(n=24) rew@0=+0.027 | AC act=-0.003 crit=2.191 pg=-0.003 H=0.69 | img ret=1.69 val=1.71 imgR(mu=0.030 max=1.01 p99=1.00 hi=3.09%) scale=7.08 p5=-0.44 p95=6.64 | r/step=0.0109 | 1.2 ips ETA 6h52\r\n"}
,{"stream_name":"stdout","time":12859.38743868,"data":"  iter 15300/45000 [34.0%] | WM wm=14.38 rec=8.15 kl=6.04 rew=0.185 con=0.003 rew@ach=0.96/1.01(n=15) rew@0=+0.009 | AC act=0.010 crit=2.223 pg=0.010 H=0.56 | img ret=2.60 val=2.46 imgR(mu=0.046 max=1.01 p99=0.97 hi=3.53%) scale=7.30 p5=-0.41 p95=6.89 | r/step=0.0123 | 1.2 ips ETA 6h51\r\n"}
,{"stream_name":"stdout","time":12897.136575098,"data":"  iter 15350/45000 [34.1%] | WM wm=10.65 rec=5.51 kl=4.96 rew=0.179 con=0.001 rew@ach=0.82/1.00(n=12) rew@0=+0.019 | AC act=0.001 crit=1.943 pg=0.001 H=0.57 | img ret=2.33 val=2.29 imgR(mu=0.033 max=1.01 p99=0.92 hi=2.40%) scale=7.56 p5=-0.40 p95=7.15 | r/step=0.0141 | 1.2 ips ETA 6h51\r\n"}
,{"stream_name":"stdout","time":12935.117652573,"data":"  iter 15400/45000 [34.2%] | WM wm=11.68 rec=6.51 kl=4.97 rew=0.194 con=0.006 rew@ach=0.81/1.00(n=18) rew@0=+0.007 | AC act=-0.000 crit=2.119 pg=-0.000 H=0.49 | img ret=2.03 val=2.00 imgR(mu=0.026 max=1.01 p99=0.85 hi=2.57%) scale=7.23 p5=-0.41 p95=6.82 | r/step=0.0140 | 1.2 ips ETA 6h50\r\n"}
,{"stream_name":"stdout","time":12972.81399413,"data":"  iter 15450/45000 [34.3%] | WM wm=11.33 rec=5.78 kl=5.28 rew=0.270 con=0.003 rew@ach=0.50/0.76(n=21) rew@0=+0.011 | AC act=-0.004 crit=1.756 pg=-0.004 H=0.68 | img ret=2.38 val=2.38 imgR(mu=0.027 max=1.01 p99=0.83 hi=1.97%) scale=7.28 p5=-0.43 p95=6.85 | r/step=0.0138 | 1.2 ips ETA 6h49\r\n"}
,{"stream_name":"stdout","time":13010.607265835,"data":"  iter 15500/45000 [34.4%] | WM wm=11.00 rec=5.59 kl=5.26 rew=0.152 con=0.002 rew@ach=0.82/0.88(n=14) rew@0=+0.012 | AC act=0.000 crit=1.912 pg=0.000 H=0.65 | img ret=2.20 val=2.16 imgR(mu=0.031 max=1.00 p99=0.85 hi=2.35%) scale=7.57 p5=-0.44 p95=7.13 | r/step=0.0168 | 1.2 ips ETA 6h48\r\n"}
,{"stream_name":"stdout","time":13048.49541416,"data":"  iter 15550/45000 [34.6%] | WM wm=10.95 rec=4.88 kl=5.84 rew=0.228 con=0.003 rew@ach=0.59/0.73(n=20) rew@0=+0.017 | AC act=-0.000 crit=2.011 pg=0.000 H=0.60 | img ret=2.29 val=2.28 imgR(mu=0.032 max=1.01 p99=0.90 hi=2.84%) scale=7.53 p5=-0.44 p95=7.10 | r/step=0.0154 | 1.2 ips ETA 6h47\r\n"}
,{"stream_name":"stdout","time":13085.983496711,"data":"  iter 15600/45000 [34.7%] | WM wm=9.88 rec=5.27 kl=4.46 rew=0.142 con=0.005 rew@ach=0.58/0.67(n=15) rew@0=+0.013 | AC act=-0.001 crit=1.990 pg=-0.001 H=0.63 | img ret=1.74 val=1.74 imgR(mu=0.025 max=1.01 p99=0.84 hi=1.86%) scale=7.52 p5=-0.41 p95=7.10 | r/step=0.0113 | 1.2 ips ETA 6h46\r\n"}
,{"stream_name":"stdout","time":13123.704020589,"data":"  iter 15650/45000 [34.8%] | WM wm=11.81 rec=5.90 kl=5.70 rew=0.201 con=0.006 rew@ach=0.69/1.00(n=13) rew@0=+0.012 | AC act=0.005 crit=2.048 pg=0.005 H=0.66 | img ret=2.41 val=2.35 imgR(mu=0.033 max=1.00 p99=0.91 hi=2.69%) scale=7.51 p5=-0.42 p95=7.09 | r/step=0.0101 | 1.2 ips ETA 6h46\r\n"}
,{"stream_name":"stdout","time":13161.306866647,"data":"  iter 15700/45000 [34.9%] | WM wm=11.90 rec=6.33 kl=5.32 rew=0.249 con=0.004 rew@ach=0.77/0.99(n=18) rew@0=+0.018 | AC act=0.003 crit=2.199 pg=0.004 H=0.67 | img ret=1.89 val=1.79 imgR(mu=0.035 max=1.01 p99=0.93 hi=2.85%) scale=7.39 p5=-0.43 p95=6.95 | r/step=0.0126 | 1.2 ips ETA 6h45\r\n"}
,{"stream_name":"stdout","time":13198.851019745,"data":"  iter 15750/45000 [35.0%] | WM wm=14.63 rec=8.15 kl=6.21 rew=0.271 con=0.008 rew@ach=0.62/0.91(n=18) rew@0=+0.025 | AC act=-0.001 crit=1.978 pg=-0.001 H=0.63 | img ret=1.74 val=1.72 imgR(mu=0.025 max=1.00 p99=0.71 hi=1.71%) scale=7.50 p5=-0.43 p95=7.08 | r/step=0.0124 | 1.2 ips ETA 6h44\r\n"}
,{"stream_name":"stdout","time":13236.478928411,"data":"  iter 15800/45000 [35.1%] | WM wm=11.41 rec=5.85 kl=5.35 rew=0.203 con=0.006 rew@ach=0.94/1.00(n=21) rew@0=+0.020 | AC act=0.000 crit=2.055 pg=0.000 H=0.52 | img ret=2.31 val=2.27 imgR(mu=0.034 max=1.01 p99=0.90 hi=2.44%) scale=7.50 p5=-0.43 p95=7.07 | r/step=0.0133 | 1.2 ips ETA 6h43\r\n"}
,{"stream_name":"stdout","time":13274.125208829,"data":"  iter 15850/45000 [35.2%] | WM wm=10.53 rec=4.91 kl=5.44 rew=0.169 con=0.003 rew@ach=0.87/1.00(n=16) rew@0=+0.013 | AC act=-0.001 crit=1.938 pg=-0.001 H=0.66 | img ret=2.38 val=2.35 imgR(mu=0.028 max=1.02 p99=0.86 hi=2.50%) scale=7.35 p5=-0.43 p95=6.93 | r/step=0.0151 | 1.2 ips ETA 6h42\r\n"}
,{"stream_name":"stdout","time":13311.59296319,"data":"  iter 15900/45000 [35.3%] | WM wm=12.28 rec=7.09 kl=5.00 rew=0.183 con=0.009 rew@ach=0.86/1.00(n=15) rew@0=+0.010 | AC act=0.000 crit=1.993 pg=0.000 H=0.60 | img ret=2.03 val=2.00 imgR(mu=0.025 max=1.01 p99=0.82 hi=1.88%) scale=7.35 p5=-0.44 p95=6.90 | r/step=0.0135 | 1.2 ips ETA 6h42\r\n"}
,{"stream_name":"stdout","time":13349.276174129,"data":"  iter 15950/45000 [35.4%] | WM wm=13.05 rec=6.67 kl=6.19 rew=0.187 con=0.002 rew@ach=0.78/0.98(n=13) rew@0=+0.008 | AC act=-0.004 crit=1.972 pg=-0.004 H=0.65 | img ret=2.23 val=2.24 imgR(mu=0.022 max=1.01 p99=0.67 hi=1.40%) scale=7.59 p5=-0.45 p95=7.14 | r/step=0.0152 | 1.2 ips ETA 6h41\r\n"}
,{"stream_name":"stdout","time":13387.140470568,"data":"  iter 16000/45000 [35.6%] | WM wm=14.69 rec=7.67 kl=6.61 rew=0.403 con=0.001 rew@ach=0.65/0.94(n=25) rew@0=+0.025 | AC act=-0.002 crit=1.989 pg=-0.002 H=0.54 | img ret=2.64 val=2.64 imgR(mu=0.029 max=1.02 p99=0.85 hi=2.59%) scale=7.99 p5=-0.46 p95=7.53 | r/step=0.0090 | 1.2 ips ETA 6h40\r\n"}
,{"stream_name":"stdout","time":13424.66460179,"data":"  iter 16050/45000 [35.7%] | WM wm=9.80 rec=4.68 kl=4.94 rew=0.176 con=0.001 rew@ach=0.77/0.83(n=20) rew@0=+0.011 | AC act=0.000 crit=1.895 pg=0.000 H=0.62 | img ret=2.68 val=2.61 imgR(mu=0.041 max=1.00 p99=0.95 hi=3.53%) scale=7.95 p5=-0.44 p95=7.52 | r/step=0.0130 | 1.2 ips ETA 6h39\r\n"}
,{"stream_name":"stdout","time":13462.450726998,"data":"  iter 16100/45000 [35.8%] | WM wm=14.36 rec=7.75 kl=6.42 rew=0.187 con=0.002 rew@ach=0.89/0.91(n=20) rew@0=+0.015 | AC act=0.001 crit=1.795 pg=0.001 H=0.52 | img ret=2.83 val=2.82 imgR(mu=0.022 max=1.01 p99=0.82 hi=1.84%) scale=8.10 p5=-0.44 p95=7.65 | r/step=0.0135 | 1.2 ips ETA 6h38\r\n"}
,{"stream_name":"stdout","time":13499.960825619,"data":"  iter 16150/45000 [35.9%] | WM wm=13.21 rec=7.00 kl=6.02 rew=0.193 con=0.002 rew@ach=0.81/0.98(n=16) rew@0=+0.018 | AC act=-0.000 crit=1.742 pg=-0.000 H=0.60 | img ret=3.28 val=3.23 imgR(mu=0.038 max=1.01 p99=1.00 hi=3.11%) scale=7.97 p5=-0.43 p95=7.53 | r/step=0.0062 | 1.2 ips ETA 6h38\r\n"}
,{"stream_name":"stdout","time":13537.818381635,"data":"  iter 16200/45000 [36.0%] | WM wm=13.45 rec=7.25 kl=5.96 rew=0.227 con=0.008 rew@ach=0.60/0.82(n=19) rew@0=+0.014 | AC act=-0.001 crit=1.826 pg=-0.001 H=0.70 | img ret=3.40 val=3.27 imgR(mu=0.040 max=1.01 p99=0.95 hi=3.64%) scale=8.05 p5=-0.42 p95=7.66 | r/step=0.0119 | 1.2 ips ETA 6h37\r\n"}
,{"stream_name":"stdout","time":13575.521119922,"data":"  iter 16250/45000 [36.1%] | WM wm=13.61 rec=7.54 kl=5.87 rew=0.191 con=0.008 rew@ach=0.82/0.90(n=17) rew@0=+0.016 | AC act=0.002 crit=2.052 pg=0.002 H=0.64 | img ret=2.76 val=2.63 imgR(mu=0.033 max=1.02 p99=0.86 hi=2.66%) scale=8.50 p5=-0.41 p95=8.10 | r/step=0.0153 | 1.2 ips ETA 6h36\r\n"}
,{"stream_name":"stdout","time":13613.28059678,"data":"  iter 16300/45000 [36.2%] | WM wm=9.86 rec=5.01 kl=4.73 rew=0.118 con=0.002 rew@ach=0.92/1.00(n=10) rew@0=+0.010 | AC act=0.000 crit=1.706 pg=0.000 H=0.64 | img ret=3.20 val=3.19 imgR(mu=0.030 max=1.01 p99=0.82 hi=2.31%) scale=8.51 p5=-0.44 p95=8.07 | r/step=0.0162 | 1.2 ips ETA 6h35\r\n"}
,{"stream_name":"stdout","time":13651.139367939,"data":"  iter 16350/45000 [36.3%] | WM wm=12.01 rec=6.34 kl=5.46 rew=0.207 con=0.006 rew@ach=0.78/0.91(n=18) rew@0=+0.014 | AC act=-0.002 crit=1.713 pg=-0.002 H=0.59 | img ret=2.48 val=2.48 imgR(mu=0.017 max=1.01 p99=0.82 hi=1.67%) scale=8.36 p5=-0.42 p95=7.92 | r/step=0.0101 | 1.2 ips ETA 6h34\r\n"}
,{"stream_name":"stdout","time":13688.61986325,"data":"  iter 16400/45000 [36.4%] | WM wm=11.02 rec=5.50 kl=5.36 rew=0.152 con=0.006 rew@ach=0.95/1.00(n=15) rew@0=+0.013 | AC act=-0.001 crit=1.912 pg=-0.001 H=0.58 | img ret=2.55 val=2.53 imgR(mu=0.029 max=1.01 p99=0.81 hi=2.42%) scale=8.28 p5=-0.41 p95=7.88 | r/step=0.0091 | 1.2 ips ETA 6h34\r\n"}
,{"stream_name":"stdout","time":13726.517508437,"data":"  iter 16450/45000 [36.6%] | WM wm=11.97 rec=6.86 kl=4.95 rew=0.157 con=0.002 rew@ach=0.89/0.97(n=14) rew@0=+0.007 | AC act=-0.003 crit=1.888 pg=-0.003 H=0.64 | img ret=2.04 val=2.05 imgR(mu=0.013 max=1.01 p99=0.79 hi=1.78%) scale=8.29 p5=-0.41 p95=7.88 | r/step=0.0141 | 1.2 ips ETA 6h33\r\n"}
,{"stream_name":"stdout","time":13763.946386858,"data":"  iter 16500/45000 [36.7%] | WM wm=13.62 rec=7.20 kl=6.27 rew=0.159 con=0.001 rew@ach=0.84/0.98(n=12) rew@0=+0.013 | AC act=-0.002 crit=1.882 pg=-0.002 H=0.63 | img ret=3.20 val=3.20 imgR(mu=0.036 max=1.01 p99=0.94 hi=3.05%) scale=7.94 p5=-0.40 p95=7.56 | r/step=0.0150 | 1.2 ips ETA 6h32\r\n"}
,{"stream_name":"stdout","time":13801.706519105,"data":"  iter 16550/45000 [36.8%] | WM wm=9.88 rec=4.49 kl=5.16 rew=0.215 con=0.004 rew@ach=0.79/0.91(n=19) rew@0=+0.021 | AC act=-0.001 crit=1.933 pg=-0.001 H=0.64 | img ret=2.30 val=2.28 imgR(mu=0.029 max=1.01 p99=0.95 hi=2.53%) scale=7.94 p5=-0.43 p95=7.50 | r/step=0.0164 | 1.2 ips ETA 6h31\r\n"}
,{"stream_name":"stdout","time":13839.513752662,"data":"  iter 16600/45000 [36.9%] | WM wm=12.79 rec=7.24 kl=5.35 rew=0.194 con=0.005 rew@ach=0.79/0.88(n=14) rew@0=+0.021 | AC act=-0.003 crit=1.931 pg=-0.003 H=0.66 | img ret=2.16 val=2.16 imgR(mu=0.027 max=1.00 p99=0.82 hi=2.51%) scale=7.86 p5=-0.46 p95=7.40 | r/step=0.0163 | 1.2 ips ETA 6h30\r\n"}
,{"stream_name":"stdout","time":13877.32635632,"data":"  iter 16650/45000 [37.0%] | WM wm=12.20 rec=6.40 kl=5.56 rew=0.240 con=0.003 rew@ach=0.73/0.92(n=20) rew@0=+0.019 | AC act=0.010 crit=2.091 pg=0.010 H=0.67 | img ret=2.62 val=2.56 imgR(mu=0.044 max=1.01 p99=0.93 hi=4.13%) scale=7.70 p5=-0.44 p95=7.27 | r/step=0.0164 | 1.2 ips ETA 6h30\r\n"}
,{"stream_name":"stdout","time":13914.700629813,"data":"  iter 16700/45000 [37.1%] | WM wm=11.82 rec=5.82 kl=5.77 rew=0.235 con=0.005 rew@ach=0.86/0.91(n=20) rew@0=+0.012 | AC act=-0.004 crit=1.866 pg=-0.004 H=0.78 | img ret=1.76 val=1.78 imgR(mu=0.017 max=1.01 p99=0.85 hi=1.90%) scale=7.29 p5=-0.42 p95=6.86 | r/step=0.0094 | 1.2 ips ETA 6h29\r\n"}
,{"stream_name":"stdout","time":13952.813220245,"data":"  iter 16750/45000 [37.2%] | WM wm=12.71 rec=6.84 kl=5.55 rew=0.314 con=0.003 rew@ach=0.69/1.00(n=20) rew@0=+0.024 | AC act=-0.003 crit=1.752 pg=-0.003 H=0.64 | img ret=2.34 val=2.34 imgR(mu=0.034 max=1.01 p99=0.84 hi=2.64%) scale=7.40 p5=-0.41 p95=6.99 | r/step=0.0150 | 1.2 ips ETA 6h28\r\n"}
,{"stream_name":"stdout","time":13990.508664644,"data":"  iter 16800/45000 [37.3%] | WM wm=11.27 rec=5.88 kl=5.21 rew=0.167 con=0.009 rew@ach=0.72/0.80(n=17) rew@0=+0.010 | AC act=-0.004 crit=1.795 pg=-0.004 H=0.56 | img ret=2.14 val=2.20 imgR(mu=0.021 max=1.01 p99=0.88 hi=1.94%) scale=7.25 p5=-0.43 p95=6.81 | r/step=0.0084 | 1.2 ips ETA 6h27\r\n"}
,{"stream_name":"stdout","time":14028.429057169,"data":"  iter 16850/45000 [37.4%] | WM wm=9.98 rec=5.08 kl=4.72 rew=0.185 con=0.001 rew@ach=0.72/0.89(n=18) rew@0=+0.014 | AC act=-0.000 crit=1.780 pg=-0.000 H=0.59 | img ret=2.26 val=2.27 imgR(mu=0.035 max=1.01 p99=0.99 hi=3.07%) scale=7.21 p5=-0.42 p95=6.79 | r/step=0.0144 | 1.2 ips ETA 6h27\r\n"}
,{"stream_name":"stdout","time":14065.93300562,"data":"  iter 16900/45000 [37.6%] | WM wm=11.54 rec=6.04 kl=5.27 rew=0.221 con=0.004 rew@ach=0.82/1.00(n=15) rew@0=+0.019 | AC act=-0.004 crit=1.680 pg=-0.004 H=0.68 | img ret=2.23 val=2.27 imgR(mu=0.029 max=1.00 p99=0.99 hi=2.48%) scale=7.36 p5=-0.39 p95=6.97 | r/step=0.0112 | 1.2 ips ETA 6h26\r\n"}
,{"stream_name":"stdout","time":14103.56957434,"data":"  iter 16950/45000 [37.7%] | WM wm=10.19 rec=4.85 kl=5.09 rew=0.252 con=0.003 rew@ach=0.78/0.91(n=20) rew@0=+0.030 | AC act=-0.006 crit=1.721 pg=-0.006 H=0.65 | img ret=1.99 val=2.00 imgR(mu=0.028 max=1.00 p99=0.90 hi=2.45%) scale=7.00 p5=-0.40 p95=6.58 | r/step=0.0125 | 1.2 ips ETA 6h25\r\n"}
,{"stream_name":"stdout","time":14141.311280895,"data":"  iter 17000/45000 [37.8%] | WM wm=10.71 rec=5.52 kl=4.98 rew=0.208 con=0.007 rew@ach=0.84/1.00(n=17) rew@0=+0.021 | AC act=-0.003 crit=1.877 pg=-0.003 H=0.60 | img ret=1.59 val=1.60 imgR(mu=0.018 max=1.01 p99=0.71 hi=1.64%) scale=7.14 p5=-0.42 p95=6.71 | r/step=0.0176 | 1.2 ips ETA 6h24\r\n"}
,{"stream_name":"stdout","time":14179.058500304,"data":"  iter 17050/45000 [37.9%] | WM wm=8.34 rec=3.43 kl=4.68 rew=0.235 con=0.003 rew@ach=0.87/1.00(n=23) rew@0=+0.022 | AC act=0.002 crit=2.170 pg=0.002 H=0.65 | img ret=2.24 val=2.17 imgR(mu=0.041 max=1.00 p99=0.95 hi=3.18%) scale=6.61 p5=-0.40 p95=6.21 | r/step=0.0129 | 1.2 ips ETA 6h23\r\n"}
,{"stream_name":"stdout","time":14216.728753352,"data":"  iter 17100/45000 [38.0%] | WM wm=12.33 rec=5.86 kl=6.27 rew=0.203 con=0.003 rew@ach=0.82/1.00(n=15) rew@0=+0.018 | AC act=0.001 crit=2.150 pg=0.001 H=0.63 | img ret=2.04 val=2.01 imgR(mu=0.021 max=1.00 p99=0.84 hi=1.92%) scale=6.73 p5=-0.40 p95=6.32 | r/step=0.0215 | 1.2 ips ETA 6h23\r\n"}
,{"stream_name":"stdout","time":14254.447865969,"data":"  iter 17150/45000 [38.1%] | WM wm=12.91 rec=6.96 kl=5.77 rew=0.177 con=0.002 rew@ach=0.80/0.88(n=17) rew@0=+0.010 | AC act=0.001 crit=2.009 pg=0.001 H=0.57 | img ret=2.18 val=2.12 imgR(mu=0.036 max=1.02 p99=1.00 hi=3.02%) scale=6.85 p5=-0.40 p95=6.46 | r/step=0.0135 | 1.2 ips ETA 6h22\r\n"}
,{"stream_name":"stdout","time":14292.071198829,"data":"  iter 17200/45000 [38.2%] | WM wm=12.13 rec=6.41 kl=5.51 rew=0.208 con=0.001 rew@ach=0.71/0.89(n=18) rew@0=+0.012 | AC act=-0.002 crit=1.906 pg=-0.001 H=0.66 | img ret=1.98 val=1.97 imgR(mu=0.020 max=1.01 p99=0.80 hi=1.65%) scale=7.03 p5=-0.43 p95=6.61 | r/step=0.0093 | 1.2 ips ETA 6h21\r\n"}
,{"stream_name":"stdout","time":14329.663427087,"data":"  iter 17250/45000 [38.3%] | WM wm=11.14 rec=5.55 kl=5.32 rew=0.256 con=0.010 rew@ach=0.79/1.00(n=20) rew@0=+0.012 | AC act=0.003 crit=1.882 pg=0.003 H=0.69 | img ret=2.07 val=1.99 imgR(mu=0.025 max=1.00 p99=0.91 hi=2.32%) scale=7.11 p5=-0.43 p95=6.68 | r/step=0.0099 | 1.2 ips ETA 6h20\r\n"}
,{"stream_name":"stdout","time":14367.732668482,"data":"  iter 17300/45000 [38.4%] | WM wm=11.39 rec=5.73 kl=5.43 rew=0.222 con=0.002 rew@ach=0.78/1.00(n=18) rew@0=+0.014 | AC act=0.001 crit=1.877 pg=0.001 H=0.75 | img ret=1.67 val=1.66 imgR(mu=0.022 max=1.02 p99=0.81 hi=2.19%) scale=7.15 p5=-0.44 p95=6.70 | r/step=0.0121 | 1.2 ips ETA 6h19\r\n"}
,{"stream_name":"stdout","time":14405.509045293,"data":"  iter 17350/45000 [38.6%] | WM wm=11.43 rec=5.58 kl=5.61 rew=0.241 con=0.004 rew@ach=0.74/0.99(n=15) rew@0=+0.015 | AC act=-0.004 crit=2.001 pg=-0.004 H=0.61 | img ret=2.78 val=2.81 imgR(mu=0.031 max=1.00 p99=0.88 hi=2.91%) scale=7.44 p5=-0.44 p95=7.00 | r/step=0.0143 | 1.2 ips ETA 6h19\r\n"}
,{"stream_name":"stdout","time":14443.173552392,"data":"  iter 17400/45000 [38.7%] | WM wm=11.90 rec=6.49 kl=5.16 rew=0.245 con=0.002 rew@ach=0.76/0.91(n=22) rew@0=+0.012 | AC act=-0.002 crit=1.793 pg=-0.002 H=0.72 | img ret=1.97 val=1.94 imgR(mu=0.025 max=1.00 p99=0.85 hi=2.16%) scale=7.81 p5=-0.44 p95=7.37 | r/step=0.0172 | 1.2 ips ETA 6h18\r\n"}
,{"stream_name":"stdout","time":14480.726381741,"data":"  iter 17450/45000 [38.8%] | WM wm=10.83 rec=5.78 kl=4.86 rew=0.191 con=0.002 rew@ach=0.78/0.89(n=15) rew@0=+0.017 | AC act=0.002 crit=1.940 pg=0.002 H=0.51 | img ret=2.05 val=1.99 imgR(mu=0.027 max=1.01 p99=0.90 hi=2.44%) scale=7.78 p5=-0.44 p95=7.35 | r/step=0.0138 | 1.2 ips ETA 6h17\r\n"}
,{"stream_name":"stdout","time":14518.537895147,"data":"  iter 17500/45000 [38.9%] | WM wm=11.44 rec=5.91 kl=5.32 rew=0.194 con=0.008 rew@ach=0.53/0.69(n=16) rew@0=+0.019 | AC act=-0.002 crit=2.059 pg=-0.002 H=0.61 | img ret=2.37 val=2.34 imgR(mu=0.032 max=1.00 p99=0.87 hi=2.81%) scale=8.29 p5=-0.40 p95=7.89 | r/step=0.0126 | 1.2 ips ETA 6h16\r\n"}
,{"stream_name":"stdout","time":14705.073901061,"data":"  \u003e\u003e\u003e EVAL @ iter 17500 : score=2.37  length=186  achievements=3.27 ↓  sample=4.00  (best=3.43 @15000)  crafter_score=1.70% [3139 train eps]\r\n"}
,{"stream_name":"stdout","time":14705.073932121,"data":"      unlocked (6/22): collect_sapling=100%  wake_up=92%  place_plant=68%  collect_wood=33%  defeat_zombie=24%  eat_cow=9%\r\n"}
,{"stream_name":"stdout","time":14705.073938531,"data":"      TRAIN (11/22 sur 3139 eps): wake_up=2837(90.4%)  collect_sapling=2835(90.3%)  place_plant=1939(61.8%)  collect_wood=672(21.4%)  eat_cow=145(4.6%)  defeat_zombie=139(4.4%)  collect_drink=69(2.2%)  place_table=42(1.3%)  make_wood_sword=2(0.1%)  defeat_skeleton=1(0.0%)  make_wood_pickaxe=1(0.0%)\r\n"}
,{"stream_name":"stdout","time":14705.073944541,"data":"      JAMAIS vus en train (11) : collect_coal  collect_diamond  collect_iron  collect_stone  eat_plant  make_iron_pickaxe  make_iron_sword  make_stone_pickaxe  make_stone_sword  place_furnace  place_stone\r\n"}
,{"stream_name":"stdout","time":14713.995295688,"data":"  Checkpoint saved : dreamer_crafter_jax_v50-wmfix-t1_iter017500.npz\r\n"}
,{"stream_name":"stdout","time":14751.701322037,"data":"  iter 17550/45000 [39.0%] | WM wm=11.36 rec=5.77 kl=5.38 rew=0.195 con=0.002 rew@ach=0.82/1.00(n=17) rew@0=+0.019 | AC act=0.001 crit=2.295 pg=0.001 H=0.65 | img ret=1.82 val=1.76 imgR(mu=0.028 max=1.01 p99=0.86 hi=2.41%) scale=8.00 p5=-0.40 p95=7.60 | r/step=0.0152 | 1.2 ips ETA 6h21\r\n"}
,{"stream_name":"stdout","time":14789.424481437,"data":"  iter 17600/45000 [39.1%] | WM wm=9.85 rec=4.30 kl=5.34 rew=0.212 con=0.000 rew@ach=0.80/1.00(n=16) rew@0=+0.013 | AC act=0.001 crit=2.117 pg=0.001 H=0.68 | img ret=1.51 val=1.47 imgR(mu=0.012 max=1.04 p99=0.68 hi=1.70%) scale=8.17 p5=-0.41 p95=7.76 | r/step=0.0114 | 1.2 ips ETA 6h20\r\n"}
,{"stream_name":"stdout","time":14827.35486137,"data":"  iter 17650/45000 [39.2%] | WM wm=12.03 rec=6.36 kl=5.50 rew=0.170 con=0.004 rew@ach=0.78/0.88(n=16) rew@0=+0.010 | AC act=-0.003 crit=1.900 pg=-0.002 H=0.59 | img ret=2.40 val=2.40 imgR(mu=0.024 max=1.01 p99=0.77 hi=2.03%) scale=8.41 p5=-0.39 p95=8.02 | r/step=0.0138 | 1.2 ips ETA 6h19\r\n"}
,{"stream_name":"stdout","time":14865.017378897,"data":"  iter 17700/45000 [39.3%] | WM wm=11.79 rec=6.15 kl=5.46 rew=0.173 con=0.011 rew@ach=0.90/1.00(n=11) rew@0=+0.017 | AC act=-0.003 crit=1.919 pg=-0.003 H=0.56 | img ret=1.99 val=2.01 imgR(mu=0.017 max=1.01 p99=0.69 hi=1.58%) scale=8.23 p5=-0.41 p95=7.82 | r/step=0.0130 | 1.2 ips ETA 6h18\r\n"}
,{"stream_name":"stdout","time":14902.747910634,"data":"  iter 17750/45000 [39.4%] | WM wm=9.60 rec=4.28 kl=5.22 rew=0.089 con=0.000 rew@ach=0.97/1.00(n=12) rew@0=+0.009 | AC act=0.001 crit=1.737 pg=0.001 H=0.57 | img ret=2.69 val=2.67 imgR(mu=0.023 max=1.01 p99=0.78 hi=1.52%) scale=8.48 p5=-0.41 p95=8.05 | r/step=0.0111 | 1.2 ips ETA 6h18\r\n"}
,{"stream_name":"stdout","time":14940.640240649,"data":"  iter 17800/45000 [39.6%] | WM wm=11.70 rec=6.99 kl=4.51 rew=0.188 con=0.011 rew@ach=0.89/0.99(n=16) rew@0=+0.014 | AC act=0.002 crit=2.113 pg=0.003 H=0.49 | img ret=3.01 val=2.93 imgR(mu=0.043 max=1.01 p99=0.94 hi=3.53%) scale=8.18 p5=-0.39 p95=7.79 | r/step=0.0091 | 1.2 ips ETA 6h17\r\n"}
,{"stream_name":"stdout","time":14978.463529616,"data":"  iter 17850/45000 [39.7%] | WM wm=11.68 rec=6.31 kl=5.21 rew=0.155 con=0.006 rew@ach=0.72/0.87(n=13) rew@0=+0.010 | AC act=0.001 crit=2.026 pg=0.001 H=0.61 | img ret=2.49 val=2.42 imgR(mu=0.028 max=1.06 p99=0.85 hi=2.20%) scale=7.73 p5=-0.39 p95=7.35 | r/step=0.0114 | 1.2 ips ETA 6h16\r\n"}
,{"stream_name":"stdout","time":15016.301612902,"data":"  iter 17900/45000 [39.8%] | WM wm=9.65 rec=4.58 kl=4.78 rew=0.288 con=0.006 rew@ach=0.81/0.94(n=29) rew@0=+0.033 | AC act=0.003 crit=1.896 pg=0.003 H=0.73 | img ret=2.78 val=2.69 imgR(mu=0.027 max=1.01 p99=0.83 hi=2.15%) scale=7.70 p5=-0.42 p95=7.28 | r/step=0.0144 | 1.2 ips ETA 6h15\r\n"}
,{"stream_name":"stdout","time":15054.220467119,"data":"  iter 17950/45000 [39.9%] | WM wm=13.08 rec=7.09 kl=5.83 rew=0.152 con=0.006 rew@ach=0.66/0.84(n=12) rew@0=+0.006 | AC act=0.000 crit=1.906 pg=0.000 H=0.54 | img ret=3.44 val=3.38 imgR(mu=0.041 max=1.01 p99=0.91 hi=3.47%) scale=7.86 p5=-0.40 p95=7.47 | r/step=0.0102 | 1.2 ips ETA 6h14\r\n"}
,{"stream_name":"stdout","time":15092.181178613,"data":"  iter 18000/45000 [40.0%] | WM wm=10.34 rec=4.99 kl=5.15 rew=0.197 con=0.003 rew@ach=0.63/0.79(n=16) rew@0=+0.009 | AC act=0.003 crit=2.177 pg=0.004 H=0.48 | img ret=2.72 val=2.62 imgR(mu=0.027 max=1.00 p99=0.79 hi=1.97%) scale=7.91 p5=-0.36 p95=7.55 | r/step=0.0149 | 1.2 ips ETA 6h14\r\n"}
,{"stream_name":"stdout","time":15130.010003828,"data":"  iter 18050/45000 [40.1%] | WM wm=10.92 rec=5.52 kl=5.22 rew=0.184 con=0.003 rew@ach=0.84/0.98(n=16) rew@0=+0.016 | AC act=0.001 crit=1.879 pg=0.001 H=0.60 | img ret=3.29 val=3.18 imgR(mu=0.036 max=1.01 p99=0.80 hi=2.56%) scale=7.98 p5=-0.33 p95=7.66 | r/step=0.0144 | 1.2 ips ETA 6h13\r\n"}
,{"stream_name":"stdout","time":15168.007162341,"data":"  iter 18100/45000 [40.2%] | WM wm=9.82 rec=4.46 kl=5.16 rew=0.203 con=0.004 rew@ach=0.72/0.91(n=18) rew@0=+0.014 | AC act=0.003 crit=2.092 pg=0.003 H=0.52 | img ret=3.12 val=3.05 imgR(mu=0.028 max=1.01 p99=0.84 hi=2.39%) scale=8.01 p5=-0.28 p95=7.72 | r/step=0.0100 | 1.2 ips ETA 6h12\r\n"}
,{"stream_name":"stdout","time":15205.72504784,"data":"  iter 18150/45000 [40.3%] | WM wm=10.17 rec=5.17 kl=4.80 rew=0.202 con=0.003 rew@ach=0.72/0.83(n=19) rew@0=+0.019 | AC act=-0.003 crit=1.665 pg=-0.002 H=0.56 | img ret=3.82 val=3.79 imgR(mu=0.032 max=1.01 p99=0.91 hi=2.72%) scale=8.18 p5=-0.29 p95=7.89 | r/step=0.0142 | 1.2 ips ETA 6h11\r\n"}
,{"stream_name":"stdout","time":15243.476630544,"data":"  iter 18200/45000 [40.4%] | WM wm=10.76 rec=5.19 kl=5.35 rew=0.218 con=0.003 rew@ach=0.85/0.91(n=19) rew@0=+0.027 | AC act=0.001 crit=1.955 pg=0.001 H=0.68 | img ret=3.19 val=3.15 imgR(mu=0.027 max=1.01 p99=0.88 hi=2.45%) scale=8.07 p5=-0.30 p95=7.77 | r/step=0.0129 | 1.2 ips ETA 6h10\r\n"}
,{"stream_name":"stdout","time":15281.191823753,"data":"  iter 18250/45000 [40.6%] | WM wm=10.02 rec=4.97 kl=4.86 rew=0.195 con=0.004 rew@ach=0.90/1.00(n=23) rew@0=+0.015 | AC act=-0.000 crit=2.105 pg=0.000 H=0.58 | img ret=3.37 val=3.31 imgR(mu=0.039 max=1.02 p99=0.96 hi=3.62%) scale=8.07 p5=-0.29 p95=7.81 | r/step=0.0043 | 1.2 ips ETA 6h10\r\n"}
,{"stream_name":"stdout","time":15318.887908411,"data":"  iter 18300/45000 [40.7%] | WM wm=10.09 rec=4.93 kl=4.91 rew=0.244 con=0.002 rew@ach=0.81/1.00(n=18) rew@0=+0.010 | AC act=0.001 crit=1.908 pg=0.001 H=0.44 | img ret=3.29 val=3.21 imgR(mu=0.042 max=1.01 p99=0.91 hi=3.75%) scale=8.43 p5=-0.29 p95=8.15 | r/step=0.0104 | 1.2 ips ETA 6h09\r\n"}
,{"stream_name":"stdout","time":15356.66261882,"data":"  iter 18350/45000 [40.8%] | WM wm=9.58 rec=4.80 kl=4.64 rew=0.144 con=0.004 rew@ach=0.82/1.00(n=13) rew@0=+0.009 | AC act=0.001 crit=1.946 pg=0.001 H=0.47 | img ret=4.48 val=4.33 imgR(mu=0.047 max=1.04 p99=0.96 hi=3.81%) scale=8.77 p5=-0.23 p95=8.54 | r/step=0.0075 | 1.2 ips ETA 6h08\r\n"}
,{"stream_name":"stdout","time":15394.335293758,"data":"  iter 18400/45000 [40.9%] | WM wm=11.19 rec=5.37 kl=5.60 rew=0.217 con=0.006 rew@ach=0.55/0.72(n=13) rew@0=+0.016 | AC act=-0.001 crit=1.860 pg=-0.001 H=0.46 | img ret=3.40 val=3.39 imgR(mu=0.019 max=1.01 p99=0.76 hi=1.61%) scale=9.22 p5=-0.21 p95=9.00 | r/step=0.0087 | 1.2 ips ETA 6h07\r\n"}
,{"stream_name":"stdout","time":15432.29476541,"data":"  iter 18450/45000 [41.0%] | WM wm=10.63 rec=4.78 kl=5.66 rew=0.181 con=0.009 rew@ach=0.88/0.98(n=18) rew@0=+0.017 | AC act=-0.002 crit=2.079 pg=-0.002 H=0.41 | img ret=3.00 val=3.01 imgR(mu=0.022 max=1.01 p99=0.89 hi=2.23%) scale=9.05 p5=-0.24 p95=8.82 | r/step=0.0060 | 1.2 ips ETA 6h07\r\n"}
,{"stream_name":"stdout","time":15470.105443291,"data":"  iter 18500/45000 [41.1%] | WM wm=10.19 rec=4.58 kl=5.36 rew=0.248 con=0.002 rew@ach=0.76/1.00(n=19) rew@0=+0.016 | AC act=0.000 crit=1.943 pg=0.000 H=0.46 | img ret=3.23 val=3.18 imgR(mu=0.021 max=1.01 p99=0.81 hi=1.98%) scale=8.80 p5=-0.21 p95=8.58 | r/step=0.0115 | 1.2 ips ETA 6h06\r\n"}
,{"stream_name":"stdout","time":15508.017068512,"data":"  iter 18550/45000 [41.2%] | WM wm=8.82 rec=4.09 kl=4.41 rew=0.324 con=0.003 rew@ach=0.72/0.93(n=26) rew@0=+0.024 | AC act=-0.001 crit=2.144 pg=-0.001 H=0.47 | img ret=2.42 val=2.40 imgR(mu=0.021 max=1.01 p99=0.83 hi=1.95%) scale=8.43 p5=-0.21 p95=8.22 | r/step=0.0162 | 1.2 ips ETA 6h05\r\n"}
,{"stream_name":"stdout","time":15545.945477901,"data":"  iter 18600/45000 [41.3%] | WM wm=13.56 rec=7.70 kl=5.66 rew=0.187 con=0.007 rew@ach=0.76/0.90(n=16) rew@0=+0.013 | AC act=0.001 crit=1.731 pg=0.001 H=0.46 | img ret=3.80 val=3.74 imgR(mu=0.034 max=1.00 p99=0.96 hi=2.86%) scale=8.48 p5=-0.21 p95=8.28 | r/step=0.0131 | 1.2 ips ETA 6h04\r\n"}
,{"stream_name":"stdout","time":15583.768168181,"data":"  iter 18650/45000 [41.4%] | WM wm=9.77 rec=4.61 kl=4.98 rew=0.182 con=0.002 rew@ach=0.77/0.90(n=19) rew@0=+0.011 | AC act=0.000 crit=2.104 pg=0.000 H=0.46 | img ret=3.33 val=3.27 imgR(mu=0.033 max=1.01 p99=0.83 hi=3.02%) scale=8.66 p5=-0.21 p95=8.46 | r/step=0.0099 | 1.2 ips ETA 6h03\r\n"}
,{"stream_name":"stdout","time":15621.537083882,"data":"  iter 18700/45000 [41.6%] | WM wm=10.24 rec=4.88 kl=5.12 rew=0.239 con=0.006 rew@ach=0.74/0.92(n=21) rew@0=+0.017 | AC act=0.005 crit=1.973 pg=0.005 H=0.50 | img ret=3.70 val=3.63 imgR(mu=0.042 max=1.01 p99=0.98 hi=3.22%) scale=8.64 p5=-0.21 p95=8.45 | r/step=0.0109 | 1.2 ips ETA 6h03\r\n"}
,{"stream_name":"stdout","time":15659.457806351,"data":"  iter 18750/45000 [41.7%] | WM wm=11.96 rec=6.05 kl=5.70 rew=0.197 con=0.005 rew@ach=0.90/1.00(n=16) rew@0=+0.024 | AC act=0.000 crit=1.781 pg=0.000 H=0.49 | img ret=3.62 val=3.55 imgR(mu=0.037 max=1.00 p99=0.91 hi=2.51%) scale=8.67 p5=-0.19 p95=8.48 | r/step=0.0114 | 1.2 ips ETA 6h02\r\n"}
,{"stream_name":"stdout","time":15697.007020044,"data":"  iter 18800/45000 [41.8%] | WM wm=10.29 rec=5.05 kl=5.00 rew=0.238 con=0.004 rew@ach=0.71/1.00(n=16) rew@0=+0.015 | AC act=-0.001 crit=1.936 pg=-0.001 H=0.40 | img ret=3.16 val=3.18 imgR(mu=0.029 max=1.01 p99=0.87 hi=2.14%) scale=8.51 p5=-0.20 p95=8.30 | r/step=0.0104 | 1.2 ips ETA 6h01\r\n"}
,{"stream_name":"stdout","time":15734.957883291,"data":"  iter 18850/45000 [41.9%] | WM wm=10.01 rec=4.15 kl=5.61 rew=0.252 con=0.004 rew@ach=0.78/1.00(n=22) rew@0=+0.019 | AC act=0.001 crit=2.118 pg=0.001 H=0.38 | img ret=3.13 val=3.02 imgR(mu=0.034 max=1.01 p99=0.87 hi=3.18%) scale=8.10 p5=-0.19 p95=7.93 | r/step=0.0101 | 1.2 ips ETA 6h00\r\n"}
,{"stream_name":"stdout","time":15772.426022155,"data":"  iter 18900/45000 [42.0%] | WM wm=13.18 rec=7.27 kl=5.65 rew=0.258 con=0.001 rew@ach=0.88/0.98(n=22) rew@0=+0.018 | AC act=-0.002 crit=1.703 pg=-0.002 H=0.51 | img ret=3.48 val=3.49 imgR(mu=0.030 max=1.01 p99=1.00 hi=2.60%) scale=8.25 p5=-0.22 p95=8.05 | r/step=0.0138 | 1.2 ips ETA 6h00\r\n"}
,{"stream_name":"stdout","time":15810.245191306,"data":"  iter 18950/45000 [42.1%] | WM wm=10.94 rec=4.90 kl=5.80 rew=0.240 con=0.003 rew@ach=0.73/1.01(n=19) rew@0=+0.020 | AC act=-0.001 crit=1.866 pg=-0.001 H=0.38 | img ret=3.43 val=3.42 imgR(mu=0.039 max=1.01 p99=0.90 hi=3.41%) scale=8.12 p5=-0.16 p95=7.97 | r/step=0.0132 | 1.2 ips ETA 5h59\r\n"}
,{"stream_name":"stdout","time":15848.183379385,"data":"  iter 19000/45000 [42.2%] | WM wm=10.17 rec=4.13 kl=5.77 rew=0.267 con=0.008 rew@ach=0.76/0.90(n=17) rew@0=+0.035 | AC act=-0.002 crit=1.904 pg=-0.001 H=0.49 | img ret=2.95 val=2.90 imgR(mu=0.026 max=1.00 p99=0.86 hi=2.36%) scale=8.13 p5=-0.18 p95=7.95 | r/step=0.0112 | 1.2 ips ETA 5h58\r\n"}
,{"stream_name":"stdout","time":15885.994340876,"data":"  iter 19050/45000 [42.3%] | WM wm=9.24 rec=4.31 kl=4.69 rew=0.237 con=0.006 rew@ach=0.62/0.78(n=24) rew@0=+0.023 | AC act=0.002 crit=2.123 pg=0.002 H=0.43 | img ret=3.11 val=3.05 imgR(mu=0.032 max=1.01 p99=0.92 hi=2.67%) scale=8.12 p5=-0.18 p95=7.93 | r/step=0.0122 | 1.2 ips ETA 5h57\r\n"}
,{"stream_name":"stdout","time":15923.698111037,"data":"  iter 19100/45000 [42.4%] | WM wm=10.42 rec=5.12 kl=5.12 rew=0.178 con=0.003 rew@ach=0.87/0.99(n=17) rew@0=+0.021 | AC act=0.004 crit=2.085 pg=0.004 H=0.46 | img ret=4.15 val=3.99 imgR(mu=0.042 max=1.01 p99=0.90 hi=3.33%) scale=8.19 p5=-0.19 p95=8.02 | r/step=0.0146 | 1.2 ips ETA 5h56\r\n"}
,{"stream_name":"stdout","time":15961.551301527,"data":"  iter 19150/45000 [42.6%] | WM wm=10.46 rec=4.28 kl=5.92 rew=0.255 con=0.004 rew@ach=0.54/0.82(n=19) rew@0=+0.016 | AC act=-0.000 crit=1.831 pg=-0.000 H=0.47 | img ret=3.17 val=3.16 imgR(mu=0.024 max=1.00 p99=0.98 hi=2.42%) scale=8.08 p5=-0.17 p95=7.91 | r/step=0.0071 | 1.2 ips ETA 5h56\r\n"}
,{"stream_name":"stdout","time":15999.19897603,"data":"  iter 19200/45000 [42.7%] | WM wm=11.89 rec=6.16 kl=5.51 rew=0.213 con=0.005 rew@ach=0.72/0.91(n=19) rew@0=+0.009 | AC act=0.002 crit=1.870 pg=0.002 H=0.44 | img ret=3.91 val=3.85 imgR(mu=0.028 max=1.01 p99=0.92 hi=2.09%) scale=8.23 p5=-0.17 p95=8.05 | r/step=0.0227 | 1.2 ips ETA 5h55\r\n"}
,{"stream_name":"stdout","time":16036.96812097,"data":"  iter 19250/45000 [42.8%] | WM wm=8.37 rec=3.92 kl=4.23 rew=0.220 con=0.005 rew@ach=0.59/0.87(n=13) rew@0=+0.012 | AC act=-0.001 crit=1.819 pg=-0.001 H=0.44 | img ret=3.56 val=3.54 imgR(mu=0.026 max=1.00 p99=0.87 hi=2.28%) scale=8.23 p5=-0.16 p95=8.06 | r/step=0.0176 | 1.2 ips ETA 5h54\r\n"}
,{"stream_name":"stdout","time":16074.509212512,"data":"  iter 19300/45000 [42.9%] | WM wm=11.14 rec=5.57 kl=5.40 rew=0.169 con=0.001 rew@ach=0.70/0.89(n=15) rew@0=+0.007 | AC act=0.001 crit=1.917 pg=0.001 H=0.41 | img ret=4.30 val=4.23 imgR(mu=0.041 max=1.00 p99=0.96 hi=3.41%) scale=8.63 p5=-0.19 p95=8.46 | r/step=0.0138 | 1.2 ips ETA 5h53\r\n"}
,{"stream_name":"stdout","time":16112.015286097,"data":"  iter 19350/45000 [43.0%] | WM wm=12.79 rec=7.13 kl=5.36 rew=0.286 con=0.010 rew@ach=0.66/0.99(n=16) rew@0=+0.019 | AC act=-0.001 crit=1.936 pg=-0.001 H=0.38 | img ret=3.78 val=3.75 imgR(mu=0.024 max=1.00 p99=0.83 hi=2.20%) scale=8.87 p5=-0.17 p95=8.71 | r/step=0.0149 | 1.2 ips ETA 5h53\r\n"}
,{"stream_name":"stdout","time":16149.870486047,"data":"  iter 19400/45000 [43.1%] | WM wm=10.34 rec=5.19 kl=4.90 rew=0.242 con=0.007 rew@ach=0.85/1.00(n=20) rew@0=+0.022 | AC act=0.002 crit=2.028 pg=0.002 H=0.47 | img ret=4.18 val=4.11 imgR(mu=0.041 max=1.01 p99=0.99 hi=3.56%) scale=8.89 p5=-0.15 p95=8.74 | r/step=0.0211 | 1.2 ips ETA 5h52\r\n"}
,{"stream_name":"stdout","time":16187.459713821,"data":"  iter 19450/45000 [43.2%] | WM wm=10.74 rec=5.22 kl=5.33 rew=0.194 con=0.001 rew@ach=0.82/1.00(n=15) rew@0=+0.017 | AC act=0.001 crit=1.954 pg=0.001 H=0.47 | img ret=4.28 val=4.19 imgR(mu=0.049 max=1.01 p99=0.94 hi=3.92%) scale=8.90 p5=-0.14 p95=8.76 | r/step=0.0188 | 1.2 ips ETA 5h51\r\n"}
,{"stream_name":"stdout","time":16225.130248483,"data":"  iter 19500/45000 [43.3%] | WM wm=11.74 rec=6.09 kl=5.44 rew=0.207 con=0.006 rew@ach=0.73/0.87(n=14) rew@0=+0.013 | AC act=-0.000 crit=1.704 pg=-0.000 H=0.52 | img ret=4.15 val=4.17 imgR(mu=0.020 max=1.01 p99=1.00 hi=1.63%) scale=8.74 p5=-0.15 p95=8.58 | r/step=0.0179 | 1.2 ips ETA 5h50\r\n"}
,{"stream_name":"stdout","time":16263.073791784,"data":"  iter 19550/45000 [43.4%] | WM wm=10.71 rec=5.42 kl=5.11 rew=0.173 con=0.002 rew@ach=0.88/1.00(n=15) rew@0=+0.011 | AC act=-0.000 crit=1.876 pg=0.000 H=0.42 | img ret=3.78 val=3.72 imgR(mu=0.033 max=1.02 p99=0.88 hi=2.37%) scale=8.98 p5=-0.12 p95=8.84 | r/step=0.0178 | 1.2 ips ETA 5h50\r\n"}
,{"stream_name":"stdout","time":16300.421935589,"data":"  iter 19600/45000 [43.6%] | WM wm=12.85 rec=6.58 kl=6.08 rew=0.189 con=0.002 rew@ach=0.69/0.89(n=17) rew@0=+0.009 | AC act=-0.002 crit=1.704 pg=-0.002 H=0.37 | img ret=3.59 val=3.57 imgR(mu=0.015 max=1.00 p99=0.56 hi=1.10%) scale=8.88 p5=-0.13 p95=8.72 | r/step=0.0165 | 1.2 ips ETA 5h49\r\n"}
,{"stream_name":"stdout","time":16338.240415701,"data":"  iter 19650/45000 [43.7%] | WM wm=10.83 rec=5.14 kl=5.45 rew=0.234 con=0.003 rew@ach=0.79/0.92(n=19) rew@0=+0.023 | AC act=0.000 crit=1.839 pg=0.000 H=0.50 | img ret=4.19 val=4.13 imgR(mu=0.025 max=1.01 p99=0.90 hi=2.20%) scale=9.16 p5=-0.11 p95=9.05 | r/step=0.0165 | 1.2 ips ETA 5h48\r\n"}
,{"stream_name":"stdout","time":16376.144857432,"data":"  iter 19700/45000 [43.8%] | WM wm=10.88 rec=4.79 kl=5.88 rew=0.206 con=0.003 rew@ach=0.79/0.99(n=18) rew@0=+0.015 | AC act=-0.001 crit=1.834 pg=-0.001 H=0.50 | img ret=4.23 val=4.22 imgR(mu=0.030 max=1.02 p99=0.95 hi=2.53%) scale=9.43 p5=-0.12 p95=9.30 | r/step=0.0167 | 1.2 ips ETA 5h47\r\n"}
,{"stream_name":"stdout","time":16413.639986984,"data":"  iter 19750/45000 [43.9%] | WM wm=10.91 rec=5.20 kl=5.42 rew=0.283 con=0.003 rew@ach=0.72/0.92(n=22) rew@0=+0.014 | AC act=-0.002 crit=1.808 pg=-0.001 H=0.40 | img ret=4.03 val=3.97 imgR(mu=0.031 max=1.02 p99=0.95 hi=3.12%) scale=9.60 p5=-0.16 p95=9.45 | r/step=0.0143 | 1.2 ips ETA 5h46\r\n"}
,{"stream_name":"stdout","time":16451.570533334,"data":"  iter 19800/45000 [44.0%] | WM wm=11.79 rec=5.68 kl=5.89 rew=0.210 con=0.004 rew@ach=0.71/0.99(n=16) rew@0=+0.017 | AC act=0.002 crit=1.871 pg=0.002 H=0.40 | img ret=4.51 val=4.35 imgR(mu=0.046 max=1.01 p99=0.96 hi=3.72%) scale=9.82 p5=-0.15 p95=9.67 | r/step=0.0151 | 1.2 ips ETA 5h46\r\n"}
,{"stream_name":"stdout","time":16489.279319736,"data":"  iter 19850/45000 [44.1%] | WM wm=14.48 rec=7.86 kl=6.41 rew=0.204 con=0.008 rew@ach=0.81/1.00(n=16) rew@0=+0.012 | AC act=0.004 crit=1.922 pg=0.004 H=0.41 | img ret=4.92 val=4.79 imgR(mu=0.042 max=1.04 p99=0.99 hi=3.35%) scale=9.61 p5=-0.14 p95=9.47 | r/step=0.0199 | 1.2 ips ETA 5h45\r\n"}
,{"stream_name":"stdout","time":16526.970403051,"data":"  iter 19900/45000 [44.2%] | WM wm=11.31 rec=5.56 kl=5.55 rew=0.201 con=0.004 rew@ach=0.75/1.00(n=14) rew@0=+0.018 | AC act=0.001 crit=1.991 pg=0.001 H=0.54 | img ret=4.53 val=4.43 imgR(mu=0.042 max=1.00 p99=0.97 hi=3.58%) scale=9.49 p5=-0.11 p95=9.39 | r/step=0.0195 | 1.2 ips ETA 5h44\r\n"}
,{"stream_name":"stdout","time":16564.719450946,"data":"  iter 19950/45000 [44.3%] | WM wm=12.12 rec=6.61 kl=5.31 rew=0.185 con=0.005 rew@ach=0.87/0.99(n=15) rew@0=+0.014 | AC act=0.001 crit=1.916 pg=0.001 H=0.48 | img ret=4.73 val=4.65 imgR(mu=0.040 max=1.01 p99=0.98 hi=3.08%) scale=9.28 p5=-0.11 p95=9.18 | r/step=0.0107 | 1.2 ips ETA 5h43\r\n"}
,{"stream_name":"stdout","time":16602.333976502,"data":"  iter 20000/45000 [44.4%] | WM wm=10.29 rec=5.19 kl=4.94 rew=0.165 con=0.004 rew@ach=0.87/1.00(n=16) rew@0=+0.010 | AC act=-0.003 crit=1.880 pg=-0.003 H=0.44 | img ret=4.37 val=4.36 imgR(mu=0.033 max=1.01 p99=0.96 hi=2.83%) scale=9.24 p5=-0.10 p95=9.15 | r/step=0.0147 | 1.2 ips ETA 5h43\r\n"}
,{"stream_name":"stdout","time":16795.616847619,"data":"  \u003e\u003e\u003e EVAL @ iter 20000 : score=2.87  length=192  achievements=3.77 ↑  sample=4.00  (best=3.77 @20000)  crafter_score=1.81% [3565 train eps]\r\n"}
,{"stream_name":"stdout","time":16795.616896699,"data":"      unlocked (7/22): collect_sapling=100%  wake_up=93%  place_plant=65%  collect_wood=45%  defeat_zombie=44%  eat_cow=28%  collect_drink=1%\r\n"}
,{"stream_name":"stdout","time":16795.616905068,"data":"      TRAIN (11/22 sur 3565 eps): collect_sapling=3261(91.5%)  wake_up=3252(91.2%)  place_plant=2131(59.8%)  collect_wood=896(25.1%)  defeat_zombie=289(8.1%)  eat_cow=213(6.0%)  collect_drink=75(2.1%)  place_table=53(1.5%)  make_wood_sword=2(0.1%)  defeat_skeleton=1(0.0%)  make_wood_pickaxe=1(0.0%)\r\n"}
,{"stream_name":"stdout","time":16795.616908759,"data":"      JAMAIS vus en train (11) : collect_coal  collect_diamond  collect_iron  collect_stone  eat_plant  make_iron_pickaxe  make_iron_sword  make_stone_pickaxe  make_stone_sword  place_furnace  place_stone\r\n"}
,{"stream_name":"stdout","time":16804.53622499,"data":"  Checkpoint saved : dreamer_crafter_jax_v50-wmfix-t1_iter020000.npz\r\n"}
,{"stream_name":"stdout","time":16842.202673777,"data":"  iter 20050/45000 [44.6%] | WM wm=10.29 rec=5.05 kl=5.12 rew=0.117 con=0.003 rew@ach=0.77/0.85(n=11) rew@0=+0.009 | AC act=-0.002 crit=1.820 pg=-0.002 H=0.42 | img ret=4.13 val=4.13 imgR(mu=0.021 max=1.01 p99=0.73 hi=1.66%) scale=9.28 p5=-0.09 p95=9.19 | r/step=0.0174 | 1.2 ips ETA 5h46\r\n"}
,{"stream_name":"stdout","time":16880.061921271,"data":"  iter 20100/45000 [44.7%] | WM wm=11.50 rec=6.80 kl=4.51 rew=0.189 con=0.003 rew@ach=0.82/0.91(n=22) rew@0=+0.007 | AC act=-0.001 crit=1.907 pg=-0.001 H=0.40 | img ret=4.25 val=4.23 imgR(mu=0.023 max=1.00 p99=0.81 hi=1.91%) scale=9.39 p5=-0.07 p95=9.30 | r/step=0.0142 | 1.2 ips ETA 5h45\r\n"}
,{"stream_name":"stdout","time":16917.582901988,"data":"  iter 20150/45000 [44.8%] | WM wm=11.32 rec=5.72 kl=5.39 rew=0.209 con=0.001 rew@ach=0.86/1.00(n=20) rew@0=+0.012 | AC act=0.001 crit=1.857 pg=0.001 H=0.46 | img ret=4.68 val=4.63 imgR(mu=0.032 max=1.07 p99=0.93 hi=2.69%) scale=9.59 p5=-0.11 p95=9.50 | r/step=0.0073 | 1.2 ips ETA 5h45\r\n"}
,{"stream_name":"stdout","time":16955.303232461,"data":"  iter 20200/45000 [44.9%] | WM wm=9.62 rec=4.38 kl=5.05 rew=0.190 con=0.001 rew@ach=0.63/0.76(n=15) rew@0=+0.014 | AC act=0.000 crit=1.603 pg=0.001 H=0.52 | img ret=5.75 val=5.72 imgR(mu=0.041 max=1.01 p99=1.00 hi=3.09%) scale=9.56 p5=-0.07 p95=9.50 | r/step=0.0157 | 1.2 ips ETA 5h44\r\n"}
,{"stream_name":"stdout","time":16993.067649646,"data":"  iter 20250/45000 [45.0%] | WM wm=10.18 rec=5.43 kl=4.59 rew=0.166 con=0.003 rew@ach=0.90/0.99(n=19) rew@0=+0.011 | AC act=-0.003 crit=1.990 pg=-0.003 H=0.37 | img ret=4.06 val=4.06 imgR(mu=0.030 max=1.01 p99=0.84 hi=2.24%) scale=9.70 p5=-0.06 p95=9.65 | r/step=0.0178 | 1.2 ips ETA 5h43\r\n"}
,{"stream_name":"stdout","time":17030.735216801,"data":"  iter 20300/45000 [45.1%] | WM wm=9.99 rec=4.87 kl=4.90 rew=0.215 con=0.004 rew@ach=0.84/1.01(n=18) rew@0=+0.015 | AC act=0.000 crit=1.910 pg=0.000 H=0.39 | img ret=4.87 val=4.81 imgR(mu=0.031 max=1.01 p99=0.83 hi=2.34%) scale=10.05 p5=-0.09 p95=9.96 | r/step=0.0179 | 1.2 ips ETA 5h42\r\n"}
,{"stream_name":"stdout","time":17068.662593993,"data":"  iter 20350/45000 [45.2%] | WM wm=11.65 rec=5.88 kl=5.62 rew=0.141 con=0.006 rew@ach=0.94/1.00(n=15) rew@0=+0.009 | AC act=-0.001 crit=1.792 pg=-0.001 H=0.41 | img ret=5.04 val=4.98 imgR(mu=0.030 max=1.02 p99=0.95 hi=2.53%) scale=10.02 p5=-0.08 p95=9.92 | r/step=0.0146 | 1.2 ips ETA 5h41\r\n"}
,{"stream_name":"stdout","time":17106.394751057,"data":"  iter 20400/45000 [45.3%] | WM wm=10.09 rec=4.43 kl=5.39 rew=0.263 con=0.006 rew@ach=0.78/0.92(n=25) rew@0=+0.017 | AC act=-0.003 crit=1.510 pg=-0.003 H=0.58 | img ret=5.92 val=5.94 imgR(mu=0.042 max=1.04 p99=1.00 hi=3.28%) scale=9.83 p5=-0.05 p95=9.78 | r/step=0.0125 | 1.2 ips ETA 5h41\r\n"}
,{"stream_name":"stdout","time":17143.901285673,"data":"  iter 20450/45000 [45.4%] | WM wm=9.18 rec=4.20 kl=4.84 rew=0.131 con=0.001 rew@ach=0.94/1.00(n=13) rew@0=+0.008 | AC act=-0.000 crit=1.785 pg=-0.000 H=0.43 | img ret=4.95 val=4.88 imgR(mu=0.042 max=1.01 p99=1.00 hi=3.86%) scale=9.95 p5=-0.04 p95=9.90 | r/step=0.0155 | 1.2 ips ETA 5h40\r\n"}
,{"stream_name":"stdout","time":17181.703914796,"data":"  iter 20500/45000 [45.6%] | WM wm=14.98 rec=7.80 kl=6.90 rew=0.278 con=0.003 rew@ach=0.59/0.91(n=18) rew@0=+0.014 | AC act=-0.000 crit=1.959 pg=-0.000 H=0.42 | img ret=4.31 val=4.27 imgR(mu=0.035 max=1.01 p99=0.96 hi=3.09%) scale=9.79 p5=0.00 p95=9.79 | r/step=0.0184 | 1.2 ips ETA 5h39\r\n"}
,{"stream_name":"stdout","time":17219.170517616,"data":"  iter 20550/45000 [45.7%] | WM wm=10.80 rec=5.12 kl=5.48 rew=0.188 con=0.010 rew@ach=0.89/1.00(n=17) rew@0=+0.009 | AC act=-0.001 crit=1.848 pg=-0.001 H=0.40 | img ret=4.90 val=4.90 imgR(mu=0.030 max=1.01 p99=0.85 hi=2.45%) scale=9.82 p5=-0.03 p95=9.79 | r/step=0.0190 | 1.2 ips ETA 5h38\r\n"}
,{"stream_name":"stdout","time":17256.652913024,"data":"  iter 20600/45000 [45.8%] | WM wm=12.85 rec=7.00 kl=5.69 rew=0.160 con=0.005 rew@ach=0.65/0.68(n=17) rew@0=+0.014 | AC act=-0.004 crit=1.891 pg=-0.004 H=0.39 | img ret=4.29 val=4.35 imgR(mu=0.018 max=1.00 p99=0.65 hi=1.47%) scale=9.82 p5=0.03 p95=9.84 | r/step=0.0223 | 1.2 ips ETA 5h38\r\n"}
,{"stream_name":"stdout","time":17294.360972089,"data":"  iter 20650/45000 [45.9%] | WM wm=11.44 rec=5.47 kl=5.70 rew=0.258 con=0.011 rew@ach=0.77/0.99(n=21) rew@0=+0.025 | AC act=-0.002 crit=1.495 pg=-0.002 H=0.55 | img ret=5.86 val=5.85 imgR(mu=0.039 max=1.02 p99=1.00 hi=3.33%) scale=9.52 p5=-0.02 p95=9.50 | r/step=0.0133 | 1.2 ips ETA 5h37\r\n"}
,{"stream_name":"stdout","time":17331.702745951,"data":"  iter 20700/45000 [46.0%] | WM wm=9.82 rec=5.01 kl=4.66 rew=0.151 con=0.003 rew@ach=0.72/0.87(n=13) rew@0=+0.013 | AC act=-0.000 crit=1.933 pg=-0.000 H=0.41 | img ret=4.40 val=4.34 imgR(mu=0.043 max=1.01 p99=0.97 hi=4.05%) scale=9.48 p5=-0.01 p95=9.49 | r/step=0.0163 | 1.2 ips ETA 5h36\r\n"}
,{"stream_name":"stdout","time":17369.08572771,"data":"  iter 20750/45000 [46.1%] | WM wm=11.02 rec=5.27 kl=5.50 rew=0.242 con=0.009 rew@ach=0.55/0.86(n=14) rew@0=+0.023 | AC act=-0.000 crit=1.804 pg=-0.000 H=0.42 | img ret=4.60 val=4.56 imgR(mu=0.028 max=1.01 p99=0.94 hi=2.59%) scale=9.40 p5=0.06 p95=9.45 | r/step=0.0147 | 1.2 ips ETA 5h35\r\n"}
,{"stream_name":"stdout","time":17407.00622836,"data":"  iter 20800/45000 [46.2%] | WM wm=12.93 rec=6.98 kl=5.78 rew=0.163 con=0.004 rew@ach=0.85/1.00(n=13) rew@0=+0.011 | AC act=-0.001 crit=2.006 pg=-0.001 H=0.40 | img ret=4.35 val=4.28 imgR(mu=0.042 max=1.01 p99=0.87 hi=3.46%) scale=9.83 p5=0.05 p95=9.88 | r/step=0.0170 | 1.2 ips ETA 5h35\r\n"}
,{"stream_name":"stdout","time":17444.673838365,"data":"  iter 20850/45000 [46.3%] | WM wm=10.10 rec=5.51 kl=4.38 rew=0.204 con=0.006 rew@ach=0.83/1.00(n=18) rew@0=+0.019 | AC act=-0.002 crit=1.891 pg=-0.001 H=0.39 | img ret=4.52 val=4.49 imgR(mu=0.031 max=1.01 p99=0.85 hi=2.22%) scale=9.99 p5=0.00 p95=10.00 | r/step=0.0144 | 1.2 ips ETA 5h34\r\n"}
,{"stream_name":"stdout","time":17482.173907022,"data":"  iter 20900/45000 [46.4%] | WM wm=9.88 rec=4.80 kl=4.92 rew=0.157 con=0.000 rew@ach=0.84/1.00(n=13) rew@0=+0.013 | AC act=0.000 crit=1.781 pg=0.001 H=0.46 | img ret=4.92 val=4.82 imgR(mu=0.042 max=1.01 p99=0.95 hi=3.43%) scale=9.85 p5=0.00 p95=9.86 | r/step=0.0133 | 1.2 ips ETA 5h33\r\n"}
,{"stream_name":"stdout","time":17519.845479306,"data":"  iter 20950/45000 [46.6%] | WM wm=10.83 rec=5.78 kl=4.86 rew=0.191 con=0.001 rew@ach=0.93/1.00(n=16) rew@0=+0.020 | AC act=0.002 crit=1.864 pg=0.002 H=0.40 | img ret=4.01 val=3.92 imgR(mu=0.037 max=1.01 p99=0.97 hi=3.60%) scale=9.95 p5=-0.01 p95=9.95 | r/step=0.0176 | 1.2 ips ETA 5h32\r\n"}
,{"stream_name":"stdout","time":17557.30848874,"data":"  iter 21000/45000 [46.7%] | WM wm=10.03 rec=4.86 kl=4.95 rew=0.223 con=0.003 rew@ach=0.88/1.01(n=19) rew@0=+0.022 | AC act=-0.002 crit=1.703 pg=-0.002 H=0.41 | img ret=4.07 val=4.06 imgR(mu=0.031 max=1.01 p99=0.83 hi=2.18%) scale=9.86 p5=0.04 p95=9.88 | r/step=0.0166 | 1.2 ips ETA 5h31\r\n"}
,{"stream_name":"stdout","time":17595.216467458,"data":"  iter 21050/45000 [46.8%] | WM wm=12.48 rec=6.52 kl=5.79 rew=0.169 con=0.001 rew@ach=0.74/1.00(n=11) rew@0=+0.009 | AC act=-0.003 crit=1.907 pg=-0.003 H=0.37 | img ret=3.97 val=3.96 imgR(mu=0.039 max=1.01 p99=0.93 hi=3.27%) scale=9.94 p5=-0.00 p95=9.93 | r/step=0.0177 | 1.2 ips ETA 5h31\r\n"}
,{"stream_name":"stdout","time":17632.561193755,"data":"  iter 21100/45000 [46.9%] | WM wm=11.68 rec=6.19 kl=5.33 rew=0.156 con=0.011 rew@ach=0.89/1.00(n=9) rew@0=+0.014 | AC act=0.001 crit=1.939 pg=0.001 H=0.40 | img ret=3.97 val=3.92 imgR(mu=0.031 max=1.01 p99=0.85 hi=2.23%) scale=9.70 p5=-0.00 p95=9.68 | r/step=0.0134 | 1.2 ips ETA 5h30\r\n"}
,{"stream_name":"stdout","time":17669.917434419,"data":"  iter 21150/45000 [47.0%] | WM wm=11.76 rec=6.54 kl=5.01 rew=0.204 con=0.005 rew@ach=0.80/0.99(n=18) rew@0=+0.011 | AC act=-0.002 crit=1.930 pg=-0.002 H=0.40 | img ret=4.13 val=4.14 imgR(mu=0.026 max=1.01 p99=0.86 hi=2.59%) scale=9.76 p5=0.02 p95=9.79 | r/step=0.0072 | 1.2 ips ETA 5h29\r\n"}
,{"stream_name":"stdout","time":17707.601146549,"data":"  iter 21200/45000 [47.1%] | WM wm=10.57 rec=5.38 kl=5.07 rew=0.122 con=0.001 rew@ach=0.68/0.75(n=13) rew@0=+0.009 | AC act=-0.001 crit=1.675 pg=-0.001 H=0.45 | img ret=5.24 val=5.21 imgR(mu=0.033 max=1.01 p99=0.99 hi=2.59%) scale=9.96 p5=-0.01 p95=9.94 | r/step=0.0068 | 1.2 ips ETA 5h28\r\n"}
,{"stream_name":"stdout","time":17745.064158873,"data":"  iter 21250/45000 [47.2%] | WM wm=12.91 rec=6.52 kl=6.12 rew=0.263 con=0.002 rew@ach=0.80/0.98(n=20) rew@0=+0.024 | AC act=-0.005 crit=1.970 pg=-0.004 H=0.42 | img ret=4.30 val=4.36 imgR(mu=0.023 max=1.01 p99=0.71 hi=1.68%) scale=9.73 p5=0.03 p95=9.76 | r/step=0.0104 | 1.2 ips ETA 5h28\r\n"}
,{"stream_name":"stdout","time":17782.470535947,"data":"  iter 21300/45000 [47.3%] | WM wm=12.20 rec=6.24 kl=5.75 rew=0.200 con=0.005 rew@ach=0.78/0.91(n=20) rew@0=+0.015 | AC act=0.000 crit=1.934 pg=0.000 H=0.49 | img ret=4.20 val=4.13 imgR(mu=0.042 max=1.00 p99=0.97 hi=3.52%) scale=9.93 p5=-0.03 p95=9.89 | r/step=0.0120 | 1.2 ips ETA 5h27\r\n"}
,{"stream_name":"stdout","time":17820.128500908,"data":"  iter 21350/45000 [47.4%] | WM wm=9.26 rec=4.25 kl=4.84 rew=0.168 con=0.002 rew@ach=0.70/0.77(n=15) rew@0=+0.021 | AC act=-0.001 crit=1.784 pg=-0.001 H=0.42 | img ret=4.60 val=4.58 imgR(mu=0.033 max=1.01 p99=0.87 hi=2.62%) scale=9.85 p5=-0.04 p95=9.81 | r/step=0.0180 | 1.2 ips ETA 5h26\r\n"}
,{"stream_name":"stdout","time":17857.390563353,"data":"  iter 21400/45000 [47.6%] | WM wm=9.85 rec=4.61 kl=5.06 rew=0.175 con=0.004 rew@ach=0.89/1.00(n=16) rew@0=+0.016 | AC act=0.000 crit=1.597 pg=0.001 H=0.49 | img ret=5.29 val=5.28 imgR(mu=0.039 max=1.02 p99=1.00 hi=3.32%) scale=9.59 p5=-0.05 p95=9.54 | r/step=0.0125 | 1.2 ips ETA 5h25\r\n"}
,{"stream_name":"stdout","time":17895.4285864,"data":"  iter 21450/45000 [47.7%] | WM wm=10.84 rec=5.10 kl=5.46 rew=0.273 con=0.003 rew@ach=0.83/0.91(n=24) rew@0=+0.036 | AC act=-0.005 crit=1.624 pg=-0.005 H=0.47 | img ret=4.43 val=4.47 imgR(mu=0.028 max=1.01 p99=0.86 hi=2.46%) scale=9.55 p5=-0.03 p95=9.53 | r/step=0.0132 | 1.2 ips ETA 5h25\r\n"}
,{"stream_name":"stdout","time":17933.208809591,"data":"  iter 21500/45000 [47.8%] | WM wm=10.56 rec=4.87 kl=5.47 rew=0.216 con=0.002 rew@ach=0.87/0.99(n=20) rew@0=+0.016 | AC act=-0.001 crit=1.672 pg=-0.001 H=0.57 | img ret=4.61 val=4.55 imgR(mu=0.032 max=1.01 p99=1.00 hi=2.96%) scale=9.34 p5=-0.03 p95=9.31 | r/step=0.0143 | 1.2 ips ETA 5h24\r\n"}
,{"stream_name":"stdout","time":17970.428618127,"data":"  iter 21550/45000 [47.9%] | WM wm=11.37 rec=6.11 kl=5.02 rew=0.241 con=0.003 rew@ach=0.51/0.73(n=19) rew@0=+0.016 | AC act=-0.004 crit=1.933 pg=-0.004 H=0.41 | img ret=3.96 val=3.95 imgR(mu=0.037 max=1.01 p99=0.93 hi=3.17%) scale=9.81 p5=-0.03 p95=9.77 | r/step=0.0098 | 1.2 ips ETA 5h23\r\n"}
,{"stream_name":"stdout","time":18008.05544395,"data":"  iter 21600/45000 [48.0%] | WM wm=16.06 rec=8.68 kl=7.19 rew=0.188 con=0.001 rew@ach=0.88/1.00(n=16) rew@0=+0.013 | AC act=-0.004 crit=1.741 pg=-0.004 H=0.47 | img ret=4.04 val=4.09 imgR(mu=0.025 max=1.02 p99=0.84 hi=1.93%) scale=9.69 p5=-0.07 p95=9.61 | r/step=0.0138 | 1.2 ips ETA 5h22\r\n"}
,{"stream_name":"stdout","time":18045.518739405,"data":"  iter 21650/45000 [48.1%] | WM wm=12.64 rec=6.99 kl=5.40 rew=0.238 con=0.004 rew@ach=0.86/0.98(n=22) rew@0=+0.019 | AC act=-0.001 crit=1.961 pg=-0.001 H=0.42 | img ret=4.19 val=4.14 imgR(mu=0.044 max=1.00 p99=0.90 hi=3.08%) scale=9.54 p5=-0.06 p95=9.49 | r/step=0.0153 | 1.2 ips ETA 5h22\r\n"}
,{"stream_name":"stdout","time":18082.910686679,"data":"  iter 21700/45000 [48.2%] | WM wm=13.23 rec=6.31 kl=6.73 rew=0.184 con=0.005 rew@ach=0.95/1.00(n=19) rew@0=+0.023 | AC act=-0.000 crit=2.119 pg=-0.000 H=0.46 | img ret=3.94 val=3.82 imgR(mu=0.053 max=1.01 p99=0.93 hi=4.40%) scale=9.00 p5=0.02 p95=9.03 | r/step=0.0174 | 1.2 ips ETA 5h21\r\n"}
,{"stream_name":"stdout","time":18120.694445379,"data":"  iter 21750/45000 [48.3%] | WM wm=9.07 rec=4.32 kl=4.61 rew=0.133 con=0.002 rew@ach=0.78/0.88(n=14) rew@0=+0.012 | AC act=0.001 crit=1.743 pg=0.002 H=0.39 | img ret=4.37 val=4.30 imgR(mu=0.041 max=1.01 p99=0.94 hi=3.69%) scale=8.88 p5=0.01 p95=8.90 | r/step=0.0122 | 1.2 ips ETA 5h20\r\n"}
,{"stream_name":"stdout","time":18158.042355342,"data":"  iter 21800/45000 [48.4%] | WM wm=13.19 rec=7.51 kl=5.48 rew=0.205 con=0.002 rew@ach=0.96/0.99(n=18) rew@0=+0.025 | AC act=-0.003 crit=1.906 pg=-0.003 H=0.47 | img ret=4.47 val=4.46 imgR(mu=0.057 max=1.01 p99=0.97 hi=4.68%) scale=8.75 p5=-0.00 p95=8.77 | r/step=0.0106 | 1.2 ips ETA 5h19\r\n"}
,{"stream_name":"stdout","time":18195.517401784,"data":"  iter 21850/45000 [48.6%] | WM wm=12.85 rec=6.92 kl=5.66 rew=0.269 con=0.002 rew@ach=0.77/0.91(n=20) rew@0=+0.026 | AC act=-0.001 crit=1.785 pg=-0.001 H=0.53 | img ret=3.58 val=3.55 imgR(mu=0.034 max=1.01 p99=0.99 hi=3.04%) scale=8.86 p5=0.05 p95=8.91 | r/step=0.0135 | 1.2 ips ETA 5h19\r\n"}
,{"stream_name":"stdout","time":18233.183503474,"data":"  iter 21900/45000 [48.7%] | WM wm=9.75 rec=5.10 kl=4.42 rew=0.225 con=0.003 rew@ach=0.78/1.00(n=19) rew@0=+0.014 | AC act=-0.003 crit=1.622 pg=-0.003 H=0.45 | img ret=3.86 val=3.85 imgR(mu=0.030 max=1.01 p99=0.84 hi=2.26%) scale=8.90 p5=0.04 p95=8.95 | r/step=0.0152 | 1.2 ips ETA 5h18\r\n"}
,{"stream_name":"stdout","time":18270.657079047,"data":"  iter 21950/45000 [48.8%] | WM wm=10.24 rec=5.11 kl=4.90 rew=0.236 con=0.002 rew@ach=0.87/1.00(n=24) rew@0=+0.013 | AC act=-0.002 crit=1.851 pg=-0.002 H=0.37 | img ret=3.49 val=3.45 imgR(mu=0.022 max=1.01 p99=0.80 hi=1.75%) scale=8.81 p5=0.11 p95=8.90 | r/step=0.0141 | 1.2 ips ETA 5h17\r\n"}
,{"stream_name":"stdout","time":18308.562314093,"data":"  iter 22000/45000 [48.9%] | WM wm=11.21 rec=4.95 kl=6.03 rew=0.229 con=0.006 rew@ach=0.74/0.92(n=19) rew@0=+0.018 | AC act=-0.001 crit=1.737 pg=-0.001 H=0.52 | img ret=3.86 val=3.83 imgR(mu=0.029 max=1.01 p99=0.93 hi=2.30%) scale=8.68 p5=0.06 p95=8.73 | r/step=0.0145 | 1.2 ips ETA 5h16\r\n"}
,{"stream_name":"stdout","time":18346.294331092,"data":"  iter 22050/45000 [49.0%] | WM wm=14.71 rec=8.81 kl=5.77 rew=0.131 con=0.000 rew@ach=0.84/1.00(n=11) rew@0=+0.009 | AC act=-0.002 crit=1.561 pg=-0.001 H=0.48 | img ret=4.03 val=4.02 imgR(mu=0.030 max=1.02 p99=0.99 hi=2.40%) scale=8.74 p5=0.14 p95=8.86 | r/step=0.0155 | 1.2 ips ETA 5h16\r\n"}
,{"stream_name":"stdout","time":18383.833893325,"data":"  iter 22100/45000 [49.1%] | WM wm=10.57 rec=5.21 kl=5.16 rew=0.201 con=0.006 rew@ach=0.86/1.00(n=17) rew@0=+0.011 | AC act=-0.001 crit=1.782 pg=-0.001 H=0.44 | img ret=4.08 val=4.05 imgR(mu=0.043 max=1.01 p99=0.97 hi=3.64%) scale=8.50 p5=0.18 p95=8.69 | r/step=0.0087 | 1.2 ips ETA 5h15\r\n"}
,{"stream_name":"stdout","time":18421.403521387,"data":"  iter 22150/45000 [49.2%] | WM wm=10.51 rec=5.29 kl=5.05 rew=0.167 con=0.007 rew@ach=0.89/1.00(n=15) rew@0=+0.009 | AC act=-0.000 crit=1.709 pg=-0.000 H=0.42 | img ret=4.38 val=4.28 imgR(mu=0.039 max=1.00 p99=0.90 hi=2.97%) scale=8.66 p5=0.23 p95=8.89 | r/step=0.0073 | 1.2 ips ETA 5h14\r\n"}
,{"stream_name":"stdout","time":18459.038132929,"data":"  iter 22200/45000 [49.3%] | WM wm=9.86 rec=4.43 kl=5.25 rew=0.179 con=0.003 rew@ach=0.85/1.01(n=18) rew@0=+0.013 | AC act=-0.004 crit=1.688 pg=-0.003 H=0.50 | img ret=4.24 val=4.29 imgR(mu=0.034 max=1.02 p99=0.94 hi=2.72%) scale=8.60 p5=0.20 p95=8.81 | r/step=0.0160 | 1.2 ips ETA 5h13\r\n"}
,{"stream_name":"stdout","time":18496.224843497,"data":"  iter 22250/45000 [49.4%] | WM wm=12.07 rec=5.97 kl=5.93 rew=0.172 con=0.002 rew@ach=0.81/0.89(n=15) rew@0=+0.016 | AC act=0.001 crit=1.670 pg=0.002 H=0.49 | img ret=4.26 val=4.19 imgR(mu=0.037 max=1.03 p99=1.00 hi=3.16%) scale=8.66 p5=0.19 p95=8.82 | r/step=0.0148 | 1.2 ips ETA 5h12\r\n"}
,{"stream_name":"stdout","time":18534.019672917,"data":"  iter 22300/45000 [49.6%] | WM wm=12.86 rec=6.63 kl=6.03 rew=0.186 con=0.009 rew@ach=0.85/0.97(n=13) rew@0=+0.013 | AC act=0.002 crit=1.660 pg=0.002 H=0.44 | img ret=4.47 val=4.43 imgR(mu=0.040 max=1.01 p99=1.00 hi=3.60%) scale=8.63 p5=0.19 p95=8.80 | r/step=0.0176 | 1.2 ips ETA 5h12\r\n"}
,{"stream_name":"stdout","time":18571.495959863,"data":"  iter 22350/45000 [49.7%] | WM wm=13.03 rec=6.77 kl=6.03 rew=0.226 con=0.003 rew@ach=0.90/0.98(n=17) rew@0=+0.032 | AC act=-0.001 crit=1.908 pg=-0.001 H=0.50 | img ret=4.19 val=4.19 imgR(mu=0.043 max=1.01 p99=0.98 hi=3.47%) scale=8.56 p5=0.21 p95=8.77 | r/step=0.0113 | 1.2 ips ETA 5h11\r\n"}
,{"stream_name":"stdout","time":18609.020291523,"data":"  iter 22400/45000 [49.8%] | WM wm=10.78 rec=5.57 kl=5.05 rew=0.154 con=0.000 rew@ach=0.79/0.88(n=16) rew@0=+0.016 | AC act=-0.001 crit=1.694 pg=-0.001 H=0.40 | img ret=4.40 val=4.38 imgR(mu=0.025 max=1.01 p99=0.79 hi=1.85%) scale=8.63 p5=0.12 p95=8.75 | r/step=0.0133 | 1.2 ips ETA 5h10\r\n"}
,{"stream_name":"stdout","time":18646.661577922,"data":"  iter 22450/45000 [49.9%] | WM wm=12.28 rec=6.71 kl=5.41 rew=0.150 con=0.005 rew@ach=0.68/0.83(n=10) rew@0=+0.012 | AC act=-0.001 crit=1.664 pg=-0.001 H=0.49 | img ret=5.07 val=4.99 imgR(mu=0.052 max=1.01 p99=0.99 hi=3.99%) scale=8.65 p5=0.06 p95=8.74 | r/step=0.0131 | 1.2 ips ETA 5h09\r\n"}
,{"stream_name":"stdout","time":18684.083595444,"data":"  iter 22500/45000 [50.0%] | WM wm=12.66 rec=6.48 kl=5.92 rew=0.252 con=0.003 rew@ach=0.72/0.90(n=19) rew@0=+0.017 | AC act=-0.003 crit=1.738 pg=-0.003 H=0.51 | img ret=4.00 val=4.03 imgR(mu=0.028 max=1.03 p99=0.92 hi=2.31%) scale=8.63 p5=0.12 p95=8.76 | r/step=0.0102 | 1.2 ips ETA 5h09\r\n"}
,{"stream_name":"stdout","time":18904.114833203,"data":"  \u003e\u003e\u003e EVAL @ iter 22500 : score=2.69  length=220  achievements=3.60 ↓  sample=4.20  (best=3.77 @20000)  crafter_score=1.88% [3949 train eps]\r\n"}
,{"stream_name":"stdout","time":18904.114875853,"data":"      unlocked (7/22): collect_sapling=100%  wake_up=95%  defeat_zombie=63%  place_plant=63%  eat_cow=20%  collect_wood=19%  collect_drink=1%\r\n"}
,{"stream_name":"stdout","time":18904.114883813,"data":"      TRAIN (11/22 sur 3949 eps): collect_sapling=3643(92.3%)  wake_up=3627(91.8%)  place_plant=2378(60.2%)  collect_wood=1072(27.1%)  defeat_zombie=487(12.3%)  eat_cow=278(7.0%)  collect_drink=80(2.0%)  place_table=55(1.4%)  defeat_skeleton=2(0.1%)  make_wood_sword=2(0.1%)  make_wood_pickaxe=1(0.0%)\r\n"}
,{"stream_name":"stdout","time":18904.114890223,"data":"      JAMAIS vus en train (11) : collect_coal  collect_diamond  collect_iron  collect_stone  eat_plant  make_iron_pickaxe  make_iron_sword  make_stone_pickaxe  make_stone_sword  place_furnace  place_stone\r\n"}
,{"stream_name":"stdout","time":18913.081764298,"data":"  Checkpoint saved : dreamer_crafter_jax_v50-wmfix-t1_iter022500.npz\r\n"}
,{"stream_name":"stdout","time":18950.809927188,"data":"  iter 22550/45000 [50.1%] | WM wm=16.45 rec=9.33 kl=6.90 rew=0.209 con=0.004 rew@ach=0.84/1.00(n=15) rew@0=+0.018 | AC act=-0.002 crit=1.607 pg=-0.002 H=0.45 | img ret=5.00 val=4.98 imgR(mu=0.049 max=1.01 p99=1.00 hi=4.05%) scale=8.73 p5=0.08 p95=8.83 | r/step=0.0172 | 1.2 ips ETA 5h12\r\n"}
,{"stream_name":"stdout","time":18988.395326185,"data":"  iter 22600/45000 [50.2%] | WM wm=11.58 rec=6.59 kl=4.74 rew=0.241 con=0.004 rew@ach=0.71/0.84(n=23) rew@0=+0.011 | AC act=-0.003 crit=1.685 pg=-0.003 H=0.43 | img ret=4.14 val=4.11 imgR(mu=0.030 max=1.01 p99=0.88 hi=2.66%) scale=8.84 p5=0.13 p95=8.98 | r/step=0.0066 | 1.2 ips ETA 5h11\r\n"}
,{"stream_name":"stdout","time":19026.094236942,"data":"  iter 22650/45000 [50.3%] | WM wm=9.40 rec=4.61 kl=4.58 rew=0.209 con=0.002 rew@ach=0.84/0.93(n=24) rew@0=+0.014 | AC act=-0.001 crit=1.532 pg=-0.001 H=0.57 | img ret=4.16 val=4.17 imgR(mu=0.024 max=1.03 p99=0.96 hi=1.96%) scale=8.76 p5=0.20 p95=8.95 | r/step=0.0182 | 1.2 ips ETA 5h10\r\n"}
,{"stream_name":"stdout","time":19063.619357092,"data":"  iter 22700/45000 [50.4%] | WM wm=10.09 rec=5.31 kl=4.54 rew=0.230 con=0.005 rew@ach=0.78/0.91(n=20) rew@0=+0.029 | AC act=-0.003 crit=1.819 pg=-0.003 H=0.36 | img ret=4.45 val=4.45 imgR(mu=0.031 max=1.00 p99=0.83 hi=2.40%) scale=8.73 p5=0.20 p95=8.93 | r/step=0.0161 | 1.2 ips ETA 5h10\r\n"}
,{"stream_name":"stdout","time":19101.343245517,"data":"  iter 22750/45000 [50.6%] | WM wm=11.07 rec=5.53 kl=5.36 rew=0.176 con=0.003 rew@ach=0.87/1.00(n=19) rew@0=+0.009 | AC act=0.002 crit=1.715 pg=0.002 H=0.48 | img ret=4.76 val=4.62 imgR(mu=0.064 max=1.01 p99=0.99 hi=5.46%) scale=8.45 p5=0.22 p95=8.69 | r/step=0.0164 | 1.2 ips ETA 5h09\r\n"}
,{"stream_name":"stdout","time":19138.76211466,"data":"  iter 22800/45000 [50.7%] | WM wm=13.50 rec=7.55 kl=5.78 rew=0.166 con=0.006 rew@ach=0.76/0.88(n=14) rew@0=+0.010 | AC act=-0.001 crit=1.923 pg=-0.000 H=0.34 | img ret=4.03 val=3.95 imgR(mu=0.042 max=1.01 p99=0.93 hi=3.33%) scale=8.50 p5=0.13 p95=8.65 | r/step=0.0116 | 1.2 ips ETA 5h08\r\n"}
,{"stream_name":"stdout","time":19176.016724555,"data":"  iter 22850/45000 [50.8%] | WM wm=9.98 rec=5.19 kl=4.60 rew=0.180 con=0.007 rew@ach=0.88/1.00(n=17) rew@0=+0.013 | AC act=-0.003 crit=1.922 pg=-0.002 H=0.36 | img ret=3.62 val=3.63 imgR(mu=0.037 max=1.01 p99=0.79 hi=2.33%) scale=8.40 p5=0.13 p95=8.54 | r/step=0.0164 | 1.2 ips ETA 5h07\r\n"}
,{"stream_name":"stdout","time":19213.787404939,"data":"  iter 22900/45000 [50.9%] | WM wm=10.95 rec=5.17 kl=5.55 rew=0.231 con=0.001 rew@ach=0.85/1.00(n=19) rew@0=+0.023 | AC act=0.000 crit=1.731 pg=0.000 H=0.38 | img ret=4.23 val=4.10 imgR(mu=0.053 max=1.00 p99=0.98 hi=4.39%) scale=8.94 p5=0.16 p95=9.10 | r/step=0.0116 | 1.2 ips ETA 5h06\r\n"}
,{"stream_name":"stdout","time":19251.219209232,"data":"  iter 22950/45000 [51.0%] | WM wm=11.65 rec=6.17 kl=5.27 rew=0.207 con=0.002 rew@ach=0.81/1.00(n=17) rew@0=+0.019 | AC act=0.000 crit=1.750 pg=0.000 H=0.38 | img ret=3.63 val=3.60 imgR(mu=0.022 max=1.01 p99=0.79 hi=1.67%) scale=8.74 p5=0.12 p95=8.83 | r/step=0.0108 | 1.2 ips ETA 5h06\r\n"}
,{"stream_name":"stdout","time":19289.029376737,"data":"  iter 23000/45000 [51.1%] | WM wm=10.90 rec=5.29 kl=5.35 rew=0.256 con=0.002 rew@ach=0.83/1.00(n=26) rew@0=+0.018 | AC act=-0.001 crit=1.923 pg=-0.001 H=0.41 | img ret=4.11 val=4.06 imgR(mu=0.049 max=1.00 p99=0.85 hi=3.66%) scale=8.76 p5=0.09 p95=8.86 | r/step=0.0111 | 1.2 ips ETA 5h05\r\n"}
,{"stream_name":"stdout","time":19326.552115466,"data":"  iter 23050/45000 [51.2%] | WM wm=9.65 rec=4.45 kl=4.97 rew=0.219 con=0.003 rew@ach=0.73/0.89(n=16) rew@0=+0.020 | AC act=0.003 crit=1.889 pg=0.003 H=0.47 | img ret=4.93 val=4.83 imgR(mu=0.051 max=1.01 p99=0.99 hi=3.68%) scale=8.50 p5=0.10 p95=8.61 | r/step=0.0164 | 1.2 ips ETA 5h04\r\n"}
,{"stream_name":"stdout","time":19364.113007617,"data":"  iter 23100/45000 [51.3%] | WM wm=14.60 rec=7.40 kl=6.99 rew=0.211 con=0.004 rew@ach=0.85/0.97(n=15) rew@0=+0.021 | AC act=-0.001 crit=1.865 pg=-0.001 H=0.43 | img ret=3.88 val=3.85 imgR(mu=0.049 max=1.02 p99=0.99 hi=4.57%) scale=8.91 p5=0.06 p95=8.98 | r/step=0.0145 | 1.2 ips ETA 5h03\r\n"}
,{"stream_name":"stdout","time":19401.987975631,"data":"  iter 23150/45000 [51.4%] | WM wm=8.88 rec=4.13 kl=4.58 rew=0.161 con=0.006 rew@ach=0.73/0.85(n=14) rew@0=+0.011 | AC act=0.003 crit=1.647 pg=0.003 H=0.47 | img ret=5.59 val=5.40 imgR(mu=0.058 max=1.01 p99=1.00 hi=4.44%) scale=8.96 p5=0.08 p95=9.05 | r/step=0.0151 | 1.2 ips ETA 5h03\r\n"}
,{"stream_name":"stdout","time":19439.521006721,"data":"  iter 23200/45000 [51.6%] | WM wm=8.96 rec=4.17 kl=4.54 rew=0.249 con=0.002 rew@ach=0.83/0.99(n=24) rew@0=+0.024 | AC act=0.003 crit=1.782 pg=0.003 H=0.32 | img ret=4.25 val=4.21 imgR(mu=0.044 max=1.08 p99=0.91 hi=3.20%) scale=9.17 p5=0.08 p95=9.27 | r/step=0.0173 | 1.2 ips ETA 5h02\r\n"}
,{"stream_name":"stdout","time":19477.06007432,"data":"  iter 23250/45000 [51.7%] | WM wm=8.61 rec=3.92 kl=4.48 rew=0.208 con=0.001 rew@ach=0.85/0.99(n=17) rew@0=+0.018 | AC act=-0.001 crit=1.927 pg=-0.000 H=0.36 | img ret=3.75 val=3.68 imgR(mu=0.037 max=1.01 p99=0.90 hi=3.01%) scale=9.12 p5=0.12 p95=9.22 | r/step=0.0173 | 1.2 ips ETA 5h01\r\n"}
,{"stream_name":"stdout","time":19514.542671121,"data":"  iter 23300/45000 [51.8%] | WM wm=11.35 rec=5.47 kl=5.67 rew=0.201 con=0.003 rew@ach=0.82/0.99(n=14) rew@0=+0.027 | AC act=-0.000 crit=1.889 pg=-0.000 H=0.37 | img ret=4.27 val=4.20 imgR(mu=0.042 max=1.02 p99=0.96 hi=3.16%) scale=8.75 p5=0.22 p95=8.98 | r/step=0.0163 | 1.2 ips ETA 5h00\r\n"}
,{"stream_name":"stdout","time":19552.143070459,"data":"  iter 23350/45000 [51.9%] | WM wm=11.15 rec=6.29 kl=4.69 rew=0.165 con=0.005 rew@ach=0.92/0.98(n=11) rew@0=+0.021 | AC act=0.001 crit=1.796 pg=0.001 H=0.42 | img ret=4.65 val=4.57 imgR(mu=0.036 max=1.01 p99=0.95 hi=3.12%) scale=8.67 p5=0.17 p95=8.85 | r/step=0.0124 | 1.2 ips ETA 5h00\r\n"}
,{"stream_name":"stdout","time":19589.682580364,"data":"  iter 23400/45000 [52.0%] | WM wm=10.49 rec=5.01 kl=5.23 rew=0.240 con=0.010 rew@ach=0.74/0.90(n=24) rew@0=+0.015 | AC act=-0.004 crit=1.932 pg=-0.004 H=0.36 | img ret=3.57 val=3.62 imgR(mu=0.016 max=1.00 p99=0.65 hi=1.42%) scale=8.91 p5=0.16 p95=9.07 | r/step=0.0119 | 1.2 ips ETA 4h59\r\n"}
,{"stream_name":"stdout","time":19627.418119971,"data":"  iter 23450/45000 [52.1%] | WM wm=10.51 rec=5.23 kl=5.14 rew=0.131 con=0.001 rew@ach=0.70/0.73(n=12) rew@0=+0.008 | AC act=-0.001 crit=1.752 pg=-0.001 H=0.40 | img ret=5.29 val=5.25 imgR(mu=0.049 max=1.01 p99=0.96 hi=3.72%) scale=9.05 p5=0.15 p95=9.21 | r/step=0.0115 | 1.2 ips ETA 4h58\r\n"}
,{"stream_name":"stdout","time":19664.872642333,"data":"  iter 23500/45000 [52.2%] | WM wm=10.04 rec=4.74 kl=5.08 rew=0.207 con=0.006 rew@ach=0.84/1.00(n=16) rew@0=+0.014 | AC act=-0.002 crit=1.903 pg=-0.002 H=0.37 | img ret=3.90 val=3.88 imgR(mu=0.030 max=1.02 p99=0.83 hi=2.26%) scale=9.31 p5=0.16 p95=9.47 | r/step=0.0062 | 1.2 ips ETA 4h57\r\n"}
,{"stream_name":"stdout","time":19702.396141924,"data":"  iter 23550/45000 [52.3%] | WM wm=12.56 rec=6.63 kl=5.73 rew=0.200 con=0.006 rew@ach=0.78/0.89(n=15) rew@0=+0.026 | AC act=0.001 crit=1.544 pg=0.001 H=0.37 | img ret=5.45 val=5.40 imgR(mu=0.030 max=1.01 p99=0.97 hi=2.34%) scale=9.14 p5=0.19 p95=9.32 | r/step=0.0129 | 1.2 ips ETA 4h57\r\n"}
,{"stream_name":"stdout","time":19740.021324984,"data":"  iter 23600/45000 [52.4%] | WM wm=9.91 rec=4.64 kl=5.06 rew=0.202 con=0.001 rew@ach=0.84/0.92(n=21) rew@0=+0.009 | AC act=-0.001 crit=1.872 pg=-0.001 H=0.33 | img ret=4.80 val=4.74 imgR(mu=0.043 max=1.04 p99=0.98 hi=3.92%) scale=9.26 p5=0.16 p95=9.42 | r/step=0.0103 | 1.2 ips ETA 4h56\r\n"}
,{"stream_name":"stdout","time":19777.442226056,"data":"  iter 23650/45000 [52.6%] | WM wm=11.21 rec=5.35 kl=5.67 rew=0.191 con=0.002 rew@ach=0.75/0.90(n=17) rew@0=+0.017 | AC act=-0.000 crit=1.855 pg=-0.000 H=0.29 | img ret=4.69 val=4.59 imgR(mu=0.031 max=1.00 p99=0.85 hi=2.76%) scale=9.40 p5=0.15 p95=9.56 | r/step=0.0151 | 1.2 ips ETA 4h55\r\n"}
,{"stream_name":"stdout","time":19777.442257386,"data":"  [health] WARN H_collapse: H=0.29\r\n"}
,{"stream_name":"stdout","time":19815.154111392,"data":"  iter 23700/45000 [52.7%] | WM wm=9.27 rec=4.23 kl=4.78 rew=0.260 con=0.004 rew@ach=0.81/0.99(n=23) rew@0=+0.003 | AC act=-0.003 crit=1.785 pg=-0.003 H=0.38 | img ret=4.61 val=4.66 imgR(mu=0.024 max=1.03 p99=0.90 hi=2.07%) scale=9.70 p5=0.12 p95=9.82 | r/step=0.0138 | 1.2 ips ETA 4h54\r\n"}
,{"stream_name":"stdout","time":19852.577118236,"data":"  iter 23750/45000 [52.8%] | WM wm=12.46 rec=6.02 kl=6.18 rew=0.252 con=0.009 rew@ach=0.80/0.98(n=20) rew@0=+0.033 | AC act=-0.002 crit=1.781 pg=-0.002 H=0.34 | img ret=4.70 val=4.73 imgR(mu=0.022 max=1.01 p99=0.81 hi=1.86%) scale=9.78 p5=0.18 p95=9.95 | r/step=0.0113 | 1.2 ips ETA 4h54\r\n"}
,{"stream_name":"stdout","time":19889.97239618,"data":"  iter 23800/45000 [52.9%] | WM wm=13.03 rec=6.83 kl=6.07 rew=0.128 con=0.000 rew@ach=0.91/1.00(n=13) rew@0=+0.011 | AC act=-0.003 crit=1.648 pg=-0.003 H=0.31 | img ret=4.66 val=4.70 imgR(mu=0.023 max=1.01 p99=0.88 hi=2.20%) scale=10.07 p5=0.20 p95=10.27 | r/step=0.0128 | 1.2 ips ETA 4h53\r\n"}
,{"stream_name":"stdout","time":19927.569428412,"data":"  iter 23850/45000 [53.0%] | WM wm=11.74 rec=5.49 kl=6.06 rew=0.189 con=0.007 rew@ach=0.86/0.91(n=19) rew@0=+0.010 | AC act=-0.004 crit=1.552 pg=-0.003 H=0.45 | img ret=5.55 val=5.58 imgR(mu=0.032 max=1.02 p99=1.00 hi=2.52%) scale=9.67 p5=0.18 p95=9.84 | r/step=0.0121 | 1.2 ips ETA 4h52\r\n"}
,{"stream_name":"stdout","time":19964.961480953,"data":"  iter 23900/45000 [53.1%] | WM wm=12.73 rec=6.63 kl=5.87 rew=0.228 con=0.004 rew@ach=0.85/1.00(n=20) rew@0=+0.012 | AC act=-0.001 crit=1.753 pg=-0.000 H=0.36 | img ret=4.70 val=4.65 imgR(mu=0.036 max=1.01 p99=0.97 hi=3.05%) scale=9.62 p5=0.15 p95=9.77 | r/step=0.0117 | 1.2 ips ETA 4h51\r\n"}
,{"stream_name":"stdout","time":20002.7834272,"data":"  iter 23950/45000 [53.2%] | WM wm=9.60 rec=4.52 kl=4.85 rew=0.231 con=0.002 rew@ach=0.79/0.93(n=24) rew@0=+0.020 | AC act=-0.002 crit=1.892 pg=-0.001 H=0.33 | img ret=4.66 val=4.64 imgR(mu=0.032 max=1.01 p99=0.87 hi=2.67%) scale=9.61 p5=0.13 p95=9.77 | r/step=0.0104 | 1.2 ips ETA 4h51\r\n"}
,{"stream_name":"stdout","time":20040.119266112,"data":"  iter 24000/45000 [53.3%] | WM wm=11.57 rec=5.74 kl=5.56 rew=0.255 con=0.012 rew@ach=0.77/1.00(n=19) rew@0=+0.027 | AC act=-0.001 crit=1.855 pg=-0.001 H=0.29 | img ret=4.09 val=4.08 imgR(mu=0.028 max=1.00 p99=0.85 hi=2.40%) scale=9.66 p5=0.17 p95=9.81 | r/step=0.0089 | 1.2 ips ETA 4h50\r\n"}
,{"stream_name":"stdout","time":20040.119296202,"data":"  [health] WARN H_collapse: H=0.29\r\n"}
,{"stream_name":"stdout","time":20077.21676126,"data":"  iter 24050/45000 [53.4%] | WM wm=12.03 rec=5.83 kl=5.96 rew=0.232 con=0.003 rew@ach=0.89/1.00(n=23) rew@0=+0.023 | AC act=-0.002 crit=1.879 pg=-0.001 H=0.30 | img ret=3.64 val=3.60 imgR(mu=0.019 max=1.02 p99=0.75 hi=1.73%) scale=9.47 p5=0.12 p95=9.57 | r/step=0.0129 | 1.2 ips ETA 4h49\r\n"}
,{"stream_name":"stdout","time":20077.21681441,"data":"  [health] WARN H_collapse: H=0.30\r\n"}
,{"stream_name":"stdout","time":20115.052151925,"data":"  iter 24100/45000 [53.6%] | WM wm=10.25 rec=4.88 kl=5.19 rew=0.185 con=0.003 rew@ach=0.81/0.91(n=20) rew@0=+0.014 | AC act=-0.002 crit=1.938 pg=-0.002 H=0.30 | img ret=4.59 val=4.57 imgR(mu=0.034 max=1.02 p99=0.83 hi=2.58%) scale=9.39 p5=0.07 p95=9.47 | r/step=0.0127 | 1.2 ips ETA 4h48\r\n"}
,{"stream_name":"stdout","time":20152.535732288,"data":"  iter 24150/45000 [53.7%] | WM wm=15.26 rec=9.21 kl=5.83 rew=0.210 con=0.001 rew@ach=0.74/0.89(n=16) rew@0=+0.017 | AC act=-0.001 crit=1.884 pg=-0.001 H=0.29 | img ret=3.75 val=3.76 imgR(mu=0.023 max=1.00 p99=0.88 hi=2.07%) scale=9.19 p5=0.06 p95=9.23 | r/step=0.0155 | 1.2 ips ETA 4h48\r\n"}
,{"stream_name":"stdout","time":20152.535766998,"data":"  [health] WARN H_collapse: H=0.29\r\n"}
,{"stream_name":"stdout","time":20189.999983329,"data":"  iter 24200/45000 [53.8%] | WM wm=13.36 rec=7.85 kl=5.37 rew=0.142 con=0.001 rew@ach=0.93/1.00(n=9) rew@0=+0.012 | AC act=0.001 crit=1.698 pg=0.001 H=0.38 | img ret=4.99 val=4.90 imgR(mu=0.046 max=1.00 p99=0.98 hi=3.63%) scale=9.21 p5=0.07 p95=9.29 | r/step=0.0164 | 1.2 ips ETA 4h47\r\n"}
,{"stream_name":"stdout","time":20227.631720799,"data":"  iter 24250/45000 [53.9%] | WM wm=9.24 rec=4.22 kl=4.75 rew=0.254 con=0.006 rew@ach=0.78/0.98(n=21) rew@0=+0.022 | AC act=-0.001 crit=1.728 pg=-0.001 H=0.32 | img ret=4.66 val=4.61 imgR(mu=0.030 max=1.07 p99=0.94 hi=2.40%) scale=9.26 p5=0.11 p95=9.35 | r/step=0.0164 | 1.2 ips ETA 4h46\r\n"}
,{"stream_name":"stdout","time":20265.052454544,"data":"  iter 24300/45000 [54.0%] | WM wm=13.56 rec=7.07 kl=6.32 rew=0.175 con=0.001 rew@ach=0.76/0.89(n=17) rew@0=+0.009 | AC act=-0.000 crit=1.929 pg=-0.000 H=0.29 | img ret=3.73 val=3.67 imgR(mu=0.030 max=1.01 p99=0.79 hi=2.48%) scale=9.11 p5=0.09 p95=9.20 | r/step=0.0095 | 1.2 ips ETA 4h45\r\n"}
,{"stream_name":"stdout","time":20265.052492314,"data":"  [health] WARN H_collapse: H=0.29\r\n"}
,{"stream_name":"stdout","time":20302.551517026,"data":"  iter 24350/45000 [54.1%] | WM wm=12.85 rec=6.65 kl=5.96 rew=0.232 con=0.005 rew@ach=0.82/0.91(n=20) rew@0=+0.029 | AC act=-0.002 crit=1.825 pg=-0.002 H=0.35 | img ret=5.03 val=5.00 imgR(mu=0.047 max=1.01 p99=0.90 hi=3.33%) scale=9.22 p5=0.02 p95=9.26 | r/step=0.0119 | 1.2 ips ETA 4h45\r\n"}
,{"stream_name":"stdout","time":20340.282196625,"data":"  iter 24400/45000 [54.2%] | WM wm=9.57 rec=4.67 kl=4.70 rew=0.196 con=0.000 rew@ach=0.88/1.00(n=20) rew@0=+0.026 | AC act=-0.002 crit=1.652 pg=-0.002 H=0.35 | img ret=4.69 val=4.67 imgR(mu=0.037 max=1.01 p99=0.99 hi=3.27%) scale=8.95 p5=0.07 p95=9.02 | r/step=0.0144 | 1.2 ips ETA 4h44\r\n"}
,{"stream_name":"stdout","time":20377.646866118,"data":"  iter 24450/45000 [54.3%] | WM wm=11.96 rec=6.37 kl=5.39 rew=0.191 con=0.007 rew@ach=0.91/1.00(n=14) rew@0=+0.021 | AC act=-0.000 crit=1.917 pg=-0.000 H=0.29 | img ret=4.28 val=4.19 imgR(mu=0.063 max=1.01 p99=0.97 hi=5.54%) scale=8.72 p5=0.05 p95=8.77 | r/step=0.0147 | 1.2 ips ETA 4h43\r\n"}
,{"stream_name":"stdout","time":20377.646914708,"data":"  [health] WARN H_collapse: H=0.29\r\n"}
,{"stream_name":"stdout","time":20415.548163854,"data":"  iter 24500/45000 [54.4%] | WM wm=11.52 rec=5.70 kl=5.58 rew=0.237 con=0.007 rew@ach=0.81/0.99(n=20) rew@0=+0.017 | AC act=-0.002 crit=1.763 pg=-0.002 H=0.30 | img ret=3.65 val=3.63 imgR(mu=0.028 max=1.01 p99=0.99 hi=2.54%) scale=8.87 p5=0.03 p95=8.89 | r/step=0.0097 | 1.2 ips ETA 4h42\r\n"}
,{"stream_name":"stdout","time":20415.548195154,"data":"  [health] WARN H_collapse: H=0.30\r\n"}
,{"stream_name":"stdout","time":20452.931741986,"data":"  iter 24550/45000 [54.6%] | WM wm=13.61 rec=7.85 kl=5.57 rew=0.190 con=0.004 rew@ach=0.93/0.99(n=20) rew@0=+0.017 | AC act=-0.002 crit=1.739 pg=-0.002 H=0.29 | img ret=4.24 val=4.24 imgR(mu=0.027 max=1.01 p99=0.87 hi=2.06%) scale=8.76 p5=0.06 p95=8.82 | r/step=0.0113 | 1.2 ips ETA 4h42\r\n"}
,{"stream_name":"stdout","time":20452.931762906,"data":"  [health] WARN H_collapse: H=0.29\r\n"}
,{"stream_name":"stdout","time":20490.180661,"data":"  iter 24600/45000 [54.7%] | WM wm=11.64 rec=5.95 kl=5.48 rew=0.213 con=0.002 rew@ach=0.79/0.91(n=21) rew@0=+0.021 | AC act=-0.000 crit=1.865 pg=-0.000 H=0.28 | img ret=4.51 val=4.41 imgR(mu=0.045 max=1.01 p99=0.91 hi=3.72%) scale=9.37 p5=0.02 p95=9.39 | r/step=0.0157 | 1.2 ips ETA 4h41\r\n"}
,{"stream_name":"stdout","time":20490.18069643,"data":"  [health] WARN H_collapse: H=0.28\r\n"}
,{"stream_name":"stdout","time":20527.869235818,"data":"  iter 24650/45000 [54.8%] | WM wm=10.91 rec=5.77 kl=4.94 rew=0.196 con=0.003 rew@ach=0.77/1.00(n=15) rew@0=+0.015 | AC act=-0.001 crit=1.817 pg=-0.001 H=0.35 | img ret=3.66 val=3.65 imgR(mu=0.027 max=1.01 p99=0.88 hi=2.57%) scale=9.39 p5=0.05 p95=9.44 | r/step=0.0120 | 1.2 ips ETA 4h40\r\n"}
,{"stream_name":"stdout","time":20565.342019443,"data":"  iter 24700/45000 [54.9%] | WM wm=7.79 rec=3.43 kl=4.12 rew=0.242 con=0.001 rew@ach=0.81/0.93(n=26) rew@0=+0.014 | AC act=-0.002 crit=1.872 pg=-0.002 H=0.30 | img ret=3.60 val=3.59 imgR(mu=0.022 max=1.01 p99=0.90 hi=2.22%) scale=9.13 p5=0.07 p95=9.18 | r/step=0.0156 | 1.2 ips ETA 4h39\r\n"}
,{"stream_name":"stdout","time":20565.342059153,"data":"  [health] WARN H_collapse: H=0.30\r\n"}
,{"stream_name":"stdout","time":20602.87439146,"data":"  iter 24750/45000 [55.0%] | WM wm=14.14 rec=7.57 kl=6.40 rew=0.170 con=0.003 rew@ach=0.93/1.00(n=17) rew@0=+0.013 | AC act=-0.002 crit=1.874 pg=-0.002 H=0.27 | img ret=3.88 val=3.86 imgR(mu=0.023 max=1.01 p99=0.82 hi=2.23%) scale=8.98 p5=0.03 p95=9.01 | r/step=0.0186 | 1.2 ips ETA 4h39\r\n"}
,{"stream_name":"stdout","time":20602.87443276,"data":"  [health] WARN H_collapse: H=0.27\r\n"}
,{"stream_name":"stdout","time":20640.72793713,"data":"  iter 24800/45000 [55.1%] | WM wm=12.94 rec=6.70 kl=6.03 rew=0.211 con=0.003 rew@ach=0.69/0.90(n=17) rew@0=+0.012 | AC act=-0.001 crit=1.713 pg=-0.001 H=0.34 | img ret=4.29 val=4.26 imgR(mu=0.030 max=1.01 p99=0.94 hi=2.67%) scale=8.96 p5=0.03 p95=9.00 | r/step=0.0162 | 1.2 ips ETA 4h38\r\n"}
,{"stream_name":"stdout","time":20678.037317176,"data":"  iter 24850/45000 [55.2%] | WM wm=10.81 rec=5.61 kl=5.08 rew=0.120 con=0.000 rew@ach=0.72/0.76(n=14) rew@0=+0.011 | AC act=-0.003 crit=1.757 pg=-0.003 H=0.30 | img ret=4.01 val=4.03 imgR(mu=0.031 max=1.01 p99=0.97 hi=2.55%) scale=8.61 p5=0.05 p95=8.65 | r/step=0.0146 | 1.2 ips ETA 4h37\r\n"}
,{"stream_name":"stdout","time":20715.499936315,"data":"  iter 24900/45000 [55.3%] | WM wm=12.21 rec=6.12 kl=5.86 rew=0.225 con=0.012 rew@ach=0.88/1.00(n=16) rew@0=+0.021 | AC act=0.004 crit=2.002 pg=0.004 H=0.34 | img ret=4.16 val=3.99 imgR(mu=0.039 max=1.01 p99=0.91 hi=3.74%) scale=8.39 p5=0.06 p95=8.46 | r/step=0.0094 | 1.2 ips ETA 4h36\r\n"}
,{"stream_name":"stdout","time":20753.310368406,"data":"  iter 24950/45000 [55.4%] | WM wm=12.33 rec=6.21 kl=5.87 rew=0.241 con=0.007 rew@ach=0.87/0.98(n=23) rew@0=+0.015 | AC act=-0.001 crit=1.792 pg=-0.001 H=0.33 | img ret=4.10 val=4.09 imgR(mu=0.026 max=1.01 p99=0.88 hi=2.22%) scale=8.70 p5=0.07 p95=8.78 | r/step=0.0099 | 1.2 ips ETA 4h36\r\n"}
,{"stream_name":"stdout","time":20790.627381724,"data":"  iter 25000/45000 [55.6%] | WM wm=10.75 rec=5.28 kl=5.17 rew=0.302 con=0.002 rew@ach=0.73/0.93(n=26) rew@0=+0.012 | AC act=-0.002 crit=1.752 pg=-0.002 H=0.30 | img ret=4.19 val=4.16 imgR(mu=0.018 max=1.01 p99=0.77 hi=1.65%) scale=8.63 p5=0.03 p95=8.66 | r/step=0.0136 | 1.2 ips ETA 4h35\r\n"}
,{"stream_name":"stdout","time":21009.931165897,"data":"  \u003e\u003e\u003e EVAL @ iter 25000 : score=3.58  length=221  achievements=4.48 ↑  sample=4.20  (best=4.48 @25000)  crafter_score=1.98% [4323 train eps]\r\n"}
,{"stream_name":"stdout","time":21009.931200948,"data":"      unlocked (8/22): collect_sapling=100%  wake_up=100%  defeat_zombie=81%  place_plant=59%  collect_wood=48%  eat_cow=39%  collect_drink=20%  defeat_skeleton=1%\r\n"}
,{"stream_name":"stdout","time":21009.931218977,"data":"      TRAIN (11/22 sur 4323 eps): collect_sapling=4017(92.9%)  wake_up=3984(92.2%)  place_plant=2525(58.4%)  collect_wood=1197(27.7%)  defeat_zombie=765(17.7%)  eat_cow=385(8.9%)  collect_drink=116(2.7%)  place_table=56(1.3%)  defeat_skeleton=2(0.0%)  make_wood_sword=2(0.0%)  make_wood_pickaxe=1(0.0%)\r\n"}
,{"stream_name":"stdout","time":21009.931226408,"data":"      JAMAIS vus en train (11) : collect_coal  collect_diamond  collect_iron  collect_stone  eat_plant  make_iron_pickaxe  make_iron_sword  make_stone_pickaxe  make_stone_sword  place_furnace  place_stone\r\n"}
,{"stream_name":"stdout","time":21018.849511043,"data":"  Checkpoint saved : dreamer_crafter_jax_v50-wmfix-t1_iter025000.npz\r\n"}
,{"stream_name":"stdout","time":21056.764475837,"data":"  iter 25050/45000 [55.7%] | WM wm=13.56 rec=7.32 kl=6.00 rew=0.235 con=0.002 rew@ach=0.67/0.91(n=20) rew@0=+0.015 | AC act=0.001 crit=1.708 pg=0.001 H=0.41 | img ret=4.68 val=4.62 imgR(mu=0.040 max=1.01 p99=0.99 hi=3.54%) scale=8.75 p5=0.06 p95=8.82 | r/step=0.0128 | 1.2 ips ETA 4h37\r\n"}
,{"stream_name":"stdout","time":21094.57399978,"data":"  iter 25100/45000 [55.8%] | WM wm=11.01 rec=5.29 kl=5.55 rew=0.176 con=0.002 rew@ach=0.87/1.00(n=16) rew@0=+0.014 | AC act=-0.001 crit=1.944 pg=-0.001 H=0.30 | img ret=3.36 val=3.31 imgR(mu=0.014 max=1.01 p99=0.68 hi=1.36%) scale=8.93 p5=0.05 p95=8.97 | r/step=0.0164 | 1.2 ips ETA 4h37\r\n"}
,{"stream_name":"stdout","time":21132.285463426,"data":"  iter 25150/45000 [55.9%] | WM wm=9.36 rec=4.11 kl=5.09 rew=0.157 con=0.000 rew@ach=0.77/0.91(n=17) rew@0=+0.011 | AC act=-0.001 crit=1.955 pg=-0.001 H=0.36 | img ret=4.07 val=4.04 imgR(mu=0.030 max=1.00 p99=0.84 hi=2.23%) scale=9.12 p5=0.04 p95=9.15 | r/step=0.0118 | 1.2 ips ETA 4h36\r\n"}
,{"stream_name":"stdout","time":21169.791092293,"data":"  iter 25200/45000 [56.0%] | WM wm=8.48 rec=4.05 kl=4.22 rew=0.207 con=0.002 rew@ach=0.83/0.99(n=18) rew@0=+0.022 | AC act=-0.001 crit=1.733 pg=-0.001 H=0.35 | img ret=4.73 val=4.67 imgR(mu=0.038 max=1.00 p99=0.91 hi=3.05%) scale=9.05 p5=0.07 p95=9.14 | r/step=0.0124 | 1.2 ips ETA 4h35\r\n"}
,{"stream_name":"stdout","time":21207.690868128,"data":"  iter 25250/45000 [56.1%] | WM wm=9.89 rec=4.57 kl=5.14 rew=0.184 con=0.003 rew@ach=0.90/1.00(n=20) rew@0=+0.016 | AC act=-0.001 crit=1.721 pg=-0.001 H=0.39 | img ret=4.70 val=4.67 imgR(mu=0.035 max=1.01 p99=0.97 hi=2.82%) scale=9.26 p5=0.07 p95=9.33 | r/step=0.0174 | 1.2 ips ETA 4h34\r\n"}
,{"stream_name":"stdout","time":21245.503223803,"data":"  iter 25300/45000 [56.2%] | WM wm=10.52 rec=5.06 kl=5.26 rew=0.194 con=0.004 rew@ach=0.77/0.91(n=20) rew@0=+0.015 | AC act=0.001 crit=1.673 pg=0.001 H=0.39 | img ret=4.50 val=4.45 imgR(mu=0.029 max=1.01 p99=0.88 hi=2.41%) scale=9.33 p5=0.06 p95=9.39 | r/step=0.0156 | 1.2 ips ETA 4h34\r\n"}
,{"stream_name":"stdout","time":21283.068790363,"data":"  iter 25350/45000 [56.3%] | WM wm=12.22 rec=6.18 kl=5.84 rew=0.198 con=0.002 rew@ach=0.82/0.99(n=17) rew@0=+0.008 | AC act=0.001 crit=1.674 pg=0.001 H=0.37 | img ret=5.13 val=5.05 imgR(mu=0.043 max=1.01 p99=0.98 hi=3.61%) scale=9.11 p5=0.08 p95=9.19 | r/step=0.0166 | 1.2 ips ETA 4h33\r\n"}
,{"stream_name":"stdout","time":21320.78483864,"data":"  iter 25400/45000 [56.4%] | WM wm=9.51 rec=4.50 kl=4.88 rew=0.121 con=0.007 rew@ach=0.97/0.98(n=11) rew@0=+0.009 | AC act=-0.000 crit=2.019 pg=-0.000 H=0.29 | img ret=4.71 val=4.61 imgR(mu=0.053 max=1.03 p99=0.97 hi=4.36%) scale=9.30 p5=0.03 p95=9.34 | r/step=0.0144 | 1.2 ips ETA 4h32\r\n"}
,{"stream_name":"stdout","time":21320.78488047,"data":"  [health] WARN H_collapse: H=0.29\r\n"}
,{"stream_name":"stdout","time":21358.379502569,"data":"  iter 25450/45000 [56.6%] | WM wm=11.00 rec=5.26 kl=5.51 rew=0.225 con=0.008 rew@ach=0.84/1.00(n=21) rew@0=+0.015 | AC act=0.001 crit=1.831 pg=0.001 H=0.35 | img ret=5.13 val=5.05 imgR(mu=0.047 max=1.01 p99=0.87 hi=3.63%) scale=9.29 p5=0.03 p95=9.36 | r/step=0.0142 | 1.2 ips ETA 4h31\r\n"}
,{"stream_name":"stdout","time":21396.47223582,"data":"  iter 25500/45000 [56.7%] | WM wm=11.88 rec=5.95 kl=5.74 rew=0.182 con=0.005 rew@ach=0.77/0.89(n=16) rew@0=+0.007 | AC act=0.001 crit=1.802 pg=0.001 H=0.32 | img ret=4.47 val=4.41 imgR(mu=0.026 max=1.01 p99=0.92 hi=2.26%) scale=9.25 p5=0.02 p95=9.25 | r/step=0.0150 | 1.2 ips ETA 4h31\r\n"}
,{"stream_name":"stdout","time":21434.241359778,"data":"  iter 25550/45000 [56.8%] | WM wm=8.25 rec=3.57 kl=4.48 rew=0.196 con=0.001 rew@ach=0.84/1.00(n=16) rew@0=+0.019 | AC act=-0.001 crit=1.815 pg=-0.001 H=0.45 | img ret=4.65 val=4.63 imgR(mu=0.036 max=1.01 p99=0.91 hi=2.78%) scale=9.13 p5=-0.01 p95=9.12 | r/step=0.0141 | 1.2 ips ETA 4h30\r\n"}
,{"stream_name":"stdout","time":21472.043599305,"data":"  iter 25600/45000 [56.9%] | WM wm=11.53 rec=5.81 kl=5.53 rew=0.189 con=0.003 rew@ach=0.84/1.00(n=17) rew@0=+0.014 | AC act=0.003 crit=1.928 pg=0.003 H=0.36 | img ret=4.56 val=4.40 imgR(mu=0.050 max=1.01 p99=0.99 hi=4.52%) scale=8.98 p5=0.07 p95=9.04 | r/step=0.0140 | 1.2 ips ETA 4h29\r\n"}
,{"stream_name":"stdout","time":21509.900423792,"data":"  iter 25650/45000 [57.0%] | WM wm=12.10 rec=6.79 kl=5.12 rew=0.184 con=0.003 rew@ach=0.91/1.00(n=11) rew@0=+0.027 | AC act=0.002 crit=2.242 pg=0.002 H=0.25 | img ret=3.36 val=3.25 imgR(mu=0.049 max=1.01 p99=0.94 hi=4.15%) scale=9.19 p5=0.08 p95=9.27 | r/step=0.0144 | 1.2 ips ETA 4h28\r\n"}
,{"stream_name":"stdout","time":21509.927422161,"data":"  [health] WARN H_collapse: H=0.25\r\n"}
,{"stream_name":"stdout","time":21547.494495372,"data":"  iter 25700/45000 [57.1%] | WM wm=11.28 rec=6.16 kl=4.94 rew=0.175 con=0.002 rew@ach=0.59/0.72(n=13) rew@0=+0.011 | AC act=-0.001 crit=1.638 pg=-0.001 H=0.39 | img ret=4.41 val=4.43 imgR(mu=0.026 max=1.01 p99=0.99 hi=2.01%) scale=9.15 p5=0.04 p95=9.19 | r/step=0.0131 | 1.2 ips ETA 4h28\r\n"}
,{"stream_name":"stdout","time":21585.178850479,"data":"  iter 25750/45000 [57.2%] | WM wm=8.30 rec=4.06 kl=4.04 rew=0.191 con=0.001 rew@ach=0.82/0.91(n=18) rew@0=+0.016 | AC act=-0.000 crit=1.872 pg=0.000 H=0.32 | img ret=4.21 val=4.12 imgR(mu=0.043 max=1.01 p99=0.99 hi=3.95%) scale=9.51 p5=0.04 p95=9.56 | r/step=0.0221 | 1.2 ips ETA 4h27\r\n"}
,{"stream_name":"stdout","time":21622.809248408,"data":"  iter 25800/45000 [57.3%] | WM wm=8.14 rec=3.52 kl=4.37 rew=0.241 con=0.007 rew@ach=0.85/1.00(n=17) rew@0=+0.021 | AC act=-0.001 crit=1.819 pg=-0.001 H=0.34 | img ret=4.44 val=4.41 imgR(mu=0.030 max=1.01 p99=0.85 hi=2.47%) scale=9.35 p5=0.03 p95=9.37 | r/step=0.0121 | 1.2 ips ETA 4h26\r\n"}
,{"stream_name":"stdout","time":21660.482324531,"data":"  iter 25850/45000 [57.4%] | WM wm=11.27 rec=5.68 kl=5.41 rew=0.182 con=0.001 rew@ach=0.78/0.88(n=18) rew@0=+0.015 | AC act=-0.002 crit=1.953 pg=-0.002 H=0.29 | img ret=4.21 val=4.18 imgR(mu=0.044 max=1.01 p99=0.92 hi=3.88%) scale=9.07 p5=0.02 p95=9.11 | r/step=0.0134 | 1.2 ips ETA 4h25\r\n"}
,{"stream_name":"stdout","time":21660.482357011,"data":"  [health] WARN H_collapse: H=0.29\r\n"}
,{"stream_name":"stdout","time":21698.240949774,"data":"  iter 25900/45000 [57.6%] | WM wm=10.38 rec=5.32 kl=4.84 rew=0.212 con=0.004 rew@ach=0.84/0.98(n=18) rew@0=+0.022 | AC act=-0.003 crit=1.824 pg=-0.003 H=0.33 | img ret=4.06 val=4.10 imgR(mu=0.030 max=1.00 p99=0.86 hi=2.38%) scale=8.86 p5=0.06 p95=8.93 | r/step=0.0191 | 1.2 ips ETA 4h25\r\n"}
,{"stream_name":"stdout","time":21735.801646229,"data":"  iter 25950/45000 [57.7%] | WM wm=10.41 rec=5.29 kl=4.91 rew=0.202 con=0.001 rew@ach=0.82/1.01(n=17) rew@0=+0.020 | AC act=-0.002 crit=1.887 pg=-0.001 H=0.29 | img ret=3.54 val=3.51 imgR(mu=0.031 max=1.02 p99=0.88 hi=2.59%) scale=8.80 p5=0.09 p95=8.89 | r/step=0.0128 | 1.2 ips ETA 4h24\r\n"}
,{"stream_name":"stdout","time":21735.801673919,"data":"  [health] WARN H_collapse: H=0.29\r\n"}
,{"stream_name":"stdout","time":21773.467741546,"data":"  iter 26000/45000 [57.8%] | WM wm=12.05 rec=6.03 kl=5.80 rew=0.219 con=0.001 rew@ach=0.83/1.00(n=18) rew@0=+0.016 | AC act=-0.001 crit=2.048 pg=-0.000 H=0.28 | img ret=3.09 val=3.04 imgR(mu=0.026 max=1.00 p99=0.83 hi=2.12%) scale=8.93 p5=0.03 p95=8.94 | r/step=0.0176 | 1.2 ips ETA 4h23\r\n"}
,{"stream_name":"stdout","time":21773.467798066,"data":"  [health] WARN H_collapse: H=0.28\r\n"}
,{"stream_name":"stdout","time":21811.254066971,"data":"  iter 26050/45000 [57.9%] | WM wm=12.54 rec=7.03 kl=5.28 rew=0.225 con=0.007 rew@ach=0.83/1.00(n=18) rew@0=+0.020 | AC act=0.000 crit=1.905 pg=0.000 H=0.33 | img ret=4.36 val=4.28 imgR(mu=0.035 max=1.01 p99=0.97 hi=3.18%) scale=8.90 p5=0.04 p95=8.94 | r/step=0.0113 | 1.2 ips ETA 4h22\r\n"}
,{"stream_name":"stdout","time":21848.863617416,"data":"  iter 26100/45000 [58.0%] | WM wm=11.54 rec=6.51 kl=4.76 rew=0.262 con=0.003 rew@ach=0.68/0.91(n=21) rew@0=+0.012 | AC act=-0.002 crit=1.795 pg=-0.002 H=0.27 | img ret=3.77 val=3.78 imgR(mu=0.027 max=1.01 p99=0.86 hi=2.20%) scale=8.81 p5=0.08 p95=8.88 | r/step=0.0087 | 1.2 ips ETA 4h22\r\n"}
,{"stream_name":"stdout","time":21848.863658016,"data":"  [health] WARN H_collapse: H=0.27\r\n"}
,{"stream_name":"stdout","time":21886.543535141,"data":"  iter 26150/45000 [58.1%] | WM wm=16.26 rec=9.15 kl=6.91 rew=0.198 con=0.001 rew@ach=0.64/0.87(n=12) rew@0=+0.010 | AC act=-0.001 crit=1.871 pg=-0.001 H=0.28 | img ret=4.02 val=4.03 imgR(mu=0.034 max=1.00 p99=0.85 hi=2.76%) scale=8.96 p5=0.03 p95=8.99 | r/step=0.0133 | 1.2 ips ETA 4h21\r\n"}
,{"stream_name":"stdout","time":21886.543566281,"data":"  [health] WARN H_collapse: H=0.28\r\n"}
,{"stream_name":"stdout","time":21924.59613893,"data":"  iter 26200/45000 [58.2%] | WM wm=12.55 rec=6.10 kl=6.17 rew=0.277 con=0.004 rew@ach=0.74/0.91(n=21) rew@0=+0.034 | AC act=-0.000 crit=1.781 pg=-0.000 H=0.30 | img ret=4.28 val=4.23 imgR(mu=0.039 max=1.00 p99=0.93 hi=3.39%) scale=8.95 p5=0.04 p95=8.99 | r/step=0.0139 | 1.2 ips ETA 4h20\r\n"}
,{"stream_name":"stdout","time":21962.791622508,"data":"  iter 26250/45000 [58.3%] | WM wm=9.56 rec=5.11 kl=4.20 rew=0.245 con=0.005 rew@ach=0.81/1.00(n=20) rew@0=+0.015 | AC act=-0.002 crit=1.811 pg=-0.002 H=0.33 | img ret=4.71 val=4.69 imgR(mu=0.042 max=1.01 p99=0.87 hi=3.44%) scale=8.80 p5=0.06 p95=8.88 | r/step=0.0135 | 1.2 ips ETA 4h19\r\n"}
,{"stream_name":"stdout","time":22000.561150921,"data":"  iter 26300/45000 [58.4%] | WM wm=13.89 rec=7.75 kl=5.87 rew=0.264 con=0.003 rew@ach=0.65/0.82(n=19) rew@0=+0.019 | AC act=-0.000 crit=1.875 pg=-0.000 H=0.33 | img ret=4.21 val=4.17 imgR(mu=0.039 max=1.01 p99=0.92 hi=3.72%) scale=8.74 p5=0.10 p95=8.85 | r/step=0.0149 | 1.2 ips ETA 4h19\r\n"}
,{"stream_name":"stdout","time":22038.230094686,"data":"  iter 26350/45000 [58.6%] | WM wm=13.24 rec=7.33 kl=5.71 rew=0.191 con=0.009 rew@ach=0.73/0.98(n=13) rew@0=+0.012 | AC act=0.001 crit=1.843 pg=0.001 H=0.37 | img ret=4.01 val=3.93 imgR(mu=0.037 max=1.02 p99=0.91 hi=3.12%) scale=8.65 p5=0.08 p95=8.74 | r/step=0.0140 | 1.2 ips ETA 4h18\r\n"}
,{"stream_name":"stdout","time":22075.813801392,"data":"  iter 26400/45000 [58.7%] | WM wm=11.86 rec=5.83 kl=5.82 rew=0.205 con=0.002 rew@ach=0.85/0.90(n=20) rew@0=+0.014 | AC act=-0.001 crit=1.976 pg=-0.000 H=0.36 | img ret=3.39 val=3.38 imgR(mu=0.031 max=1.01 p99=0.92 hi=2.78%) scale=8.37 p5=0.09 p95=8.45 | r/step=0.0179 | 1.2 ips ETA 4h17\r\n"}
,{"stream_name":"stdout","time":22113.549432795,"data":"  iter 26450/45000 [58.8%] | WM wm=12.59 rec=6.71 kl=5.65 rew=0.217 con=0.004 rew@ach=0.83/0.99(n=17) rew@0=+0.027 | AC act=-0.002 crit=1.866 pg=-0.002 H=0.35 | img ret=3.79 val=3.79 imgR(mu=0.025 max=1.00 p99=0.80 hi=1.96%) scale=8.47 p5=0.09 p95=8.56 | r/step=0.0126 | 1.2 ips ETA 4h16\r\n"}
,{"stream_name":"stdout","time":22151.159797131,"data":"  iter 26500/45000 [58.9%] | WM wm=10.22 rec=5.28 kl=4.74 rew=0.207 con=0.000 rew@ach=0.76/0.99(n=18) rew@0=+0.012 | AC act=0.013 crit=1.772 pg=0.013 H=0.44 | img ret=5.02 val=4.81 imgR(mu=0.064 max=1.01 p99=1.00 hi=5.53%) scale=8.81 p5=0.07 p95=8.89 | r/step=0.0147 | 1.2 ips ETA 4h16\r\n"}
,{"stream_name":"stdout","time":22188.721586798,"data":"  iter 26550/45000 [59.0%] | WM wm=10.64 rec=5.47 kl=4.98 rew=0.192 con=0.001 rew@ach=0.73/1.00(n=10) rew@0=+0.011 | AC act=-0.002 crit=1.913 pg=-0.002 H=0.33 | img ret=3.92 val=3.91 imgR(mu=0.032 max=1.02 p99=0.89 hi=2.64%) scale=8.67 p5=0.04 p95=8.71 | r/step=0.0122 | 1.2 ips ETA 4h15\r\n"}
,{"stream_name":"stdout","time":22226.54595826,"data":"  iter 26600/45000 [59.1%] | WM wm=11.11 rec=5.71 kl=5.22 rew=0.180 con=0.000 rew@ach=0.79/0.99(n=16) rew@0=+0.008 | AC act=-0.002 crit=1.803 pg=-0.002 H=0.35 | img ret=3.62 val=3.63 imgR(mu=0.025 max=1.01 p99=0.78 hi=2.09%) scale=8.99 p5=0.05 p95=9.04 | r/step=0.0197 | 1.2 ips ETA 4h14\r\n"}
,{"stream_name":"stdout","time":22264.258471896,"data":"  iter 26650/45000 [59.2%] | WM wm=10.79 rec=4.87 kl=5.71 rew=0.210 con=0.004 rew@ach=0.83/1.00(n=18) rew@0=+0.022 | AC act=-0.001 crit=1.885 pg=-0.001 H=0.41 | img ret=4.27 val=4.24 imgR(mu=0.036 max=1.01 p99=0.95 hi=2.91%) scale=8.95 p5=0.04 p95=9.00 | r/step=0.0126 | 1.2 ips ETA 4h14\r\n"}
,{"stream_name":"stdout","time":22301.715875946,"data":"  iter 26700/45000 [59.3%] | WM wm=13.51 rec=7.20 kl=6.12 rew=0.184 con=0.001 rew@ach=0.93/1.00(n=19) rew@0=+0.022 | AC act=-0.000 crit=1.733 pg=-0.000 H=0.42 | img ret=4.44 val=4.36 imgR(mu=0.046 max=1.04 p99=0.99 hi=4.06%) scale=8.58 p5=0.07 p95=8.65 | r/step=0.0145 | 1.2 ips ETA 4h13\r\n"}
,{"stream_name":"stdout","time":22339.37576414,"data":"  iter 26750/45000 [59.4%] | WM wm=12.12 rec=6.41 kl=5.52 rew=0.187 con=0.003 rew@ach=0.84/1.00(n=17) rew@0=+0.014 | AC act=-0.001 crit=1.614 pg=-0.001 H=0.37 | img ret=3.70 val=3.71 imgR(mu=0.024 max=1.01 p99=0.83 hi=1.93%) scale=8.54 p5=0.04 p95=8.58 | r/step=0.0171 | 1.2 ips ETA 4h12\r\n"}
,{"stream_name":"stdout","time":22377.037525456,"data":"  iter 26800/45000 [59.6%] | WM wm=12.49 rec=6.79 kl=5.57 rew=0.129 con=0.000 rew@ach=0.80/0.89(n=15) rew@0=+0.005 | AC act=-0.002 crit=1.755 pg=-0.002 H=0.37 | img ret=4.48 val=4.44 imgR(mu=0.038 max=1.06 p99=0.95 hi=3.32%) scale=8.52 p5=0.05 p95=8.58 | r/step=0.0173 | 1.2 ips ETA 4h11\r\n"}
,{"stream_name":"stdout","time":22415.001691145,"data":"  iter 26850/45000 [59.7%] | WM wm=15.28 rec=8.87 kl=6.23 rew=0.173 con=0.004 rew@ach=0.64/0.85(n=11) rew@0=+0.016 | AC act=-0.001 crit=1.851 pg=-0.001 H=0.40 | img ret=3.60 val=3.55 imgR(mu=0.021 max=1.01 p99=0.82 hi=1.66%) scale=8.63 p5=0.12 p95=8.74 | r/step=0.0163 | 1.2 ips ETA 4h11\r\n"}
,{"stream_name":"stdout","time":22452.548067783,"data":"  iter 26900/45000 [59.8%] | WM wm=9.47 rec=4.79 kl=4.44 rew=0.234 con=0.008 rew@ach=0.75/0.85(n=22) rew@0=+0.010 | AC act=-0.001 crit=1.674 pg=-0.001 H=0.37 | img ret=4.42 val=4.42 imgR(mu=0.042 max=1.03 p99=0.95 hi=3.67%) scale=8.55 p5=0.10 p95=8.68 | r/step=0.0200 | 1.2 ips ETA 4h10\r\n"}
,{"stream_name":"stdout","time":22490.06561412,"data":"  iter 26950/45000 [59.9%] | WM wm=12.61 rec=7.07 kl=5.36 rew=0.183 con=0.003 rew@ach=0.83/1.00(n=9) rew@0=+0.026 | AC act=-0.000 crit=1.753 pg=-0.000 H=0.39 | img ret=4.50 val=4.45 imgR(mu=0.032 max=1.02 p99=0.92 hi=2.37%) scale=8.38 p5=0.08 p95=8.45 | r/step=0.0131 | 1.2 ips ETA 4h09\r\n"}
,{"stream_name":"stdout","time":22527.629531895,"data":"  iter 27000/45000 [60.0%] | WM wm=11.20 rec=5.27 kl=5.75 rew=0.179 con=0.004 rew@ach=0.71/0.79(n=18) rew@0=+0.018 | AC act=0.002 crit=1.868 pg=0.002 H=0.34 | img ret=4.79 val=4.68 imgR(mu=0.047 max=1.08 p99=0.92 hi=3.78%) scale=8.56 p5=0.06 p95=8.62 | r/step=0.0104 | 1.2 ips ETA 4h08\r\n"}
,{"stream_name":"stdout","time":22565.156889522,"data":"  iter 27050/45000 [60.1%] | WM wm=12.64 rec=6.31 kl=6.12 rew=0.214 con=0.002 rew@ach=0.91/0.98(n=21) rew@0=+0.029 | AC act=-0.001 crit=1.745 pg=-0.001 H=0.38 | img ret=4.35 val=4.33 imgR(mu=0.026 max=1.01 p99=0.82 hi=2.12%) scale=8.89 p5=0.06 p95=8.94 | r/step=0.0178 | 1.2 ips ETA 4h08\r\n"}
,{"stream_name":"stdout","time":22602.666320209,"data":"  iter 27100/45000 [60.2%] | WM wm=12.80 rec=6.42 kl=6.19 rew=0.185 con=0.002 rew@ach=0.91/1.00(n=15) rew@0=+0.030 | AC act=-0.000 crit=2.064 pg=-0.000 H=0.27 | img ret=3.53 val=3.48 imgR(mu=0.030 max=1.01 p99=0.85 hi=2.79%) scale=8.86 p5=0.13 p95=8.99 | r/step=0.0134 | 1.2 ips ETA 4h07\r\n"}
,{"stream_name":"stdout","time":22602.666352299,"data":"  [health] WARN H_collapse: H=0.27\r\n"}
,{"stream_name":"stdout","time":22640.693140078,"data":"  iter 27150/45000 [60.3%] | WM wm=13.40 rec=7.18 kl=5.91 rew=0.306 con=0.008 rew@ach=0.58/0.88(n=18) rew@0=+0.015 | AC act=-0.001 crit=1.791 pg=-0.001 H=0.33 | img ret=4.75 val=4.74 imgR(mu=0.030 max=1.00 p99=0.83 hi=2.27%) scale=9.17 p5=0.07 p95=9.24 | r/step=0.0127 | 1.2 ips ETA 4h06\r\n"}
,{"stream_name":"stdout","time":22678.183948405,"data":"  iter 27200/45000 [60.4%] | WM wm=10.57 rec=5.23 kl=5.10 rew=0.244 con=0.003 rew@ach=0.80/0.90(n=21) rew@0=+0.035 | AC act=0.001 crit=1.963 pg=0.001 H=0.39 | img ret=4.66 val=4.61 imgR(mu=0.042 max=1.01 p99=0.97 hi=3.81%) scale=9.28 p5=0.09 p95=9.37 | r/step=0.0164 | 1.2 ips ETA 4h05\r\n"}
,{"stream_name":"stdout","time":22716.145011503,"data":"  iter 27250/45000 [60.6%] | WM wm=9.76 rec=4.56 kl=5.00 rew=0.202 con=0.000 rew@ach=0.82/0.93(n=23) rew@0=+0.015 | AC act=-0.002 crit=1.643 pg=-0.002 H=0.41 | img ret=5.14 val=5.14 imgR(mu=0.041 max=1.03 p99=0.92 hi=3.08%) scale=9.39 p5=0.11 p95=9.50 | r/step=0.0145 | 1.2 ips ETA 4h05\r\n"}
,{"stream_name":"stdout","time":22753.973415996,"data":"  iter 27300/45000 [60.7%] | WM wm=11.34 rec=5.48 kl=5.57 rew=0.277 con=0.015 rew@ach=0.77/0.98(n=22) rew@0=+0.021 | AC act=0.002 crit=1.793 pg=0.002 H=0.40 | img ret=5.20 val=5.15 imgR(mu=0.042 max=1.01 p99=0.96 hi=3.39%) scale=9.49 p5=0.11 p95=9.59 | r/step=0.0203 | 1.2 ips ETA 4h04\r\n"}
,{"stream_name":"stdout","time":22791.518647984,"data":"  iter 27350/45000 [60.8%] | WM wm=13.98 rec=7.19 kl=6.57 rew=0.204 con=0.005 rew@ach=0.69/0.89(n=16) rew@0=+0.014 | AC act=-0.001 crit=1.951 pg=-0.001 H=0.38 | img ret=4.54 val=4.48 imgR(mu=0.047 max=1.01 p99=0.96 hi=4.27%) scale=9.71 p5=0.10 p95=9.82 | r/step=0.0175 | 1.2 ips ETA 4h03\r\n"}
,{"stream_name":"stdout","time":22829.382276014,"data":"  iter 27400/45000 [60.9%] | WM wm=9.68 rec=4.32 kl=5.15 rew=0.205 con=0.001 rew@ach=0.79/1.00(n=17) rew@0=+0.018 | AC act=-0.002 crit=1.628 pg=-0.002 H=0.38 | img ret=5.28 val=5.26 imgR(mu=0.034 max=1.09 p99=0.95 hi=2.64%) scale=9.46 p5=0.10 p95=9.56 | r/step=0.0131 | 1.2 ips ETA 4h03\r\n"}
,{"stream_name":"stdout","time":22867.024884208,"data":"  iter 27450/45000 [61.0%] | WM wm=13.48 rec=7.35 kl=5.85 rew=0.272 con=0.004 rew@ach=0.72/0.92(n=21) rew@0=+0.015 | AC act=-0.004 crit=1.883 pg=-0.004 H=0.42 | img ret=4.00 val=3.98 imgR(mu=0.030 max=1.02 p99=0.94 hi=3.15%) scale=9.40 p5=0.09 p95=9.50 | r/step=0.0167 | 1.2 ips ETA 4h02\r\n"}
,{"stream_name":"stdout","time":22904.657907853,"data":"  iter 27500/45000 [61.1%] | WM wm=12.12 rec=6.29 kl=5.64 rew=0.182 con=0.003 rew@ach=0.86/0.98(n=13) rew@0=+0.013 | AC act=-0.002 crit=1.876 pg=-0.001 H=0.35 | img ret=5.18 val=5.14 imgR(mu=0.045 max=1.01 p99=0.87 hi=3.20%) scale=9.31 p5=0.12 p95=9.45 | r/step=0.0162 | 1.2 ips ETA 4h01\r\n"}
,{"stream_name":"stdout","time":23115.304528225,"data":"  \u003e\u003e\u003e EVAL @ iter 27500 : score=2.86  length=212  achievements=3.76 ↓  sample=3.60  (best=4.48 @25000)  crafter_score=2.07% [4699 train eps]\r\n"}
,{"stream_name":"stdout","time":23115.304558375,"data":"      unlocked (8/22): collect_sapling=100%  wake_up=99%  defeat_zombie=60%  place_plant=45%  eat_cow=29%  collect_wood=24%  collect_drink=17%  defeat_skeleton=1%\r\n"}
,{"stream_name":"stdout","time":23115.304565315,"data":"      TRAIN (11/22 sur 4699 eps): collect_sapling=4391(93.4%)  wake_up=4350(92.6%)  place_plant=2697(57.4%)  collect_wood=1338(28.5%)  defeat_zombie=1024(21.8%)  eat_cow=502(10.7%)  collect_drink=195(4.1%)  place_table=56(1.2%)  defeat_skeleton=4(0.1%)  make_wood_sword=2(0.0%)  make_wood_pickaxe=1(0.0%)\r\n"}
,{"stream_name":"stdout","time":23115.304570395,"data":"      JAMAIS vus en train (11) : collect_coal  collect_diamond  collect_iron  collect_stone  eat_plant  make_iron_pickaxe  make_iron_sword  make_stone_pickaxe  make_stone_sword  place_furnace  place_stone\r\n"}
,{"stream_name":"stdout","time":23124.264193679,"data":"  Checkpoint saved : dreamer_crafter_jax_v50-wmfix-t1_iter027500.npz\r\n"}
,{"stream_name":"stdout","time":23162.208852917,"data":"  iter 27550/45000 [61.2%] | WM wm=14.41 rec=7.48 kl=6.71 rew=0.217 con=0.001 rew@ach=0.56/0.76(n=14) rew@0=+0.011 | AC act=-0.001 crit=1.694 pg=-0.001 H=0.39 | img ret=5.46 val=5.43 imgR(mu=0.042 max=1.00 p99=0.92 hi=3.12%) scale=9.45 p5=0.12 p95=9.59 | r/step=0.0143 | 1.2 ips ETA 4h03\r\n"}
,{"stream_name":"stdout","time":23199.816612592,"data":"  iter 27600/45000 [61.3%] | WM wm=11.66 rec=6.03 kl=5.46 rew=0.161 con=0.007 rew@ach=0.88/1.00(n=12) rew@0=+0.009 | AC act=-0.001 crit=1.751 pg=-0.001 H=0.35 | img ret=4.76 val=4.79 imgR(mu=0.031 max=1.05 p99=0.93 hi=2.46%) scale=9.34 p5=0.10 p95=9.44 | r/step=0.0130 | 1.2 ips ETA 4h02\r\n"}
,{"stream_name":"stdout","time":23237.147585538,"data":"  iter 27650/45000 [61.4%] | WM wm=9.05 rec=4.34 kl=4.45 rew=0.251 con=0.017 rew@ach=0.72/0.92(n=22) rew@0=+0.028 | AC act=-0.002 crit=1.659 pg=-0.002 H=0.37 | img ret=5.03 val=5.03 imgR(mu=0.027 max=1.02 p99=0.83 hi=2.14%) scale=9.40 p5=0.04 p95=9.44 | r/step=0.0144 | 1.2 ips ETA 4h01\r\n"}
,{"stream_name":"stdout","time":23274.951606837,"data":"  iter 27700/45000 [61.6%] | WM wm=12.24 rec=6.41 kl=5.61 rew=0.209 con=0.008 rew@ach=0.95/0.98(n=20) rew@0=+0.026 | AC act=-0.000 crit=1.971 pg=0.000 H=0.32 | img ret=4.27 val=4.17 imgR(mu=0.045 max=1.02 p99=0.93 hi=4.18%) scale=9.72 p5=0.02 p95=9.74 | r/step=0.0144 | 1.2 ips ETA 4h00\r\n"}
,{"stream_name":"stdout","time":23312.59954417,"data":"  iter 27750/45000 [61.7%] | WM wm=11.29 rec=5.59 kl=5.46 rew=0.233 con=0.002 rew@ach=0.73/0.89(n=18) rew@0=+0.009 | AC act=-0.003 crit=1.783 pg=-0.003 H=0.37 | img ret=4.50 val=4.52 imgR(mu=0.027 max=1.01 p99=0.88 hi=2.31%) scale=9.85 p5=0.05 p95=9.90 | r/step=0.0198 | 1.2 ips ETA 4h00\r\n"}
,{"stream_name":"stdout","time":23350.185237491,"data":"  iter 27800/45000 [61.8%] | WM wm=14.37 rec=7.70 kl=6.50 rew=0.174 con=0.001 rew@ach=0.82/1.00(n=14) rew@0=+0.011 | AC act=-0.003 crit=1.933 pg=-0.003 H=0.37 | img ret=3.73 val=3.73 imgR(mu=0.031 max=1.04 p99=0.87 hi=2.53%) scale=10.00 p5=0.04 p95=10.02 | r/step=0.0127 | 1.2 ips ETA 3h59\r\n"}
,{"stream_name":"stdout","time":23387.496176589,"data":"  iter 27850/45000 [61.9%] | WM wm=11.74 rec=5.87 kl=5.64 rew=0.230 con=0.003 rew@ach=0.89/1.00(n=27) rew@0=+0.023 | AC act=-0.001 crit=1.711 pg=-0.000 H=0.40 | img ret=4.60 val=4.59 imgR(mu=0.032 max=1.01 p99=0.90 hi=2.73%) scale=9.93 p5=0.02 p95=9.93 | r/step=0.0154 | 1.2 ips ETA 3h58\r\n"}
,{"stream_name":"stdout","time":23425.2243779,"data":"  iter 27900/45000 [62.0%] | WM wm=12.58 rec=6.98 kl=5.41 rew=0.194 con=0.001 rew@ach=0.83/1.00(n=14) rew@0=+0.018 | AC act=-0.000 crit=1.910 pg=-0.000 H=0.34 | img ret=4.53 val=4.41 imgR(mu=0.041 max=1.01 p99=0.96 hi=3.17%) scale=9.61 p5=0.06 p95=9.67 | r/step=0.0163 | 1.2 ips ETA 3h57\r\n"}
,{"stream_name":"stdout","time":23462.838195344,"data":"  iter 27950/45000 [62.1%] | WM wm=10.55 rec=5.20 kl=5.17 rew=0.179 con=0.005 rew@ach=0.84/0.91(n=20) rew@0=+0.008 | AC act=0.001 crit=1.650 pg=0.001 H=0.44 | img ret=4.88 val=4.81 imgR(mu=0.037 max=1.03 p99=0.98 hi=3.15%) scale=9.57 p5=0.13 p95=9.68 | r/step=0.0099 | 1.2 ips ETA 3h57\r\n"}
,{"stream_name":"stdout","time":23500.151040431,"data":"  iter 28000/45000 [62.2%] | WM wm=12.58 rec=6.58 kl=5.74 rew=0.249 con=0.004 rew@ach=0.75/0.87(n=26) rew@0=+0.029 | AC act=0.000 crit=1.873 pg=0.000 H=0.40 | img ret=4.02 val=3.97 imgR(mu=0.024 max=1.04 p99=0.81 hi=1.92%) scale=9.54 p5=0.11 p95=9.64 | r/step=0.0171 | 1.2 ips ETA 3h56\r\n"}
,{"stream_name":"stdout","time":23537.29811022,"data":"  iter 28050/45000 [62.3%] | WM wm=9.06 rec=4.40 kl=4.42 rew=0.244 con=0.003 rew@ach=0.74/0.92(n=21) rew@0=+0.023 | AC act=0.000 crit=1.775 pg=0.000 H=0.36 | img ret=4.60 val=4.53 imgR(mu=0.036 max=1.01 p99=0.88 hi=2.84%) scale=10.01 p5=0.07 p95=10.09 | r/step=0.0126 | 1.2 ips ETA 3h55\r\n"}
,{"stream_name":"stdout","time":23575.13464618,"data":"  iter 28100/45000 [62.4%] | WM wm=13.01 rec=7.15 kl=5.68 rew=0.177 con=0.002 rew@ach=0.79/0.91(n=18) rew@0=+0.009 | AC act=0.000 crit=1.715 pg=0.000 H=0.42 | img ret=5.16 val=5.11 imgR(mu=0.040 max=1.02 p99=0.97 hi=3.16%) scale=9.78 p5=0.08 p95=9.87 | r/step=0.0171 | 1.2 ips ETA 3h55\r\n"}
,{"stream_name":"stdout","time":23612.900277758,"data":"  iter 28150/45000 [62.6%] | WM wm=11.84 rec=6.13 kl=5.56 rew=0.142 con=0.005 rew@ach=0.80/1.00(n=10) rew@0=+0.010 | AC act=0.001 crit=1.748 pg=0.001 H=0.34 | img ret=4.90 val=4.83 imgR(mu=0.057 max=1.02 p99=0.93 hi=4.57%) scale=9.75 p5=0.13 p95=9.89 | r/step=0.0120 | 1.2 ips ETA 3h54\r\n"}
,{"stream_name":"stdout","time":23650.675091699,"data":"  iter 28200/45000 [62.7%] | WM wm=12.02 rec=6.44 kl=5.41 rew=0.167 con=0.002 rew@ach=0.91/1.00(n=14) rew@0=+0.016 | AC act=-0.001 crit=1.809 pg=-0.001 H=0.39 | img ret=5.90 val=5.82 imgR(mu=0.066 max=1.01 p99=0.99 hi=5.66%) scale=10.09 p5=0.10 p95=10.22 | r/step=0.0094 | 1.2 ips ETA 3h53\r\n"}
,{"stream_name":"stdout","time":23688.350679489,"data":"  iter 28250/45000 [62.8%] | WM wm=10.62 rec=5.17 kl=5.13 rew=0.309 con=0.009 rew@ach=0.79/1.00(n=22) rew@0=+0.026 | AC act=0.001 crit=1.833 pg=0.001 H=0.42 | img ret=4.54 val=4.46 imgR(mu=0.042 max=1.06 p99=0.91 hi=3.28%) scale=10.32 p5=0.07 p95=10.39 | r/step=0.0124 | 1.2 ips ETA 3h52\r\n"}
,{"stream_name":"stdout","time":23725.872332464,"data":"  iter 28300/45000 [62.9%] | WM wm=11.67 rec=5.62 kl=5.84 rew=0.210 con=0.004 rew@ach=0.73/0.88(n=16) rew@0=+0.025 | AC act=0.002 crit=1.922 pg=0.002 H=0.36 | img ret=4.30 val=4.19 imgR(mu=0.039 max=1.00 p99=0.86 hi=3.08%) scale=10.63 p5=0.08 p95=10.70 | r/step=0.0127 | 1.2 ips ETA 3h52\r\n"}
,{"stream_name":"stdout","time":23763.558382707,"data":"  iter 28350/45000 [63.0%] | WM wm=12.33 rec=6.84 kl=5.29 rew=0.198 con=0.008 rew@ach=0.79/1.00(n=16) rew@0=+0.011 | AC act=0.000 crit=2.102 pg=0.000 H=0.33 | img ret=3.73 val=3.67 imgR(mu=0.029 max=1.00 p99=0.81 hi=2.59%) scale=10.48 p5=0.11 p95=10.59 | r/step=0.0147 | 1.2 ips ETA 3h51\r\n"}
,{"stream_name":"stdout","time":23801.463849497,"data":"  iter 28400/45000 [63.1%] | WM wm=11.54 rec=5.57 kl=5.82 rew=0.144 con=0.002 rew@ach=0.93/1.00(n=14) rew@0=+0.010 | AC act=-0.003 crit=1.823 pg=-0.002 H=0.33 | img ret=4.56 val=4.55 imgR(mu=0.026 max=1.01 p99=0.77 hi=1.98%) scale=10.89 p5=0.08 p95=10.96 | r/step=0.0150 | 1.2 ips ETA 3h50\r\n"}
,{"stream_name":"stdout","time":23839.021876233,"data":"  iter 28450/45000 [63.2%] | WM wm=11.15 rec=4.71 kl=6.19 rew=0.244 con=0.006 rew@ach=0.87/1.00(n=21) rew@0=+0.016 | AC act=-0.003 crit=1.690 pg=-0.003 H=0.40 | img ret=5.54 val=5.56 imgR(mu=0.037 max=1.09 p99=0.90 hi=3.00%) scale=10.85 p5=0.06 p95=10.92 | r/step=0.0180 | 1.2 ips ETA 3h49\r\n"}
,{"stream_name":"stdout","time":23876.852170923,"data":"  iter 28500/45000 [63.3%] | WM wm=11.33 rec=5.51 kl=5.63 rew=0.198 con=0.002 rew@ach=0.85/1.00(n=16) rew@0=+0.013 | AC act=0.002 crit=1.825 pg=0.002 H=0.37 | img ret=4.71 val=4.59 imgR(mu=0.050 max=1.01 p99=0.95 hi=4.27%) scale=11.03 p5=0.05 p95=11.07 | r/step=0.0127 | 1.2 ips ETA 3h49\r\n"}
,{"stream_name":"stdout","time":23914.565460846,"data":"  iter 28550/45000 [63.4%] | WM wm=14.39 rec=7.52 kl=6.65 rew=0.215 con=0.002 rew@ach=0.70/0.88(n=17) rew@0=+0.018 | AC act=-0.002 crit=1.955 pg=-0.002 H=0.37 | img ret=4.41 val=4.45 imgR(mu=0.029 max=1.02 p99=0.88 hi=2.40%) scale=11.04 p5=0.05 p95=11.08 | r/step=0.0139 | 1.2 ips ETA 3h48\r\n"}
,{"stream_name":"stdout","time":23952.029813755,"data":"  iter 28600/45000 [63.6%] | WM wm=11.10 rec=5.75 kl=5.14 rew=0.207 con=0.004 rew@ach=0.79/0.91(n=20) rew@0=+0.023 | AC act=-0.002 crit=1.841 pg=-0.002 H=0.34 | img ret=4.43 val=4.42 imgR(mu=0.033 max=1.00 p99=0.91 hi=2.92%) scale=10.88 p5=0.08 p95=10.96 | r/step=0.0172 | 1.2 ips ETA 3h47\r\n"}
,{"stream_name":"stdout","time":23989.994208652,"data":"  iter 28650/45000 [63.7%] | WM wm=10.46 rec=4.86 kl=5.31 rew=0.287 con=0.009 rew@ach=0.72/0.90(n=21) rew@0=+0.033 | AC act=-0.002 crit=1.919 pg=-0.002 H=0.31 | img ret=4.56 val=4.52 imgR(mu=0.039 max=1.02 p99=0.91 hi=3.41%) scale=11.02 p5=0.09 p95=11.12 | r/step=0.0160 | 1.2 ips ETA 3h46\r\n"}
,{"stream_name":"stdout","time":24027.788230206,"data":"  iter 28700/45000 [63.8%] | WM wm=9.45 rec=3.92 kl=5.30 rew=0.224 con=0.000 rew@ach=0.73/0.83(n=20) rew@0=+0.024 | AC act=-0.002 crit=1.675 pg=-0.001 H=0.35 | img ret=5.05 val=5.06 imgR(mu=0.039 max=1.01 p99=0.93 hi=3.11%) scale=10.81 p5=0.09 p95=10.91 | r/step=0.0161 | 1.2 ips ETA 3h46\r\n"}
,{"stream_name":"stdout","time":24065.526293267,"data":"  iter 28750/45000 [63.9%] | WM wm=13.43 rec=7.28 kl=5.99 rew=0.165 con=0.003 rew@ach=0.61/0.65(n=11) rew@0=+0.019 | AC act=-0.003 crit=1.826 pg=-0.002 H=0.27 | img ret=4.83 val=4.87 imgR(mu=0.030 max=1.06 p99=0.78 hi=2.26%) scale=10.82 p5=0.06 p95=10.89 | r/step=0.0160 | 1.2 ips ETA 3h45\r\n"}
,{"stream_name":"stdout","time":24065.526345857,"data":"  [health] WARN H_collapse: H=0.27\r\n"}
,{"stream_name":"stdout","time":24103.216333169,"data":"  iter 28800/45000 [64.0%] | WM wm=13.58 rec=7.33 kl=6.03 rew=0.224 con=0.001 rew@ach=0.85/1.00(n=19) rew@0=+0.018 | AC act=-0.001 crit=1.743 pg=-0.001 H=0.33 | img ret=4.72 val=4.70 imgR(mu=0.043 max=1.03 p99=0.94 hi=3.68%) scale=10.21 p5=0.05 p95=10.26 | r/step=0.0154 | 1.2 ips ETA 3h44\r\n"}
,{"stream_name":"stdout","time":24140.99556907,"data":"  iter 28850/45000 [64.1%] | WM wm=10.68 rec=5.51 kl=4.97 rew=0.193 con=0.008 rew@ach=0.87/1.00(n=13) rew@0=+0.023 | AC act=0.000 crit=1.762 pg=0.000 H=0.33 | img ret=4.16 val=4.09 imgR(mu=0.037 max=1.01 p99=0.93 hi=3.28%) scale=9.64 p5=0.07 p95=9.72 | r/step=0.0115 | 1.2 ips ETA 3h44\r\n"}
,{"stream_name":"stdout","time":24178.554428746,"data":"  iter 28900/45000 [64.2%] | WM wm=11.79 rec=5.80 kl=5.79 rew=0.194 con=0.003 rew@ach=0.84/1.00(n=19) rew@0=+0.020 | AC act=-0.001 crit=1.861 pg=-0.001 H=0.32 | img ret=4.34 val=4.31 imgR(mu=0.040 max=1.00 p99=0.93 hi=3.55%) scale=9.80 p5=0.05 p95=9.86 | r/step=0.0108 | 1.2 ips ETA 3h43\r\n"}
,{"stream_name":"stdout","time":24215.976476163,"data":"  iter 28950/45000 [64.3%] | WM wm=11.93 rec=5.66 kl=6.07 rew=0.201 con=0.002 rew@ach=0.77/1.01(n=17) rew@0=+0.011 | AC act=-0.001 crit=1.696 pg=-0.001 H=0.27 | img ret=4.08 val=4.05 imgR(mu=0.036 max=1.01 p99=0.88 hi=2.87%) scale=9.80 p5=0.10 p95=9.91 | r/step=0.0139 | 1.2 ips ETA 3h42\r\n"}
,{"stream_name":"stdout","time":24215.976514863,"data":"  [health] WARN H_collapse: H=0.27\r\n"}
,{"stream_name":"stdout","time":24253.918734942,"data":"  iter 29000/45000 [64.4%] | WM wm=9.40 rec=4.84 kl=4.38 rew=0.180 con=0.001 rew@ach=0.96/0.99(n=15) rew@0=+0.020 | AC act=-0.003 crit=1.888 pg=-0.003 H=0.31 | img ret=3.88 val=3.91 imgR(mu=0.032 max=1.01 p99=0.86 hi=2.39%) scale=9.71 p5=0.05 p95=9.76 | r/step=0.0120 | 1.2 ips ETA 3h41\r\n"}
,{"stream_name":"stdout","time":24291.496006346,"data":"  iter 29050/45000 [64.6%] | WM wm=10.62 rec=5.36 kl=5.10 rew=0.152 con=0.001 rew@ach=0.82/0.88(n=13) rew@0=+0.016 | AC act=0.000 crit=2.015 pg=0.000 H=0.34 | img ret=2.81 val=2.79 imgR(mu=0.030 max=1.01 p99=0.84 hi=2.68%) scale=9.49 p5=0.04 p95=9.51 | r/step=0.0119 | 1.2 ips ETA 3h41\r\n"}
,{"stream_name":"stdout","time":24329.270026669,"data":"  iter 29100/45000 [64.7%] | WM wm=10.42 rec=5.17 kl=5.02 rew=0.232 con=0.001 rew@ach=0.85/0.99(n=19) rew@0=+0.022 | AC act=0.000 crit=1.815 pg=0.001 H=0.32 | img ret=4.04 val=3.93 imgR(mu=0.040 max=1.01 p99=0.89 hi=3.55%) scale=9.52 p5=0.07 p95=9.60 | r/step=0.0139 | 1.2 ips ETA 3h40\r\n"}
,{"stream_name":"stdout","time":24367.098309701,"data":"  iter 29150/45000 [64.8%] | WM wm=10.60 rec=5.84 kl=4.63 rew=0.134 con=0.005 rew@ach=0.96/1.00(n=13) rew@0=+0.013 | AC act=-0.002 crit=1.755 pg=-0.001 H=0.35 | img ret=4.05 val=4.02 imgR(mu=0.027 max=1.02 p99=0.91 hi=2.25%) scale=9.49 p5=0.06 p95=9.54 | r/step=0.0115 | 1.2 ips ETA 3h39\r\n"}
,{"stream_name":"stdout","time":24404.919094051,"data":"  iter 29200/45000 [64.9%] | WM wm=13.84 rec=6.58 kl=7.07 rew=0.180 con=0.004 rew@ach=0.82/0.89(n=18) rew@0=+0.009 | AC act=-0.003 crit=2.068 pg=-0.002 H=0.32 | img ret=3.63 val=3.62 imgR(mu=0.031 max=1.01 p99=0.84 hi=2.73%) scale=9.41 p5=0.04 p95=9.46 | r/step=0.0109 | 1.2 ips ETA 3h38\r\n"}
,{"stream_name":"stdout","time":24442.759402092,"data":"  iter 29250/45000 [65.0%] | WM wm=14.28 rec=7.33 kl=6.75 rew=0.198 con=0.006 rew@ach=0.90/1.00(n=14) rew@0=+0.025 | AC act=-0.001 crit=1.788 pg=-0.001 H=0.36 | img ret=4.52 val=4.45 imgR(mu=0.045 max=1.03 p99=0.96 hi=3.66%) scale=9.37 p5=0.07 p95=9.45 | r/step=0.0141 | 1.2 ips ETA 3h38\r\n"}
,{"stream_name":"stdout","time":24480.600503883,"data":"  iter 29300/45000 [65.1%] | WM wm=10.98 rec=5.33 kl=5.47 rew=0.174 con=0.006 rew@ach=0.77/0.89(n=17) rew@0=+0.012 | AC act=-0.001 crit=1.937 pg=-0.001 H=0.32 | img ret=3.59 val=3.59 imgR(mu=0.026 max=1.02 p99=0.86 hi=2.61%) scale=9.42 p5=0.05 p95=9.48 | r/step=0.0104 | 1.2 ips ETA 3h37\r\n"}
,{"stream_name":"stdout","time":24518.250956346,"data":"  iter 29350/45000 [65.2%] | WM wm=11.59 rec=5.36 kl=6.05 rew=0.184 con=0.000 rew@ach=0.78/0.83(n=20) rew@0=+0.025 | AC act=0.001 crit=1.772 pg=0.001 H=0.33 | img ret=4.34 val=4.28 imgR(mu=0.035 max=1.01 p99=0.92 hi=2.97%) scale=9.27 p5=0.07 p95=9.36 | r/step=0.0142 | 1.2 ips ETA 3h36\r\n"}
,{"stream_name":"stdout","time":24555.791916923,"data":"  iter 29400/45000 [65.3%] | WM wm=10.72 rec=4.67 kl=5.81 rew=0.236 con=0.007 rew@ach=0.76/0.90(n=21) rew@0=+0.024 | AC act=-0.001 crit=1.778 pg=-0.001 H=0.33 | img ret=3.79 val=3.79 imgR(mu=0.024 max=1.01 p99=0.84 hi=2.06%) scale=9.10 p5=0.03 p95=9.11 | r/step=0.0041 | 1.2 ips ETA 3h36\r\n"}
,{"stream_name":"stdout","time":24593.80015618,"data":"  iter 29450/45000 [65.4%] | WM wm=8.90 rec=4.13 kl=4.59 rew=0.180 con=0.001 rew@ach=0.84/0.90(n=21) rew@0=+0.022 | AC act=-0.000 crit=1.988 pg=-0.000 H=0.29 | img ret=3.57 val=3.50 imgR(mu=0.026 max=1.01 p99=0.75 hi=1.97%) scale=8.89 p5=0.05 p95=8.95 | r/step=0.0122 | 1.2 ips ETA 3h35\r\n"}
,{"stream_name":"stdout","time":24593.80018853,"data":"  [health] WARN H_collapse: H=0.29\r\n"}
,{"stream_name":"stdout","time":24631.416041074,"data":"  iter 29500/45000 [65.6%] | WM wm=12.69 rec=6.87 kl=5.54 rew=0.274 con=0.001 rew@ach=0.67/0.91(n=20) rew@0=+0.020 | AC act=0.005 crit=1.640 pg=0.005 H=0.40 | img ret=5.18 val=5.05 imgR(mu=0.057 max=1.01 p99=1.00 hi=4.86%) scale=8.59 p5=0.06 p95=8.65 | r/step=0.0089 | 1.2 ips ETA 3h34\r\n"}
,{"stream_name":"stdout","time":24669.038941668,"data":"  iter 29550/45000 [65.7%] | WM wm=12.00 rec=6.26 kl=5.45 rew=0.285 con=0.011 rew@ach=0.84/1.00(n=21) rew@0=+0.025 | AC act=-0.003 crit=1.671 pg=-0.002 H=0.35 | img ret=4.26 val=4.24 imgR(mu=0.026 max=1.01 p99=0.82 hi=2.11%) scale=8.81 p5=0.06 p95=8.86 | r/step=0.0108 | 1.2 ips ETA 3h33\r\n"}
,{"stream_name":"stdout","time":24706.600424935,"data":"  iter 29600/45000 [65.8%] | WM wm=10.24 rec=5.23 kl=4.87 rew=0.143 con=0.004 rew@ach=0.95/1.00(n=15) rew@0=+0.006 | AC act=-0.003 crit=1.691 pg=-0.003 H=0.39 | img ret=3.98 val=3.99 imgR(mu=0.030 max=1.03 p99=0.82 hi=2.34%) scale=8.98 p5=0.04 p95=9.03 | r/step=0.0110 | 1.2 ips ETA 3h33\r\n"}
,{"stream_name":"stdout","time":24744.10288128,"data":"  iter 29650/45000 [65.9%] | WM wm=9.24 rec=4.40 kl=4.71 rew=0.135 con=0.003 rew@ach=0.96/1.00(n=14) rew@0=+0.015 | AC act=-0.002 crit=1.921 pg=-0.002 H=0.32 | img ret=3.83 val=3.80 imgR(mu=0.027 max=1.01 p99=0.78 hi=1.98%) scale=8.81 p5=0.06 p95=8.87 | r/step=0.0067 | 1.2 ips ETA 3h32\r\n"}
,{"stream_name":"stdout","time":24781.43965838,"data":"  iter 29700/45000 [66.0%] | WM wm=10.80 rec=5.85 kl=4.74 rew=0.209 con=0.006 rew@ach=0.72/0.91(n=18) rew@0=+0.015 | AC act=-0.001 crit=1.743 pg=-0.001 H=0.32 | img ret=3.92 val=3.90 imgR(mu=0.038 max=1.01 p99=0.88 hi=2.98%) scale=8.67 p5=0.03 p95=8.72 | r/step=0.0117 | 1.2 ips ETA 3h31\r\n"}
,{"stream_name":"stdout","time":24819.124924993,"data":"  iter 29750/45000 [66.1%] | WM wm=9.82 rec=5.19 kl=4.45 rew=0.174 con=0.004 rew@ach=0.68/0.79(n=15) rew@0=+0.021 | AC act=-0.002 crit=1.765 pg=-0.002 H=0.39 | img ret=4.04 val=4.01 imgR(mu=0.034 max=1.01 p99=0.96 hi=3.03%) scale=8.59 p5=0.02 p95=8.63 | r/step=0.0080 | 1.2 ips ETA 3h30\r\n"}
,{"stream_name":"stdout","time":24856.800516279,"data":"  iter 29800/45000 [66.2%] | WM wm=12.78 rec=5.95 kl=6.56 rew=0.263 con=0.007 rew@ach=0.73/0.90(n=25) rew@0=+0.017 | AC act=0.000 crit=1.762 pg=0.000 H=0.37 | img ret=4.55 val=4.44 imgR(mu=0.043 max=1.01 p99=0.98 hi=3.16%) scale=8.78 p5=0.06 p95=8.84 | r/step=0.0113 | 1.2 ips ETA 3h30\r\n"}
,{"stream_name":"stdout","time":24894.424086774,"data":"  iter 29850/45000 [66.3%] | WM wm=9.86 rec=4.38 kl=5.26 rew=0.213 con=0.002 rew@ach=0.83/0.99(n=20) rew@0=+0.023 | AC act=0.000 crit=2.024 pg=0.001 H=0.29 | img ret=3.82 val=3.75 imgR(mu=0.048 max=1.02 p99=1.00 hi=4.03%) scale=8.70 p5=0.09 p95=8.80 | r/step=0.0065 | 1.2 ips ETA 3h29\r\n"}
,{"stream_name":"stdout","time":24894.424141254,"data":"  [health] WARN H_collapse: H=0.29\r\n"}
,{"stream_name":"stdout","time":24932.140626147,"data":"  iter 29900/45000 [66.4%] | WM wm=13.25 rec=6.77 kl=6.18 rew=0.300 con=0.004 rew@ach=0.82/1.00(n=21) rew@0=+0.015 | AC act=0.001 crit=1.923 pg=0.001 H=0.30 | img ret=3.64 val=3.58 imgR(mu=0.039 max=1.01 p99=0.89 hi=3.28%) scale=8.67 p5=0.09 p95=8.77 | r/step=0.0140 | 1.2 ips ETA 3h28\r\n"}
,{"stream_name":"stdout","time":24932.140657077,"data":"  [health] WARN H_collapse: H=0.30\r\n"}
,{"stream_name":"stdout","time":24969.836561322,"data":"  iter 29950/45000 [66.6%] | WM wm=10.30 rec=5.04 kl=5.09 rew=0.163 con=0.003 rew@ach=0.86/1.00(n=16) rew@0=+0.005 | AC act=-0.002 crit=1.912 pg=-0.002 H=0.33 | img ret=3.32 val=3.37 imgR(mu=0.031 max=1.01 p99=0.92 hi=2.75%) scale=8.81 p5=0.06 p95=8.87 | r/step=0.0130 | 1.2 ips ETA 3h28\r\n"}
,{"stream_name":"stdout","time":25007.756327254,"data":"  iter 30000/45000 [66.7%] | WM wm=13.41 rec=6.49 kl=6.75 rew=0.169 con=0.005 rew@ach=0.87/1.00(n=15) rew@0=+0.011 | AC act=-0.003 crit=1.789 pg=-0.003 H=0.37 | img ret=3.72 val=3.69 imgR(mu=0.031 max=1.01 p99=0.85 hi=2.36%) scale=8.82 p5=0.06 p95=8.87 | r/step=0.0123 | 1.2 ips ETA 3h27\r\n"}
,{"stream_name":"stdout","time":25217.988863676,"data":"  \u003e\u003e\u003e EVAL @ iter 30000 : score=2.11  length=212  achievements=3.01 ↓  sample=2.40  (best=4.48 @25000)  crafter_score=2.11% [5073 train eps]\r\n"}
,{"stream_name":"stdout","time":25217.988897146,"data":"      unlocked (6/22): collect_sapling=100%  wake_up=96%  defeat_zombie=65%  eat_cow=23%  collect_wood=9%  place_plant=8%\r\n"}
,{"stream_name":"stdout","time":25217.988904596,"data":"      TRAIN (11/22 sur 5073 eps): collect_sapling=4765(93.9%)  wake_up=4709(92.8%)  place_plant=2884(56.8%)  collect_wood=1445(28.5%)  defeat_zombie=1273(25.1%)  eat_cow=582(11.5%)  collect_drink=239(4.7%)  place_table=57(1.1%)  defeat_skeleton=5(0.1%)  make_wood_sword=2(0.0%)  make_wood_pickaxe=1(0.0%)\r\n"}
,{"stream_name":"stdout","time":25217.988910806,"data":"      JAMAIS vus en train (11) : collect_coal  collect_diamond  collect_iron  collect_stone  eat_plant  make_iron_pickaxe  make_iron_sword  make_stone_pickaxe  make_stone_sword  place_furnace  place_stone\r\n"}
,{"stream_name":"stdout","time":25226.951924986,"data":"  Checkpoint saved : dreamer_crafter_jax_v50-wmfix-t1_iter030000.npz\r\n"}
,{"stream_name":"stdout","time":25264.545712621,"data":"  iter 30050/45000 [66.8%] | WM wm=12.35 rec=6.15 kl=6.06 rew=0.133 con=0.002 rew@ach=0.88/0.98(n=10) rew@0=+0.008 | AC act=-0.000 crit=1.835 pg=0.000 H=0.34 | img ret=3.35 val=3.32 imgR(mu=0.030 max=1.00 p99=0.87 hi=2.44%) scale=8.93 p5=0.03 p95=8.95 | r/step=0.0145 | 1.2 ips ETA 3h28\r\n"}
,{"stream_name":"stdout","time":25302.106816169,"data":"  iter 30100/45000 [66.9%] | WM wm=12.48 rec=6.72 kl=5.57 rew=0.190 con=0.001 rew@ach=0.81/1.00(n=16) rew@0=+0.010 | AC act=0.002 crit=1.807 pg=0.002 H=0.35 | img ret=4.31 val=4.25 imgR(mu=0.037 max=1.01 p99=0.92 hi=2.80%) scale=8.98 p5=0.01 p95=8.99 | r/step=0.0134 | 1.2 ips ETA 3h27\r\n"}
,{"stream_name":"stdout","time":25339.815234972,"data":"  iter 30150/45000 [67.0%] | WM wm=11.49 rec=5.59 kl=5.65 rew=0.237 con=0.019 rew@ach=0.84/0.99(n=24) rew@0=+0.016 | AC act=-0.002 crit=1.869 pg=-0.002 H=0.29 | img ret=3.78 val=3.75 imgR(mu=0.029 max=1.01 p99=0.91 hi=2.50%) scale=8.82 p5=0.10 p95=8.90 | r/step=0.0153 | 1.2 ips ETA 3h26\r\n"}
,{"stream_name":"stdout","time":25339.815270172,"data":"  [health] WARN H_collapse: H=0.29\r\n"}
,{"stream_name":"stdout","time":25377.436152457,"data":"  iter 30200/45000 [67.1%] | WM wm=11.42 rec=5.46 kl=5.79 rew=0.169 con=0.001 rew@ach=0.84/1.00(n=13) rew@0=+0.011 | AC act=-0.002 crit=1.866 pg=-0.002 H=0.33 | img ret=3.74 val=3.75 imgR(mu=0.031 max=1.01 p99=0.88 hi=2.61%) scale=8.91 p5=0.12 p95=9.03 | r/step=0.0150 | 1.2 ips ETA 3h26\r\n"}
,{"stream_name":"stdout","time":25415.109130471,"data":"  iter 30250/45000 [67.2%] | WM wm=11.12 rec=5.67 kl=5.24 rew=0.212 con=0.004 rew@ach=0.72/0.89(n=19) rew@0=+0.013 | AC act=-0.001 crit=1.968 pg=-0.000 H=0.34 | img ret=3.80 val=3.74 imgR(mu=0.035 max=1.06 p99=0.87 hi=3.02%) scale=8.79 p5=0.06 p95=8.85 | r/step=0.0134 | 1.2 ips ETA 3h25\r\n"}
,{"stream_name":"stdout","time":25452.719580978,"data":"  iter 30300/45000 [67.3%] | WM wm=11.84 rec=6.07 kl=5.55 rew=0.219 con=0.005 rew@ach=0.86/1.00(n=21) rew@0=+0.014 | AC act=-0.002 crit=1.769 pg=-0.002 H=0.39 | img ret=3.64 val=3.64 imgR(mu=0.030 max=1.01 p99=0.91 hi=2.77%) scale=8.72 p5=0.05 p95=8.75 | r/step=0.0082 | 1.2 ips ETA 3h24\r\n"}
,{"stream_name":"stdout","time":25490.221318715,"data":"  iter 30350/45000 [67.4%] | WM wm=11.31 rec=5.79 kl=5.39 rew=0.125 con=0.000 rew@ach=0.97/1.00(n=12) rew@0=+0.012 | AC act=-0.004 crit=1.644 pg=-0.004 H=0.43 | img ret=3.94 val=3.98 imgR(mu=0.038 max=1.01 p99=0.96 hi=3.09%) scale=8.30 p5=0.05 p95=8.37 | r/step=0.0070 | 1.2 ips ETA 3h24\r\n"}
,{"stream_name":"stdout","time":25527.891884452,"data":"  iter 30400/45000 [67.6%] | WM wm=13.17 rec=7.20 kl=5.79 rew=0.176 con=0.003 rew@ach=0.94/1.00(n=15) rew@0=+0.023 | AC act=-0.005 crit=1.945 pg=-0.005 H=0.36 | img ret=3.78 val=3.71 imgR(mu=0.053 max=1.01 p99=0.99 hi=4.64%) scale=8.27 p5=0.03 p95=8.31 | r/step=0.0121 | 1.2 ips ETA 3h23\r\n"}
,{"stream_name":"stdout","time":25565.558842068,"data":"  iter 30450/45000 [67.7%] | WM wm=10.43 rec=5.13 kl=5.07 rew=0.223 con=0.006 rew@ach=0.83/0.99(n=19) rew@0=+0.022 | AC act=0.001 crit=2.061 pg=0.001 H=0.36 | img ret=3.18 val=3.13 imgR(mu=0.036 max=1.01 p99=0.91 hi=3.24%) scale=8.44 p5=0.01 p95=8.45 | r/step=0.0128 | 1.2 ips ETA 3h22\r\n"}
,{"stream_name":"stdout","time":25603.228088033,"data":"  iter 30500/45000 [67.8%] | WM wm=9.38 rec=4.42 kl=4.77 rew=0.190 con=0.002 rew@ach=0.86/1.00(n=16) rew@0=+0.021 | AC act=-0.002 crit=1.881 pg=-0.001 H=0.31 | img ret=3.03 val=3.00 imgR(mu=0.022 max=1.03 p99=0.77 hi=1.90%) scale=8.25 p5=0.08 p95=8.30 | r/step=0.0135 | 1.2 ips ETA 3h21\r\n"}
,{"stream_name":"stdout","time":25641.054358666,"data":"  iter 30550/45000 [67.9%] | WM wm=12.65 rec=6.84 kl=5.62 rew=0.190 con=0.002 rew@ach=0.91/0.99(n=19) rew@0=+0.014 | AC act=0.003 crit=2.001 pg=0.003 H=0.41 | img ret=3.51 val=3.40 imgR(mu=0.046 max=1.08 p99=1.00 hi=4.11%) scale=8.32 p5=0.08 p95=8.42 | r/step=0.0135 | 1.2 ips ETA 3h21\r\n"}
,{"stream_name":"stdout","time":25678.820641219,"data":"  iter 30600/45000 [68.0%] | WM wm=13.54 rec=6.87 kl=6.48 rew=0.186 con=0.006 rew@ach=0.78/0.97(n=14) rew@0=+0.012 | AC act=0.001 crit=1.742 pg=0.001 H=0.38 | img ret=3.59 val=3.52 imgR(mu=0.032 max=1.01 p99=0.97 hi=2.84%) scale=8.23 p5=0.05 p95=8.25 | r/step=0.0158 | 1.2 ips ETA 3h20\r\n"}
,{"stream_name":"stdout","time":25716.471642385,"data":"  iter 30650/45000 [68.1%] | WM wm=9.10 rec=4.41 kl=4.52 rew=0.174 con=0.001 rew@ach=0.76/0.87(n=13) rew@0=+0.019 | AC act=-0.001 crit=1.771 pg=-0.001 H=0.40 | img ret=3.49 val=3.47 imgR(mu=0.036 max=1.01 p99=0.95 hi=2.93%) scale=8.21 p5=0.04 p95=8.25 | r/step=0.0112 | 1.2 ips ETA 3h19\r\n"}
,{"stream_name":"stdout","time":25754.548858104,"data":"  iter 30700/45000 [68.2%] | WM wm=11.48 rec=5.50 kl=5.78 rew=0.198 con=0.009 rew@ach=0.91/0.99(n=20) rew@0=+0.016 | AC act=0.002 crit=1.924 pg=0.003 H=0.41 | img ret=3.43 val=3.37 imgR(mu=0.034 max=1.01 p99=0.92 hi=3.02%) scale=8.41 p5=0.04 p95=8.46 | r/step=0.0195 | 1.2 ips ETA 3h18\r\n"}
,{"stream_name":"stdout","time":25792.2647195,"data":"  iter 30750/45000 [68.3%] | WM wm=11.97 rec=6.00 kl=5.73 rew=0.231 con=0.004 rew@ach=0.82/0.99(n=20) rew@0=+0.014 | AC act=-0.001 crit=1.944 pg=-0.001 H=0.37 | img ret=3.39 val=3.37 imgR(mu=0.040 max=1.01 p99=0.92 hi=3.38%) scale=8.40 p5=0.06 p95=8.46 | r/step=0.0145 | 1.2 ips ETA 3h18\r\n"}
,{"stream_name":"stdout","time":25829.794100866,"data":"  iter 30800/45000 [68.4%] | WM wm=10.82 rec=5.60 kl=5.06 rew=0.149 con=0.008 rew@ach=0.99/1.00(n=9) rew@0=+0.014 | AC act=-0.004 crit=1.632 pg=-0.003 H=0.43 | img ret=4.00 val=4.02 imgR(mu=0.029 max=1.01 p99=0.95 hi=2.45%) scale=8.21 p5=0.04 p95=8.25 | r/step=0.0109 | 1.2 ips ETA 3h17\r\n"}
,{"stream_name":"stdout","time":25867.747688826,"data":"  iter 30850/45000 [68.6%] | WM wm=11.28 rec=5.80 kl=5.30 rew=0.185 con=0.002 rew@ach=0.72/0.89(n=16) rew@0=+0.010 | AC act=0.000 crit=1.912 pg=0.000 H=0.42 | img ret=3.65 val=3.58 imgR(mu=0.038 max=1.01 p99=0.92 hi=3.28%) scale=8.08 p5=0.04 p95=8.12 | r/step=0.0143 | 1.2 ips ETA 3h16\r\n"}
,{"stream_name":"stdout","time":25905.429388729,"data":"  iter 30900/45000 [68.7%] | WM wm=13.06 rec=7.11 kl=5.75 rew=0.197 con=0.003 rew@ach=0.89/0.98(n=17) rew@0=+0.022 | AC act=0.000 crit=1.963 pg=0.000 H=0.36 | img ret=2.99 val=2.91 imgR(mu=0.040 max=1.01 p99=0.94 hi=3.39%) scale=8.44 p5=0.06 p95=8.50 | r/step=0.0145 | 1.2 ips ETA 3h16\r\n"}
,{"stream_name":"stdout","time":25942.994600746,"data":"  iter 30950/45000 [68.8%] | WM wm=12.11 rec=6.30 kl=5.56 rew=0.243 con=0.006 rew@ach=0.79/0.90(n=20) rew@0=+0.024 | AC act=-0.001 crit=1.681 pg=-0.001 H=0.44 | img ret=4.04 val=4.08 imgR(mu=0.039 max=1.02 p99=1.00 hi=3.30%) scale=8.48 p5=0.07 p95=8.56 | r/step=0.0124 | 1.2 ips ETA 3h15\r\n"}
,{"stream_name":"stdout","time":25980.819933016,"data":"  iter 31000/45000 [68.9%] | WM wm=9.68 rec=4.80 kl=4.68 rew=0.203 con=0.002 rew@ach=0.92/0.99(n=22) rew@0=+0.014 | AC act=-0.001 crit=1.902 pg=-0.001 H=0.34 | img ret=3.19 val=3.17 imgR(mu=0.032 max=1.01 p99=0.97 hi=2.87%) scale=8.50 p5=0.03 p95=8.51 | r/step=0.0134 | 1.2 ips ETA 3h14\r\n"}
,{"stream_name":"stdout","time":26018.561279308,"data":"  iter 31050/45000 [69.0%] | WM wm=11.99 rec=5.86 kl=5.93 rew=0.207 con=0.002 rew@ach=0.83/1.00(n=16) rew@0=+0.012 | AC act=-0.001 crit=1.692 pg=-0.001 H=0.45 | img ret=3.84 val=3.81 imgR(mu=0.037 max=1.01 p99=0.95 hi=3.06%) scale=8.47 p5=0.01 p95=8.48 | r/step=0.0125 | 1.2 ips ETA 3h13\r\n"}
,{"stream_name":"stdout","time":26056.431871777,"data":"  iter 31100/45000 [69.1%] | WM wm=14.03 rec=7.70 kl=6.04 rew=0.279 con=0.005 rew@ach=0.69/0.93(n=23) rew@0=+0.021 | AC act=-0.001 crit=1.779 pg=-0.001 H=0.36 | img ret=3.05 val=3.02 imgR(mu=0.014 max=1.01 p99=0.50 hi=1.01%) scale=8.39 p5=0.03 p95=8.39 | r/step=0.0182 | 1.2 ips ETA 3h13\r\n"}
,{"stream_name":"stdout","time":26094.063509423,"data":"  iter 31150/45000 [69.2%] | WM wm=12.30 rec=6.49 kl=5.66 rew=0.158 con=0.001 rew@ach=0.91/1.00(n=16) rew@0=+0.010 | AC act=-0.003 crit=1.599 pg=-0.003 H=0.44 | img ret=3.88 val=3.89 imgR(mu=0.025 max=1.01 p99=0.96 hi=2.06%) scale=8.32 p5=0.10 p95=8.41 | r/step=0.0134 | 1.2 ips ETA 3h12\r\n"}
,{"stream_name":"stdout","time":26131.793616447,"data":"  iter 31200/45000 [69.3%] | WM wm=12.66 rec=6.14 kl=6.31 rew=0.206 con=0.008 rew@ach=0.68/0.88(n=14) rew@0=+0.013 | AC act=0.001 crit=1.858 pg=0.001 H=0.44 | img ret=3.67 val=3.63 imgR(mu=0.027 max=1.02 p99=0.95 hi=2.38%) scale=8.25 p5=0.11 p95=8.35 | r/step=0.0133 | 1.2 ips ETA 3h11\r\n"}
,{"stream_name":"stdout","time":26169.599105897,"data":"  iter 31250/45000 [69.4%] | WM wm=15.11 rec=8.14 kl=6.81 rew=0.157 con=0.001 rew@ach=0.83/1.00(n=11) rew@0=+0.013 | AC act=-0.001 crit=2.073 pg=-0.001 H=0.33 | img ret=4.03 val=3.94 imgR(mu=0.042 max=1.01 p99=0.95 hi=3.58%) scale=8.14 p5=0.08 p95=8.22 | r/step=0.0107 | 1.2 ips ETA 3h10\r\n"}
,{"stream_name":"stdout","time":26207.173079533,"data":"  iter 31300/45000 [69.6%] | WM wm=12.87 rec=6.96 kl=5.71 rew=0.196 con=0.002 rew@ach=0.84/1.00(n=16) rew@0=+0.009 | AC act=-0.001 crit=1.837 pg=-0.001 H=0.37 | img ret=4.56 val=4.52 imgR(mu=0.041 max=1.05 p99=0.90 hi=3.22%) scale=8.45 p5=0.07 p95=8.54 | r/step=0.0198 | 1.2 ips ETA 3h10\r\n"}
,{"stream_name":"stdout","time":26244.832061949,"data":"  iter 31350/45000 [69.7%] | WM wm=12.91 rec=6.91 kl=5.71 rew=0.282 con=0.005 rew@ach=0.77/1.00(n=18) rew@0=+0.029 | AC act=-0.001 crit=1.908 pg=-0.001 H=0.39 | img ret=3.20 val=3.21 imgR(mu=0.016 max=1.01 p99=0.58 hi=1.20%) scale=8.54 p5=0.06 p95=8.58 | r/step=0.0146 | 1.2 ips ETA 3h09\r\n"}
,{"stream_name":"stdout","time":26282.548078951,"data":"  iter 31400/45000 [69.8%] | WM wm=14.88 rec=8.93 kl=5.77 rew=0.185 con=0.000 rew@ach=0.95/0.99(n=16) rew@0=+0.013 | AC act=0.001 crit=2.027 pg=0.002 H=0.36 | img ret=3.36 val=3.35 imgR(mu=0.030 max=1.01 p99=0.91 hi=2.75%) scale=8.88 p5=0.07 p95=8.95 | r/step=0.0162 | 1.2 ips ETA 3h08\r\n"}
,{"stream_name":"stdout","time":26320.088112607,"data":"  iter 31450/45000 [69.9%] | WM wm=10.99 rec=5.54 kl=5.22 rew=0.221 con=0.004 rew@ach=0.83/0.99(n=17) rew@0=+0.022 | AC act=-0.001 crit=1.711 pg=-0.001 H=0.43 | img ret=4.12 val=4.08 imgR(mu=0.043 max=1.01 p99=0.97 hi=3.89%) scale=8.56 p5=0.07 p95=8.64 | r/step=0.0148 | 1.2 ips ETA 3h08\r\n"}
,{"stream_name":"stdout","time":26357.843727839,"data":"  iter 31500/45000 [70.0%] | WM wm=10.31 rec=5.20 kl=4.93 rew=0.169 con=0.005 rew@ach=0.88/1.00(n=19) rew@0=+0.010 | AC act=0.000 crit=1.840 pg=0.001 H=0.36 | img ret=4.24 val=4.18 imgR(mu=0.035 max=1.02 p99=0.96 hi=2.91%) scale=8.60 p5=0.07 p95=8.65 | r/step=0.0125 | 1.2 ips ETA 3h07\r\n"}
,{"stream_name":"stdout","time":26395.937317434,"data":"  iter 31550/45000 [70.1%] | WM wm=12.92 rec=6.29 kl=6.40 rew=0.223 con=0.004 rew@ach=0.75/0.92(n=22) rew@0=+0.012 | AC act=-0.003 crit=1.947 pg=-0.003 H=0.39 | img ret=3.35 val=3.37 imgR(mu=0.027 max=1.00 p99=0.87 hi=2.39%) scale=8.88 p5=0.01 p95=8.89 | r/step=0.0143 | 1.2 ips ETA 3h06\r\n"}
,{"stream_name":"stdout","time":26433.207524676,"data":"  iter 31600/45000 [70.2%] | WM wm=12.21 rec=6.57 kl=5.37 rew=0.258 con=0.006 rew@ach=0.83/0.99(n=23) rew@0=+0.026 | AC act=-0.002 crit=1.803 pg=-0.002 H=0.40 | img ret=3.49 val=3.49 imgR(mu=0.033 max=1.02 p99=0.83 hi=2.38%) scale=8.81 p5=0.04 p95=8.85 | r/step=0.0156 | 1.2 ips ETA 3h05\r\n"}
,{"stream_name":"stdout","time":26471.244192514,"data":"  iter 31650/45000 [70.3%] | WM wm=13.95 rec=7.78 kl=5.94 rew=0.216 con=0.007 rew@ach=0.83/1.00(n=15) rew@0=+0.026 | AC act=-0.004 crit=1.892 pg=-0.004 H=0.40 | img ret=3.83 val=3.82 imgR(mu=0.036 max=1.11 p99=0.91 hi=3.40%) scale=8.81 p5=-0.00 p95=8.81 | r/step=0.0101 | 1.2 ips ETA 3h05\r\n"}
,{"stream_name":"stdout","time":26508.841029158,"data":"  iter 31700/45000 [70.4%] | WM wm=11.15 rec=5.48 kl=5.40 rew=0.256 con=0.008 rew@ach=0.77/0.94(n=24) rew@0=+0.019 | AC act=-0.003 crit=1.959 pg=-0.003 H=0.42 | img ret=4.46 val=4.42 imgR(mu=0.049 max=1.01 p99=0.97 hi=4.38%) scale=8.91 p5=0.02 p95=8.95 | r/step=0.0171 | 1.2 ips ETA 3h04\r\n"}
,{"stream_name":"stdout","time":26546.678191489,"data":"  iter 31750/45000 [70.6%] | WM wm=10.65 rec=5.37 kl=5.06 rew=0.220 con=0.002 rew@ach=0.89/1.00(n=25) rew@0=+0.017 | AC act=-0.002 crit=1.869 pg=-0.002 H=0.33 | img ret=3.29 val=3.28 imgR(mu=0.028 max=1.00 p99=0.86 hi=2.38%) scale=8.76 p5=0.02 p95=8.75 | r/step=0.0129 | 1.2 ips ETA 3h03\r\n"}
,{"stream_name":"stdout","time":26584.50737028,"data":"  iter 31800/45000 [70.7%] | WM wm=12.59 rec=6.42 kl=6.02 rew=0.144 con=0.003 rew@ach=0.73/0.85(n=11) rew@0=+0.010 | AC act=-0.005 crit=1.902 pg=-0.004 H=0.32 | img ret=4.12 val=4.17 imgR(mu=0.026 max=1.01 p99=0.77 hi=2.25%) scale=8.57 p5=0.04 p95=8.65 | r/step=0.0144 | 1.2 ips ETA 3h03\r\n"}
,{"stream_name":"stdout","time":26622.276715702,"data":"  iter 31850/45000 [70.8%] | WM wm=11.72 rec=6.05 kl=5.42 rew=0.254 con=0.002 rew@ach=0.82/0.91(n=20) rew@0=+0.044 | AC act=0.001 crit=1.753 pg=0.001 H=0.37 | img ret=4.19 val=4.12 imgR(mu=0.047 max=1.02 p99=0.99 hi=4.04%) scale=8.72 p5=0.02 p95=8.76 | r/step=0.0172 | 1.2 ips ETA 3h02\r\n"}
,{"stream_name":"stdout","time":26659.590103304,"data":"  iter 31900/45000 [70.9%] | WM wm=11.83 rec=5.70 kl=5.88 rew=0.247 con=0.004 rew@ach=0.81/0.99(n=17) rew@0=+0.028 | AC act=-0.002 crit=1.992 pg=-0.002 H=0.38 | img ret=2.86 val=2.86 imgR(mu=0.029 max=1.11 p99=0.92 hi=2.68%) scale=8.66 p5=0.01 p95=8.65 | r/step=0.0174 | 1.2 ips ETA 3h01\r\n"}
,{"stream_name":"stdout","time":26697.17772212,"data":"  iter 31950/45000 [71.0%] | WM wm=8.78 rec=3.91 kl=4.71 rew=0.158 con=0.000 rew@ach=0.81/0.98(n=13) rew@0=+0.009 | AC act=-0.002 crit=1.871 pg=-0.001 H=0.33 | img ret=3.45 val=3.40 imgR(mu=0.035 max=1.01 p99=0.96 hi=3.15%) scale=8.54 p5=0.04 p95=8.57 | r/step=0.0158 | 1.2 ips ETA 3h00\r\n"}
,{"stream_name":"stdout","time":26734.288175935,"data":"  iter 32000/45000 [71.1%] | WM wm=15.20 rec=8.73 kl=6.30 rew=0.166 con=0.000 rew@ach=0.86/1.00(n=16) rew@0=+0.012 | AC act=0.000 crit=1.952 pg=0.000 H=0.37 | img ret=3.40 val=3.34 imgR(mu=0.037 max=1.01 p99=0.95 hi=3.32%) scale=8.56 p5=0.06 p95=8.62 | r/step=0.0164 | 1.2 ips ETA 3h00\r\n"}
,{"stream_name":"stdout","time":26771.907196681,"data":"  iter 32050/45000 [71.2%] | WM wm=12.09 rec=6.64 kl=5.24 rew=0.220 con=0.002 rew@ach=0.87/0.98(n=26) rew@0=+0.015 | AC act=0.002 crit=2.124 pg=0.002 H=0.33 | img ret=3.73 val=3.59 imgR(mu=0.054 max=1.01 p99=0.88 hi=4.63%) scale=8.73 p5=0.04 p95=8.80 | r/step=0.0143 | 1.2 ips ETA 2h59\r\n"}
,{"stream_name":"stdout","time":26809.603968884,"data":"  iter 32100/45000 [71.3%] | WM wm=13.01 rec=6.73 kl=6.11 rew=0.176 con=0.001 rew@ach=0.94/0.99(n=16) rew@0=+0.013 | AC act=0.000 crit=1.892 pg=0.001 H=0.37 | img ret=4.45 val=4.35 imgR(mu=0.042 max=1.01 p99=0.94 hi=3.53%) scale=8.17 p5=0.06 p95=8.27 | r/step=0.0155 | 1.2 ips ETA 2h58\r\n"}
,{"stream_name":"stdout","time":26847.289546808,"data":"  iter 32150/45000 [71.4%] | WM wm=13.25 rec=6.46 kl=6.54 rew=0.239 con=0.001 rew@ach=0.82/0.99(n=18) rew@0=+0.012 | AC act=-0.001 crit=1.907 pg=-0.000 H=0.36 | img ret=3.32 val=3.27 imgR(mu=0.031 max=1.01 p99=0.93 hi=2.45%) scale=8.21 p5=0.10 p95=8.29 | r/step=0.0153 | 1.2 ips ETA 2h57\r\n"}
,{"stream_name":"stdout","time":26885.192817746,"data":"  iter 32200/45000 [71.6%] | WM wm=13.29 rec=6.26 kl=6.82 rew=0.208 con=0.001 rew@ach=0.67/0.89(n=16) rew@0=+0.008 | AC act=-0.002 crit=1.984 pg=-0.002 H=0.36 | img ret=4.12 val=4.11 imgR(mu=0.044 max=1.01 p99=0.99 hi=3.89%) scale=8.32 p5=0.05 p95=8.39 | r/step=0.0128 | 1.2 ips ETA 2h57\r\n"}
,{"stream_name":"stdout","time":26922.844466216,"data":"  iter 32250/45000 [71.7%] | WM wm=10.79 rec=5.56 kl=5.04 rew=0.194 con=0.003 rew@ach=0.77/0.91(n=18) rew@0=+0.019 | AC act=-0.000 crit=1.683 pg=-0.000 H=0.37 | img ret=3.97 val=3.92 imgR(mu=0.033 max=1.01 p99=0.92 hi=2.80%) scale=8.53 p5=0.04 p95=8.57 | r/step=0.0157 | 1.2 ips ETA 2h56\r\n"}
,{"stream_name":"stdout","time":26959.649962342,"data":"  iter 32300/45000 [71.8%] | WM wm=10.74 rec=5.21 kl=5.38 rew=0.148 con=0.004 rew@ach=0.89/1.00(n=14) rew@0=+0.008 | AC act=-0.003 crit=1.895 pg=-0.003 H=0.37 | img ret=3.88 val=3.92 imgR(mu=0.042 max=1.01 p99=0.90 hi=3.71%) scale=9.01 p5=0.02 p95=9.05 | r/step=0.0165 | 1.2 ips ETA 2h55\r\n"}
,{"stream_name":"stdout","time":26997.157369188,"data":"  iter 32350/45000 [71.9%] | WM wm=13.46 rec=7.01 kl=6.27 rew=0.186 con=0.004 rew@ach=0.88/0.99(n=16) rew@0=+0.019 | AC act=0.002 crit=1.967 pg=0.002 H=0.32 | img ret=3.86 val=3.76 imgR(mu=0.046 max=1.02 p99=0.96 hi=4.19%) scale=9.06 p5=0.01 p95=9.08 | r/step=0.0135 | 1.2 ips ETA 2h55\r\n"}
,{"stream_name":"stdout","time":27034.490675506,"data":"  iter 32400/45000 [72.0%] | WM wm=11.67 rec=5.94 kl=5.50 rew=0.224 con=0.004 rew@ach=0.89/0.98(n=21) rew@0=+0.020 | AC act=-0.001 crit=1.869 pg=-0.001 H=0.36 | img ret=3.35 val=3.32 imgR(mu=0.042 max=1.01 p99=0.94 hi=4.08%) scale=8.70 p5=0.02 p95=8.73 | r/step=0.0123 | 1.2 ips ETA 2h54\r\n"}
,{"stream_name":"stdout","time":27071.921884891,"data":"  iter 32450/45000 [72.1%] | WM wm=12.61 rec=6.43 kl=6.03 rew=0.144 con=0.006 rew@ach=0.71/1.00(n=10) rew@0=+0.010 | AC act=-0.002 crit=1.946 pg=-0.002 H=0.33 | img ret=4.05 val=4.08 imgR(mu=0.044 max=1.01 p99=0.90 hi=3.31%) scale=8.57 p5=0.07 p95=8.66 | r/step=0.0112 | 1.2 ips ETA 2h53\r\n"}
,{"stream_name":"stdout","time":27109.828729869,"data":"  iter 32500/45000 [72.2%] | WM wm=11.17 rec=5.64 kl=5.36 rew=0.170 con=0.006 rew@ach=0.84/0.99(n=15) rew@0=+0.009 | AC act=0.001 crit=1.939 pg=0.001 H=0.33 | img ret=3.60 val=3.50 imgR(mu=0.041 max=1.01 p99=0.93 hi=3.67%) scale=8.34 p5=0.12 p95=8.44 | r/step=0.0145 | 1.2 ips ETA 2h52\r\n"}
,{"stream_name":"stdout","time":27318.949147399,"data":"  \u003e\u003e\u003e EVAL @ iter 32500 : score=3.33  length=210  achievements=4.24 ↑  sample=4.00  (best=4.48 @25000)  crafter_score=2.15% [5455 train eps]\r\n"}
,{"stream_name":"stdout","time":27318.949180019,"data":"      unlocked (7/22): collect_sapling=100%  wake_up=96%  place_plant=72%  defeat_zombie=68%  collect_wood=40%  eat_cow=39%  collect_drink=9%\r\n"}
,{"stream_name":"stdout","time":27318.949186919,"data":"      TRAIN (11/22 sur 5455 eps): collect_sapling=5147(94.4%)  wake_up=5079(93.1%)  place_plant=3120(57.2%)  collect_wood=1558(28.6%)  defeat_zombie=1518(27.8%)  eat_cow=703(12.9%)  collect_drink=278(5.1%)  place_table=57(1.0%)  defeat_skeleton=5(0.1%)  make_wood_sword=2(0.0%)  make_wood_pickaxe=1(0.0%)\r\n"}
,{"stream_name":"stdout","time":27318.949191848,"data":"      JAMAIS vus en train (11) : collect_coal  collect_diamond  collect_iron  collect_stone  eat_plant  make_iron_pickaxe  make_iron_sword  make_stone_pickaxe  make_stone_sword  place_furnace  place_stone\r\n"}
,{"stream_name":"stdout","time":27327.840666359,"data":"  Checkpoint saved : dreamer_crafter_jax_v50-wmfix-t1_iter032500.npz\r\n"}
,{"stream_name":"stdout","time":27365.59130039,"data":"  iter 32550/45000 [72.3%] | WM wm=11.18 rec=5.73 kl=5.25 rew=0.199 con=0.007 rew@ach=0.63/0.74(n=14) rew@0=+0.021 | AC act=-0.002 crit=1.932 pg=-0.001 H=0.33 | img ret=3.67 val=3.61 imgR(mu=0.039 max=1.01 p99=0.97 hi=3.22%) scale=8.42 p5=0.07 p95=8.50 | r/step=0.0187 | 1.2 ips ETA 2h53\r\n"}
,{"stream_name":"stdout","time":27403.206650964,"data":"  iter 32600/45000 [72.4%] | WM wm=9.61 rec=4.53 kl=4.90 rew=0.182 con=0.007 rew@ach=0.81/0.91(n=17) rew@0=+0.026 | AC act=-0.003 crit=1.786 pg=-0.003 H=0.40 | img ret=4.61 val=4.52 imgR(mu=0.065 max=1.00 p99=0.99 hi=5.73%) scale=8.68 p5=0.06 p95=8.75 | r/step=0.0190 | 1.2 ips ETA 2h52\r\n"}
,{"stream_name":"stdout","time":27440.947395005,"data":"  iter 32650/45000 [72.6%] | WM wm=15.35 rec=8.53 kl=6.54 rew=0.279 con=0.005 rew@ach=0.65/1.00(n=16) rew@0=+0.018 | AC act=-0.000 crit=1.952 pg=-0.000 H=0.36 | img ret=4.00 val=3.95 imgR(mu=0.037 max=1.01 p99=0.87 hi=3.26%) scale=8.68 p5=0.07 p95=8.76 | r/step=0.0166 | 1.2 ips ETA 2h52\r\n"}
,{"stream_name":"stdout","time":27478.771963954,"data":"  iter 32700/45000 [72.7%] | WM wm=13.25 rec=6.90 kl=6.19 rew=0.161 con=0.004 rew@ach=0.81/0.89(n=15) rew@0=+0.016 | AC act=-0.003 crit=1.783 pg=-0.003 H=0.38 | img ret=4.05 val=4.05 imgR(mu=0.030 max=1.01 p99=0.86 hi=2.15%) scale=8.86 p5=0.11 p95=8.96 | r/step=0.0174 | 1.2 ips ETA 2h51\r\n"}
,{"stream_name":"stdout","time":27516.468510634,"data":"  iter 32750/45000 [72.8%] | WM wm=12.00 rec=5.94 kl=5.83 rew=0.232 con=0.002 rew@ach=0.79/0.93(n=23) rew@0=+0.019 | AC act=0.000 crit=1.560 pg=0.001 H=0.41 | img ret=4.69 val=4.64 imgR(mu=0.047 max=1.02 p99=1.00 hi=4.08%) scale=8.77 p5=0.06 p95=8.83 | r/step=0.0152 | 1.2 ips ETA 2h50\r\n"}
,{"stream_name":"stdout","time":27554.146679236,"data":"  iter 32800/45000 [72.9%] | WM wm=11.21 rec=5.24 kl=5.74 rew=0.222 con=0.004 rew@ach=0.85/0.97(n=20) rew@0=+0.018 | AC act=0.001 crit=2.030 pg=0.002 H=0.34 | img ret=3.77 val=3.69 imgR(mu=0.034 max=1.01 p99=0.99 hi=3.22%) scale=8.64 p5=0.08 p95=8.69 | r/step=0.0152 | 1.2 ips ETA 2h50\r\n"}
,{"stream_name":"stdout","time":27592.117554574,"data":"  iter 32850/45000 [73.0%] | WM wm=11.21 rec=5.86 kl=5.17 rew=0.172 con=0.002 rew@ach=0.88/1.00(n=14) rew@0=+0.011 | AC act=0.000 crit=2.008 pg=0.000 H=0.33 | img ret=3.73 val=3.66 imgR(mu=0.050 max=1.02 p99=0.98 hi=4.60%) scale=8.86 p5=0.06 p95=8.92 | r/step=0.0141 | 1.2 ips ETA 2h49\r\n"}
,{"stream_name":"stdout","time":27630.14502698,"data":"  iter 32900/45000 [73.1%] | WM wm=14.11 rec=6.91 kl=7.00 rew=0.191 con=0.008 rew@ach=0.71/0.87(n=15) rew@0=+0.022 | AC act=-0.001 crit=2.191 pg=-0.001 H=0.30 | img ret=3.15 val=3.09 imgR(mu=0.050 max=1.04 p99=0.96 hi=4.63%) scale=8.78 p5=0.08 p95=8.87 | r/step=0.0173 | 1.2 ips ETA 2h48\r\n"}
,{"stream_name":"stdout","time":27630.14508087,"data":"  [health] WARN H_collapse: H=0.30\r\n"}
,{"stream_name":"stdout","time":27667.575718525,"data":"  iter 32950/45000 [73.2%] | WM wm=12.52 rec=6.26 kl=6.00 rew=0.256 con=0.007 rew@ach=0.89/0.98(n=21) rew@0=+0.028 | AC act=0.001 crit=1.806 pg=0.001 H=0.43 | img ret=4.03 val=3.95 imgR(mu=0.046 max=1.01 p99=0.98 hi=4.10%) scale=8.91 p5=0.07 p95=8.99 | r/step=0.0156 | 1.2 ips ETA 2h47\r\n"}
,{"stream_name":"stdout","time":27705.352405354,"data":"  iter 33000/45000 [73.3%] | WM wm=10.86 rec=5.12 kl=5.52 rew=0.211 con=0.003 rew@ach=0.78/0.97(n=14) rew@0=+0.036 | AC act=-0.000 crit=1.811 pg=-0.000 H=0.38 | img ret=3.46 val=3.44 imgR(mu=0.037 max=1.01 p99=0.96 hi=3.65%) scale=9.26 p5=0.03 p95=9.29 | r/step=0.0167 | 1.2 ips ETA 2h47\r\n"}
,{"stream_name":"stdout","time":27743.168041694,"data":"  iter 33050/45000 [73.4%] | WM wm=12.35 rec=6.64 kl=5.50 rew=0.197 con=0.004 rew@ach=0.93/0.99(n=16) rew@0=+0.024 | AC act=-0.002 crit=1.730 pg=-0.002 H=0.41 | img ret=4.51 val=4.52 imgR(mu=0.051 max=1.01 p99=0.96 hi=3.96%) scale=9.43 p5=0.05 p95=9.49 | r/step=0.0145 | 1.2 ips ETA 2h46\r\n"}
,{"stream_name":"stdout","time":27780.423857083,"data":"  iter 33100/45000 [73.6%] | WM wm=11.78 rec=5.88 kl=5.66 rew=0.223 con=0.004 rew@ach=0.84/0.98(n=18) rew@0=+0.013 | AC act=-0.001 crit=1.690 pg=-0.001 H=0.46 | img ret=4.54 val=4.52 imgR(mu=0.038 max=1.02 p99=1.00 hi=3.05%) scale=9.44 p5=0.03 p95=9.48 | r/step=0.0136 | 1.2 ips ETA 2h45\r\n"}
,{"stream_name":"stdout","time":27818.270377462,"data":"  iter 33150/45000 [73.7%] | WM wm=9.02 rec=3.83 kl=4.96 rew=0.232 con=0.003 rew@ach=0.75/0.93(n=23) rew@0=+0.017 | AC act=0.002 crit=1.952 pg=0.002 H=0.36 | img ret=3.95 val=3.85 imgR(mu=0.045 max=1.00 p99=0.98 hi=3.80%) scale=9.11 p5=0.08 p95=9.21 | r/step=0.0138 | 1.2 ips ETA 2h44\r\n"}
,{"stream_name":"stdout","time":27856.032620742,"data":"  iter 33200/45000 [73.8%] | WM wm=12.55 rec=6.38 kl=5.93 rew=0.233 con=0.003 rew@ach=0.87/1.00(n=19) rew@0=+0.028 | AC act=-0.002 crit=1.905 pg=-0.001 H=0.33 | img ret=3.65 val=3.62 imgR(mu=0.043 max=1.01 p99=0.94 hi=3.56%) scale=9.11 p5=0.08 p95=9.19 | r/step=0.0106 | 1.2 ips ETA 2h44\r\n"}
,{"stream_name":"stdout","time":27893.482100978,"data":"  iter 33250/45000 [73.9%] | WM wm=8.94 rec=3.88 kl=4.88 rew=0.192 con=0.000 rew@ach=0.93/1.00(n=22) rew@0=+0.016 | AC act=-0.003 crit=1.934 pg=-0.003 H=0.31 | img ret=3.50 val=3.49 imgR(mu=0.024 max=1.01 p99=0.72 hi=2.28%) scale=9.34 p5=0.05 p95=9.40 | r/step=0.0118 | 1.2 ips ETA 2h43\r\n"}
,{"stream_name":"stdout","time":27931.541765541,"data":"  iter 33300/45000 [74.0%] | WM wm=13.25 rec=6.76 kl=6.30 rew=0.181 con=0.016 rew@ach=0.89/1.00(n=17) rew@0=+0.010 | AC act=-0.004 crit=2.166 pg=-0.004 H=0.33 | img ret=3.38 val=3.35 imgR(mu=0.044 max=1.01 p99=0.99 hi=4.21%) scale=9.46 p5=0.07 p95=9.52 | r/step=0.0112 | 1.2 ips ETA 2h42\r\n"}
,{"stream_name":"stdout","time":27969.220907657,"data":"  iter 33350/45000 [74.1%] | WM wm=10.94 rec=5.52 kl=5.19 rew=0.221 con=0.002 rew@ach=0.86/1.00(n=21) rew@0=+0.025 | AC act=-0.000 crit=2.129 pg=-0.000 H=0.31 | img ret=3.65 val=3.56 imgR(mu=0.042 max=1.01 p99=0.86 hi=3.36%) scale=9.30 p5=0.10 p95=9.40 | r/step=0.0104 | 1.2 ips ETA 2h42\r\n"}
,{"stream_name":"stdout","time":28007.162264244,"data":"  iter 33400/45000 [74.2%] | WM wm=9.35 rec=4.42 kl=4.73 rew=0.199 con=0.002 rew@ach=0.92/1.00(n=23) rew@0=+0.023 | AC act=-0.002 crit=1.947 pg=-0.002 H=0.31 | img ret=3.57 val=3.59 imgR(mu=0.029 max=1.06 p99=0.81 hi=2.02%) scale=9.38 p5=0.07 p95=9.44 | r/step=0.0152 | 1.2 ips ETA 2h41\r\n"}
,{"stream_name":"stdout","time":28045.114936838,"data":"  iter 33450/45000 [74.3%] | WM wm=9.47 rec=4.34 kl=4.92 rew=0.203 con=0.004 rew@ach=0.89/1.00(n=24) rew@0=+0.011 | AC act=0.001 crit=1.599 pg=0.001 H=0.46 | img ret=4.67 val=4.61 imgR(mu=0.045 max=1.02 p99=1.00 hi=3.61%) scale=9.45 p5=0.11 p95=9.55 | r/step=0.0136 | 1.2 ips ETA 2h40\r\n"}
,{"stream_name":"stdout","time":28082.766356145,"data":"  iter 33500/45000 [74.4%] | WM wm=10.88 rec=5.28 kl=5.38 rew=0.213 con=0.006 rew@ach=0.81/0.92(n=21) rew@0=+0.011 | AC act=-0.001 crit=2.007 pg=-0.000 H=0.35 | img ret=3.48 val=3.46 imgR(mu=0.034 max=1.02 p99=0.81 hi=2.70%) scale=9.58 p5=0.07 p95=9.64 | r/step=0.0162 | 1.2 ips ETA 2h39\r\n"}
,{"stream_name":"stdout","time":28120.279867618,"data":"  iter 33550/45000 [74.6%] | WM wm=13.46 rec=6.77 kl=6.45 rew=0.241 con=0.000 rew@ach=0.73/0.90(n=23) rew@0=+0.015 | AC act=-0.001 crit=1.946 pg=-0.000 H=0.33 | img ret=3.93 val=3.87 imgR(mu=0.043 max=1.01 p99=0.99 hi=3.75%) scale=9.52 p5=0.04 p95=9.56 | r/step=0.0146 | 1.2 ips ETA 2h39\r\n"}
,{"stream_name":"stdout","time":28158.236650749,"data":"  iter 33600/45000 [74.7%] | WM wm=14.77 rec=7.73 kl=6.84 rew=0.194 con=0.005 rew@ach=0.89/1.00(n=14) rew@0=+0.019 | AC act=-0.003 crit=1.753 pg=-0.003 H=0.46 | img ret=4.46 val=4.46 imgR(mu=0.049 max=1.01 p99=1.00 hi=4.02%) scale=9.36 p5=0.04 p95=9.40 | r/step=0.0098 | 1.2 ips ETA 2h38\r\n"}
,{"stream_name":"stdout","time":28195.69915475,"data":"  iter 33650/45000 [74.8%] | WM wm=10.05 rec=4.09 kl=5.72 rew=0.234 con=0.008 rew@ach=0.75/1.00(n=19) rew@0=+0.028 | AC act=0.001 crit=2.031 pg=0.001 H=0.32 | img ret=3.63 val=3.54 imgR(mu=0.029 max=1.03 p99=0.85 hi=2.56%) scale=9.56 p5=-0.02 p95=9.51 | r/step=0.0150 | 1.2 ips ETA 2h37\r\n"}
,{"stream_name":"stdout","time":28233.449721557,"data":"  iter 33700/45000 [74.9%] | WM wm=12.45 rec=6.53 kl=5.70 rew=0.209 con=0.005 rew@ach=0.83/1.00(n=18) rew@0=+0.011 | AC act=-0.003 crit=1.967 pg=-0.003 H=0.30 | img ret=3.73 val=3.74 imgR(mu=0.036 max=1.00 p99=0.80 hi=2.52%) scale=9.07 p5=-0.00 p95=9.07 | r/step=0.0196 | 1.2 ips ETA 2h37\r\n"}
,{"stream_name":"stdout","time":28233.449751807,"data":"  [health] WARN H_collapse: H=0.30\r\n"}
,{"stream_name":"stdout","time":28271.279399362,"data":"  iter 33750/45000 [75.0%] | WM wm=10.88 rec=5.74 kl=4.92 rew=0.217 con=0.004 rew@ach=0.74/1.00(n=19) rew@0=+0.012 | AC act=0.000 crit=1.755 pg=0.000 H=0.37 | img ret=3.94 val=3.89 imgR(mu=0.051 max=1.01 p99=1.00 hi=4.60%) scale=9.13 p5=0.05 p95=9.18 | r/step=0.0124 | 1.2 ips ETA 2h36\r\n"}
,{"stream_name":"stdout","time":28308.558398355,"data":"  iter 33800/45000 [75.1%] | WM wm=11.58 rec=5.73 kl=5.63 rew=0.223 con=0.001 rew@ach=0.86/1.00(n=17) rew@0=+0.023 | AC act=-0.003 crit=1.824 pg=-0.003 H=0.33 | img ret=4.28 val=4.31 imgR(mu=0.054 max=1.01 p99=0.94 hi=4.06%) scale=9.28 p5=0.05 p95=9.34 | r/step=0.0127 | 1.2 ips ETA 2h35\r\n"}
,{"stream_name":"stdout","time":28346.47691319,"data":"  iter 33850/45000 [75.2%] | WM wm=15.78 rec=8.14 kl=7.41 rew=0.228 con=0.002 rew@ach=0.86/0.97(n=19) rew@0=+0.023 | AC act=0.001 crit=2.098 pg=0.001 H=0.38 | img ret=3.75 val=3.58 imgR(mu=0.049 max=1.01 p99=0.95 hi=4.21%) scale=9.16 p5=0.05 p95=9.21 | r/step=0.0190 | 1.2 ips ETA 2h34\r\n"}
,{"stream_name":"stdout","time":28383.999501057,"data":"  iter 33900/45000 [75.3%] | WM wm=13.00 rec=6.12 kl=6.67 rew=0.201 con=0.005 rew@ach=0.73/0.98(n=12) rew@0=+0.012 | AC act=-0.004 crit=1.926 pg=-0.004 H=0.35 | img ret=4.04 val=4.07 imgR(mu=0.030 max=1.01 p99=0.83 hi=2.39%) scale=8.89 p5=0.06 p95=8.97 | r/step=0.0198 | 1.2 ips ETA 2h34\r\n"}
,{"stream_name":"stdout","time":28421.681899744,"data":"  iter 33950/45000 [75.4%] | WM wm=13.24 rec=6.80 kl=6.21 rew=0.230 con=0.002 rew@ach=0.80/0.91(n=19) rew@0=+0.016 | AC act=-0.000 crit=1.863 pg=-0.000 H=0.38 | img ret=3.97 val=3.92 imgR(mu=0.043 max=1.01 p99=0.96 hi=3.27%) scale=8.97 p5=0.11 p95=9.07 | r/step=0.0167 | 1.2 ips ETA 2h33\r\n"}
,{"stream_name":"stdout","time":28459.576338936,"data":"  iter 34000/45000 [75.6%] | WM wm=14.18 rec=7.28 kl=6.74 rew=0.164 con=0.001 rew@ach=0.94/0.98(n=13) rew@0=+0.010 | AC act=-0.000 crit=1.897 pg=-0.000 H=0.37 | img ret=3.58 val=3.54 imgR(mu=0.027 max=1.01 p99=0.84 hi=2.12%) scale=9.13 p5=0.07 p95=9.18 | r/step=0.0126 | 1.2 ips ETA 2h32\r\n"}
,{"stream_name":"stdout","time":28496.867595478,"data":"  iter 34050/45000 [75.7%] | WM wm=17.03 rec=10.46 kl=6.39 rew=0.172 con=0.002 rew@ach=0.85/1.00(n=13) rew@0=+0.013 | AC act=-0.000 crit=1.673 pg=-0.000 H=0.47 | img ret=4.29 val=4.24 imgR(mu=0.045 max=1.01 p99=1.00 hi=3.76%) scale=8.94 p5=0.05 p95=9.00 | r/step=0.0129 | 1.2 ips ETA 2h32\r\n"}
,{"stream_name":"stdout","time":28534.680578142,"data":"  iter 34100/45000 [75.8%] | WM wm=12.46 rec=5.88 kl=6.36 rew=0.209 con=0.004 rew@ach=0.70/0.85(n=23) rew@0=+0.009 | AC act=-0.000 crit=1.875 pg=-0.000 H=0.35 | img ret=3.89 val=3.83 imgR(mu=0.031 max=1.01 p99=0.89 hi=2.39%) scale=9.04 p5=0.06 p95=9.08 | r/step=0.0081 | 1.2 ips ETA 2h31\r\n"}
,{"stream_name":"stdout","time":28572.355676108,"data":"  iter 34150/45000 [75.9%] | WM wm=13.24 rec=7.18 kl=5.89 rew=0.158 con=0.008 rew@ach=0.85/1.00(n=15) rew@0=+0.007 | AC act=-0.002 crit=1.712 pg=-0.002 H=0.44 | img ret=4.49 val=4.48 imgR(mu=0.036 max=1.01 p99=0.99 hi=2.83%) scale=9.11 p5=0.14 p95=9.23 | r/step=0.0161 | 1.2 ips ETA 2h30\r\n"}
,{"stream_name":"stdout","time":28609.991834187,"data":"  iter 34200/45000 [76.0%] | WM wm=12.75 rec=6.82 kl=5.78 rew=0.143 con=0.005 rew@ach=0.88/1.00(n=14) rew@0=+0.021 | AC act=-0.002 crit=1.860 pg=-0.002 H=0.32 | img ret=3.98 val=3.99 imgR(mu=0.035 max=1.02 p99=0.87 hi=2.82%) scale=9.04 p5=0.14 p95=9.19 | r/step=0.0094 | 1.2 ips ETA 2h29\r\n"}
,{"stream_name":"stdout","time":28647.543457286,"data":"  iter 34250/45000 [76.1%] | WM wm=13.37 rec=6.51 kl=6.58 rew=0.283 con=0.004 rew@ach=0.78/0.97(n=23) rew@0=+0.018 | AC act=-0.002 crit=1.748 pg=-0.001 H=0.42 | img ret=4.00 val=4.03 imgR(mu=0.031 max=1.01 p99=0.96 hi=2.42%) scale=8.89 p5=0.04 p95=8.92 | r/step=0.0107 | 1.2 ips ETA 2h29\r\n"}
,{"stream_name":"stdout","time":28685.267735952,"data":"  iter 34300/45000 [76.2%] | WM wm=9.43 rec=4.18 kl=5.04 rew=0.209 con=0.003 rew@ach=0.77/0.99(n=18) rew@0=+0.016 | AC act=-0.002 crit=1.775 pg=-0.002 H=0.35 | img ret=4.35 val=4.35 imgR(mu=0.040 max=1.01 p99=0.95 hi=3.29%) scale=9.18 p5=0.08 p95=9.26 | r/step=0.0107 | 1.2 ips ETA 2h28\r\n"}
,{"stream_name":"stdout","time":28722.513670617,"data":"  iter 34350/45000 [76.3%] | WM wm=12.19 rec=5.84 kl=6.07 rew=0.272 con=0.008 rew@ach=0.81/0.98(n=19) rew@0=+0.024 | AC act=-0.001 crit=1.855 pg=-0.001 H=0.37 | img ret=3.81 val=3.82 imgR(mu=0.032 max=1.02 p99=0.76 hi=2.11%) scale=9.19 p5=0.04 p95=9.23 | r/step=0.0158 | 1.2 ips ETA 2h27\r\n"}
,{"stream_name":"stdout","time":28760.229711532,"data":"  iter 34400/45000 [76.4%] | WM wm=11.37 rec=5.58 kl=5.57 rew=0.218 con=0.002 rew@ach=0.82/1.00(n=14) rew@0=+0.019 | AC act=-0.001 crit=1.866 pg=-0.001 H=0.40 | img ret=3.84 val=3.80 imgR(mu=0.040 max=1.01 p99=0.99 hi=3.37%) scale=8.90 p5=0.03 p95=8.92 | r/step=0.0198 | 1.2 ips ETA 2h27\r\n"}
,{"stream_name":"stdout","time":28798.206276162,"data":"  iter 34450/45000 [76.6%] | WM wm=10.88 rec=5.53 kl=5.10 rew=0.241 con=0.007 rew@ach=0.89/1.00(n=30) rew@0=+0.016 | AC act=-0.002 crit=1.939 pg=-0.002 H=0.33 | img ret=3.83 val=3.76 imgR(mu=0.049 max=1.04 p99=0.94 hi=4.02%) scale=8.85 p5=0.06 p95=8.90 | r/step=0.0196 | 1.2 ips ETA 2h26\r\n"}
,{"stream_name":"stdout","time":28835.643084642,"data":"  iter 34500/45000 [76.7%] | WM wm=13.80 rec=7.03 kl=6.43 rew=0.344 con=0.003 rew@ach=0.76/1.00(n=21) rew@0=+0.013 | AC act=0.000 crit=1.991 pg=0.000 H=0.31 | img ret=3.43 val=3.38 imgR(mu=0.045 max=1.07 p99=0.97 hi=3.69%) scale=8.69 p5=0.05 p95=8.74 | r/step=0.0151 | 1.2 ips ETA 2h25\r\n"}
,{"stream_name":"stdout","time":28873.746458092,"data":"  iter 34550/45000 [76.8%] | WM wm=11.56 rec=5.40 kl=5.89 rew=0.274 con=0.003 rew@ach=0.86/1.00(n=22) rew@0=+0.026 | AC act=-0.002 crit=1.754 pg=-0.002 H=0.31 | img ret=3.57 val=3.57 imgR(mu=0.030 max=1.01 p99=0.90 hi=2.37%) scale=8.56 p5=0.05 p95=8.60 | r/step=0.0185 | 1.2 ips ETA 2h24\r\n"}
,{"stream_name":"stdout","time":28911.335405556,"data":"  iter 34600/45000 [76.9%] | WM wm=10.61 rec=5.44 kl=4.98 rew=0.194 con=0.000 rew@ach=0.78/1.00(n=16) rew@0=+0.011 | AC act=-0.002 crit=1.929 pg=-0.002 H=0.36 | img ret=4.11 val=4.06 imgR(mu=0.048 max=1.01 p99=0.98 hi=4.03%) scale=8.48 p5=0.07 p95=8.57 | r/step=0.0168 | 1.2 ips ETA 2h24\r\n"}
,{"stream_name":"stdout","time":28949.014927274,"data":"  iter 34650/45000 [77.0%] | WM wm=13.39 rec=7.54 kl=5.66 rew=0.187 con=0.007 rew@ach=0.86/1.00(n=14) rew@0=+0.017 | AC act=-0.002 crit=1.708 pg=-0.002 H=0.36 | img ret=3.56 val=3.55 imgR(mu=0.029 max=1.01 p99=0.94 hi=2.62%) scale=8.31 p5=0.05 p95=8.35 | r/step=0.0162 | 1.2 ips ETA 2h23\r\n"}
,{"stream_name":"stdout","time":28986.743387269,"data":"  iter 34700/45000 [77.1%] | WM wm=13.93 rec=7.53 kl=6.22 rew=0.182 con=0.003 rew@ach=0.80/1.00(n=14) rew@0=+0.015 | AC act=-0.000 crit=1.836 pg=-0.000 H=0.31 | img ret=3.60 val=3.56 imgR(mu=0.031 max=1.00 p99=0.89 hi=2.27%) scale=8.31 p5=0.05 p95=8.36 | r/step=0.0094 | 1.2 ips ETA 2h22\r\n"}
,{"stream_name":"stdout","time":29024.305571889,"data":"  iter 34750/45000 [77.2%] | WM wm=10.26 rec=4.41 kl=5.61 rew=0.228 con=0.007 rew@ach=0.84/1.00(n=20) rew@0=+0.019 | AC act=-0.001 crit=1.734 pg=-0.001 H=0.28 | img ret=4.22 val=4.19 imgR(mu=0.045 max=1.00 p99=0.88 hi=3.51%) scale=8.64 p5=0.08 p95=8.73 | r/step=0.0093 | 1.2 ips ETA 2h22\r\n"}
,{"stream_name":"stdout","time":29024.30560636,"data":"  [health] WARN H_collapse: H=0.28\r\n"}
,{"stream_name":"stdout","time":29062.100550925,"data":"  iter 34800/45000 [77.3%] | WM wm=13.98 rec=7.23 kl=6.46 rew=0.286 con=0.001 rew@ach=0.72/0.98(n=21) rew@0=+0.026 | AC act=0.004 crit=2.060 pg=0.004 H=0.31 | img ret=3.39 val=3.27 imgR(mu=0.047 max=1.01 p99=0.97 hi=4.22%) scale=8.84 p5=0.06 p95=8.90 | r/step=0.0145 | 1.2 ips ETA 2h21\r\n"}
,{"stream_name":"stdout","time":29099.810993,"data":"  iter 34850/45000 [77.4%] | WM wm=12.97 rec=6.52 kl=6.23 rew=0.217 con=0.005 rew@ach=0.74/0.91(n=18) rew@0=+0.010 | AC act=-0.001 crit=1.802 pg=-0.001 H=0.31 | img ret=3.67 val=3.63 imgR(mu=0.033 max=1.03 p99=0.89 hi=2.47%) scale=8.46 p5=0.07 p95=8.52 | r/step=0.0139 | 1.2 ips ETA 2h20\r\n"}
,{"stream_name":"stdout","time":29137.694520786,"data":"  iter 34900/45000 [77.6%] | WM wm=16.45 rec=8.89 kl=7.42 rew=0.139 con=0.001 rew@ach=0.82/0.96(n=9) rew@0=+0.014 | AC act=0.002 crit=1.811 pg=0.002 H=0.42 | img ret=4.12 val=4.05 imgR(mu=0.051 max=1.01 p99=0.97 hi=3.70%) scale=8.60 p5=0.07 p95=8.67 | r/step=0.0166 | 1.2 ips ETA 2h19\r\n"}
,{"stream_name":"stdout","time":29175.400843473,"data":"  iter 34950/45000 [77.7%] | WM wm=13.32 rec=6.35 kl=6.66 rew=0.305 con=0.005 rew@ach=0.77/0.91(n=22) rew@0=+0.028 | AC act=0.000 crit=2.060 pg=0.000 H=0.31 | img ret=3.52 val=3.43 imgR(mu=0.042 max=1.01 p99=0.95 hi=3.59%) scale=8.31 p5=0.06 p95=8.36 | r/step=0.0118 | 1.2 ips ETA 2h19\r\n"}
,{"stream_name":"stdout","time":29213.067118783,"data":"  iter 35000/45000 [77.8%] | WM wm=13.39 rec=6.91 kl=6.31 rew=0.164 con=0.004 rew@ach=0.87/0.98(n=13) rew@0=+0.013 | AC act=-0.001 crit=1.798 pg=-0.001 H=0.35 | img ret=3.69 val=3.67 imgR(mu=0.036 max=1.02 p99=0.98 hi=2.98%) scale=8.57 p5=0.02 p95=8.59 | r/step=0.0138 | 1.2 ips ETA 2h18\r\n"}
,{"stream_name":"stdout","time":29419.32534734,"data":"  \u003e\u003e\u003e EVAL @ iter 35000 : score=2.83  length=205  achievements=3.81 ↓  sample=3.80  (best=4.48 @25000)  crafter_score=2.18% [5834 train eps]\r\n"}
,{"stream_name":"stdout","time":29419.32537976,"data":"      unlocked (7/22): collect_sapling=100%  wake_up=99%  place_plant=60%  defeat_zombie=57%  eat_cow=33%  collect_wood=20%  collect_drink=12%\r\n"}
,{"stream_name":"stdout","time":29419.32538698,"data":"      TRAIN (11/22 sur 5834 eps): collect_sapling=5525(94.7%)  wake_up=5456(93.5%)  place_plant=3306(56.7%)  defeat_zombie=1765(30.3%)  collect_wood=1696(29.1%)  eat_cow=840(14.4%)  collect_drink=330(5.7%)  place_table=57(1.0%)  defeat_skeleton=6(0.1%)  make_wood_sword=2(0.0%)  make_wood_pickaxe=1(0.0%)\r\n"}
,{"stream_name":"stdout","time":29419.32540217,"data":"      JAMAIS vus en train (11) : collect_coal  collect_diamond  collect_iron  collect_stone  eat_plant  make_iron_pickaxe  make_iron_sword  make_stone_pickaxe  make_stone_sword  place_furnace  place_stone\r\n"}
,{"stream_name":"stdout","time":29428.270629887,"data":"  Checkpoint saved : dreamer_crafter_jax_v50-wmfix-t1_iter035000.npz\r\n"}
,{"stream_name":"stdout","time":29465.75758972,"data":"  iter 35050/45000 [77.9%] | WM wm=15.37 rec=8.77 kl=6.47 rew=0.130 con=0.000 rew@ach=0.84/0.97(n=12) rew@0=+0.008 | AC act=0.001 crit=1.799 pg=0.001 H=0.33 | img ret=3.68 val=3.62 imgR(mu=0.039 max=1.01 p99=0.91 hi=2.94%) scale=8.30 p5=0.03 p95=8.33 | r/step=0.0154 | 1.2 ips ETA 2h18\r\n"}
,{"stream_name":"stdout","time":29503.27102934,"data":"  iter 35100/45000 [78.0%] | WM wm=11.70 rec=5.90 kl=5.61 rew=0.192 con=0.000 rew@ach=0.78/0.90(n=17) rew@0=+0.008 | AC act=-0.000 crit=1.865 pg=0.000 H=0.36 | img ret=3.44 val=3.40 imgR(mu=0.033 max=1.01 p99=0.97 hi=2.81%) scale=8.52 p5=0.08 p95=8.60 | r/step=0.0127 | 1.2 ips ETA 2h18\r\n"}
,{"stream_name":"stdout","time":29541.130311056,"data":"  iter 35150/45000 [78.1%] | WM wm=9.43 rec=4.46 kl=4.76 rew=0.205 con=0.004 rew@ach=0.78/0.91(n=20) rew@0=+0.018 | AC act=-0.002 crit=1.941 pg=-0.002 H=0.27 | img ret=3.26 val=3.25 imgR(mu=0.035 max=1.02 p99=0.93 hi=3.08%) scale=8.54 p5=0.07 p95=8.60 | r/step=0.0116 | 1.2 ips ETA 2h17\r\n"}
,{"stream_name":"stdout","time":29541.130343606,"data":"  [health] WARN H_collapse: H=0.27\r\n"}
,{"stream_name":"stdout","time":29578.493980647,"data":"  iter 35200/45000 [78.2%] | WM wm=15.72 rec=8.29 kl=7.13 rew=0.295 con=0.001 rew@ach=0.73/1.00(n=23) rew@0=+0.023 | AC act=-0.001 crit=1.901 pg=-0.001 H=0.36 | img ret=3.60 val=3.57 imgR(mu=0.032 max=1.04 p99=0.93 hi=2.83%) scale=8.49 p5=0.05 p95=8.53 | r/step=0.0158 | 1.2 ips ETA 2h16\r\n"}
,{"stream_name":"stdout","time":29616.161962986,"data":"  iter 35250/45000 [78.3%] | WM wm=15.75 rec=9.48 kl=6.02 rew=0.241 con=0.002 rew@ach=0.79/0.99(n=18) rew@0=+0.022 | AC act=-0.003 crit=1.885 pg=-0.003 H=0.31 | img ret=3.80 val=3.80 imgR(mu=0.040 max=1.03 p99=0.93 hi=3.28%) scale=8.49 p5=0.09 p95=8.58 | r/step=0.0121 | 1.2 ips ETA 2h15\r\n"}
,{"stream_name":"stdout","time":29654.025991011,"data":"  iter 35300/45000 [78.4%] | WM wm=12.79 rec=6.14 kl=6.34 rew=0.310 con=0.004 rew@ach=0.83/1.00(n=21) rew@0=+0.032 | AC act=-0.000 crit=1.843 pg=-0.000 H=0.36 | img ret=3.70 val=3.62 imgR(mu=0.049 max=1.01 p99=0.95 hi=4.02%) scale=8.56 p5=0.05 p95=8.60 | r/step=0.0163 | 1.2 ips ETA 2h15\r\n"}
,{"stream_name":"stdout","time":29691.614391141,"data":"  iter 35350/45000 [78.6%] | WM wm=12.72 rec=6.21 kl=6.28 rew=0.230 con=0.002 rew@ach=0.83/1.00(n=22) rew@0=+0.015 | AC act=0.000 crit=1.825 pg=0.000 H=0.32 | img ret=3.53 val=3.47 imgR(mu=0.039 max=1.01 p99=0.96 hi=3.50%) scale=8.42 p5=0.07 p95=8.48 | r/step=0.0150 | 1.2 ips ETA 2h14\r\n"}
,{"stream_name":"stdout","time":29729.0710435,"data":"  iter 35400/45000 [78.7%] | WM wm=13.96 rec=8.04 kl=5.67 rew=0.236 con=0.006 rew@ach=0.77/0.86(n=24) rew@0=+0.028 | AC act=-0.001 crit=1.868 pg=-0.001 H=0.31 | img ret=3.67 val=3.64 imgR(mu=0.040 max=1.01 p99=0.93 hi=3.25%) scale=8.63 p5=0.09 p95=8.72 | r/step=0.0161 | 1.2 ips ETA 2h13\r\n"}
,{"stream_name":"stdout","time":29766.983929942,"data":"  iter 35450/45000 [78.8%] | WM wm=11.36 rec=5.42 kl=5.73 rew=0.209 con=0.002 rew@ach=0.88/0.99(n=22) rew@0=+0.011 | AC act=0.000 crit=1.988 pg=0.000 H=0.27 | img ret=3.37 val=3.32 imgR(mu=0.028 max=1.01 p99=0.86 hi=2.71%) scale=8.78 p5=0.04 p95=8.82 | r/step=0.0195 | 1.2 ips ETA 2h13\r\n"}
,{"stream_name":"stdout","time":29766.983959902,"data":"  [health] WARN H_collapse: H=0.27\r\n"}
,{"stream_name":"stdout","time":29804.617028492,"data":"  iter 35500/45000 [78.9%] | WM wm=12.23 rec=6.41 kl=5.63 rew=0.183 con=0.001 rew@ach=0.75/0.97(n=15) rew@0=+0.006 | AC act=-0.002 crit=1.876 pg=-0.002 H=0.28 | img ret=3.01 val=3.03 imgR(mu=0.025 max=1.01 p99=0.73 hi=1.98%) scale=8.61 p5=0.04 p95=8.64 | r/step=0.0196 | 1.2 ips ETA 2h12\r\n"}
,{"stream_name":"stdout","time":29804.617092362,"data":"  [health] WARN H_collapse: H=0.28\r\n"}
,{"stream_name":"stdout","time":29842.237116342,"data":"  iter 35550/45000 [79.0%] | WM wm=10.80 rec=5.08 kl=5.43 rew=0.287 con=0.006 rew@ach=0.71/0.99(n=25) rew@0=+0.025 | AC act=-0.002 crit=1.846 pg=-0.002 H=0.34 | img ret=3.85 val=3.85 imgR(mu=0.039 max=1.01 p99=0.98 hi=3.62%) scale=8.69 p5=0.03 p95=8.71 | r/step=0.0109 | 1.2 ips ETA 2h11\r\n"}
,{"stream_name":"stdout","time":29879.839675841,"data":"  iter 35600/45000 [79.1%] | WM wm=13.56 rec=6.76 kl=6.65 rew=0.151 con=0.003 rew@ach=0.94/1.00(n=11) rew@0=+0.020 | AC act=-0.000 crit=2.031 pg=-0.000 H=0.28 | img ret=3.62 val=3.54 imgR(mu=0.044 max=1.02 p99=0.93 hi=3.81%) scale=8.73 p5=0.04 p95=8.78 | r/step=0.0156 | 1.2 ips ETA 2h10\r\n"}
,{"stream_name":"stdout","time":29879.839707571,"data":"  [health] WARN H_collapse: H=0.28\r\n"}
,{"stream_name":"stdout","time":29917.550645338,"data":"  iter 35650/45000 [79.2%] | WM wm=15.54 rec=7.58 kl=7.76 rew=0.197 con=0.001 rew@ach=0.95/0.99(n=19) rew@0=+0.014 | AC act=-0.000 crit=1.834 pg=-0.000 H=0.28 | img ret=3.77 val=3.72 imgR(mu=0.033 max=1.01 p99=0.91 hi=2.79%) scale=8.76 p5=0.01 p95=8.75 | r/step=0.0184 | 1.2 ips ETA 2h10\r\n"}
,{"stream_name":"stdout","time":29917.569019928,"data":"  [health] WARN H_collapse: H=0.28\r\n"}
,{"stream_name":"stdout","time":29955.446949715,"data":"  iter 35700/45000 [79.3%] | WM wm=11.66 rec=5.78 kl=5.65 rew=0.214 con=0.007 rew@ach=0.74/0.99(n=14) rew@0=+0.019 | AC act=-0.001 crit=2.072 pg=-0.001 H=0.29 | img ret=3.02 val=2.97 imgR(mu=0.038 max=1.01 p99=0.83 hi=3.31%) scale=8.68 p5=0.01 p95=8.70 | r/step=0.0170 | 1.2 ips ETA 2h09\r\n"}
,{"stream_name":"stdout","time":29955.446983655,"data":"  [health] WARN H_collapse: H=0.29\r\n"}
,{"stream_name":"stdout","time":29993.153078135,"data":"  iter 35750/45000 [79.4%] | WM wm=11.30 rec=5.36 kl=5.74 rew=0.196 con=0.001 rew@ach=0.79/0.89(n=20) rew@0=+0.019 | AC act=0.000 crit=1.947 pg=0.000 H=0.30 | img ret=3.24 val=3.22 imgR(mu=0.036 max=1.02 p99=0.93 hi=2.91%) scale=8.74 p5=0.05 p95=8.78 | r/step=0.0148 | 1.2 ips ETA 2h08\r\n"}
,{"stream_name":"stdout","time":29993.153109725,"data":"  [health] WARN H_collapse: H=0.30\r\n"}
,{"stream_name":"stdout","time":30030.30526535,"data":"  iter 35800/45000 [79.6%] | WM wm=12.97 rec=6.86 kl=5.93 rew=0.181 con=0.004 rew@ach=0.82/0.98(n=16) rew@0=+0.013 | AC act=-0.001 crit=1.913 pg=-0.001 H=0.31 | img ret=3.90 val=3.88 imgR(mu=0.043 max=1.00 p99=0.87 hi=3.67%) scale=8.80 p5=0.05 p95=8.87 | r/step=0.0124 | 1.2 ips ETA 2h08\r\n"}
,{"stream_name":"stdout","time":30068.107366557,"data":"  iter 35850/45000 [79.7%] | WM wm=11.50 rec=5.12 kl=6.17 rew=0.213 con=0.001 rew@ach=0.89/1.00(n=21) rew@0=+0.016 | AC act=0.001 crit=1.772 pg=0.001 H=0.33 | img ret=4.19 val=4.11 imgR(mu=0.043 max=1.01 p99=0.94 hi=3.57%) scale=9.24 p5=0.00 p95=9.26 | r/step=0.0162 | 1.2 ips ETA 2h07\r\n"}
,{"stream_name":"stdout","time":30105.636592418,"data":"  iter 35900/45000 [79.8%] | WM wm=11.33 rec=5.67 kl=5.46 rew=0.202 con=0.001 rew@ach=0.78/0.89(n=19) rew@0=+0.012 | AC act=-0.001 crit=1.822 pg=-0.000 H=0.32 | img ret=3.46 val=3.44 imgR(mu=0.030 max=1.01 p99=0.93 hi=3.03%) scale=9.07 p5=-0.01 p95=9.06 | r/step=0.0129 | 1.2 ips ETA 2h06\r\n"}
,{"stream_name":"stdout","time":30143.353954776,"data":"  iter 35950/45000 [79.9%] | WM wm=13.96 rec=7.10 kl=6.62 rew=0.227 con=0.011 rew@ach=0.79/0.89(n=16) rew@0=+0.014 | AC act=0.000 crit=2.009 pg=0.000 H=0.32 | img ret=3.71 val=3.61 imgR(mu=0.035 max=1.02 p99=0.93 hi=3.02%) scale=9.16 p5=0.03 p95=9.18 | r/step=0.0173 | 1.2 ips ETA 2h05\r\n"}
,{"stream_name":"stdout","time":30181.083682164,"data":"  iter 36000/45000 [80.0%] | WM wm=13.52 rec=7.53 kl=5.76 rew=0.226 con=0.005 rew@ach=0.87/0.98(n=20) rew@0=+0.026 | AC act=-0.000 crit=1.845 pg=-0.000 H=0.38 | img ret=4.56 val=4.54 imgR(mu=0.053 max=1.01 p99=0.99 hi=4.30%) scale=9.17 p5=0.03 p95=9.21 | r/step=0.0138 | 1.2 ips ETA 2h05\r\n"}
,{"stream_name":"stdout","time":30218.795266423,"data":"  iter 36050/45000 [80.1%] | WM wm=12.17 rec=5.94 kl=5.99 rew=0.249 con=0.001 rew@ach=0.78/0.99(n=20) rew@0=+0.022 | AC act=-0.001 crit=2.034 pg=-0.001 H=0.27 | img ret=3.93 val=3.89 imgR(mu=0.043 max=1.01 p99=0.90 hi=3.57%) scale=9.25 p5=-0.00 p95=9.25 | r/step=0.0146 | 1.2 ips ETA 2h04\r\n"}
,{"stream_name":"stdout","time":30218.795301223,"data":"  [health] WARN H_collapse: H=0.27\r\n"}
,{"stream_name":"stdout","time":30256.807694729,"data":"  iter 36100/45000 [80.2%] | WM wm=11.43 rec=5.32 kl=5.87 rew=0.236 con=0.006 rew@ach=0.83/1.00(n=20) rew@0=+0.019 | AC act=-0.000 crit=2.017 pg=-0.000 H=0.32 | img ret=4.09 val=4.03 imgR(mu=0.048 max=1.01 p99=0.98 hi=4.35%) scale=9.07 p5=0.03 p95=9.10 | r/step=0.0147 | 1.2 ips ETA 2h03\r\n"}
,{"stream_name":"stdout","time":30294.23634661,"data":"  iter 36150/45000 [80.3%] | WM wm=13.83 rec=7.21 kl=6.39 rew=0.226 con=0.003 rew@ach=0.90/1.00(n=19) rew@0=+0.022 | AC act=-0.002 crit=2.069 pg=-0.002 H=0.24 | img ret=3.94 val=3.91 imgR(mu=0.043 max=1.01 p99=0.92 hi=3.72%) scale=9.42 p5=-0.01 p95=9.43 | r/step=0.0167 | 1.2 ips ETA 2h03\r\n"}
,{"stream_name":"stdout","time":30294.23638401,"data":"  [health] WARN H_collapse: H=0.24\r\n"}
,{"stream_name":"stdout","time":30331.682066942,"data":"  iter 36200/45000 [80.4%] | WM wm=10.48 rec=5.18 kl=5.07 rew=0.229 con=0.003 rew@ach=0.74/0.92(n=24) rew@0=+0.010 | AC act=-0.002 crit=1.885 pg=-0.002 H=0.37 | img ret=3.74 val=3.72 imgR(mu=0.036 max=1.01 p99=0.92 hi=2.94%) scale=9.42 p5=-0.00 p95=9.41 | r/step=0.0129 | 1.2 ips ETA 2h02\r\n"}
,{"stream_name":"stdout","time":30369.218993425,"data":"  iter 36250/45000 [80.6%] | WM wm=13.32 rec=6.73 kl=6.43 rew=0.160 con=0.002 rew@ach=0.82/0.98(n=12) rew@0=+0.015 | AC act=-0.001 crit=2.007 pg=-0.001 H=0.25 | img ret=3.77 val=3.69 imgR(mu=0.042 max=1.05 p99=0.91 hi=3.78%) scale=9.40 p5=-0.00 p95=9.40 | r/step=0.0189 | 1.2 ips ETA 2h01\r\n"}
,{"stream_name":"stdout","time":30369.219023845,"data":"  [health] WARN H_collapse: H=0.25\r\n"}
,{"stream_name":"stdout","time":30406.777252225,"data":"  iter 36300/45000 [80.7%] | WM wm=11.73 rec=5.76 kl=5.67 rew=0.292 con=0.007 rew@ach=0.75/0.99(n=25) rew@0=+0.026 | AC act=-0.001 crit=1.986 pg=-0.001 H=0.24 | img ret=3.97 val=3.93 imgR(mu=0.040 max=1.01 p99=0.83 hi=2.92%) scale=9.70 p5=0.02 p95=9.73 | r/step=0.0230 | 1.2 ips ETA 2h00\r\n"}
,{"stream_name":"stdout","time":30406.777287854,"data":"  [health] WARN H_collapse: H=0.24\r\n"}
,{"stream_name":"stdout","time":30443.993468471,"data":"  iter 36350/45000 [80.8%] | WM wm=11.78 rec=5.83 kl=5.80 rew=0.156 con=0.001 rew@ach=0.88/1.00(n=12) rew@0=+0.019 | AC act=0.002 crit=2.107 pg=0.002 H=0.30 | img ret=3.72 val=3.61 imgR(mu=0.048 max=1.01 p99=0.97 hi=4.11%) scale=9.60 p5=0.05 p95=9.63 | r/step=0.0173 | 1.2 ips ETA 2h00\r\n"}
,{"stream_name":"stdout","time":30481.6940405,"data":"  iter 36400/45000 [80.9%] | WM wm=14.68 rec=7.86 kl=6.49 rew=0.324 con=0.005 rew@ach=0.60/0.92(n=22) rew@0=+0.016 | AC act=-0.001 crit=2.084 pg=-0.001 H=0.27 | img ret=3.43 val=3.37 imgR(mu=0.029 max=1.01 p99=0.86 hi=2.29%) scale=9.76 p5=0.06 p95=9.82 | r/step=0.0183 | 1.2 ips ETA 1h59\r\n"}
,{"stream_name":"stdout","time":30481.69406412,"data":"  [health] WARN H_collapse: H=0.27\r\n"}
,{"stream_name":"stdout","time":30519.295137769,"data":"  iter 36450/45000 [81.0%] | WM wm=11.97 rec=6.23 kl=5.56 rew=0.176 con=0.001 rew@ach=0.90/0.99(n=17) rew@0=+0.015 | AC act=0.000 crit=1.718 pg=0.000 H=0.33 | img ret=4.50 val=4.45 imgR(mu=0.031 max=1.01 p99=0.91 hi=2.28%) scale=9.62 p5=0.06 p95=9.68 | r/step=0.0151 | 1.2 ips ETA 1h58\r\n"}
,{"stream_name":"stdout","time":30556.810908851,"data":"  iter 36500/45000 [81.1%] | WM wm=11.38 rec=5.91 kl=5.23 rew=0.243 con=0.005 rew@ach=0.61/0.85(n=22) rew@0=+0.012 | AC act=0.001 crit=1.896 pg=0.001 H=0.31 | img ret=4.03 val=3.95 imgR(mu=0.036 max=1.01 p99=0.98 hi=3.02%) scale=9.78 p5=0.04 p95=9.82 | r/step=0.0152 | 1.2 ips ETA 1h58\r\n"}
,{"stream_name":"stdout","time":30594.52241758,"data":"  iter 36550/45000 [81.2%] | WM wm=11.13 rec=5.29 kl=5.66 rew=0.174 con=0.006 rew@ach=0.78/0.98(n=12) rew@0=+0.015 | AC act=-0.001 crit=1.842 pg=-0.001 H=0.32 | img ret=4.70 val=4.69 imgR(mu=0.041 max=1.01 p99=0.93 hi=3.34%) scale=9.90 p5=-0.00 p95=9.92 | r/step=0.0099 | 1.2 ips ETA 1h57\r\n"}
,{"stream_name":"stdout","time":30632.240061618,"data":"  iter 36600/45000 [81.3%] | WM wm=11.69 rec=5.60 kl=5.79 rew=0.294 con=0.014 rew@ach=0.76/0.99(n=21) rew@0=+0.031 | AC act=0.000 crit=2.020 pg=0.001 H=0.29 | img ret=4.24 val=4.17 imgR(mu=0.039 max=1.01 p99=0.94 hi=3.46%) scale=9.77 p5=0.03 p95=9.82 | r/step=0.0189 | 1.2 ips ETA 1h56\r\n"}
,{"stream_name":"stdout","time":30632.240101449,"data":"  [health] WARN H_collapse: H=0.29\r\n"}
,{"stream_name":"stdout","time":30670.000349587,"data":"  iter 36650/45000 [81.4%] | WM wm=14.67 rec=7.74 kl=6.80 rew=0.130 con=0.000 rew@ach=0.89/1.00(n=13) rew@0=+0.006 | AC act=-0.001 crit=1.736 pg=-0.001 H=0.32 | img ret=4.45 val=4.45 imgR(mu=0.037 max=1.01 p99=0.98 hi=3.16%) scale=9.98 p5=0.03 p95=10.02 | r/step=0.0131 | 1.2 ips ETA 1h55\r\n"}
,{"stream_name":"stdout","time":30707.31835982,"data":"  iter 36700/45000 [81.6%] | WM wm=12.73 rec=6.46 kl=6.08 rew=0.185 con=0.003 rew@ach=0.91/0.99(n=14) rew@0=+0.025 | AC act=0.001 crit=2.161 pg=0.001 H=0.25 | img ret=3.23 val=3.07 imgR(mu=0.043 max=1.01 p99=0.91 hi=3.49%) scale=9.82 p5=0.06 p95=9.86 | r/step=0.0133 | 1.2 ips ETA 1h55\r\n"}
,{"stream_name":"stdout","time":30707.31839163,"data":"  [health] WARN H_collapse: H=0.25\r\n"}
,{"stream_name":"stdout","time":30744.79198406,"data":"  iter 36750/45000 [81.7%] | WM wm=12.45 rec=7.00 kl=5.17 rew=0.286 con=0.002 rew@ach=0.71/0.99(n=21) rew@0=+0.020 | AC act=-0.002 crit=1.628 pg=-0.002 H=0.35 | img ret=4.61 val=4.63 imgR(mu=0.032 max=1.04 p99=0.99 hi=2.41%) scale=9.89 p5=-0.00 p95=9.87 | r/step=0.0113 | 1.2 ips ETA 1h54\r\n"}
,{"stream_name":"stdout","time":30782.347937491,"data":"  iter 36800/45000 [81.8%] | WM wm=12.33 rec=6.38 kl=5.73 rew=0.205 con=0.008 rew@ach=0.76/0.88(n=16) rew@0=+0.019 | AC act=-0.002 crit=1.859 pg=-0.002 H=0.27 | img ret=4.23 val=4.22 imgR(mu=0.039 max=1.05 p99=0.92 hi=3.31%) scale=9.55 p5=0.03 p95=9.59 | r/step=0.0144 | 1.2 ips ETA 1h53\r\n"}
,{"stream_name":"stdout","time":30782.347971011,"data":"  [health] WARN H_collapse: H=0.27\r\n"}
,{"stream_name":"stdout","time":30820.026680828,"data":"  iter 36850/45000 [81.9%] | WM wm=11.60 rec=5.68 kl=5.67 rew=0.233 con=0.010 rew@ach=0.83/0.99(n=18) rew@0=+0.021 | AC act=-0.002 crit=1.931 pg=-0.002 H=0.29 | img ret=3.86 val=3.86 imgR(mu=0.030 max=1.04 p99=0.91 hi=2.42%) scale=9.82 p5=0.04 p95=9.86 | r/step=0.0117 | 1.2 ips ETA 1h53\r\n"}
,{"stream_name":"stdout","time":30820.026711938,"data":"  [health] WARN H_collapse: H=0.29\r\n"}
,{"stream_name":"stdout","time":30857.760844668,"data":"  iter 36900/45000 [82.0%] | WM wm=12.89 rec=6.37 kl=6.33 rew=0.197 con=0.001 rew@ach=0.82/0.98(n=17) rew@0=+0.009 | AC act=-0.004 crit=1.877 pg=-0.004 H=0.28 | img ret=3.79 val=3.83 imgR(mu=0.036 max=1.01 p99=0.89 hi=3.11%) scale=9.64 p5=0.01 p95=9.65 | r/step=0.0132 | 1.2 ips ETA 1h52\r\n"}
,{"stream_name":"stdout","time":30857.760880728,"data":"  [health] WARN H_collapse: H=0.28\r\n"}
,{"stream_name":"stdout","time":30895.906399002,"data":"  iter 36950/45000 [82.1%] | WM wm=12.16 rec=5.65 kl=6.32 rew=0.194 con=0.002 rew@ach=0.82/0.91(n=20) rew@0=+0.014 | AC act=-0.003 crit=2.102 pg=-0.003 H=0.28 | img ret=3.66 val=3.67 imgR(mu=0.043 max=1.00 p99=0.84 hi=2.95%) scale=9.55 p5=-0.00 p95=9.56 | r/step=0.0128 | 1.2 ips ETA 1h51\r\n"}
,{"stream_name":"stdout","time":30895.906433911,"data":"  [health] WARN H_collapse: H=0.28\r\n"}
,{"stream_name":"stdout","time":30933.314609632,"data":"  iter 37000/45000 [82.2%] | WM wm=14.43 rec=7.52 kl=6.63 rew=0.266 con=0.002 rew@ach=0.82/0.99(n=22) rew@0=+0.028 | AC act=0.001 crit=1.815 pg=0.001 H=0.31 | img ret=4.58 val=4.50 imgR(mu=0.035 max=1.01 p99=0.92 hi=2.98%) scale=9.75 p5=0.00 p95=9.75 | r/step=0.0145 | 1.2 ips ETA 1h51\r\n"}
,{"stream_name":"stdout","time":30970.982825412,"data":"  iter 37050/45000 [82.3%] | WM wm=10.84 rec=5.47 kl=5.11 rew=0.266 con=0.003 rew@ach=0.75/0.93(n=23) rew@0=+0.012 | AC act=-0.001 crit=1.827 pg=-0.001 H=0.30 | img ret=4.89 val=4.86 imgR(mu=0.037 max=1.00 p99=0.94 hi=2.84%) scale=9.67 p5=0.04 p95=9.72 | r/step=0.0179 | 1.2 ips ETA 1h50\r\n"}
,{"stream_name":"stdout","time":30970.982865422,"data":"  [health] WARN H_collapse: H=0.30\r\n"}
,{"stream_name":"stdout","time":31008.751364638,"data":"  iter 37100/45000 [82.4%] | WM wm=11.91 rec=5.87 kl=5.84 rew=0.199 con=0.003 rew@ach=0.79/1.00(n=16) rew@0=+0.017 | AC act=-0.002 crit=1.969 pg=-0.002 H=0.33 | img ret=3.56 val=3.54 imgR(mu=0.035 max=1.01 p99=0.91 hi=2.99%) scale=9.64 p5=0.00 p95=9.63 | r/step=0.0138 | 1.2 ips ETA 1h49\r\n"}
,{"stream_name":"stdout","time":31046.170478097,"data":"  iter 37150/45000 [82.6%] | WM wm=14.97 rec=7.51 kl=7.27 rew=0.183 con=0.001 rew@ach=0.91/0.99(n=19) rew@0=+0.015 | AC act=-0.002 crit=1.866 pg=-0.002 H=0.35 | img ret=3.84 val=3.83 imgR(mu=0.032 max=1.01 p99=0.84 hi=2.56%) scale=9.53 p5=-0.01 p95=9.50 | r/step=0.0193 | 1.2 ips ETA 1h48\r\n"}
,{"stream_name":"stdout","time":31083.798062895,"data":"  iter 37200/45000 [82.7%] | WM wm=13.33 rec=6.91 kl=6.18 rew=0.229 con=0.002 rew@ach=0.72/0.91(n=21) rew@0=+0.018 | AC act=-0.001 crit=1.804 pg=-0.001 H=0.32 | img ret=3.61 val=3.57 imgR(mu=0.030 max=1.01 p99=0.85 hi=2.29%) scale=9.65 p5=-0.00 p95=9.62 | r/step=0.0132 | 1.2 ips ETA 1h48\r\n"}
,{"stream_name":"stdout","time":31121.328013402,"data":"  iter 37250/45000 [82.8%] | WM wm=13.78 rec=7.59 kl=6.00 rew=0.189 con=0.003 rew@ach=0.87/0.99(n=15) rew@0=+0.024 | AC act=-0.001 crit=2.105 pg=-0.001 H=0.30 | img ret=3.27 val=3.21 imgR(mu=0.031 max=1.00 p99=0.89 hi=2.75%) scale=9.93 p5=-0.02 p95=9.90 | r/step=0.0132 | 1.2 ips ETA 1h47\r\n"}
,{"stream_name":"stdout","time":31158.957541481,"data":"  iter 37300/45000 [82.9%] | WM wm=13.23 rec=6.96 kl=6.11 rew=0.156 con=0.003 rew@ach=0.79/0.89(n=17) rew@0=+0.013 | AC act=-0.002 crit=2.000 pg=-0.001 H=0.29 | img ret=3.51 val=3.51 imgR(mu=0.033 max=1.04 p99=0.92 hi=3.05%) scale=9.62 p5=-0.03 p95=9.58 | r/step=0.0107 | 1.2 ips ETA 1h46\r\n"}
,{"stream_name":"stdout","time":31158.957576852,"data":"  [health] WARN H_collapse: H=0.29\r\n"}
,{"stream_name":"stdout","time":31196.744725356,"data":"  iter 37350/45000 [83.0%] | WM wm=13.32 rec=7.35 kl=5.75 rew=0.212 con=0.002 rew@ach=0.88/0.99(n=20) rew@0=+0.014 | AC act=-0.001 crit=2.069 pg=-0.001 H=0.27 | img ret=3.62 val=3.54 imgR(mu=0.045 max=1.03 p99=0.87 hi=3.75%) scale=9.65 p5=-0.02 p95=9.64 | r/step=0.0142 | 1.2 ips ETA 1h46\r\n"}
,{"stream_name":"stdout","time":31196.744759166,"data":"  [health] WARN H_collapse: H=0.27\r\n"}
,{"stream_name":"stdout","time":31234.254078794,"data":"  iter 37400/45000 [83.1%] | WM wm=12.37 rec=5.88 kl=6.31 rew=0.176 con=0.007 rew@ach=0.93/0.98(n=20) rew@0=+0.014 | AC act=0.000 crit=1.845 pg=0.000 H=0.32 | img ret=4.02 val=3.94 imgR(mu=0.057 max=1.08 p99=0.97 hi=5.21%) scale=9.40 p5=0.04 p95=9.45 | r/step=0.0189 | 1.2 ips ETA 1h45\r\n"}
,{"stream_name":"stdout","time":31271.98421863,"data":"  iter 37450/45000 [83.2%] | WM wm=10.33 rec=5.52 kl=4.63 rew=0.187 con=0.000 rew@ach=0.91/1.00(n=19) rew@0=+0.015 | AC act=-0.001 crit=1.837 pg=-0.001 H=0.29 | img ret=3.72 val=3.68 imgR(mu=0.035 max=1.01 p99=0.99 hi=2.85%) scale=9.29 p5=0.00 p95=9.29 | r/step=0.0164 | 1.2 ips ETA 1h44\r\n"}
,{"stream_name":"stdout","time":31271.98424729,"data":"  [health] WARN H_collapse: H=0.29\r\n"}
,{"stream_name":"stdout","time":31309.818133777,"data":"  iter 37500/45000 [83.3%] | WM wm=10.00 rec=4.91 kl=4.88 rew=0.203 con=0.002 rew@ach=0.85/1.00(n=19) rew@0=+0.015 | AC act=-0.001 crit=1.931 pg=-0.001 H=0.28 | img ret=4.22 val=4.13 imgR(mu=0.050 max=1.01 p99=0.96 hi=4.31%) scale=9.48 p5=0.02 p95=9.50 | r/step=0.0112 | 1.2 ips ETA 1h43\r\n"}
,{"stream_name":"stdout","time":31309.818167347,"data":"  [health] WARN H_collapse: H=0.28\r\n"}
,{"stream_name":"stdout","time":31514.72765389,"data":"  \u003e\u003e\u003e EVAL @ iter 37500 : score=2.89  length=206  achievements=3.84 ↑  sample=4.80  (best=4.48 @25000)  crafter_score=2.22% [6236 train eps]\r\n"}
,{"stream_name":"stdout","time":31514.727671641,"data":"      unlocked (7/22): collect_sapling=100%  wake_up=91%  defeat_zombie=60%  place_plant=59%  eat_cow=37%  collect_wood=25%  collect_drink=12%\r\n"}
,{"stream_name":"stdout","time":31514.727676741,"data":"      TRAIN (11/22 sur 6236 eps): collect_sapling=5925(95.0%)  wake_up=5848(93.8%)  place_plant=3510(56.3%)  defeat_zombie=2006(32.2%)  collect_wood=1824(29.2%)  eat_cow=965(15.5%)  collect_drink=400(6.4%)  place_table=57(0.9%)  defeat_skeleton=9(0.1%)  make_wood_sword=2(0.0%)  make_wood_pickaxe=1(0.0%)\r\n"}
,{"stream_name":"stdout","time":31514.727681281,"data":"      JAMAIS vus en train (11) : collect_coal  collect_diamond  collect_iron  collect_stone  eat_plant  make_iron_pickaxe  make_iron_sword  make_stone_pickaxe  make_stone_sword  place_furnace  place_stone\r\n"}
,{"stream_name":"stdout","time":31523.730642074,"data":"  Checkpoint saved : dreamer_crafter_jax_v50-wmfix-t1_iter037500.npz\r\n"}
,{"stream_name":"stdout","time":31561.55322265,"data":"  iter 37550/45000 [83.4%] | WM wm=10.80 rec=4.79 kl=5.83 rew=0.186 con=0.001 rew@ach=0.80/0.90(n=19) rew@0=+0.011 | AC act=-0.003 crit=1.714 pg=-0.003 H=0.33 | img ret=4.89 val=4.90 imgR(mu=0.051 max=1.00 p99=0.99 hi=4.16%) scale=9.28 p5=0.00 p95=9.29 | r/step=0.0167 | 1.2 ips ETA 1h43\r\n"}
,{"stream_name":"stdout","time":31599.224619906,"data":"  iter 37600/45000 [83.6%] | WM wm=10.66 rec=5.09 kl=5.30 rew=0.264 con=0.002 rew@ach=0.74/0.92(n=23) rew@0=+0.018 | AC act=-0.002 crit=1.734 pg=-0.002 H=0.34 | img ret=3.66 val=3.68 imgR(mu=0.031 max=1.04 p99=0.96 hi=2.47%) scale=9.77 p5=-0.01 p95=9.75 | r/step=0.0198 | 1.2 ips ETA 1h43\r\n"}
,{"stream_name":"stdout","time":31637.128713517,"data":"  iter 37650/45000 [83.7%] | WM wm=13.28 rec=7.29 kl=5.75 rew=0.237 con=0.001 rew@ach=0.76/0.90(n=21) rew@0=+0.014 | AC act=-0.005 crit=1.841 pg=-0.004 H=0.30 | img ret=4.33 val=4.37 imgR(mu=0.042 max=1.01 p99=0.92 hi=3.86%) scale=9.62 p5=-0.00 p95=9.63 | r/step=0.0203 | 1.2 ips ETA 1h42\r\n"}
,{"stream_name":"stdout","time":31675.142990957,"data":"  iter 37700/45000 [83.8%] | WM wm=11.70 rec=5.90 kl=5.60 rew=0.191 con=0.007 rew@ach=0.93/0.99(n=18) rew@0=+0.020 | AC act=-0.002 crit=1.884 pg=-0.002 H=0.33 | img ret=3.36 val=3.38 imgR(mu=0.036 max=1.01 p99=0.94 hi=3.17%) scale=9.62 p5=0.01 p95=9.61 | r/step=0.0210 | 1.2 ips ETA 1h41\r\n"}
,{"stream_name":"stdout","time":31712.828863654,"data":"  iter 37750/45000 [83.9%] | WM wm=13.65 rec=7.19 kl=6.24 rew=0.209 con=0.005 rew@ach=0.84/1.01(n=19) rew@0=+0.013 | AC act=0.002 crit=1.833 pg=0.002 H=0.33 | img ret=3.58 val=3.48 imgR(mu=0.039 max=1.02 p99=0.96 hi=3.19%) scale=9.41 p5=0.02 p95=9.42 | r/step=0.0218 | 1.2 ips ETA 1h41\r\n"}
,{"stream_name":"stdout","time":31750.670964769,"data":"  iter 37800/45000 [84.0%] | WM wm=12.17 rec=5.93 kl=6.04 rew=0.195 con=0.005 rew@ach=0.93/1.00(n=18) rew@0=+0.009 | AC act=-0.001 crit=2.021 pg=-0.001 H=0.27 | img ret=3.82 val=3.74 imgR(mu=0.048 max=1.10 p99=0.95 hi=3.86%) scale=9.44 p5=-0.02 p95=9.43 | r/step=0.0134 | 1.2 ips ETA 1h40\r\n"}
,{"stream_name":"stdout","time":31750.6709974,"data":"  [health] WARN H_collapse: H=0.27\r\n"}
,{"stream_name":"stdout","time":31788.292713306,"data":"  iter 37850/45000 [84.1%] | WM wm=9.62 rec=4.76 kl=4.63 rew=0.234 con=0.003 rew@ach=0.90/0.99(n=19) rew@0=+0.031 | AC act=0.003 crit=1.817 pg=0.003 H=0.30 | img ret=4.29 val=4.16 imgR(mu=0.049 max=1.03 p99=0.95 hi=4.11%) scale=9.72 p5=-0.06 p95=9.69 | r/step=0.0163 | 1.2 ips ETA 1h39\r\n"}
,{"stream_name":"stdout","time":31788.292757496,"data":"  [health] WARN H_collapse: H=0.30\r\n"}
,{"stream_name":"stdout","time":31826.086722911,"data":"  iter 37900/45000 [84.2%] | WM wm=12.90 rec=6.45 kl=6.18 rew=0.270 con=0.007 rew@ach=0.75/0.99(n=19) rew@0=+0.020 | AC act=-0.002 crit=1.921 pg=-0.002 H=0.35 | img ret=4.36 val=4.33 imgR(mu=0.049 max=1.04 p99=0.99 hi=4.04%) scale=9.50 p5=-0.05 p95=9.46 | r/step=0.0157 | 1.2 ips ETA 1h38\r\n"}
,{"stream_name":"stdout","time":31863.895413705,"data":"  iter 37950/45000 [84.3%] | WM wm=12.78 rec=6.83 kl=5.76 rew=0.194 con=0.001 rew@ach=0.84/0.99(n=16) rew@0=+0.010 | AC act=-0.002 crit=1.726 pg=-0.002 H=0.35 | img ret=4.03 val=4.01 imgR(mu=0.038 max=1.01 p99=0.99 hi=3.23%) scale=9.21 p5=-0.03 p95=9.16 | r/step=0.0095 | 1.2 ips ETA 1h38\r\n"}
,{"stream_name":"stdout","time":31901.601564781,"data":"  iter 38000/45000 [84.4%] | WM wm=11.73 rec=5.78 kl=5.75 rew=0.204 con=0.004 rew@ach=0.83/0.91(n=22) rew@0=+0.021 | AC act=-0.001 crit=1.867 pg=-0.001 H=0.36 | img ret=4.18 val=4.12 imgR(mu=0.053 max=1.04 p99=0.99 hi=4.93%) scale=9.14 p5=-0.03 p95=9.13 | r/step=0.0171 | 1.2 ips ETA 1h37\r\n"}
,{"stream_name":"stdout","time":31939.236301647,"data":"  iter 38050/45000 [84.6%] | WM wm=10.28 rec=4.93 kl=5.11 rew=0.245 con=0.002 rew@ach=0.77/0.85(n=26) rew@0=+0.023 | AC act=0.002 crit=1.943 pg=0.002 H=0.30 | img ret=4.05 val=3.89 imgR(mu=0.055 max=1.01 p99=0.98 hi=4.89%) scale=8.95 p5=-0.01 p95=8.96 | r/step=0.0131 | 1.2 ips ETA 1h36\r\n"}
,{"stream_name":"stdout","time":31976.875519614,"data":"  iter 38100/45000 [84.7%] | WM wm=13.24 rec=6.87 kl=6.14 rew=0.227 con=0.005 rew@ach=0.84/1.00(n=18) rew@0=+0.020 | AC act=0.001 crit=2.180 pg=0.001 H=0.26 | img ret=3.29 val=3.15 imgR(mu=0.046 max=1.03 p99=0.96 hi=4.21%) scale=8.98 p5=0.00 p95=9.00 | r/step=0.0102 | 1.2 ips ETA 1h36\r\n"}
,{"stream_name":"stdout","time":31976.875557514,"data":"  [health] WARN H_collapse: H=0.26\r\n"}
,{"stream_name":"stdout","time":32014.700889953,"data":"  iter 38150/45000 [84.8%] | WM wm=13.28 rec=7.76 kl=5.38 rew=0.135 con=0.004 rew@ach=0.96/1.01(n=13) rew@0=+0.009 | AC act=-0.002 crit=1.928 pg=-0.002 H=0.30 | img ret=2.96 val=2.95 imgR(mu=0.024 max=1.01 p99=0.87 hi=2.13%) scale=8.88 p5=-0.02 p95=8.85 | r/step=0.0155 | 1.2 ips ETA 1h35\r\n"}
,{"stream_name":"stdout","time":32014.700932782,"data":"  [health] WARN H_collapse: H=0.30\r\n"}
,{"stream_name":"stdout","time":32052.469307322,"data":"  iter 38200/45000 [84.9%] | WM wm=12.03 rec=5.92 kl=5.86 rew=0.253 con=0.003 rew@ach=0.88/0.99(n=20) rew@0=+0.031 | AC act=0.000 crit=1.980 pg=0.001 H=0.26 | img ret=3.23 val=3.12 imgR(mu=0.037 max=1.09 p99=0.95 hi=3.23%) scale=8.63 p5=0.01 p95=8.62 | r/step=0.0143 | 1.2 ips ETA 1h34\r\n"}
,{"stream_name":"stdout","time":32052.469337992,"data":"  [health] WARN H_collapse: H=0.26\r\n"}
,{"stream_name":"stdout","time":32090.329520629,"data":"  iter 38250/45000 [85.0%] | WM wm=9.83 rec=4.52 kl=5.11 rew=0.194 con=0.004 rew@ach=0.86/0.99(n=16) rew@0=+0.023 | AC act=-0.002 crit=1.728 pg=-0.002 H=0.38 | img ret=4.36 val=4.35 imgR(mu=0.038 max=1.01 p99=0.96 hi=2.97%) scale=8.81 p5=0.00 p95=8.81 | r/step=0.0086 | 1.2 ips ETA 1h34\r\n"}
,{"stream_name":"stdout","time":32128.076684949,"data":"  iter 38300/45000 [85.1%] | WM wm=12.98 rec=7.10 kl=5.65 rew=0.227 con=0.003 rew@ach=0.80/0.99(n=17) rew@0=+0.012 | AC act=-0.003 crit=1.744 pg=-0.003 H=0.32 | img ret=3.53 val=3.54 imgR(mu=0.039 max=1.00 p99=0.90 hi=3.00%) scale=8.93 p5=-0.01 p95=8.92 | r/step=0.0163 | 1.2 ips ETA 1h33\r\n"}
,{"stream_name":"stdout","time":32165.328659531,"data":"  iter 38350/45000 [85.2%] | WM wm=13.79 rec=6.76 kl=6.78 rew=0.245 con=0.008 rew@ach=0.75/0.99(n=15) rew@0=+0.023 | AC act=-0.001 crit=1.935 pg=-0.001 H=0.36 | img ret=3.91 val=3.88 imgR(mu=0.049 max=1.01 p99=0.92 hi=4.15%) scale=8.69 p5=0.01 p95=8.70 | r/step=0.0172 | 1.2 ips ETA 1h32\r\n"}
,{"stream_name":"stdout","time":32203.242907298,"data":"  iter 38400/45000 [85.3%] | WM wm=13.94 rec=7.84 kl=5.82 rew=0.270 con=0.012 rew@ach=0.76/0.98(n=22) rew@0=+0.020 | AC act=-0.000 crit=1.854 pg=-0.000 H=0.30 | img ret=4.04 val=4.05 imgR(mu=0.038 max=1.02 p99=0.95 hi=2.96%) scale=9.05 p5=-0.03 p95=9.03 | r/step=0.0151 | 1.2 ips ETA 1h31\r\n"}
,{"stream_name":"stdout","time":32240.958335747,"data":"  iter 38450/45000 [85.4%] | WM wm=11.91 rec=6.46 kl=5.28 rew=0.168 con=0.002 rew@ach=0.87/1.01(n=17) rew@0=+0.016 | AC act=-0.001 crit=1.851 pg=-0.001 H=0.33 | img ret=4.02 val=3.96 imgR(mu=0.035 max=1.12 p99=0.97 hi=3.16%) scale=8.78 p5=-0.01 p95=8.77 | r/step=0.0161 | 1.2 ips ETA 1h31\r\n"}
,{"stream_name":"stdout","time":32278.719527964,"data":"  iter 38500/45000 [85.6%] | WM wm=12.59 rec=6.57 kl=5.79 rew=0.229 con=0.001 rew@ach=0.87/0.99(n=19) rew@0=+0.024 | AC act=-0.001 crit=1.685 pg=-0.001 H=0.27 | img ret=4.65 val=4.60 imgR(mu=0.057 max=1.01 p99=0.97 hi=4.33%) scale=8.95 p5=0.00 p95=8.96 | r/step=0.0134 | 1.2 ips ETA 1h30\r\n"}
,{"stream_name":"stdout","time":32278.719561704,"data":"  [health] WARN H_collapse: H=0.27\r\n"}
,{"stream_name":"stdout","time":32316.507927781,"data":"  iter 38550/45000 [85.7%] | WM wm=10.63 rec=4.84 kl=5.54 rew=0.255 con=0.002 rew@ach=0.76/0.91(n=20) rew@0=+0.023 | AC act=-0.001 crit=1.787 pg=-0.001 H=0.27 | img ret=3.47 val=3.47 imgR(mu=0.034 max=1.01 p99=0.90 hi=2.94%) scale=9.24 p5=-0.00 p95=9.23 | r/step=0.0073 | 1.2 ips ETA 1h29\r\n"}
,{"stream_name":"stdout","time":32316.507960281,"data":"  [health] WARN H_collapse: H=0.27\r\n"}
,{"stream_name":"stdout","time":32354.29268968,"data":"  iter 38600/45000 [85.8%] | WM wm=11.11 rec=5.36 kl=5.54 rew=0.203 con=0.012 rew@ach=0.78/0.99(n=16) rew@0=+0.009 | AC act=-0.003 crit=1.913 pg=-0.003 H=0.25 | img ret=3.58 val=3.61 imgR(mu=0.035 max=1.01 p99=0.82 hi=2.69%) scale=9.05 p5=-0.03 p95=9.03 | r/step=0.0134 | 1.2 ips ETA 1h29\r\n"}
,{"stream_name":"stdout","time":32354.2927232,"data":"  [health] WARN H_collapse: H=0.25\r\n"}
,{"stream_name":"stdout","time":32392.101833046,"data":"  iter 38650/45000 [85.9%] | WM wm=12.27 rec=5.57 kl=6.46 rew=0.241 con=0.000 rew@ach=0.80/0.93(n=23) rew@0=+0.014 | AC act=-0.002 crit=2.014 pg=-0.002 H=0.26 | img ret=3.50 val=3.52 imgR(mu=0.039 max=1.02 p99=0.91 hi=3.36%) scale=9.02 p5=-0.02 p95=9.01 | r/step=0.0164 | 1.2 ips ETA 1h28\r\n"}
,{"stream_name":"stdout","time":32392.101870126,"data":"  [health] WARN H_collapse: H=0.26\r\n"}
]