[{"stream_name":"stderr","time":6.318194754,"data":"/usr/local/lib/python3.12/site-packages/nbformat/__init__.py:96: MissingIDFieldWarning: Cell is missing an id field, this will become a hard error in future nbformat versions. You may want to use `normalize()` on your notebooks before validations (available since nbformat 5.1.4). Previous versions of nbformat are fixing this issue transparently, and will stop doing so in the future.\n"}
,{"stream_name":"stderr","time":6.318245184,"data":"  validate(nb)\n"}
,{"stream_name":"stderr","time":9.054650005,"data":"[IPKernelApp] WARNING | Kernel is running over TCP without encryption. All communication (including code and outputs) is sent in plain text and is susceptible to eavesdropping. Use IPC transport or launch with kernel manager-provisioned CurveZMQ keys to enable transport encryption.\n"}
,{"stream_name":"stdout","time":10.182909181,"data":"Cloning into 'oneiro'...\r\n"}
,{"stream_name":"stdout","time":10.789951077,"data":"remote: Enumerating objects: 317, done.\u001b[K\r\n"}
,{"stream_name":"stdout","time":10.790001417,"data":"remote: Counting objects:   0% (1/317)\u001b[K\rremote: Counting objects:   1% (4/317)\u001b[K\rremote: Counting objects:   2% (7/317)\u001b[K\rremote: Counting objects:   3% (10/317)\u001b[K\rremote: Counting objects:   4% (13/317)\u001b[K\rremote: Counting objects:   5% (16/317)\u001b[K\rremote: Counting objects:   6% (20/317)\u001b[K\rremote: Counting objects:   7% (23/317)\u001b[K\rremote: Counting objects:   8% (26/317)\u001b[K\rremote: Counting objects:   9% (29/317)\u001b[K\rremote: Counting objects:  10% (32/317)\u001b[K\rremote: Counting objects:  11% (35/317)\u001b[K\rremote: Counting objects:  12% (39/317)\u001b[K\rremote: Counting objects:  13% (42/317)\u001b[K\rremote: Counting objects:  14% (45/317)\u001b[K\rremote: Counting objects:  15% (48/317)\u001b[K\rremote: Counting objects:  16% (51/317)\u001b[K\rremote: Counting objects:  17% (54/317)\u001b[K\rremote: Counting objects:  18% (58/317)\u001b[K\rremote: Counting objects:  19% (61/317)\u001b[K\rremote: Counting objects:  20% (64/317)\u001b[K\rremote: Counting objects:  21% (67/317)\u001b[K\rremote: Counting objects:  22% (70/317)\u001b[K\rremote: Counting objects:  23% (73/317)\u001b[K\rremote: Counting objects:  24% (77/317)\u001b[K\rremote: Counting objects:  25% (80/317)\u001b[K\rremote: Counting objects:  26% (83/317)\u001b[K\rremote: Counting objects:  27% (86/317)\u001b[K\rremote: Counting objects:  28% (89/317)\u001b[K\rremote: Counting objects:  29% (92/317)\u001b[K\rremote: Counting objects:  30% (96/317)\u001b[K\rremote: Counting objects:  31% (99/317)\u001b[K\rremote: Counting objects:  32% (102/317)\u001b[K\rremote: Counting objects:  33% (105/317)\u001b[K\rremote: Counting objects:  34% (108/317)\u001b[K\rremote: Counting objects:  35% (111/317)\u001b[K\rremote: Counting objects:  36% (115/317)\u001b[K\rremote: Counting objects:  37% (118/317)\u001b[K\rremote: Counting objects:  38% (121/317)\u001b[K\rremote: Counting objects:  39% (124/317)\u001b[K\rremote: Counting objects:  40% (127/317)\u001b[K\rremote: Counting objects:  41% (130/317)\u001b[K\rremote: Counting objects:  42% (134/317)\u001b[K\rremote: Counting objects:  43% (137/317)\u001b[K\rremote: Counting objects:  44% (140/317)\u001b[K\rremote: Counting objects:  45% (143/317)\u001b[K\rremote: Counting objects:  46% (146/317)\u001b[K\rremote: Counting objects:  47% (149/317)\u001b[K\rremote: Counting objects:  48% (153/317)\u001b[K\rremote: Counting objects:  49% (156/317)\u001b[K\rremote: Counting objects:  50% (159/317)\u001b[K\rremote: Counting objects:  51% (162/317)\u001b[K\rremote: Counting objects:  52% (165/317)\u001b[K\rremote: Counting objects:  53% (169/317)\u001b[K\rremote: Counting objects:  54% (172/317)\u001b[K\rremote: Counting objects:  55% (175/317)\u001b[K\rremote: Counting objects:  56% (178/317)\u001b[K\rremote: Counting objects:  57% (181/317)\u001b[K\rremote: Counting objects:  58% (184/317)\u001b[K\rremote: Counting objects:  59% (188/317)\u001b[K\rremote: Counting objects:  60% (191/317)\u001b[K\rremote: Counting objects:  61% (194/317)\u001b[K\rremote: Counting objects:  62% (197/317)\u001b[K\rremote: Counting objects:  63% (200/317)\u001b[K\rremote: Counting objects:  64% (203/317)\u001b[K\rremote: Counting objects:  65% (207/317)\u001b[K\rremote: Counting objects:  66% (210/317)\u001b[K\rremote: Counting objects:  67% (213/317)\u001b[K\rremote: Counting objects:  68% (216/317)\u001b[K\rremote: Counting objects:  69% (219/317)\u001b[K\rremote: Counting objects:  70% (222/317)\u001b[K\rremote: Counting objects:  71% (226/317)\u001b[K\rremote: Counting objects:  72% (229/317)\u001b[K\rremote: Counting objects:  73% (232/317)\u001b[K\rremote: Counting objects:  74% (235/317)\u001b[K\rremote: Counting objects:  75% (238/317)\u001b[K\rremote: Counting objects:  76% (241/317)\u001b[K\rremote: Counting objects:  77% (245/317)\u001b[K\rremote: Counting objects:  78% (248/317)\u001b[K\rremote: Counting objects:  79% (251/317)\u001b[K\rremote: Counting objects:  80% (254/317)\u001b[K\rremote: Counting objects:  81% (257/317)\u001b[K\rremote: Counting objects:  82% (260/317)\u001b[K\rremote: Counting objects:  83% (264/317)\u001b[K\rremote: Counting objects:  84% (267/317)\u001b[K\rremote: Counting objects:  85% (270/317)\u001b[K\rremote: Counting objects:  86% (273/317)\u001b[K\rremote: Counting objects:  87% (276/317)\u001b[K\rremote: Counting objects:  88% (279/317)\u001b[K\rremote: Counting objects:  89% (283/317)\u001b[K\rremote: Counting objects:  90% (286/317)\u001b[K\rremote: Counting objects:  91% (289/317)\u001b[K\rremote: Counting objects:  92% (292/317)\u001b[K\rremote: Counting objects:  93% (295/317)\u001b[K\rremote: Counting objects:  94% (298/317)\u001b[K\rremote: Counting objects:  95% (302/317)\u001b[K\rremote: Counting objects:  96% (305/317)\u001b[K\rremote: Counting objects:  97% (308/317)\u001b[K\rremote: Counting objects:  98% (311/317)\u001b[K\rremote: Counting objects:  99% (314/317)\u001b[K\rremote: Counting objects: 100% (317/317)\u001b[K\rremote: Counting objects: 100% (317/317), done.\u001b[K\r\n"}
,{"stream_name":"stdout","time":10.889994376,"data":"remote: Compressing objects:   0% (1/209)\u001b[K\rremote: Compressing objects:   1% (3/209)\u001b[K\rremote: Compressing objects:   2% (5/209)\u001b[K\rremote: Compressing objects:   3% (7/209)\u001b[K\rremote: Compressing objects:   4% (9/209)\u001b[K\rremote: Compressing objects:   5% (11/209)\u001b[K\rremote: Compressing objects:   6% (13/209)\u001b[K\rremote: Compressing objects:   7% (15/209)\u001b[K\rremote: Compressing objects:   8% (17/209)\u001b[K\rremote: Compressing objects:   9% (19/209)\u001b[K\rremote: Compressing objects:  10% (21/209)\u001b[K\rremote: Compressing objects:  11% (23/209)\u001b[K\rremote: Compressing objects:  12% (26/209)\u001b[K\rremote: Compressing objects:  13% (28/209)\u001b[K\rremote: Compressing objects:  14% (30/209)\u001b[K\rremote: Compressing objects:  15% (32/209)\u001b[K\rremote: Compressing objects:  16% (34/209)\u001b[K\rremote: Compressing objects:  17% (36/209)\u001b[K\rremote: Compressing objects:  18% (38/209)\u001b[K\rremote: Compressing objects:  19% (40/209)\u001b[K\rremote: Compressing objects:  20% (42/209)\u001b[K\rremote: Compressing objects:  21% (44/209)\u001b[K\rremote: Compressing objects:  22% (46/209)\u001b[K\rremote: Compressing objects:  23% (49/209)\u001b[K\rremote: Compressing objects:  24% (51/209)\u001b[K\rremote: Compressing objects:  25% (53/209)\u001b[K\rremote: Compressing objects:  26% (55/209)\u001b[K\rremote: Compressing objects:  27% (57/209)\u001b[K\rremote: Compressing objects:  28% (59/209)\u001b[K\rremote: Compressing objects:  29% (61/209)\u001b[K\rremote: Compressing objects:  30% (63/209)\u001b[K\rremote: Compressing objects:  31% (65/209)\u001b[K\rremote: Compressing objects:  32% (67/209)\u001b[K\rremote: Compressing objects:  33% (69/209)\u001b[K\rremote: Compressing objects:  34% (72/209)\u001b[K\rremote: Compressing objects:  35% (74/209)\u001b[K\rremote: Compressing objects:  36% (76/209)\u001b[K\rremote: Compressing objects:  37% (78/209)\u001b[K\rremote: Compressing objects:  38% (80/209)\u001b[K\rremote: Compressing objects:  39% (82/209)\u001b[K\rremote: Compressing objects:  40% (84/209)\u001b[K\rremote: Compressing objects:  41% (86/209)\u001b[K\rremote: Compressing objects:  42% (88/209)\u001b[K\rremote: Compressing objects:  43% (90/209)\u001b[K\rremote: Compressing objects:  44% (92/209)\u001b[K\rremote: Compressing objects:  45% (95/209)\u001b[K\rremote: Compressing objects:  46% (97/209)\u001b[K\rremote: Compressing objects:  47% (99/209)\u001b[K\rremote: Compressing objects:  48% (101/209)\u001b[K\rremote: Compressing objects:  49% (103/209)\u001b[K\rremote: Compressing objects:  50% (105/209)\u001b[K\rremote: Compressing objects:  51% (107/209)\u001b[K\rremote: Compressing objects:  52% (109/209)\u001b[K\rremote: Compressing objects:  53% (111/209)\u001b[K\rremote: Compressing objects:  54% (113/209)\u001b[K\rremote: Compressing objects:  55% (115/209)\u001b[K\rremote: Compressing objects:  56% (118/209)\u001b[K\rremote: Compressing objects:  57% (120/209)\u001b[K\rremote: Compressing objects:  58% (122/209)\u001b[K\rremote: Compressing objects:  59% (124/209)\u001b[K\rremote: Compressing objects:  60% (126/209)\u001b[K\rremote: Compressing objects:  61% (128/209)\u001b[K\rremote: Compressing objects:  62% (130/209)\u001b[K\rremote: Compressing objects:  63% (132/209)\u001b[K\rremote: Compressing objects:  64% (134/209)\u001b[K\rremote: Compressing objects:  65% (136/209)\u001b[K\rremote: Compressing objects:  66% (138/209)\u001b[K\rremote: Compressing objects:  67% (141/209)\u001b[K\rremote: Compressing objects:  68% (143/209)\u001b[K\rremote: Compressing objects:  69% (145/209)\u001b[K\rremote: Compressing objects:  70% (147/209)\u001b[K\rremote: Compressing objects:  71% (149/209)\u001b[K\rremote: Compressing objects:  72% (151/209)\u001b[K\rremote: Compressing objects:  73% (153/209)\u001b[K\rremote: Compressing objects:  74% (155/209)\u001b[K\rremote: Compressing objects:  75% (157/209)\u001b[K\rremote: Compressing objects:  76% (159/209)\u001b[K\rremote: Compressing objects:  77% (161/209)\u001b[K\rremote: Compressing objects:  78% (164/209)\u001b[K\rremote: Compressing objects:  79% (166/209)\u001b[K\rremote: Compressing objects:  80% (168/209)\u001b[K\rremote: Compressing objects:  81% (170/209)\u001b[K\rremote: Compressing objects:  82% (172/209)\u001b[K\rremote: Compressing objects:  83% (174/209)\u001b[K\rremote: Compressing objects:  84% (176/209)\u001b[K\rremote: Compressing objects:  85% (178/209)\u001b[K\rremote: Compressing objects:  86% (180/209)\u001b[K\rremote: Compressing objects:  87% (182/209)\u001b[K\rremote: Compressing objects:  88% (184/209)\u001b[K\rremote: Compressing objects:  89% (187/209)\u001b[K\rremote: Compressing objects:  90% (189/209)\u001b[K\rremote: Compressing objects:  91% (191/209)\u001b[K\rremote: Compressing objects:  92% (193/209)\u001b[K\rremote: Compressing objects:  93% (195/209)\u001b[K\rremote: Compressing objects:  94% (197/209)\u001b[K\rremote: Compressing objects:  95% (199/209)\u001b[K\rremote: Compressing objects:  96% (201/209)\u001b[K\rremote: Compressing objects:  97% (203/209)\u001b[K\rremote: Compressing objects:  98% (205/209)\u001b[K\rremote: Compressing objects:  99% (207/209)\u001b[K\rremote: Compressing objects: 100% (209/209)\u001b[K\rremote: Compressing objects: 100% (209/209), done.\u001b[K\r\n"}
,{"stream_name":"stdout","time":11.041747726,"data":"Receiving objects:   0% (1/317)\rReceiving objects:   1% (4/317)\rReceiving objects:   2% (7/317)\rReceiving objects:   3% (10/317)\rReceiving objects:   4% (13/317)\rReceiving objects:   5% (16/317)\rReceiving objects:   6% (20/317)\rReceiving objects:   7% (23/317)\rReceiving objects:   8% (26/317)\rReceiving objects:   9% (29/317)\rReceiving objects:  10% (32/317)\rReceiving objects:  11% (35/317)\rReceiving objects:  12% (39/317)\rReceiving objects:  13% (42/317)\rReceiving objects:  14% (45/317)\rReceiving objects:  15% (48/317)\rReceiving objects:  16% (51/317)\rReceiving objects:  17% (54/317)\rReceiving objects:  18% (58/317)\rReceiving objects:  19% (61/317)\rReceiving objects:  20% (64/317)\rReceiving objects:  21% (67/317)\rReceiving objects:  22% (70/317)\rReceiving objects:  23% (73/317)\rReceiving objects:  24% (77/317)\rReceiving objects:  25% (80/317)\rReceiving objects:  26% (83/317)\rReceiving objects:  27% (86/317)\rReceiving objects:  28% (89/317)\rReceiving objects:  29% (92/317)\rReceiving objects:  30% (96/317)\rReceiving objects:  31% (99/317)\rReceiving objects:  32% (102/317)\rReceiving objects:  33% (105/317)\rReceiving objects:  34% (108/317)\rReceiving objects:  35% (111/317)\rReceiving objects:  36% (115/317)\rReceiving objects:  37% (118/317)\rReceiving objects:  38% (121/317)\rReceiving objects:  39% (124/317)\rReceiving objects:  40% (127/317)\rReceiving objects:  41% (130/317)\rReceiving objects:  42% (134/317)\rReceiving objects:  43% (137/317)\rReceiving objects:  44% (140/317)\rReceiving objects:  45% (143/317)\rReceiving objects:  46% (146/317)\rReceiving objects:  47% (149/317)\rReceiving objects:  48% (153/317)\rReceiving objects:  49% (156/317)\rReceiving objects:  50% (159/317)\rReceiving objects:  51% (162/317)\rReceiving objects:  52% (165/317)\rReceiving objects:  53% (169/317)\rReceiving objects:  54% (172/317)\rReceiving objects:  55% (175/317)\rReceiving objects:  56% (178/317)\rReceiving objects:  57% (181/317)\rReceiving objects:  58% (184/317)\rReceiving objects:  59% (188/317)\rReceiving objects:  60% (191/317)\rReceiving objects:  61% (194/317)\rReceiving objects:  62% (197/317)\rReceiving objects:  63% (200/317)\rReceiving objects:  64% (203/317)\rReceiving objects:  65% (207/317)\rReceiving objects:  66% (210/317)\rReceiving objects:  67% (213/317)\rReceiving objects:  68% (216/317)\rReceiving objects:  69% (219/317)\rReceiving objects:  70% (222/317)\rReceiving objects:  71% (226/317)\rReceiving objects:  72% (229/317)\rReceiving objects:  73% (232/317)\rReceiving objects:  74% (235/317)\rReceiving objects:  75% (238/317)\rReceiving objects:  76% (241/317)\rReceiving objects:  77% (245/317)\rReceiving objects:  78% (248/317)\rReceiving objects:  79% (251/317)\rReceiving objects:  80% (254/317)\rReceiving objects:  81% (257/317)\rReceiving objects:  82% (260/317)\rReceiving objects:  83% (264/317)\rReceiving objects:  84% (267/317)\rReceiving objects:  85% (270/317)\rReceiving objects:  86% (273/317)\rReceiving objects:  87% (276/317)\rReceiving objects:  88% (279/317)\rReceiving objects:  89% (283/317)\rReceiving objects:  90% (286/317)\rReceiving objects:  91% (289/317)\rReceiving objects:  92% (292/317)\rremote: Total 317 (delta 159), reused 251 (delta 93), pack-reused 0 (from 0)\u001b[K\r\n"}
,{"stream_name":"stdout","time":11.041788016,"data":"Receiving objects:  93% (295/317)\rReceiving objects:  94% (298/317)\rReceiving objects:  95% (302/317)\rReceiving objects:  96% (305/317)\rReceiving objects:  97% (308/317)\rReceiving objects:  98% (311/317)\rReceiving objects:  99% (314/317)\rReceiving objects: 100% (317/317)\rReceiving objects: 100% (317/317), 3.45 MiB | 23.52 MiB/s, done.\r\n"}
,{"stream_name":"stdout","time":11.092158919,"data":"Resolving deltas:   0% (0/159)\rResolving deltas:   1% (2/159)\rResolving deltas:   2% (4/159)\rResolving deltas:   3% (5/159)\rResolving deltas:   4% (7/159)\rResolving deltas:   5% (8/159)\rResolving deltas:   6% (10/159)\rResolving deltas:   7% (12/159)\rResolving deltas:   8% (13/159)\rResolving deltas:   9% (15/159)\rResolving deltas:  10% (16/159)\rResolving deltas:  11% (18/159)\rResolving deltas:  13% (21/159)\rResolving deltas:  15% (24/159)\rResolving deltas:  16% (26/159)\rResolving deltas:  17% (28/159)\rResolving deltas:  18% (29/159)\rResolving deltas:  19% (31/159)\rResolving deltas:  21% (34/159)\rResolving deltas:  22% (36/159)\rResolving deltas:  23% (37/159)\rResolving deltas:  24% (39/159)\rResolving deltas:  27% (44/159)\rResolving deltas:  28% (45/159)\rResolving deltas:  29% (47/159)\rResolving deltas:  30% (48/159)\rResolving deltas:  31% (50/159)\rResolving deltas:  32% (51/159)\rResolving deltas:  33% (54/159)\rResolving deltas:  34% (55/159)\rResolving deltas:  35% (56/159)\rResolving deltas:  37% (60/159)\rResolving deltas:  38% (61/159)\rResolving deltas:  39% (63/159)\rResolving deltas:  40% (64/159)\rResolving deltas:  41% (66/159)\rResolving deltas:  42% (68/159)\rResolving deltas:  44% (71/159)\rResolving deltas:  45% (72/159)\rResolving deltas:  46% (74/159)\rResolving deltas:  51% (82/159)\rResolving deltas:  52% (83/159)\rResolving deltas:  53% (85/159)\rResolving deltas:  54% (86/159)\rResolving deltas:  55% (88/159)\rResolving deltas:  57% (92/159)\rResolving deltas:  58% (93/159)\rResolving deltas:  59% (94/159)\rResolving deltas:  60% (96/159)\rResolving deltas:  61% (97/159)\rResolving deltas:  62% (99/159)\rResolving deltas:  64% (103/159)\rResolving deltas:  65% (104/159)\rResolving deltas:  66% (105/159)\rResolving deltas:  67% (107/159)\rResolving deltas:  68% (109/159)\rResolving deltas:  69% (110/159)\rResolving deltas:  72% (115/159)\rResolving deltas:  73% (117/159)\rResolving deltas:  74% (119/159)\rResolving deltas:  76% (121/159)\rResolving deltas:  77% (123/159)\rResolving deltas:  80% (128/159)\rResolving deltas:  81% (129/159)\rResolving deltas:  82% (131/159)\rResolving deltas:  83% (132/159)\rResolving deltas:  84% (134/159)\rResolving deltas:  86% (137/159)\rResolving deltas:  88% (140/159)\rResolving deltas:  89% (142/159)\rResolving deltas:  91% (145/159)\rResolving deltas:  92% (147/159)\rResolving deltas:  93% (148/159)\rResolving deltas:  94% (150/159)\rResolving deltas:  95% (152/159)\rResolving deltas:  96% (153/159)\rResolving deltas:  97% (155/159)\rResolving deltas:  98% (156/159)\rResolving deltas:  99% (158/159)\rResolving deltas: 100% (159/159)\rResolving deltas: 100% (159/159), done.\r\n"}
,{"stream_name":"stdout","time":11.242612322,"data":"/kaggle/working/oneiro\n"}
,{"stream_name":"stdout","time":39.798547578,"data":"\u001b[33mWARNING: Running pip as the 'root' user can result in broken permissions and conflicting behaviour with the system package manager, possibly rendering your system unusable. It is recommended to use a virtual environment instead: https://pip.pypa.io/warnings/venv. Use the --root-user-action option if you know what you are doing and want to suppress this warning.\u001b[0m\u001b[33m\r\n"}
,{"stream_name":"stdout","time":39.899755522,"data":"\u001b[0m\r\n"}
,{"stream_name":"stdout","time":39.899780111,"data":"\u001b[1m[\u001b[0m\u001b[34;49mnotice\u001b[0m\u001b[1;39;49m]\u001b[0m\u001b[39;49m A new release of pip is available: \u001b[0m\u001b[31;49m25.0.1\u001b[0m\u001b[39;49m -\u003e \u001b[0m\u001b[32;49m26.1.2\u001b[0m\r\n"}
,{"stream_name":"stdout","time":39.899792102,"data":"\u001b[1m[\u001b[0m\u001b[34;49mnotice\u001b[0m\u001b[1;39;49m]\u001b[0m\u001b[39;49m To update, run: \u001b[0m\u001b[32;49mpip install --upgrade pip\u001b[0m\r\n"}
,{"stream_name":"stdout","time":56.211913774,"data":"\u001b[33mWARNING: Running pip as the 'root' user can result in broken permissions and conflicting behaviour with the system package manager, possibly rendering your system unusable. It is recommended to use a virtual environment instead: https://pip.pypa.io/warnings/venv. Use the --root-user-action option if you know what you are doing and want to suppress this warning.\u001b[0m\u001b[33m\r\n"}
,{"stream_name":"stdout","time":56.211944544,"data":"\u001b[0m\r\n"}
,{"stream_name":"stdout","time":56.211949114,"data":"\u001b[1m[\u001b[0m\u001b[34;49mnotice\u001b[0m\u001b[1;39;49m]\u001b[0m\u001b[39;49m A new release of pip is available: \u001b[0m\u001b[31;49m25.0.1\u001b[0m\u001b[39;49m -\u003e \u001b[0m\u001b[32;49m26.1.2\u001b[0m\r\n"}
,{"stream_name":"stdout","time":56.211953334,"data":"\u001b[1m[\u001b[0m\u001b[34;49mnotice\u001b[0m\u001b[1;39;49m]\u001b[0m\u001b[39;49m To update, run: \u001b[0m\u001b[32;49mpip install --upgrade pip\u001b[0m\r\n"}
,{"stream_name":"stdout","time":72.775881659,"data":"\u001b[33mWARNING: Running pip as the 'root' user can result in broken permissions and conflicting behaviour with the system package manager, possibly rendering your system unusable. It is recommended to use a virtual environment instead: https://pip.pypa.io/warnings/venv. Use the --root-user-action option if you know what you are doing and want to suppress this warning.\u001b[0m\u001b[33m\r\n"}
,{"stream_name":"stdout","time":72.775942659,"data":"\u001b[0m\r\n"}
,{"stream_name":"stdout","time":72.775946789,"data":"\u001b[1m[\u001b[0m\u001b[34;49mnotice\u001b[0m\u001b[1;39;49m]\u001b[0m\u001b[39;49m A new release of pip is available: \u001b[0m\u001b[31;49m25.0.1\u001b[0m\u001b[39;49m -\u003e \u001b[0m\u001b[32;49m26.1.2\u001b[0m\r\n"}
,{"stream_name":"stdout","time":72.775950199,"data":"\u001b[1m[\u001b[0m\u001b[34;49mnotice\u001b[0m\u001b[1;39;49m]\u001b[0m\u001b[39;49m To update, run: \u001b[0m\u001b[32;49mpip install --upgrade pip\u001b[0m\r\n"}
,{"stream_name":"stdout","time":74.520567486,"data":"/usr/local/lib/python3.12/site-packages/jax/_src/cloud_tpu_init.py:88: UserWarning: Transparent hugepages are not enabled. TPU runtime startup and shutdown time should be significantly improved on TPU v5e and newer. If not already set, you may need to enable transparent hugepages in your VM image (sudo sh -c \"echo always \u003e /sys/kernel/mm/transparent_hugepage/enabled\")\r\n"}
,{"stream_name":"stdout","time":74.520601886,"data":"  warnings.warn(\r\n"}
,{"stream_name":"stdout","time":79.719073977,"data":"Gym has been unmaintained since 2022 and does not support NumPy 2.0 amongst other critical functionality.\r\n"}
,{"stream_name":"stdout","time":79.719124197,"data":"Please upgrade to Gymnasium, the maintained drop-in replacement of Gym, or contact the authors of your software and request that they upgrade.\r\n"}
,{"stream_name":"stdout","time":79.719131057,"data":"Users of this version of Gym should be able to simply replace 'import gym' with 'import gymnasium as gym' in the vast majority of cases.\r\n"}
,{"stream_name":"stdout","time":79.719136017,"data":"See the migration guide at https://gymnasium.farama.org/introduction/migration_guide/ for additional information.\r\n"}
,{"stream_name":"stdout","time":82.142049894,"data":"WARNING: Logging before InitGoogle() is written to STDERR\r\n"}
,{"stream_name":"stdout","time":82.142077174,"data":"E0000 00:00:1783104413.173233     133 common_lib.cc:646] Could not set metric server port: INVALID_ARGUMENT: Could not find SliceBuilder port 8471 in any of the 0 ports provided in `tpu_process_addresses`=\"local\"\r\n"}
,{"stream_name":"stdout","time":82.142083554,"data":"=== Source Location Trace: ===\r\n"}
,{"stream_name":"stdout","time":82.142088025,"data":"learning/45eac/tfrc/runtime/common_lib.cc:228\r\n"}
,{"stream_name":"stdout","time":91.385318752,"data":"JAX backend : tpu\r\n"}
,{"stream_name":"stdout","time":91.385358942,"data":"Device      : [TpuDevice(id=0, process_index=0, coords=(0,0,0), core_on_chip=0), TpuDevice(id=1, process_index=0, coords=(1,0,0), core_on_chip=0), TpuDevice(id=2, process_index=0, coords=(0,1,0), core_on_chip=0), TpuDevice(id=3, process_index=0, coords=(1,1,0), core_on_chip=0), TpuDevice(id=4, process_index=0, coords=(0,2,0), core_on_chip=0), TpuDevice(id=5, process_index=0, coords=(1,2,0), core_on_chip=0), TpuDevice(id=6, process_index=0, coords=(0,3,0), core_on_chip=0), TpuDevice(id=7, process_index=0, coords=(1,3,0), core_on_chip=0)]\r\n"}
,{"stream_name":"stdout","time":91.385364952,"data":"Sharding    : DATA-PARALLEL sur 8 devices (mesh OrderedDict({'data': 8}), axis 'data', batch dim0 shardé, state répliqué)\r\n"}
,{"stream_name":"stdout","time":91.385369382,"data":"Run         : v36-tpu-75m-rnd\r\n"}
,{"stream_name":"stdout","time":91.385372822,"data":"Config      : entropy=0.0003  train_iter=30000  n_envs=16  batch=16  seq_len=64\r\n"}
,{"stream_name":"stdout","time":91.385385142,"data":"Optim       : lr_wm=1.0e-04  lr_ac=3.0e-05  lr_alpha=1.0e-03  grad_clip=100.0  horizon=16\r\n"}
,{"stream_name":"stdout","time":91.385387832,"data":"Replay      : collect/iter=32  wm_train/iter=4  ac_train/iter=4  → train_ratio≈128\r\n"}
,{"stream_name":"stdout","time":91.385390412,"data":"Flags       : adaptive_alpha=False  auto_explore=False  use_rnd=True\r\n"}
,{"stream_name":"stdout","time":91.385392982,"data":"\r\n"}
,{"stream_name":"stdout","time":95.522544484,"data":"Buffer      : CPU (1,000,000 cap, 12300 MB)\r\n"}
,{"stream_name":"stdout","time":106.377270844,"data":"Adaptive α : OFF (entropy_coef fixe = 0.0003)\r\n"}
,{"stream_name":"stdout","time":106.677866155,"data":"RND        : ON   rnd_coef=0.5   lr_rnd=0.0001\r\n"}
,{"stream_name":"stdout","time":106.677891115,"data":"Auto-explore : OFF\r\n"}
,{"stream_name":"stdout","time":106.677900155,"data":"\r\n"}
,{"stream_name":"stdout","time":106.677904875,"data":"============================================================\r\n"}
,{"stream_name":"stdout","time":106.677909815,"data":"Architecture\r\n"}
,{"stream_name":"stdout","time":106.677914215,"data":"============================================================\r\n"}
,{"stream_name":"stdout","time":106.677918535,"data":"  WM modules (CNNEnc+RSSM+CNNDec+heads) : 54,152,131 params\r\n"}
,{"stream_name":"stdout","time":106.677922815,"data":"  Actor + Critic                        : 21,358,352 params\r\n"}
,{"stream_name":"stdout","time":106.677927184,"data":"  TOTAL                                 : 75,510,483 params (~75.51M)\r\n"}
,{"stream_name":"stdout","time":106.677931604,"data":"\r\n"}
,{"stream_name":"stdout","time":107.385425177,"data":"Output dirs : runs=/kaggle/working/runs  checkpoints=/kaggle/working/checkpoints\r\n"}
,{"stream_name":"stdout","time":107.385461577,"data":"\r\n"}
,{"stream_name":"stdout","time":107.385468757,"data":"============================================================\r\n"}
,{"stream_name":"stdout","time":107.385472547,"data":"Phase 0 : Warmup random (5000 steps, 16 envs)\r\n"}
,{"stream_name":"stdout","time":107.385476177,"data":"============================================================\r\n"}
,{"stream_name":"stdout","time":116.472646785,"data":"Buffer : 4992 transitions en 9.1s\r\n"}
,{"stream_name":"stdout","time":116.472687936,"data":"         Mémoire buffer : 12300.0 MB\r\n"}
,{"stream_name":"stdout","time":116.472695005,"data":"\r\n"}
,{"stream_name":"stdout","time":116.472699596,"data":"============================================================\r\n"}
,{"stream_name":"stdout","time":116.472703725,"data":"Phase 1 : Training Dreamer JAX (30000 itérations)\r\n"}
,{"stream_name":"stdout","time":116.472708516,"data":"============================================================\r\n"}
,{"stream_name":"stdout","time":116.673935292,"data":"[Phase 13] Safeguards : warmup=5000  adaptive_rnd=True  health_auto_stop=False  h_target_schedule=True [1.13→1.13 over 10000]\r\n"}
,{"stream_name":"stdout","time":194.650397828,"data":"  iter    50/30000 [ 0.2%] | WM wm=279.75 rec=276.25 kl=3.25 rew=0.226 con=0.027 | AC act=0.086 crit=1.729 pg=0.086 H=2.46 | img ret=0.09 val=0.05 scale=1.00 p5=0.03 p95=0.09 rnd_c=0.005 rnd_l=0.106 | r/step=0.0143 | 0.6 ips ETA 12h57\r\n"}
,{"stream_name":"stdout","time":232.25986661,"data":"  iter   100/30000 [ 0.3%] | WM wm=112.05 rec=108.12 kl=3.59 rew=0.298 con=0.042 | AC act=0.031 crit=1.047 pg=0.031 H=2.07 | img ret=0.16 val=0.14 scale=1.00 p5=0.11 p95=0.19 rnd_c=0.010 rnd_l=0.056 | r/step=-0.0001 | 0.9 ips ETA 9h35\r\n"}
,{"stream_name":"stdout","time":269.989600187,"data":"  iter   150/30000 [ 0.5%] | WM wm=89.32 rec=85.58 kl=3.56 rew=0.158 con=0.020 | AC act=0.001 crit=1.131 pg=0.001 H=0.08 | img ret=0.18 val=0.17 scale=1.00 p5=0.03 p95=0.37 rnd_c=0.015 rnd_l=0.055 | r/step=0.0025 | 1.0 ips ETA 8h28\r\n"}
,{"stream_name":"stdout","time":269.989645777,"data":"  [health] WARN H_collapse: H=0.08\r\n"}
,{"stream_name":"stdout","time":269.989650757,"data":"  [health] WARN RND_dominates: ratio=222.5\r\n"}
,{"stream_name":"stdout","time":307.080423574,"data":"  iter   200/30000 [ 0.7%] | WM wm=101.85 rec=98.37 kl=3.25 rew=0.210 con=0.016 | AC act=-0.001 crit=1.579 pg=-0.001 H=0.09 | img ret=0.17 val=0.18 scale=1.00 p5=-0.08 p95=0.43 rnd_c=0.020 rnd_l=0.047 | r/step=0.0083 | 1.1 ips ETA 7h52\r\n"}
,{"stream_name":"stdout","time":307.080458504,"data":"  [health] WARN H_collapse: H=0.09\r\n"}
,{"stream_name":"stdout","time":307.080464134,"data":"  [health] WARN RND_dominates: ratio=946.9\r\n"}
,{"stream_name":"stdout","time":344.420310043,"data":"  iter   250/30000 [ 0.8%] | WM wm=79.68 rec=76.31 kl=3.13 rew=0.214 con=0.020 | AC act=0.001 crit=1.540 pg=0.001 H=0.12 | img ret=0.24 val=0.22 scale=1.00 p5=-0.18 p95=0.44 rnd_c=0.025 rnd_l=0.043 | r/step=0.0129 | 1.1 ips ETA 7h31\r\n"}
,{"stream_name":"stdout","time":344.420343313,"data":"  [health] WARN H_collapse: H=0.12\r\n"}
,{"stream_name":"stdout","time":382.027783026,"data":"  iter   300/30000 [ 1.0%] | WM wm=70.83 rec=67.67 kl=2.96 rew=0.185 con=0.011 | AC act=0.001 crit=1.529 pg=0.002 H=0.10 | img ret=0.23 val=0.20 scale=1.00 p5=-0.24 p95=0.57 rnd_c=0.030 rnd_l=0.035 | r/step=0.0238 | 1.1 ips ETA 7h17\r\n"}
,{"stream_name":"stdout","time":382.027801456,"data":"  [health] WARN H_collapse: H=0.10\r\n"}
,{"stream_name":"stdout","time":419.56760306,"data":"  iter   350/30000 [ 1.2%] | WM wm=67.96 rec=64.65 kl=3.00 rew=0.288 con=0.026 | AC act=-0.002 crit=1.628 pg=-0.002 H=0.08 | img ret=0.14 val=0.15 scale=1.15 p5=-0.31 p95=0.84 rnd_c=0.035 rnd_l=0.033 | r/step=0.0316 | 1.2 ips ETA 7h07\r\n"}
,{"stream_name":"stdout","time":419.56763755,"data":"  [health] WARN H_collapse: H=0.08\r\n"}
,{"stream_name":"stdout","time":419.5676435,"data":"  [health] WARN FATAL: H_collapse persistent (consec=5)\r\n"}
,{"stream_name":"stdout","time":457.096045188,"data":"  iter   400/30000 [ 1.3%] | WM wm=70.33 rec=66.25 kl=3.70 rew=0.366 con=0.022 | AC act=0.003 crit=1.887 pg=0.003 H=0.09 | img ret=0.54 val=0.49 scale=1.67 p5=-0.30 p95=1.37 rnd_c=0.040 rnd_l=0.029 | r/step=0.0622 | 1.2 ips ETA 6h59\r\n"}
,{"stream_name":"stdout","time":457.096093638,"data":"  [health] WARN H_collapse: H=0.09\r\n"}
,{"stream_name":"stdout","time":457.096099818,"data":"  [health] WARN RND_dominates: ratio=2283.3\r\n"}
,{"stream_name":"stdout","time":457.096107488,"data":"  [health] WARN FATAL: H_collapse persistent (consec=6)\r\n"}
,{"stream_name":"stdout","time":494.205785211,"data":"  iter   450/30000 [ 1.5%] | WM wm=65.34 rec=61.85 kl=3.22 rew=0.255 con=0.011 | AC act=0.003 crit=2.086 pg=0.003 H=0.10 | img ret=0.65 val=0.54 scale=2.20 p5=-0.26 p95=1.94 rnd_c=0.045 rnd_l=0.025 | r/step=0.0608 | 1.2 ips ETA 6h53\r\n"}
,{"stream_name":"stdout","time":494.205816351,"data":"  [health] WARN H_collapse: H=0.10\r\n"}
,{"stream_name":"stdout","time":494.205822571,"data":"  [health] WARN RND_dominates: ratio=2636.3\r\n"}
,{"stream_name":"stdout","time":494.205827502,"data":"  [health] WARN FATAL: H_collapse persistent (consec=7)\r\n"}
,{"stream_name":"stdout","time":531.719900873,"data":"  iter   500/30000 [ 1.7%] | WM wm=53.29 rec=49.52 kl=3.39 rew=0.370 con=0.016 | AC act=0.005 crit=1.925 pg=0.005 H=0.10 | img ret=0.99 val=0.86 scale=2.57 p5=-0.17 p95=2.40 rnd_c=0.050 rnd_l=0.022 | r/step=0.0943 | 1.2 ips ETA 6h48\r\n"}
,{"stream_name":"stdout","time":531.719930423,"data":"  [health] WARN H_collapse: H=0.10\r\n"}
,{"stream_name":"stdout","time":531.719944393,"data":"  [health] WARN FATAL: H_collapse persistent (consec=8)\r\n"}
,{"stream_name":"stdout","time":569.56206734,"data":"  iter   550/30000 [ 1.8%] | WM wm=62.71 rec=58.62 kl=3.62 rew=0.462 con=0.015 | AC act=0.006 crit=2.317 pg=0.006 H=0.10 | img ret=1.47 val=1.26 scale=3.02 p5=-0.09 p95=2.93 rnd_c=0.055 rnd_l=0.026 | r/step=0.1234 | 1.2 ips ETA 6h44\r\n"}
,{"stream_name":"stdout","time":569.562099809,"data":"  [health] WARN H_collapse: H=0.10\r\n"}
,{"stream_name":"stdout","time":569.56210812,"data":"  [health] WARN FATAL: H_collapse persistent (consec=9)\r\n"}
,{"stream_name":"stdout","time":606.872082492,"data":"  iter   600/30000 [ 2.0%] | WM wm=54.88 rec=51.34 kl=3.06 rew=0.483 con=0.006 | AC act=0.003 crit=2.170 pg=0.003 H=0.09 | img ret=2.03 val=1.84 scale=3.67 p5=-0.03 p95=3.65 rnd_c=0.060 rnd_l=0.022 | r/step=0.1181 | 1.2 ips ETA 6h40\r\n"}
,{"stream_name":"stdout","time":606.872112902,"data":"  [health] WARN H_collapse: H=0.09\r\n"}
,{"stream_name":"stdout","time":606.872119102,"data":"  [health] WARN FATAL: H_collapse persistent (consec=10)\r\n"}
,{"stream_name":"stdout","time":644.421588393,"data":"  iter   650/30000 [ 2.2%] | WM wm=50.95 rec=46.74 kl=3.62 rew=0.572 con=0.021 | AC act=0.007 crit=2.507 pg=0.007 H=0.09 | img ret=2.55 val=2.17 scale=4.43 p5=-0.01 p95=4.43 rnd_c=0.065 rnd_l=0.026 | r/step=0.1248 | 1.2 ips ETA 6h37\r\n"}
,{"stream_name":"stdout","time":644.421619983,"data":"  [health] WARN H_collapse: H=0.09\r\n"}
,{"stream_name":"stdout","time":644.421625903,"data":"  [health] WARN RND_dominates: ratio=15418.3\r\n"}
,{"stream_name":"stdout","time":644.421630523,"data":"  [health] WARN FATAL: H_collapse persistent (consec=11)\r\n"}
,{"stream_name":"stdout","time":681.702754052,"data":"  iter   700/30000 [ 2.3%] | WM wm=46.85 rec=42.89 kl=3.63 rew=0.332 con=0.004 | AC act=0.003 crit=2.190 pg=0.003 H=0.12 | img ret=2.54 val=2.29 scale=5.15 p5=-0.04 p95=5.12 rnd_c=0.070 rnd_l=0.016 | r/step=0.1481 | 1.2 ips ETA 6h34\r\n"}
,{"stream_name":"stdout","time":681.702782232,"data":"  [health] WARN H_collapse: H=0.12\r\n"}
,{"stream_name":"stdout","time":681.702788072,"data":"  [health] WARN FATAL: H_collapse persistent (consec=12)\r\n"}
,{"stream_name":"stdout","time":719.507953276,"data":"  iter   750/30000 [ 2.5%] | WM wm=43.16 rec=39.38 kl=3.34 rew=0.415 con=0.013 | AC act=0.001 crit=2.105 pg=0.001 H=0.09 | img ret=2.40 val=2.25 scale=6.04 p5=-0.05 p95=5.98 rnd_c=0.075 rnd_l=0.018 | r/step=0.1675 | 1.2 ips ETA 6h31\r\n"}
,{"stream_name":"stdout","time":719.508004205,"data":"  [health] WARN H_collapse: H=0.09\r\n"}
,{"stream_name":"stdout","time":719.508013076,"data":"  [health] WARN FATAL: H_collapse persistent (consec=13)\r\n"}
,{"stream_name":"stdout","time":757.175175935,"data":"  iter   800/30000 [ 2.7%] | WM wm=40.34 rec=36.34 kl=3.53 rew=0.452 con=0.018 | AC act=0.003 crit=2.131 pg=0.003 H=0.11 | img ret=3.52 val=3.26 scale=6.96 p5=-0.03 p95=6.94 rnd_c=0.080 rnd_l=0.016 | r/step=0.1578 | 1.2 ips ETA 6h29\r\n"}
,{"stream_name":"stdout","time":757.175206995,"data":"  [health] WARN H_collapse: H=0.11\r\n"}
,{"stream_name":"stdout","time":757.175213215,"data":"  [health] WARN FATAL: H_collapse persistent (consec=14)\r\n"}
,{"stream_name":"stdout","time":794.323306005,"data":"  iter   850/30000 [ 2.8%] | WM wm=42.15 rec=37.78 kl=3.88 rew=0.488 con=0.007 | AC act=0.004 crit=1.923 pg=0.004 H=0.12 | img ret=4.35 val=4.10 scale=7.93 p5=-0.03 p95=7.90 rnd_c=0.085 rnd_l=0.014 | r/step=0.1873 | 1.3 ips ETA 6h27\r\n"}
,{"stream_name":"stdout","time":794.323338455,"data":"  [health] WARN H_collapse: H=0.12\r\n"}
,{"stream_name":"stdout","time":794.323344325,"data":"  [health] WARN RND_dominates: ratio=1809.3\r\n"}
,{"stream_name":"stdout","time":794.323349255,"data":"  [health] WARN FATAL: H_collapse persistent (consec=15)\r\n"}
,{"stream_name":"stdout","time":831.740310988,"data":"  iter   900/30000 [ 3.0%] | WM wm=40.00 rec=35.84 kl=3.68 rew=0.471 con=0.008 | AC act=0.003 crit=2.280 pg=0.004 H=0.23 | img ret=4.59 val=4.46 scale=8.86 p5=0.02 p95=8.89 rnd_c=0.090 rnd_l=0.014 | r/step=0.2032 | 1.3 ips ETA 6h25\r\n"}
,{"stream_name":"stdout","time":831.740342758,"data":"  [health] WARN H_collapse: H=0.23\r\n"}
,{"stream_name":"stdout","time":831.740348888,"data":"  [health] WARN FATAL: H_collapse persistent (consec=16)\r\n"}
,{"stream_name":"stdout","time":868.677861578,"data":"  iter   950/30000 [ 3.2%] | WM wm=41.56 rec=37.21 kl=3.87 rew=0.462 con=0.009 | AC act=0.009 crit=2.389 pg=0.009 H=0.29 | img ret=5.25 val=4.97 scale=9.88 p5=0.11 p95=10.00 rnd_c=0.095 rnd_l=0.014 | r/step=0.2200 | 1.3 ips ETA 6h23\r\n"}
,{"stream_name":"stdout","time":868.677900618,"data":"  [health] WARN H_collapse: H=0.29\r\n"}
,{"stream_name":"stdout","time":868.677907048,"data":"  [health] WARN RND_dominates: ratio=2549.9\r\n"}
,{"stream_name":"stdout","time":868.677911818,"data":"  [health] WARN FATAL: H_collapse persistent (consec=17)\r\n"}
,{"stream_name":"stdout","time":906.485167982,"data":"  iter  1000/30000 [ 3.3%] | WM wm=33.82 rec=29.76 kl=3.66 rew=0.399 con=0.010 | AC act=0.002 crit=1.958 pg=0.002 H=0.16 | img ret=6.16 val=5.85 scale=11.04 p5=0.21 p95=11.26 rnd_c=0.100 rnd_l=0.013 | r/step=0.2438 | 1.3 ips ETA 6h21\r\n"}
,{"stream_name":"stdout","time":906.485201242,"data":"  [health] WARN H_collapse: H=0.16\r\n"}
,{"stream_name":"stdout","time":906.485207932,"data":"  [health] WARN FATAL: H_collapse persistent (consec=18)\r\n"}
,{"stream_name":"stdout","time":944.147680124,"data":"  iter  1050/30000 [ 3.5%] | WM wm=42.69 rec=38.17 kl=3.95 rew=0.547 con=0.023 | AC act=0.007 crit=1.976 pg=0.007 H=0.23 | img ret=7.17 val=6.75 scale=12.50 p5=0.31 p95=12.82 rnd_c=0.105 rnd_l=0.013 | r/step=0.2462 | 1.3 ips ETA 6h20\r\n"}
,{"stream_name":"stdout","time":944.147722034,"data":"  [health] WARN H_collapse: H=0.23\r\n"}
,{"stream_name":"stdout","time":944.147728004,"data":"  [health] WARN RND_dominates: ratio=14392.5\r\n"}
,{"stream_name":"stdout","time":944.147732544,"data":"  [health] WARN FATAL: H_collapse persistent (consec=19)\r\n"}
,{"stream_name":"stdout","time":981.708287075,"data":"  iter  1100/30000 [ 3.7%] | WM wm=38.88 rec=34.32 kl=4.01 rew=0.536 con=0.014 | AC act=0.005 crit=2.130 pg=0.005 H=0.15 | img ret=7.67 val=7.12 scale=13.92 p5=0.41 p95=14.34 rnd_c=0.110 rnd_l=0.012 | r/step=0.2737 | 1.3 ips ETA 6h18\r\n"}
,{"stream_name":"stdout","time":981.708317155,"data":"  [health] WARN H_collapse: H=0.15\r\n"}
,{"stream_name":"stdout","time":981.708322015,"data":"  [health] WARN RND_dominates: ratio=1894.8\r\n"}
,{"stream_name":"stdout","time":981.708326005,"data":"  [health] WARN FATAL: H_collapse persistent (consec=20)\r\n"}
,{"stream_name":"stdout","time":1018.839188605,"data":"  iter  1150/30000 [ 3.8%] | WM wm=35.19 rec=31.11 kl=3.61 rew=0.458 con=0.011 | AC act=0.005 crit=1.929 pg=0.005 H=0.11 | img ret=9.79 val=9.23 scale=15.46 p5=0.46 p95=15.94 rnd_c=0.115 rnd_l=0.011 | r/step=0.2581 | 1.3 ips ETA 6h17\r\n"}
,{"stream_name":"stdout","time":1018.839224755,"data":"  [health] WARN H_collapse: H=0.11\r\n"}
,{"stream_name":"stdout","time":1018.839230285,"data":"  [health] WARN RND_dominates: ratio=939.6\r\n"}
,{"stream_name":"stdout","time":1018.839234805,"data":"  [health] WARN FATAL: H_collapse persistent (consec=21)\r\n"}
,{"stream_name":"stdout","time":1056.673299155,"data":"  iter  1200/30000 [ 4.0%] | WM wm=32.84 rec=28.73 kl=3.59 rew=0.520 con=0.007 | AC act=0.002 crit=2.161 pg=0.002 H=0.11 | img ret=9.51 val=9.05 scale=17.02 p5=0.46 p95=17.48 rnd_c=0.120 rnd_l=0.010 | r/step=0.2769 | 1.3 ips ETA 6h16\r\n"}
,{"stream_name":"stdout","time":1056.673323205,"data":"  [health] WARN H_collapse: H=0.11\r\n"}
,{"stream_name":"stdout","time":1056.673338275,"data":"  [health] WARN FATAL: H_collapse persistent (consec=22)\r\n"}
,{"stream_name":"stdout","time":1093.992810823,"data":"  iter  1250/30000 [ 4.2%] | WM wm=40.25 rec=35.10 kl=4.60 rew=0.534 con=0.015 | AC act=0.004 crit=2.118 pg=0.004 H=0.10 | img ret=10.57 val=9.88 scale=18.80 p5=0.53 p95=19.35 rnd_c=0.125 rnd_l=0.010 | r/step=0.2971 | 1.3 ips ETA 6h14\r\n"}
,{"stream_name":"stdout","time":1093.992847933,"data":"  [health] WARN H_collapse: H=0.10\r\n"}
,{"stream_name":"stdout","time":1093.992853863,"data":"  [health] WARN RND_dominates: ratio=2790.7\r\n"}
,{"stream_name":"stdout","time":1093.992858503,"data":"  [health] WARN FATAL: H_collapse persistent (consec=23)\r\n"}
,{"stream_name":"stdout","time":1131.515310508,"data":"  iter  1300/30000 [ 4.3%] | WM wm=33.80 rec=29.61 kl=3.71 rew=0.475 con=0.009 | AC act=0.002 crit=1.945 pg=0.002 H=0.11 | img ret=10.72 val=10.31 scale=20.68 p5=0.69 p95=21.38 rnd_c=0.130 rnd_l=0.010 | r/step=0.3060 | 1.3 ips ETA 6h13\r\n"}
,{"stream_name":"stdout","time":1131.515356958,"data":"  [health] WARN H_collapse: H=0.11\r\n"}
,{"stream_name":"stdout","time":1131.515363008,"data":"  [health] WARN FATAL: H_collapse persistent (consec=24)\r\n"}
,{"stream_name":"stdout","time":1169.158266573,"data":"  iter  1350/30000 [ 4.5%] | WM wm=31.66 rec=27.43 kl=3.68 rew=0.544 con=0.016 | AC act=0.001 crit=1.889 pg=0.001 H=0.09 | img ret=14.13 val=13.67 scale=22.56 p5=0.63 p95=23.21 rnd_c=0.135 rnd_l=0.008 | r/step=0.2964 | 1.3 ips ETA 6h12\r\n"}
,{"stream_name":"stdout","time":1169.158308133,"data":"  [health] WARN H_collapse: H=0.09\r\n"}
,{"stream_name":"stdout","time":1169.158314433,"data":"  [health] WARN FATAL: H_collapse persistent (consec=25)\r\n"}
,{"stream_name":"stdout","time":1206.546627409,"data":"  iter  1400/30000 [ 4.7%] | WM wm=33.82 rec=29.31 kl=3.95 rew=0.549 con=0.011 | AC act=0.001 crit=1.816 pg=0.001 H=0.12 | img ret=13.00 val=12.66 scale=24.28 p5=0.73 p95=25.02 rnd_c=0.140 rnd_l=0.007 | r/step=0.3011 | 1.3 ips ETA 6h11\r\n"}
,{"stream_name":"stdout","time":1206.546657099,"data":"  [health] WARN H_collapse: H=0.12\r\n"}
,{"stream_name":"stdout","time":1206.546661779,"data":"  [health] WARN RND_dominates: ratio=3227.1\r\n"}
,{"stream_name":"stdout","time":1206.546665449,"data":"  [health] WARN FATAL: H_collapse persistent (consec=26)\r\n"}
,{"stream_name":"stdout","time":1244.315311876,"data":"  iter  1450/30000 [ 4.8%] | WM wm=31.15 rec=26.97 kl=3.55 rew=0.611 con=0.016 | AC act=0.000 crit=1.942 pg=0.000 H=0.10 | img ret=11.29 val=11.23 scale=26.06 p5=0.82 p95=26.89 rnd_c=0.145 rnd_l=0.009 | r/step=0.3209 | 1.3 ips ETA 6h10\r\n"}
,{"stream_name":"stdout","time":1244.315358106,"data":"  [health] WARN H_collapse: H=0.10\r\n"}
,{"stream_name":"stdout","time":1244.315364256,"data":"  [health] WARN FATAL: H_collapse persistent (consec=27)\r\n"}
,{"stream_name":"stdout","time":1281.754546876,"data":"  iter  1500/30000 [ 5.0%] | WM wm=32.86 rec=28.29 kl=4.14 rew=0.409 con=0.013 | AC act=0.001 crit=1.791 pg=0.001 H=0.10 | img ret=12.24 val=12.05 scale=27.63 p5=0.85 p95=28.49 rnd_c=0.150 rnd_l=0.008 | r/step=0.4223 | 1.3 ips ETA 6h08\r\n"}
,{"stream_name":"stdout","time":1281.754580706,"data":"  [health] WARN H_collapse: H=0.10\r\n"}
,{"stream_name":"stdout","time":1281.754586686,"data":"  [health] WARN RND_dominates: ratio=2473.1\r\n"}
,{"stream_name":"stdout","time":1281.754591346,"data":"  [health] WARN FATAL: H_collapse persistent (consec=28)\r\n"}
,{"stream_name":"stdout","time":1319.076087503,"data":"  iter  1550/30000 [ 5.2%] | WM wm=28.56 rec=23.81 kl=4.08 rew=0.644 con=0.030 | AC act=0.002 crit=1.853 pg=0.002 H=0.09 | img ret=14.29 val=13.61 scale=29.42 p5=1.00 p95=30.40 rnd_c=0.155 rnd_l=0.008 | r/step=0.3822 | 1.3 ips ETA 6h07\r\n"}
,{"stream_name":"stdout","time":1319.076133833,"data":"  [health] WARN H_collapse: H=0.09\r\n"}
,{"stream_name":"stdout","time":1319.076138673,"data":"  [health] WARN RND_dominates: ratio=1230.8\r\n"}
,{"stream_name":"stdout","time":1319.076142183,"data":"  [health] WARN FATAL: H_collapse persistent (consec=29)\r\n"}
,{"stream_name":"stdout","time":1356.516680792,"data":"  iter  1600/30000 [ 5.3%] | WM wm=28.84 rec=24.72 kl=3.54 rew=0.567 con=0.005 | AC act=0.000 crit=1.961 pg=0.000 H=0.09 | img ret=15.14 val=14.73 scale=31.10 p5=0.96 p95=32.07 rnd_c=0.160 rnd_l=0.007 | r/step=0.3592 | 1.3 ips ETA 6h06\r\n"}
,{"stream_name":"stdout","time":1356.516713502,"data":"  [health] WARN H_collapse: H=0.09\r\n"}
,{"stream_name":"stdout","time":1356.516718412,"data":"  [health] WARN RND_dominates: ratio=9378.2\r\n"}
,{"stream_name":"stdout","time":1356.516722152,"data":"  [health] WARN FATAL: H_collapse persistent (consec=30)\r\n"}
,{"stream_name":"stdout","time":1393.791269144,"data":"  iter  1650/30000 [ 5.5%] | WM wm=29.95 rec=25.31 kl=3.93 rew=0.703 con=0.013 | AC act=0.001 crit=1.958 pg=0.001 H=0.10 | img ret=20.73 val=20.01 scale=32.86 p5=1.08 p95=33.95 rnd_c=0.165 rnd_l=0.007 | r/step=0.4403 | 1.3 ips ETA 6h05\r\n"}
,{"stream_name":"stdout","time":1393.791317404,"data":"  [health] WARN H_collapse: H=0.10\r\n"}
,{"stream_name":"stdout","time":1393.791321774,"data":"  [health] WARN RND_dominates: ratio=6993.9\r\n"}
,{"stream_name":"stdout","time":1393.791325464,"data":"  [health] WARN FATAL: H_collapse persistent (consec=31)\r\n"}
,{"stream_name":"stdout","time":1431.186593297,"data":"  iter  1700/30000 [ 5.7%] | WM wm=25.70 rec=21.78 kl=3.47 rew=0.449 con=0.004 | AC act=0.000 crit=1.889 pg=0.000 H=0.08 | img ret=15.00 val=14.85 scale=34.27 p5=1.11 p95=35.40 rnd_c=0.170 rnd_l=0.007 | r/step=0.3504 | 1.3 ips ETA 6h04\r\n"}
,{"stream_name":"stdout","time":1431.186632728,"data":"  [health] WARN H_collapse: H=0.08\r\n"}
,{"stream_name":"stdout","time":1431.186638628,"data":"  [health] WARN RND_dominates: ratio=1801.8\r\n"}
,{"stream_name":"stdout","time":1431.186643137,"data":"  [health] WARN FATAL: H_collapse persistent (consec=32)\r\n"}
,{"stream_name":"stdout","time":1431.186647728,"data":"  [health] WARN FATAL: RND_dominates persistent (consec=5)\r\n"}
,{"stream_name":"stdout","time":1468.622380678,"data":"  iter  1750/30000 [ 5.8%] | WM wm=26.30 rec=21.43 kl=4.19 rew=0.664 con=0.018 | AC act=0.000 crit=1.901 pg=0.000 H=0.09 | img ret=16.58 val=16.37 scale=36.10 p5=0.99 p95=37.10 rnd_c=0.175 rnd_l=0.006 | r/step=0.3263 | 1.3 ips ETA 6h03\r\n"}
,{"stream_name":"stdout","time":1468.622416068,"data":"  [health] WARN H_collapse: H=0.09\r\n"}
,{"stream_name":"stdout","time":1468.622421868,"data":"  [health] WARN FATAL: H_collapse persistent (consec=33)\r\n"}
,{"stream_name":"stdout","time":1506.06007899,"data":"  iter  1800/30000 [ 6.0%] | WM wm=27.52 rec=22.84 kl=4.13 rew=0.536 con=0.017 | AC act=0.001 crit=1.969 pg=0.001 H=0.08 | img ret=16.82 val=16.56 scale=36.99 p5=1.01 p95=38.02 rnd_c=0.180 rnd_l=0.006 | r/step=0.3894 | 1.3 ips ETA 6h02\r\n"}
,{"stream_name":"stdout","time":1506.06011132,"data":"  [health] WARN H_collapse: H=0.08\r\n"}
,{"stream_name":"stdout","time":1506.06011723,"data":"  [health] WARN RND_dominates: ratio=2590.5\r\n"}
,{"stream_name":"stdout","time":1506.06012183,"data":"  [health] WARN FATAL: H_collapse persistent (consec=34)\r\n"}
,{"stream_name":"stdout","time":1543.685311461,"data":"  iter  1850/30000 [ 6.2%] | WM wm=31.31 rec=26.42 kl=4.28 rew=0.604 con=0.016 | AC act=-0.001 crit=1.666 pg=-0.001 H=0.09 | img ret=15.18 val=15.18 scale=38.30 p5=1.10 p95=39.35 rnd_c=0.185 rnd_l=0.005 | r/step=0.3847 | 1.3 ips ETA 6h01\r\n"}
,{"stream_name":"stdout","time":1543.685341041,"data":"  [health] WARN H_collapse: H=0.09\r\n"}
,{"stream_name":"stdout","time":1543.685356191,"data":"  [health] WARN RND_dominates: ratio=3672.0\r\n"}
,{"stream_name":"stdout","time":1543.685359191,"data":"  [health] WARN FATAL: H_collapse persistent (consec=35)\r\n"}
,{"stream_name":"stdout","time":1580.8585346,"data":"  iter  1900/30000 [ 6.3%] | WM wm=25.58 rec=21.13 kl=3.92 rew=0.521 con=0.006 | AC act=0.000 crit=1.813 pg=0.000 H=0.10 | img ret=15.73 val=15.64 scale=39.52 p5=1.21 p95=40.74 rnd_c=0.190 rnd_l=0.006 | r/step=0.3275 | 1.3 ips ETA 6h00\r\n"}
,{"stream_name":"stdout","time":1580.8585727,"data":"  [health] WARN H_collapse: H=0.10\r\n"}
,{"stream_name":"stdout","time":1580.85857869,"data":"  [health] WARN RND_dominates: ratio=1738.8\r\n"}
,{"stream_name":"stdout","time":1580.85858371,"data":"  [health] WARN FATAL: H_collapse persistent (consec=36)\r\n"}
,{"stream_name":"stdout","time":1618.099852959,"data":"  iter  1950/30000 [ 6.5%] | WM wm=25.75 rec=21.26 kl=3.85 rew=0.629 con=0.014 | AC act=0.000 crit=1.837 pg=0.000 H=0.09 | img ret=16.96 val=16.85 scale=39.99 p5=1.10 p95=41.10 rnd_c=0.195 rnd_l=0.006 | r/step=0.3271 | 1.3 ips ETA 5h59\r\n"}
,{"stream_name":"stdout","time":1618.099887059,"data":"  [health] WARN H_collapse: H=0.09\r\n"}
,{"stream_name":"stdout","time":1618.099893759,"data":"  [health] WARN RND_dominates: ratio=2550.0\r\n"}
,{"stream_name":"stdout","time":1618.099898529,"data":"  [health] WARN FATAL: H_collapse persistent (consec=37)\r\n"}
,{"stream_name":"stdout","time":1655.625037845,"data":"  iter  2000/30000 [ 6.7%] | WM wm=28.06 rec=23.29 kl=4.13 rew=0.630 con=0.016 | AC act=0.000 crit=2.167 pg=0.000 H=0.09 | img ret=14.99 val=14.75 scale=41.21 p5=1.09 p95=42.24 rnd_c=0.200 rnd_l=0.005 | r/step=0.3732 | 1.3 ips ETA 5h59\r\n"}
,{"stream_name":"stdout","time":1655.625067995,"data":"  [health] WARN H_collapse: H=0.09\r\n"}
,{"stream_name":"stdout","time":1655.625073845,"data":"  [health] WARN FATAL: H_collapse persistent (consec=38)\r\n"}
,{"stream_name":"stdout","time":1693.120071084,"data":"  iter  2050/30000 [ 6.8%] | WM wm=25.09 rec=20.63 kl=3.89 rew=0.555 con=0.010 | AC act=0.001 crit=1.927 pg=0.001 H=0.22 | img ret=23.12 val=22.76 scale=42.45 p5=1.10 p95=43.58 rnd_c=0.205 rnd_l=0.005 | r/step=0.3251 | 1.3 ips ETA 5h58\r\n"}
,{"stream_name":"stdout","time":1693.120110424,"data":"  [health] WARN H_collapse: H=0.22\r\n"}
,{"stream_name":"stdout","time":1693.120116614,"data":"  [health] WARN RND_dominates: ratio=654.3\r\n"}
,{"stream_name":"stdout","time":1693.120121194,"data":"  [health] WARN FATAL: H_collapse persistent (consec=39)\r\n"}
,{"stream_name":"stdout","time":1730.583440148,"data":"  iter  2100/30000 [ 7.0%] | WM wm=24.52 rec=19.56 kl=4.35 rew=0.592 con=0.016 | AC act=0.001 crit=2.118 pg=0.001 H=0.21 | img ret=21.83 val=21.08 scale=43.08 p5=1.49 p95=44.60 rnd_c=0.210 rnd_l=0.005 | r/step=0.3190 | 1.3 ips ETA 5h57\r\n"}
,{"stream_name":"stdout","time":1730.583479898,"data":"  [health] WARN H_collapse: H=0.21\r\n"}
,{"stream_name":"stdout","time":1730.583486028,"data":"  [health] WARN FATAL: H_collapse persistent (consec=40)\r\n"}
,{"stream_name":"stdout","time":1768.235636862,"data":"  iter  2150/30000 [ 7.2%] | WM wm=23.18 rec=18.85 kl=3.72 rew=0.611 con=0.007 | AC act=0.006 crit=2.178 pg=0.006 H=0.19 | img ret=25.73 val=24.21 scale=42.79 p5=3.59 p95=46.36 rnd_c=0.215 rnd_l=0.005 | r/step=0.4558 | 1.3 ips ETA 5h56\r\n"}
,{"stream_name":"stdout","time":1768.235678722,"data":"  [health] WARN H_collapse: H=0.19\r\n"}
,{"stream_name":"stdout","time":1768.235684802,"data":"  [health] WARN FATAL: H_collapse persistent (consec=41)\r\n"}
,{"stream_name":"stdout","time":1805.877012353,"data":"  iter  2200/30000 [ 7.3%] | WM wm=26.59 rec=21.54 kl=4.46 rew=0.588 con=0.004 | AC act=0.002 crit=1.887 pg=0.002 H=0.21 | img ret=29.11 val=28.45 scale=40.99 p5=6.91 p95=47.92 rnd_c=0.220 rnd_l=0.005 | r/step=0.4613 | 1.3 ips ETA 5h55\r\n"}
,{"stream_name":"stdout","time":1805.877034133,"data":"  [health] WARN H_collapse: H=0.21\r\n"}
,{"stream_name":"stdout","time":1805.877036953,"data":"  [health] WARN FATAL: H_collapse persistent (consec=42)\r\n"}
,{"stream_name":"stdout","time":1843.31653055,"data":"  iter  2250/30000 [ 7.5%] | WM wm=25.68 rec=21.02 kl=4.14 rew=0.517 con=0.007 | AC act=0.003 crit=1.793 pg=0.003 H=0.20 | img ret=32.09 val=31.06 scale=43.08 p5=6.96 p95=50.01 rnd_c=0.225 rnd_l=0.005 | r/step=0.3793 | 1.3 ips ETA 5h54\r\n"}
,{"stream_name":"stdout","time":1843.31657918,"data":"  [health] WARN H_collapse: H=0.20\r\n"}
,{"stream_name":"stdout","time":1843.3165842,"data":"  [health] WARN FATAL: H_collapse persistent (consec=43)\r\n"}
,{"stream_name":"stdout","time":1881.170924547,"data":"  iter  2300/30000 [ 7.7%] | WM wm=27.96 rec=22.51 kl=4.89 rew=0.545 con=0.013 | AC act=0.000 crit=2.023 pg=0.000 H=0.21 | img ret=26.58 val=26.23 scale=45.50 p5=4.82 p95=50.32 rnd_c=0.230 rnd_l=0.005 | r/step=0.4082 | 1.3 ips ETA 5h54\r\n"}
,{"stream_name":"stdout","time":1881.170964287,"data":"  [health] WARN H_collapse: H=0.21\r\n"}
,{"stream_name":"stdout","time":1881.170969957,"data":"  [health] WARN FATAL: H_collapse persistent (consec=44)\r\n"}
,{"stream_name":"stdout","time":1918.412110962,"data":"  iter  2350/30000 [ 7.8%] | WM wm=27.07 rec=21.90 kl=4.58 rew=0.582 con=0.007 | AC act=0.000 crit=1.872 pg=0.000 H=0.21 | img ret=30.70 val=30.52 scale=47.07 p5=4.11 p95=51.19 rnd_c=0.235 rnd_l=0.005 | r/step=0.3817 | 1.3 ips ETA 5h53\r\n"}
,{"stream_name":"stdout","time":1918.412139742,"data":"  [health] WARN H_collapse: H=0.21\r\n"}
,{"stream_name":"stdout","time":1918.412147532,"data":"  [health] WARN FATAL: H_collapse persistent (consec=45)\r\n"}
,{"stream_name":"stdout","time":1955.615367091,"data":"  iter  2400/30000 [ 8.0%] | WM wm=23.83 rec=19.64 kl=3.64 rew=0.538 con=0.010 | AC act=0.002 crit=1.708 pg=0.003 H=0.18 | img ret=32.50 val=31.94 scale=49.42 p5=3.51 p95=52.95 rnd_c=0.240 rnd_l=0.005 | r/step=0.4310 | 1.3 ips ETA 5h52\r\n"}
,{"stream_name":"stdout","time":1955.615408971,"data":"  [health] WARN H_collapse: H=0.18\r\n"}
,{"stream_name":"stdout","time":1955.615413991,"data":"  [health] WARN FATAL: H_collapse persistent (consec=46)\r\n"}
,{"stream_name":"stdout","time":1993.091236498,"data":"  iter  2450/30000 [ 8.2%] | WM wm=21.27 rec=16.69 kl=4.00 rew=0.574 con=0.005 | AC act=0.002 crit=1.882 pg=0.002 H=0.18 | img ret=32.78 val=32.44 scale=50.98 p5=4.21 p95=55.16 rnd_c=0.245 rnd_l=0.004 | r/step=0.5157 | 1.3 ips ETA 5h51\r\n"}
,{"stream_name":"stdout","time":1993.091275338,"data":"  [health] WARN H_collapse: H=0.18\r\n"}
,{"stream_name":"stdout","time":1993.091281098,"data":"  [health] WARN FATAL: H_collapse persistent (consec=47)\r\n"}
,{"stream_name":"stdout","time":2030.75890495,"data":"  iter  2500/30000 [ 8.3%] | WM wm=32.24 rec=26.22 kl=5.36 rew=0.653 con=0.008 | AC act=0.004 crit=2.122 pg=0.004 H=0.21 | img ret=31.31 val=30.22 scale=51.92 p5=5.55 p95=57.49 rnd_c=0.250 rnd_l=0.005 | r/step=0.5750 | 1.3 ips ETA 5h50\r\n"}
,{"stream_name":"stdout","time":2030.75893628,"data":"  [health] WARN H_collapse: H=0.21\r\n"}
,{"stream_name":"stdout","time":2030.75894185,"data":"  [health] WARN FATAL: H_collapse persistent (consec=48)\r\n"}
,{"stream_name":"stdout","time":2071.003732764,"data":"  \u003e\u003e\u003e EVAL @ iter 2500 : score=-0.70  length=209  achievements=0.20 =  sample=0.00  (best=0.20 @2500)  crafter_score=0.57% [471 train eps]\r\n"}
,{"stream_name":"stdout","time":2071.003767864,"data":"      unlocked (1/22): wake_up=20%\r\n"}
,{"stream_name":"stdout","time":2082.106485974,"data":"  Checkpoint saved : dreamer_crafter_jax_v36-tpu-75m-rnd_iter002500.npz\r\n"}
,{"stream_name":"stdout","time":2119.497381385,"data":"  iter  2550/30000 [ 8.5%] | WM wm=29.74 rec=25.57 kl=3.54 rew=0.630 con=0.006 | AC act=0.002 crit=2.001 pg=0.002 H=0.21 | img ret=33.81 val=32.92 scale=55.30 p5=4.38 p95=59.72 rnd_c=0.255 rnd_l=0.005 | r/step=0.6061 | 1.3 ips ETA 5h59\r\n"}
,{"stream_name":"stdout","time":2119.497425255,"data":"  [health] WARN H_collapse: H=0.21\r\n"}
,{"stream_name":"stdout","time":2119.497429805,"data":"  [health] WARN FATAL: H_collapse persistent (consec=49)\r\n"}
,{"stream_name":"stdout","time":2157.784285323,"data":"  iter  2600/30000 [ 8.7%] | WM wm=26.48 rec=21.21 kl=4.71 rew=0.549 con=0.007 | AC act=0.001 crit=1.740 pg=0.001 H=0.15 | img ret=38.21 val=37.55 scale=58.67 p5=4.32 p95=63.01 rnd_c=0.260 rnd_l=0.004 | r/step=0.5940 | 1.3 ips ETA 5h58\r\n"}
,{"stream_name":"stdout","time":2157.784322243,"data":"  [health] WARN H_collapse: H=0.15\r\n"}
,{"stream_name":"stdout","time":2157.784327573,"data":"  [health] WARN FATAL: H_collapse persistent (consec=50)\r\n"}
,{"stream_name":"stdout","time":2195.000598352,"data":"  iter  2650/30000 [ 8.8%] | WM wm=19.23 rec=15.11 kl=3.58 rew=0.524 con=0.007 | AC act=0.000 crit=1.693 pg=0.000 H=0.15 | img ret=39.33 val=38.95 scale=59.80 p5=4.40 p95=64.19 rnd_c=0.265 rnd_l=0.006 | r/step=0.5571 | 1.3 ips ETA 5h57\r\n"}
,{"stream_name":"stdout","time":2195.000630562,"data":"  [health] WARN H_collapse: H=0.15\r\n"}
,{"stream_name":"stdout","time":2195.000636462,"data":"  [health] WARN FATAL: H_collapse persistent (consec=51)\r\n"}
,{"stream_name":"stdout","time":2233.294866849,"data":"  iter  2700/30000 [ 9.0%] | WM wm=29.44 rec=24.07 kl=4.69 rew=0.670 con=0.011 | AC act=0.002 crit=1.715 pg=0.002 H=0.14 | img ret=41.57 val=40.60 scale=62.15 p5=4.98 p95=67.10 rnd_c=0.270 rnd_l=0.005 | r/step=0.5321 | 1.3 ips ETA 5h56\r\n"}
,{"stream_name":"stdout","time":2233.294905829,"data":"  [health] WARN H_collapse: H=0.14\r\n"}
,{"stream_name":"stdout","time":2233.294911719,"data":"  [health] WARN FATAL: H_collapse persistent (consec=52)\r\n"}
,{"stream_name":"stdout","time":2270.784587764,"data":"  iter  2750/30000 [ 9.2%] | WM wm=32.13 rec=26.18 kl=5.29 rew=0.651 con=0.018 | AC act=0.001 crit=2.035 pg=0.001 H=0.15 | img ret=36.82 val=36.09 scale=64.97 p5=4.71 p95=69.71 rnd_c=0.275 rnd_l=0.005 | r/step=0.5479 | 1.3 ips ETA 5h55\r\n"}
,{"stream_name":"stdout","time":2270.784620874,"data":"  [health] WARN H_collapse: H=0.15\r\n"}
,{"stream_name":"stdout","time":2270.784626794,"data":"  [health] WARN FATAL: H_collapse persistent (consec=53)\r\n"}
,{"stream_name":"stdout","time":2308.541560096,"data":"  iter  2800/30000 [ 9.3%] | WM wm=33.10 rec=27.47 kl=4.95 rew=0.684 con=0.009 | AC act=0.001 crit=1.795 pg=0.001 H=0.14 | img ret=39.77 val=38.96 scale=65.71 p5=4.59 p95=70.35 rnd_c=0.280 rnd_l=0.006 | r/step=0.6448 | 1.3 ips ETA 5h54\r\n"}
,{"stream_name":"stdout","time":2308.541589936,"data":"  [health] WARN H_collapse: H=0.14\r\n"}
,{"stream_name":"stdout","time":2308.541595796,"data":"  [health] WARN FATAL: H_collapse persistent (consec=54)\r\n"}
,{"stream_name":"stdout","time":2346.255899672,"data":"  iter  2850/30000 [ 9.5%] | WM wm=23.09 rec=18.05 kl=4.43 rew=0.600 con=0.006 | AC act=-0.000 crit=1.923 pg=-0.000 H=0.16 | img ret=37.83 val=37.40 scale=68.65 p5=4.52 p95=73.23 rnd_c=0.285 rnd_l=0.006 | r/step=0.5931 | 1.3 ips ETA 5h53\r\n"}
,{"stream_name":"stdout","time":2346.255916992,"data":"  [health] WARN H_collapse: H=0.16\r\n"}
,{"stream_name":"stdout","time":2346.255920582,"data":"  [health] WARN FATAL: H_collapse persistent (consec=55)\r\n"}
,{"stream_name":"stdout","time":2384.567576869,"data":"  iter  2900/30000 [ 9.7%] | WM wm=27.69 rec=22.10 kl=5.07 rew=0.519 con=0.006 | AC act=0.002 crit=1.735 pg=0.002 H=0.18 | img ret=44.81 val=44.10 scale=68.09 p5=5.37 p95=73.50 rnd_c=0.290 rnd_l=0.005 | r/step=0.5908 | 1.3 ips ETA 5h53\r\n"}
,{"stream_name":"stdout","time":2384.567617379,"data":"  [health] WARN H_collapse: H=0.18\r\n"}
,{"stream_name":"stdout","time":2384.567645239,"data":"  [health] WARN FATAL: H_collapse persistent (consec=56)\r\n"}
,{"stream_name":"stdout","time":2422.502614312,"data":"  iter  2950/30000 [ 9.8%] | WM wm=25.08 rec=19.27 kl=5.07 rew=0.732 con=0.015 | AC act=-0.000 crit=1.997 pg=-0.000 H=0.15 | img ret=37.90 val=37.81 scale=71.68 p5=4.40 p95=76.11 rnd_c=0.295 rnd_l=0.004 | r/step=0.7073 | 1.3 ips ETA 5h52\r\n"}
,{"stream_name":"stdout","time":2422.502656412,"data":"  [health] WARN H_collapse: H=0.15\r\n"}
,{"stream_name":"stdout","time":2422.502662422,"data":"  [health] WARN FATAL: H_collapse persistent (consec=57)\r\n"}
,{"stream_name":"stdout","time":2460.291388089,"data":"  iter  3000/30000 [10.0%] | WM wm=20.42 rec=16.00 kl=3.75 rew=0.665 con=0.005 | AC act=-0.000 crit=1.860 pg=-0.000 H=0.16 | img ret=48.27 val=47.97 scale=75.46 p5=4.18 p95=79.64 rnd_c=0.300 rnd_l=0.004 | r/step=0.6269 | 1.3 ips ETA 5h51\r\n"}
,{"stream_name":"stdout","time":2460.291422809,"data":"  [health] WARN H_collapse: H=0.16\r\n"}
,{"stream_name":"stdout","time":2460.291436459,"data":"  [health] WARN FATAL: H_collapse persistent (consec=58)\r\n"}
,{"stream_name":"stdout","time":2498.399327666,"data":"  iter  3050/30000 [10.2%] | WM wm=35.27 rec=29.44 kl=5.20 rew=0.611 con=0.009 | AC act=0.002 crit=1.819 pg=0.002 H=0.17 | img ret=50.16 val=49.32 scale=76.88 p5=4.60 p95=81.56 rnd_c=0.305 rnd_l=0.004 | r/step=0.7802 | 1.3 ips ETA 5h50\r\n"}
,{"stream_name":"stdout","time":2498.399358016,"data":"  [health] WARN H_collapse: H=0.17\r\n"}
,{"stream_name":"stdout","time":2498.399362996,"data":"  [health] WARN FATAL: H_collapse persistent (consec=59)\r\n"}
,{"stream_name":"stdout","time":2536.07713306,"data":"  iter  3100/30000 [10.3%] | WM wm=30.37 rec=24.34 kl=5.38 rew=0.635 con=0.009 | AC act=0.001 crit=1.782 pg=0.001 H=0.16 | img ret=50.04 val=49.70 scale=81.02 p5=3.98 p95=84.96 rnd_c=0.310 rnd_l=0.004 | r/step=0.6825 | 1.3 ips ETA 5h49\r\n"}
,{"stream_name":"stdout","time":2536.07717191,"data":"  [health] WARN H_collapse: H=0.16\r\n"}
,{"stream_name":"stdout","time":2536.077178,"data":"  [health] WARN RND_dominates: ratio=9434.6\r\n"}
,{"stream_name":"stdout","time":2536.07718255,"data":"  [health] WARN FATAL: H_collapse persistent (consec=60)\r\n"}
,{"stream_name":"stdout","time":2574.22953802,"data":"  iter  3150/30000 [10.5%] | WM wm=22.23 rec=16.53 kl=4.99 rew=0.696 con=0.013 | AC act=0.000 crit=1.760 pg=0.000 H=0.19 | img ret=49.53 val=49.03 scale=83.00 p5=4.14 p95=87.13 rnd_c=0.315 rnd_l=0.003 | r/step=0.6802 | 1.3 ips ETA 5h49\r\n"}
,{"stream_name":"stdout","time":2574.229579169,"data":"  [health] WARN H_collapse: H=0.19\r\n"}
,{"stream_name":"stdout","time":2574.229584089,"data":"  [health] WARN FATAL: H_collapse persistent (consec=61)\r\n"}
,{"stream_name":"stdout","time":2611.95555174,"data":"  iter  3200/30000 [10.7%] | WM wm=27.97 rec=22.22 kl=5.10 rew=0.639 con=0.009 | AC act=0.000 crit=1.869 pg=0.000 H=0.18 | img ret=54.32 val=54.14 scale=86.05 p5=4.13 p95=90.20 rnd_c=0.320 rnd_l=0.005 | r/step=0.6959 | 1.3 ips ETA 5h48\r\n"}
,{"stream_name":"stdout","time":2611.95559468,"data":"  [health] WARN H_collapse: H=0.18\r\n"}
,{"stream_name":"stdout","time":2611.95560232,"data":"  [health] WARN FATAL: H_collapse persistent (consec=62)\r\n"}
,{"stream_name":"stdout","time":2649.581489133,"data":"  iter  3250/30000 [10.8%] | WM wm=33.60 rec=27.34 kl=5.56 rew=0.694 con=0.008 | AC act=0.000 crit=1.758 pg=0.000 H=0.20 | img ret=53.43 val=52.82 scale=87.14 p5=4.15 p95=91.26 rnd_c=0.325 rnd_l=0.004 | r/step=0.5951 | 1.3 ips ETA 5h47\r\n"}
,{"stream_name":"stdout","time":2649.581519983,"data":"  [health] WARN H_collapse: H=0.20\r\n"}
,{"stream_name":"stdout","time":2649.581524723,"data":"  [health] WARN RND_dominates: ratio=21125.7\r\n"}
,{"stream_name":"stdout","time":2649.581537503,"data":"  [health] WARN FATAL: H_collapse persistent (consec=63)\r\n"}
,{"stream_name":"stdout","time":2687.421036963,"data":"  iter  3300/30000 [11.0%] | WM wm=27.93 rec=22.50 kl=4.88 rew=0.541 con=0.011 | AC act=-0.000 crit=1.690 pg=-0.000 H=0.19 | img ret=57.88 val=57.76 scale=88.76 p5=4.25 p95=93.03 rnd_c=0.330 rnd_l=0.003 | r/step=0.5867 | 1.3 ips ETA 5h46\r\n"}
,{"stream_name":"stdout","time":2687.421066143,"data":"  [health] WARN H_collapse: H=0.19\r\n"}
,{"stream_name":"stdout","time":2687.421071663,"data":"  [health] WARN FATAL: H_collapse persistent (consec=64)\r\n"}
,{"stream_name":"stdout","time":2725.260757551,"data":"  iter  3350/30000 [11.2%] | WM wm=30.44 rec=24.81 kl=4.94 rew=0.686 con=0.005 | AC act=0.002 crit=1.738 pg=0.002 H=0.19 | img ret=55.30 val=54.32 scale=91.36 p5=3.85 p95=95.24 rnd_c=0.335 rnd_l=0.004 | r/step=0.5461 | 1.3 ips ETA 5h45\r\n"}
,{"stream_name":"stdout","time":2725.260791381,"data":"  [health] WARN H_collapse: H=0.19\r\n"}
,{"stream_name":"stdout","time":2725.260796511,"data":"  [health] WARN RND_dominates: ratio=664.0\r\n"}
,{"stream_name":"stdout","time":2725.260800491,"data":"  [health] WARN FATAL: H_collapse persistent (consec=65)\r\n"}
,{"stream_name":"stdout","time":2763.454603847,"data":"  iter  3400/30000 [11.3%] | WM wm=22.26 rec=17.53 kl=4.16 rew=0.559 con=0.006 | AC act=0.000 crit=1.780 pg=0.000 H=0.18 | img ret=58.69 val=58.30 scale=92.87 p5=3.85 p95=96.75 rnd_c=0.340 rnd_l=0.003 | r/step=0.6744 | 1.3 ips ETA 5h45\r\n"}
,{"stream_name":"stdout","time":2763.454638097,"data":"  [health] WARN H_collapse: H=0.18\r\n"}
,{"stream_name":"stdout","time":2763.454644327,"data":"  [health] WARN RND_dominates: ratio=907.6\r\n"}
,{"stream_name":"stdout","time":2763.454648877,"data":"  [health] WARN FATAL: H_collapse persistent (consec=66)\r\n"}
,{"stream_name":"stdout","time":2801.181126037,"data":"  iter  3450/30000 [11.5%] | WM wm=23.28 rec=18.46 kl=4.22 rew=0.590 con=0.006 | AC act=0.000 crit=1.656 pg=0.001 H=0.24 | img ret=69.22 val=68.38 scale=94.60 p5=4.09 p95=98.76 rnd_c=0.345 rnd_l=0.005 | r/step=0.6268 | 1.3 ips ETA 5h44\r\n"}
,{"stream_name":"stdout","time":2801.181164797,"data":"  [health] WARN H_collapse: H=0.24\r\n"}
,{"stream_name":"stdout","time":2801.181171407,"data":"  [health] WARN RND_dominates: ratio=2422.6\r\n"}
,{"stream_name":"stdout","time":2801.181176587,"data":"  [health] WARN FATAL: H_collapse persistent (consec=67)\r\n"}
,{"stream_name":"stdout","time":2839.306358365,"data":"  iter  3500/30000 [11.7%] | WM wm=26.03 rec=20.07 kl=5.24 rew=0.700 con=0.011 | AC act=0.000 crit=1.590 pg=0.000 H=0.18 | img ret=62.29 val=61.89 scale=97.06 p5=3.83 p95=100.85 rnd_c=0.350 rnd_l=0.004 | r/step=0.7698 | 1.3 ips ETA 5h43\r\n"}
,{"stream_name":"stdout","time":2839.306384996,"data":"  [health] WARN H_collapse: H=0.18\r\n"}
,{"stream_name":"stdout","time":2839.306389765,"data":"  [health] WARN RND_dominates: ratio=1102.0\r\n"}
,{"stream_name":"stdout","time":2839.306394205,"data":"  [health] WARN FATAL: H_collapse persistent (consec=68)\r\n"}
,{"stream_name":"stdout","time":2877.193611998,"data":"  iter  3550/30000 [11.8%] | WM wm=33.04 rec=25.60 kl=6.71 rew=0.728 con=0.005 | AC act=0.000 crit=1.701 pg=0.001 H=0.17 | img ret=59.80 val=58.98 scale=99.00 p5=3.40 p95=102.42 rnd_c=0.355 rnd_l=0.004 | r/step=0.8495 | 1.3 ips ETA 5h42\r\n"}
,{"stream_name":"stdout","time":2877.193644568,"data":"  [health] WARN H_collapse: H=0.17\r\n"}
,{"stream_name":"stdout","time":2877.193650588,"data":"  [health] WARN RND_dominates: ratio=1249.5\r\n"}
,{"stream_name":"stdout","time":2877.193655418,"data":"  [health] WARN FATAL: H_collapse persistent (consec=69)\r\n"}
,{"stream_name":"stdout","time":2877.193660468,"data":"  [health] WARN FATAL: RND_dominates persistent (consec=5)\r\n"}
,{"stream_name":"stdout","time":2915.377633301,"data":"  iter  3600/30000 [12.0%] | WM wm=27.39 rec=21.89 kl=4.82 rew=0.669 con=0.008 | AC act=0.001 crit=1.591 pg=0.001 H=0.25 | img ret=64.98 val=64.76 scale=101.10 p5=3.62 p95=104.63 rnd_c=0.360 rnd_l=0.003 | r/step=0.7498 | 1.3 ips ETA 5h42\r\n"}
,{"stream_name":"stdout","time":2915.377675461,"data":"  [health] WARN H_collapse: H=0.25\r\n"}
,{"stream_name":"stdout","time":2915.377681691,"data":"  [health] WARN RND_dominates: ratio=574.7\r\n"}
,{"stream_name":"stdout","time":2915.377687211,"data":"  [health] WARN FATAL: H_collapse persistent (consec=70)\r\n"}
,{"stream_name":"stdout","time":2915.377691651,"data":"  [health] WARN FATAL: RND_dominates persistent (consec=6)\r\n"}
,{"stream_name":"stdout","time":2953.166931082,"data":"  iter  3650/30000 [12.2%] | WM wm=29.87 rec=23.38 kl=5.78 rew=0.706 con=0.010 | AC act=0.000 crit=1.557 pg=0.000 H=0.21 | img ret=71.34 val=70.67 scale=101.64 p5=4.30 p95=105.96 rnd_c=0.365 rnd_l=0.004 | r/step=0.7088 | 1.3 ips ETA 5h41\r\n"}
,{"stream_name":"stdout","time":2953.166962812,"data":"  [health] WARN H_collapse: H=0.21\r\n"}
,{"stream_name":"stdout","time":2953.166968972,"data":"  [health] WARN RND_dominates: ratio=335.4\r\n"}
,{"stream_name":"stdout","time":2953.166973882,"data":"  [health] WARN FATAL: H_collapse persistent (consec=71)\r\n"}
,{"stream_name":"stdout","time":2953.166998782,"data":"  [health] WARN FATAL: RND_dominates persistent (consec=7)\r\n"}
,{"stream_name":"stdout","time":2991.218068723,"data":"  iter  3700/30000 [12.3%] | WM wm=25.17 rec=19.92 kl=4.67 rew=0.572 con=0.005 | AC act=-0.000 crit=1.730 pg=-0.000 H=0.22 | img ret=62.82 val=62.05 scale=102.70 p5=4.42 p95=107.16 rnd_c=0.370 rnd_l=0.004 | r/step=0.7497 | 1.3 ips ETA 5h40\r\n"}
,{"stream_name":"stdout","time":2991.218101723,"data":"  [health] WARN H_collapse: H=0.22\r\n"}
,{"stream_name":"stdout","time":2991.218108753,"data":"  [health] WARN RND_dominates: ratio=372.9\r\n"}
,{"stream_name":"stdout","time":2991.218112433,"data":"  [health] WARN FATAL: H_collapse persistent (consec=72)\r\n"}
,{"stream_name":"stdout","time":2991.218115923,"data":"  [health] WARN FATAL: RND_dominates persistent (consec=8)\r\n"}
,{"stream_name":"stdout","time":3029.464497515,"data":"  iter  3750/30000 [12.5%] | WM wm=28.32 rec=22.28 kl=5.37 rew=0.671 con=0.003 | AC act=0.002 crit=1.745 pg=0.002 H=0.25 | img ret=66.06 val=64.71 scale=105.78 p5=4.60 p95=110.38 rnd_c=0.375 rnd_l=0.004 | r/step=0.6308 | 1.3 ips ETA 5h39\r\n"}
,{"stream_name":"stdout","time":3029.464533435,"data":"  [health] WARN H_collapse: H=0.25\r\n"}
,{"stream_name":"stdout","time":3029.464539604,"data":"  [health] WARN RND_dominates: ratio=353.3\r\n"}
,{"stream_name":"stdout","time":3029.464544715,"data":"  [health] WARN FATAL: H_collapse persistent (consec=73)\r\n"}
,{"stream_name":"stdout","time":3029.464549135,"data":"  [health] WARN FATAL: RND_dominates persistent (consec=9)\r\n"}
,{"stream_name":"stdout","time":3067.573635756,"data":"  iter  3800/30000 [12.7%] | WM wm=28.68 rec=22.25 kl=5.72 rew=0.686 con=0.012 | AC act=-0.001 crit=2.005 pg=-0.001 H=0.28 | img ret=60.71 val=60.01 scale=106.18 p5=4.59 p95=110.84 rnd_c=0.380 rnd_l=0.004 | r/step=0.6104 | 1.3 ips ETA 5h39\r\n"}
,{"stream_name":"stdout","time":3067.573665816,"data":"  [health] WARN H_collapse: H=0.28\r\n"}
,{"stream_name":"stdout","time":3067.573671805,"data":"  [health] WARN RND_dominates: ratio=406.0\r\n"}
,{"stream_name":"stdout","time":3067.573676625,"data":"  [health] WARN FATAL: H_collapse persistent (consec=74)\r\n"}
,{"stream_name":"stdout","time":3067.573681076,"data":"  [health] WARN FATAL: RND_dominates persistent (consec=10)\r\n"}
,{"stream_name":"stdout","time":3105.229045948,"data":"  iter  3850/30000 [12.8%] | WM wm=25.64 rec=19.99 kl=4.90 rew=0.741 con=0.010 | AC act=0.000 crit=1.838 pg=0.000 H=0.24 | img ret=61.58 val=61.73 scale=107.26 p5=4.64 p95=111.87 rnd_c=0.385 rnd_l=0.004 | r/step=0.6661 | 1.3 ips ETA 5h38\r\n"}
,{"stream_name":"stdout","time":3105.229089588,"data":"  [health] WARN H_collapse: H=0.24\r\n"}
,{"stream_name":"stdout","time":3105.229094388,"data":"  [health] WARN RND_dominates: ratio=1192.6\r\n"}
,{"stream_name":"stdout","time":3105.229097658,"data":"  [health] WARN FATAL: H_collapse persistent (consec=75)\r\n"}
,{"stream_name":"stdout","time":3105.229100748,"data":"  [health] WARN FATAL: RND_dominates persistent (consec=11)\r\n"}
,{"stream_name":"stdout","time":3142.99177902,"data":"  iter  3900/30000 [13.0%] | WM wm=19.84 rec=15.32 kl=3.92 rew=0.595 con=0.007 | AC act=-0.001 crit=1.623 pg=-0.001 H=0.34 | img ret=69.14 val=69.00 scale=109.55 p5=4.39 p95=113.95 rnd_c=0.390 rnd_l=0.004 | r/step=0.7576 | 1.3 ips ETA 5h37\r\n"}
,{"stream_name":"stdout","time":3142.99182134,"data":"  [health] WARN RND_dominates: ratio=1013.2\r\n"}
,{"stream_name":"stdout","time":3142.99182762,"data":"  [health] WARN FATAL: RND_dominates persistent (consec=12)\r\n"}
,{"stream_name":"stdout","time":3181.115054831,"data":"  iter  3950/30000 [13.2%] | WM wm=21.23 rec=16.01 kl=4.58 rew=0.635 con=0.008 | AC act=0.001 crit=1.558 pg=0.001 H=0.22 | img ret=75.04 val=74.47 scale=110.66 p5=4.46 p95=115.12 rnd_c=0.395 rnd_l=0.004 | r/step=0.7743 | 1.3 ips ETA 5h36\r\n"}
,{"stream_name":"stdout","time":3181.115087011,"data":"  [health] WARN H_collapse: H=0.22\r\n"}
,{"stream_name":"stdout","time":3219.484761811,"data":"  iter  4000/30000 [13.3%] | WM wm=31.25 rec=24.61 kl=5.91 rew=0.715 con=0.010 | AC act=0.000 crit=1.740 pg=0.000 H=0.33 | img ret=63.84 val=63.27 scale=112.99 p5=4.14 p95=117.08 rnd_c=0.400 rnd_l=0.003 | r/step=0.7193 | 1.3 ips ETA 5h36\r\n"}
,{"stream_name":"stdout","time":3219.484794501,"data":"  [health] WARN RND_dominates: ratio=597.9\r\n"}
,{"stream_name":"stdout","time":3257.559001746,"data":"  iter  4050/30000 [13.5%] | WM wm=26.72 rec=20.91 kl=5.23 rew=0.577 con=0.009 | AC act=-0.001 crit=1.651 pg=-0.000 H=0.33 | img ret=75.81 val=75.45 scale=112.54 p5=5.47 p95=118.09 rnd_c=0.405 rnd_l=0.004 | r/step=0.6324 | 1.3 ips ETA 5h35\r\n"}
,{"stream_name":"stdout","time":3257.559033366,"data":"  [health] WARN RND_dominates: ratio=3380.0\r\n"}
,{"stream_name":"stdout","time":3295.287798111,"data":"  iter  4100/30000 [13.7%] | WM wm=24.10 rec=18.14 kl=5.32 rew=0.640 con=0.008 | AC act=0.000 crit=1.750 pg=0.000 H=0.20 | img ret=72.90 val=72.34 scale=115.25 p5=4.38 p95=119.65 rnd_c=0.410 rnd_l=0.005 | r/step=0.8196 | 1.3 ips ETA 5h34\r\n"}
,{"stream_name":"stdout","time":3295.287833481,"data":"  [health] WARN H_collapse: H=0.20\r\n"}
,{"stream_name":"stdout","time":3295.287839461,"data":"  [health] WARN RND_dominates: ratio=1926.1\r\n"}
,{"stream_name":"stdout","time":3333.113086725,"data":"  iter  4150/30000 [13.8%] | WM wm=23.39 rec=17.88 kl=4.94 rew=0.569 con=0.010 | AC act=-0.002 crit=1.891 pg=-0.001 H=0.34 | img ret=65.80 val=65.90 scale=116.78 p5=4.26 p95=121.00 rnd_c=0.415 rnd_l=0.003 | r/step=0.8644 | 1.3 ips ETA 5h33\r\n"}
,{"stream_name":"stdout","time":3333.113120535,"data":"  [health] WARN RND_dominates: ratio=1056.9\r\n"}
,{"stream_name":"stdout","time":3371.158397751,"data":"  iter  4200/30000 [14.0%] | WM wm=32.01 rec=24.82 kl=6.43 rew=0.754 con=0.017 | AC act=-0.000 crit=1.832 pg=-0.000 H=0.30 | img ret=70.35 val=70.00 scale=119.84 p5=3.66 p95=123.61 rnd_c=0.420 rnd_l=0.003 | r/step=0.8711 | 1.3 ips ETA 5h33\r\n"}
,{"stream_name":"stdout","time":3371.158430391,"data":"  [health] WARN H_collapse: H=0.30\r\n"}
,{"stream_name":"stdout","time":3371.158436391,"data":"  [health] WARN RND_dominates: ratio=595.0\r\n"}
,{"stream_name":"stdout","time":3371.158441231,"data":"  [health] WARN FATAL: RND_dominates persistent (consec=5)\r\n"}
,{"stream_name":"stdout","time":3408.977062359,"data":"  iter  4250/30000 [14.2%] | WM wm=29.22 rec=23.57 kl=5.04 rew=0.608 con=0.001 | AC act=0.001 crit=1.749 pg=0.001 H=0.27 | img ret=70.70 val=69.74 scale=120.25 p5=4.53 p95=124.89 rnd_c=0.425 rnd_l=0.003 | r/step=0.8682 | 1.3 ips ETA 5h32\r\n"}
,{"stream_name":"stdout","time":3408.977095279,"data":"  [health] WARN H_collapse: H=0.27\r\n"}
,{"stream_name":"stdout","time":3408.977101259,"data":"  [health] WARN RND_dominates: ratio=1322.6\r\n"}
,{"stream_name":"stdout","time":3408.977106229,"data":"  [health] WARN FATAL: RND_dominates persistent (consec=6)\r\n"}
,{"stream_name":"stdout","time":3446.577340725,"data":"  iter  4300/30000 [14.3%] | WM wm=26.66 rec=20.62 kl=5.40 rew=0.642 con=0.005 | AC act=0.001 crit=1.501 pg=0.001 H=0.31 | img ret=84.99 val=84.16 scale=123.71 p5=3.61 p95=127.28 rnd_c=0.430 rnd_l=0.003 | r/step=0.7813 | 1.3 ips ETA 5h31\r\n"}
,{"stream_name":"stdout","time":3446.577374335,"data":"  [health] WARN RND_dominates: ratio=1119.1\r\n"}
,{"stream_name":"stdout","time":3446.577380515,"data":"  [health] WARN FATAL: RND_dominates persistent (consec=7)\r\n"}
,{"stream_name":"stdout","time":3484.307431219,"data":"  iter  4350/30000 [14.5%] | WM wm=29.06 rec=22.54 kl=5.82 rew=0.697 con=0.004 | AC act=-0.000 crit=1.500 pg=-0.000 H=0.32 | img ret=76.33 val=75.81 scale=124.85 p5=4.04 p95=128.89 rnd_c=0.435 rnd_l=0.004 | r/step=0.9324 | 1.3 ips ETA 5h30\r\n"}
,{"stream_name":"stdout","time":3484.307464049,"data":"  [health] WARN RND_dominates: ratio=940.4\r\n"}
,{"stream_name":"stdout","time":3484.307470009,"data":"  [health] WARN FATAL: RND_dominates persistent (consec=8)\r\n"}
,{"stream_name":"stdout","time":3522.574472906,"data":"  iter  4400/30000 [14.7%] | WM wm=28.29 rec=21.86 kl=5.78 rew=0.652 con=0.003 | AC act=-0.000 crit=1.571 pg=-0.000 H=0.28 | img ret=80.70 val=80.37 scale=126.32 p5=4.03 p95=130.27 rnd_c=0.440 rnd_l=0.004 | r/step=0.6504 | 1.3 ips ETA 5h30\r\n"}
,{"stream_name":"stdout","time":3522.574504266,"data":"  [health] WARN H_collapse: H=0.28\r\n"}
,{"stream_name":"stdout","time":3522.574510506,"data":"  [health] WARN RND_dominates: ratio=462.9\r\n"}
,{"stream_name":"stdout","time":3522.574515446,"data":"  [health] WARN FATAL: RND_dominates persistent (consec=9)\r\n"}
,{"stream_name":"stdout","time":3560.255853785,"data":"  iter  4450/30000 [14.8%] | WM wm=26.03 rec=20.04 kl=5.37 rew=0.619 con=0.007 | AC act=-0.000 crit=1.785 pg=-0.000 H=0.37 | img ret=73.05 val=73.09 scale=127.22 p5=3.97 p95=131.06 rnd_c=0.445 rnd_l=0.003 | r/step=0.6762 | 1.3 ips ETA 5h29\r\n"}
,{"stream_name":"stdout","time":3560.255892475,"data":"  [health] WARN RND_dominates: ratio=904.4\r\n"}
,{"stream_name":"stdout","time":3560.255899985,"data":"  [health] WARN FATAL: RND_dominates persistent (consec=10)\r\n"}
,{"stream_name":"stdout","time":3598.228588082,"data":"  iter  4500/30000 [15.0%] | WM wm=23.95 rec=17.75 kl=5.49 rew=0.700 con=0.006 | AC act=0.000 crit=1.675 pg=0.001 H=0.35 | img ret=81.54 val=81.44 scale=127.10 p5=3.86 p95=131.05 rnd_c=0.450 rnd_l=0.003 | r/step=0.8882 | 1.3 ips ETA 5h28\r\n"}
,{"stream_name":"stdout","time":3598.228622462,"data":"  [health] WARN RND_dominates: ratio=1209.0\r\n"}
,{"stream_name":"stdout","time":3598.228628582,"data":"  [health] WARN FATAL: RND_dominates persistent (consec=11)\r\n"}
,{"stream_name":"stdout","time":3635.812556457,"data":"  iter  4550/30000 [15.2%] | WM wm=27.73 rec=20.46 kl=6.50 rew=0.757 con=0.009 | AC act=0.000 crit=1.676 pg=0.000 H=0.28 | img ret=77.32 val=76.86 scale=129.36 p5=4.19 p95=133.54 rnd_c=0.455 rnd_l=0.004 | r/step=0.7760 | 1.3 ips ETA 5h28\r\n"}
,{"stream_name":"stdout","time":3635.812586817,"data":"  [health] WARN H_collapse: H=0.28\r\n"}
,{"stream_name":"stdout","time":3635.812591247,"data":"  [health] WARN RND_dominates: ratio=468.2\r\n"}
,{"stream_name":"stdout","time":3635.812605287,"data":"  [health] WARN FATAL: RND_dominates persistent (consec=12)\r\n"}
,{"stream_name":"stdout","time":3674.11866159,"data":"  iter  4600/30000 [15.3%] | WM wm=28.52 rec=21.63 kl=6.23 rew=0.649 con=0.008 | AC act=0.002 crit=1.610 pg=0.002 H=0.26 | img ret=85.89 val=84.53 scale=130.03 p5=4.23 p95=134.27 rnd_c=0.460 rnd_l=0.004 | r/step=0.7269 | 1.3 ips ETA 5h27\r\n"}
,{"stream_name":"stdout","time":3674.11870073,"data":"  [health] WARN H_collapse: H=0.26\r\n"}
,{"stream_name":"stdout","time":3674.1187057,"data":"  [health] WARN RND_dominates: ratio=570.7\r\n"}
,{"stream_name":"stdout","time":3674.11870933,"data":"  [health] WARN FATAL: RND_dominates persistent (consec=13)\r\n"}
,{"stream_name":"stdout","time":3711.896794245,"data":"  iter  4650/30000 [15.5%] | WM wm=28.50 rec=22.07 kl=5.86 rew=0.562 con=0.003 | AC act=-0.000 crit=1.773 pg=-0.000 H=0.26 | img ret=69.59 val=69.71 scale=129.75 p5=4.92 p95=134.62 rnd_c=0.465 rnd_l=0.003 | r/step=0.8702 | 1.3 ips ETA 5h26\r\n"}
,{"stream_name":"stdout","time":3711.896827235,"data":"  [health] WARN H_collapse: H=0.26\r\n"}
,{"stream_name":"stdout","time":3711.896833175,"data":"  [health] WARN RND_dominates: ratio=596.4\r\n"}
,{"stream_name":"stdout","time":3711.896837805,"data":"  [health] WARN FATAL: RND_dominates persistent (consec=14)\r\n"}
,{"stream_name":"stdout","time":3749.86776747,"data":"  iter  4700/30000 [15.7%] | WM wm=22.03 rec=15.92 kl=5.47 rew=0.639 con=0.002 | AC act=0.001 crit=1.808 pg=0.001 H=0.23 | img ret=71.06 val=69.97 scale=131.21 p5=4.23 p95=135.43 rnd_c=0.470 rnd_l=0.003 | r/step=0.8423 | 1.3 ips ETA 5h25\r\n"}
,{"stream_name":"stdout","time":3749.867799939,"data":"  [health] WARN H_collapse: H=0.23\r\n"}
,{"stream_name":"stdout","time":3749.86780585,"data":"  [health] WARN RND_dominates: ratio=692.2\r\n"}
,{"stream_name":"stdout","time":3749.867811119,"data":"  [health] WARN FATAL: RND_dominates persistent (consec=15)\r\n"}
,{"stream_name":"stdout","time":3787.552055153,"data":"  iter  4750/30000 [15.8%] | WM wm=25.06 rec=19.36 kl=5.04 rew=0.652 con=0.003 | AC act=0.001 crit=1.636 pg=0.001 H=0.36 | img ret=81.41 val=80.42 scale=133.33 p5=4.67 p95=137.92 rnd_c=0.475 rnd_l=0.004 | r/step=0.7960 | 1.3 ips ETA 5h25\r\n"}
,{"stream_name":"stdout","time":3787.552086183,"data":"  [health] WARN RND_dominates: ratio=384.1\r\n"}
,{"stream_name":"stdout","time":3787.552091053,"data":"  [health] WARN FATAL: RND_dominates persistent (consec=16)\r\n"}
,{"stream_name":"stdout","time":3825.641060178,"data":"  iter  4800/30000 [16.0%] | WM wm=24.46 rec=18.55 kl=5.25 rew=0.649 con=0.008 | AC act=0.002 crit=1.543 pg=0.002 H=0.23 | img ret=86.34 val=85.64 scale=133.17 p5=4.64 p95=137.80 rnd_c=0.480 rnd_l=0.003 | r/step=0.9150 | 1.3 ips ETA 5h24\r\n"}
,{"stream_name":"stdout","time":3825.641093528,"data":"  [health] WARN H_collapse: H=0.23\r\n"}
,{"stream_name":"stdout","time":3825.641099508,"data":"  [health] WARN RND_dominates: ratio=365.5\r\n"}
,{"stream_name":"stdout","time":3825.641104288,"data":"  [health] WARN FATAL: RND_dominates persistent (consec=17)\r\n"}
,{"stream_name":"stdout","time":3863.537059159,"data":"  iter  4850/30000 [16.2%] | WM wm=29.64 rec=22.33 kl=6.56 rew=0.747 con=0.009 | AC act=0.000 crit=1.653 pg=0.001 H=0.25 | img ret=83.98 val=83.65 scale=134.21 p5=4.89 p95=139.19 rnd_c=0.485 rnd_l=0.003 | r/step=0.8337 | 1.3 ips ETA 5h23\r\n"}
,{"stream_name":"stdout","time":3863.53710051,"data":"  [health] WARN H_collapse: H=0.25\r\n"}
,{"stream_name":"stdout","time":3863.537106079,"data":"  [health] WARN RND_dominates: ratio=414.3\r\n"}
,{"stream_name":"stdout","time":3863.537111099,"data":"  [health] WARN FATAL: RND_dominates persistent (consec=18)\r\n"}
,{"stream_name":"stdout","time":3901.143607198,"data":"  iter  4900/30000 [16.3%] | WM wm=24.59 rec=17.87 kl=6.14 rew=0.566 con=0.007 | AC act=-0.000 crit=1.580 pg=-0.000 H=0.30 | img ret=85.61 val=84.81 scale=136.10 p5=4.23 p95=140.38 rnd_c=0.490 rnd_l=0.004 | r/step=0.7755 | 1.3 ips ETA 5h23\r\n"}
,{"stream_name":"stdout","time":3901.143650498,"data":"  [health] WARN RND_dominates: ratio=661.4\r\n"}
,{"stream_name":"stdout","time":3901.143654829,"data":"  [health] WARN FATAL: RND_dominates persistent (consec=19)\r\n"}
,{"stream_name":"stdout","time":3938.620765041,"data":"  iter  4950/30000 [16.5%] | WM wm=20.89 rec=14.91 kl=5.33 rew=0.634 con=0.013 | AC act=-0.001 crit=1.802 pg=-0.000 H=0.29 | img ret=84.87 val=85.11 scale=137.46 p5=4.88 p95=142.27 rnd_c=0.495 rnd_l=0.003 | r/step=0.8057 | 1.3 ips ETA 5h22\r\n"}
,{"stream_name":"stdout","time":3938.620797701,"data":"  [health] WARN H_collapse: H=0.29\r\n"}
,{"stream_name":"stdout","time":3938.620803701,"data":"  [health] WARN RND_dominates: ratio=292.5\r\n"}
,{"stream_name":"stdout","time":3938.620809041,"data":"  [health] WARN FATAL: RND_dominates persistent (consec=20)\r\n"}
,{"stream_name":"stdout","time":3976.351793888,"data":"  iter  5000/30000 [16.7%] | WM wm=18.39 rec=12.77 kl=5.07 rew=0.540 con=0.006 | AC act=0.001 crit=1.677 pg=0.001 H=0.35 | img ret=91.22 val=90.53 scale=137.88 p5=4.72 p95=142.73 rnd_c=0.500 rnd_l=0.003 | r/step=0.6327 | 1.3 ips ETA 5h21\r\n"}
,{"stream_name":"stdout","time":3976.351827098,"data":"  [health] WARN RND_dominates: ratio=268.9\r\n"}
,{"stream_name":"stdout","time":3976.351833048,"data":"  [health] WARN FATAL: RND_dominates persistent (consec=21)\r\n"}
,{"stream_name":"stdout","time":4012.993784337,"data":"  \u003e\u003e\u003e EVAL @ iter 5000 : score=1.00  length=191  achievements=1.90 ↑  sample=2.80  (best=1.90 @5000)  crafter_score=0.70% [885 train eps]\r\n"}
,{"stream_name":"stdout","time":4012.993820267,"data":"      unlocked (3/22): wake_up=80%  collect_wood=70%  collect_drink=40%\r\n"}
,{"stream_name":"stdout","time":4024.046602729,"data":"  Checkpoint saved : dreamer_crafter_jax_v36-tpu-75m-rnd_iter005000.npz\r\n"}
,{"stream_name":"stdout","time":4061.835717393,"data":"  iter  5050/30000 [16.8%] | WM wm=25.50 rec=18.91 kl=5.92 rew=0.666 con=0.008 | AC act=0.001 crit=1.726 pg=0.001 H=0.32 | img ret=81.27 val=80.67 scale=136.73 p5=5.41 p95=142.17 rnd_c=0.500 rnd_l=0.004 | r/step=0.5369 | 1.3 ips ETA 5h24\r\n"}
,{"stream_name":"stdout","time":4061.835750383,"data":"  [adaptive_rnd] ratio=70.61 \u003e 5.0 → rnd_coef 0.5000 → 0.4500\r\n"}
,{"stream_name":"stdout","time":4061.835757213,"data":"  [health] WARN RND_dominates: ratio=141.2\r\n"}
,{"stream_name":"stdout","time":4061.835761853,"data":"  [health] WARN FATAL: RND_dominates persistent (consec=22)\r\n"}
,{"stream_name":"stdout","time":4099.643492355,"data":"  iter  5100/30000 [17.0%] | WM wm=25.22 rec=19.59 kl=4.96 rew=0.665 con=0.009 | AC act=0.002 crit=1.488 pg=0.002 H=0.35 | img ret=91.60 val=90.67 scale=139.13 p5=4.89 p95=144.05 rnd_c=0.450 rnd_l=0.003 | r/step=0.7209 | 1.3 ips ETA 5h24\r\n"}
,{"stream_name":"stdout","time":4099.643526125,"data":"  [adaptive_rnd] ratio=310.14 \u003e 5.0 → rnd_coef 0.4500 → 0.4050\r\n"}
,{"stream_name":"stdout","time":4099.643533035,"data":"  [health] WARN RND_dominates: ratio=689.2\r\n"}
,{"stream_name":"stdout","time":4099.643537805,"data":"  [health] WARN FATAL: RND_dominates persistent (consec=23)\r\n"}
,{"stream_name":"stdout","time":4138.001308955,"data":"  iter  5150/30000 [17.2%] | WM wm=24.81 rec=17.60 kl=6.52 rew=0.672 con=0.007 | AC act=-0.000 crit=1.313 pg=-0.000 H=0.30 | img ret=95.08 val=94.84 scale=140.86 p5=5.05 p95=145.50 rnd_c=0.405 rnd_l=0.003 | r/step=0.5852 | 1.3 ips ETA 5h23\r\n"}
,{"stream_name":"stdout","time":4138.001345805,"data":"  [adaptive_rnd] ratio=214.89 \u003e 5.0 → rnd_coef 0.4050 → 0.3645\r\n"}
,{"stream_name":"stdout","time":4138.001362395,"data":"  [health] WARN RND_dominates: ratio=530.6\r\n"}
,{"stream_name":"stdout","time":4138.001365535,"data":"  [health] WARN FATAL: RND_dominates persistent (consec=24)\r\n"}
,{"stream_name":"stdout","time":4175.884481541,"data":"  iter  5200/30000 [17.3%] | WM wm=24.39 rec=17.98 kl=5.71 rew=0.696 con=0.005 | AC act=-0.000 crit=2.009 pg=-0.000 H=0.29 | img ret=75.29 val=74.74 scale=139.77 p5=5.23 p95=144.93 rnd_c=0.365 rnd_l=0.003 | r/step=0.5556 | 1.3 ips ETA 5h22\r\n"}
,{"stream_name":"stdout","time":4175.884510301,"data":"  [adaptive_rnd] ratio=134.28 \u003e 5.0 → rnd_coef 0.3645 → 0.3281\r\n"}
,{"stream_name":"stdout","time":4175.884516761,"data":"  [health] WARN H_collapse: H=0.29\r\n"}
,{"stream_name":"stdout","time":4175.884521061,"data":"  [health] WARN RND_dominates: ratio=368.4\r\n"}
,{"stream_name":"stdout","time":4175.884525171,"data":"  [health] WARN FATAL: RND_dominates persistent (consec=25)\r\n"}
,{"stream_name":"stdout","time":4213.738819051,"data":"  iter  5250/30000 [17.5%] | WM wm=26.83 rec=20.28 kl=5.98 rew=0.567 con=0.005 | AC act=0.001 crit=1.621 pg=0.001 H=0.32 | img ret=83.27 val=82.68 scale=139.36 p5=5.56 p95=144.97 rnd_c=0.328 rnd_l=0.004 | r/step=0.6694 | 1.3 ips ETA 5h21\r\n"}
,{"stream_name":"stdout","time":4213.738866011,"data":"  [adaptive_rnd] ratio=189.13 \u003e 5.0 → rnd_coef 0.3281 → 0.2952\r\n"}
,{"stream_name":"stdout","time":4213.738872851,"data":"  [health] WARN RND_dominates: ratio=576.5\r\n"}
,{"stream_name":"stdout","time":4213.7388775,"data":"  [health] WARN FATAL: RND_dominates persistent (consec=26)\r\n"}
,{"stream_name":"stdout","time":4251.090280211,"data":"  iter  5300/30000 [17.7%] | WM wm=27.27 rec=19.13 kl=7.33 rew=0.792 con=0.011 | AC act=-0.001 crit=2.009 pg=-0.001 H=0.36 | img ret=75.96 val=75.98 scale=142.02 p5=4.38 p95=146.40 rnd_c=0.295 rnd_l=0.003 | r/step=0.5297 | 1.3 ips ETA 5h21\r\n"}
,{"stream_name":"stdout","time":4251.090318681,"data":"  [adaptive_rnd] ratio=139.08 \u003e 5.0 → rnd_coef 0.2952 → 0.2657\r\n"}
,{"stream_name":"stdout","time":4251.090326821,"data":"  [health] WARN RND_dominates: ratio=471.1\r\n"}
,{"stream_name":"stdout","time":4251.090332601,"data":"  [health] WARN FATAL: RND_dominates persistent (consec=27)\r\n"}
,{"stream_name":"stdout","time":4289.012527694,"data":"  iter  5350/30000 [17.8%] | WM wm=28.35 rec=21.08 kl=6.54 rew=0.722 con=0.003 | AC act=-0.002 crit=1.578 pg=-0.002 H=0.36 | img ret=89.17 val=89.20 scale=140.37 p5=5.82 p95=146.30 rnd_c=0.266 rnd_l=0.003 | r/step=0.5037 | 1.3 ips ETA 5h20\r\n"}
,{"stream_name":"stdout","time":4289.012565874,"data":"  [adaptive_rnd] ratio=348.45 \u003e 5.0 → rnd_coef 0.2657 → 0.2391\r\n"}
,{"stream_name":"stdout","time":4289.012572794,"data":"  [health] WARN RND_dominates: ratio=1311.4\r\n"}
,{"stream_name":"stdout","time":4289.012577414,"data":"  [health] WARN FATAL: RND_dominates persistent (consec=28)\r\n"}
,{"stream_name":"stdout","time":4326.810342463,"data":"  iter  5400/30000 [18.0%] | WM wm=26.67 rec=19.91 kl=6.08 rew=0.679 con=0.003 | AC act=0.001 crit=1.871 pg=0.001 H=0.28 | img ret=88.80 val=87.68 scale=141.01 p5=5.29 p95=146.35 rnd_c=0.239 rnd_l=0.003 | r/step=0.3495 | 1.3 ips ETA 5h19\r\n"}
,{"stream_name":"stdout","time":4326.810375103,"data":"  [adaptive_rnd] ratio=234.66 \u003e 5.0 → rnd_coef 0.2391 → 0.2152\r\n"}
,{"stream_name":"stdout","time":4326.810382503,"data":"  [health] WARN H_collapse: H=0.28\r\n"}
,{"stream_name":"stdout","time":4326.810387483,"data":"  [health] WARN RND_dominates: ratio=981.2\r\n"}
,{"stream_name":"stdout","time":4326.810392023,"data":"  [health] WARN FATAL: RND_dominates persistent (consec=29)\r\n"}
,{"stream_name":"stdout","time":4364.548552828,"data":"  iter  5450/30000 [18.2%] | WM wm=27.29 rec=20.50 kl=6.04 rew=0.742 con=0.007 | AC act=0.001 crit=1.412 pg=0.001 H=0.30 | img ret=92.90 val=92.43 scale=139.80 p5=5.03 p95=144.73 rnd_c=0.215 rnd_l=0.004 | r/step=0.4006 | 1.3 ips ETA 5h18\r\n"}
,{"stream_name":"stdout","time":4364.548594279,"data":"  [adaptive_rnd] ratio=236.50 \u003e 5.0 → rnd_coef 0.2152 → 0.1937\r\n"}
,{"stream_name":"stdout","time":4364.548600499,"data":"  [health] WARN RND_dominates: ratio=1098.8\r\n"}
,{"stream_name":"stdout","time":4364.548604048,"data":"  [health] WARN FATAL: RND_dominates persistent (consec=30)\r\n"}
,{"stream_name":"stdout","time":4402.142623026,"data":"  iter  5500/30000 [18.3%] | WM wm=19.81 rec=14.54 kl=4.66 rew=0.602 con=0.005 | AC act=0.001 crit=1.738 pg=0.001 H=0.30 | img ret=80.94 val=80.41 scale=137.48 p5=5.65 p95=143.05 rnd_c=0.194 rnd_l=0.003 | r/step=0.3643 | 1.3 ips ETA 5h18\r\n"}
,{"stream_name":"stdout","time":4402.142663896,"data":"  [adaptive_rnd] ratio=104.95 \u003e 5.0 → rnd_coef 0.1937 → 0.1743\r\n"}
,{"stream_name":"stdout","time":4402.142671096,"data":"  [health] WARN H_collapse: H=0.30\r\n"}
,{"stream_name":"stdout","time":4402.142676136,"data":"  [health] WARN RND_dominates: ratio=541.8\r\n"}
,{"stream_name":"stdout","time":4402.142680486,"data":"  [health] WARN FATAL: RND_dominates persistent (consec=31)\r\n"}
,{"stream_name":"stdout","time":4440.22728925,"data":"  iter  5550/30000 [18.5%] | WM wm=25.77 rec=20.06 kl=5.12 rew=0.587 con=0.003 | AC act=0.000 crit=1.754 pg=0.000 H=0.25 | img ret=84.78 val=84.78 scale=136.38 p5=5.75 p95=142.09 rnd_c=0.174 rnd_l=0.004 | r/step=0.2597 | 1.3 ips ETA 5h17\r\n"}
,{"stream_name":"stdout","time":4440.227315061,"data":"  [adaptive_rnd] ratio=99.48 \u003e 5.0 → rnd_coef 0.1743 → 0.1569\r\n"}
,{"stream_name":"stdout","time":4440.227320581,"data":"  [health] WARN H_collapse: H=0.25\r\n"}
,{"stream_name":"stdout","time":4440.22732425,"data":"  [health] WARN RND_dominates: ratio=570.6\r\n"}
,{"stream_name":"stdout","time":4440.22732775,"data":"  [health] WARN FATAL: RND_dominates persistent (consec=32)\r\n"}
,{"stream_name":"stdout","time":4478.078688762,"data":"  iter  5600/30000 [18.7%] | WM wm=29.39 rec=21.28 kl=7.35 rew=0.750 con=0.007 | AC act=-0.000 crit=1.533 pg=0.000 H=0.31 | img ret=87.32 val=87.04 scale=133.44 p5=5.95 p95=139.29 rnd_c=0.157 rnd_l=0.003 | r/step=0.2949 | 1.3 ips ETA 5h16\r\n"}
,{"stream_name":"stdout","time":4478.078728132,"data":"  [adaptive_rnd] ratio=84.96 \u003e 5.0 → rnd_coef 0.1569 → 0.1412\r\n"}
,{"stream_name":"stdout","time":4478.078735292,"data":"  [health] WARN RND_dominates: ratio=541.5\r\n"}
,{"stream_name":"stdout","time":4478.078740142,"data":"  [health] WARN FATAL: RND_dominates persistent (consec=33)\r\n"}
,{"stream_name":"stdout","time":4516.294241933,"data":"  iter  5650/30000 [18.8%] | WM wm=26.64 rec=19.83 kl=6.15 rew=0.652 con=0.002 | AC act=0.001 crit=1.693 pg=0.001 H=0.29 | img ret=86.12 val=85.19 scale=133.77 p5=5.65 p95=139.56 rnd_c=0.141 rnd_l=0.003 | r/step=0.2353 | 1.3 ips ETA 5h16\r\n"}
,{"stream_name":"stdout","time":4516.294266233,"data":"  [adaptive_rnd] ratio=69.83 \u003e 5.0 → rnd_coef 0.1412 → 0.1271\r\n"}
,{"stream_name":"stdout","time":4516.294272943,"data":"  [health] WARN H_collapse: H=0.29\r\n"}
,{"stream_name":"stdout","time":4516.294277853,"data":"  [health] WARN RND_dominates: ratio=494.5\r\n"}
,{"stream_name":"stdout","time":4516.294282153,"data":"  [health] WARN FATAL: RND_dominates persistent (consec=34)\r\n"}
,{"stream_name":"stdout","time":4554.253742716,"data":"  iter  5700/30000 [19.0%] | WM wm=30.07 rec=22.41 kl=6.90 rew=0.753 con=0.005 | AC act=-0.001 crit=1.475 pg=-0.001 H=0.34 | img ret=102.99 val=102.86 scale=132.97 p5=5.46 p95=138.59 rnd_c=0.127 rnd_l=0.003 | r/step=0.2009 | 1.3 ips ETA 5h15\r\n"}
,{"stream_name":"stdout","time":4554.253775906,"data":"  [adaptive_rnd] ratio=62.02 \u003e 5.0 → rnd_coef 0.1271 → 0.1144\r\n"}
,{"stream_name":"stdout","time":4554.253794576,"data":"  [health] WARN RND_dominates: ratio=488.0\r\n"}
,{"stream_name":"stdout","time":4554.253797836,"data":"  [health] WARN FATAL: RND_dominates persistent (consec=35)\r\n"}
,{"stream_name":"stdout","time":4592.358515987,"data":"  iter  5750/30000 [19.2%] | WM wm=23.24 rec=17.65 kl=4.96 rew=0.629 con=0.000 | AC act=-0.001 crit=1.667 pg=-0.001 H=0.32 | img ret=85.26 val=85.51 scale=132.80 p5=5.31 p95=137.99 rnd_c=0.114 rnd_l=0.003 | r/step=0.1900 | 1.3 ips ETA 5h14\r\n"}
,{"stream_name":"stdout","time":4592.358550347,"data":"  [adaptive_rnd] ratio=124.92 \u003e 5.0 → rnd_coef 0.1144 → 0.1029\r\n"}
,{"stream_name":"stdout","time":4592.358557127,"data":"  [health] WARN RND_dominates: ratio=1092.1\r\n"}
,{"stream_name":"stdout","time":4592.358561987,"data":"  [health] WARN FATAL: RND_dominates persistent (consec=36)\r\n"}
,{"stream_name":"stdout","time":4630.239643155,"data":"  iter  5800/30000 [19.3%] | WM wm=26.16 rec=19.49 kl=6.01 rew=0.660 con=0.002 | AC act=-0.001 crit=1.879 pg=-0.001 H=0.41 | img ret=71.47 val=71.47 scale=130.82 p5=5.13 p95=135.89 rnd_c=0.103 rnd_l=0.003 | r/step=0.1731 | 1.3 ips ETA 5h13\r\n"}
,{"stream_name":"stdout","time":4630.239674325,"data":"  [adaptive_rnd] ratio=114.86 \u003e 5.0 → rnd_coef 0.1029 → 0.0927\r\n"}
,{"stream_name":"stdout","time":4630.239681365,"data":"  [health] WARN RND_dominates: ratio=1115.7\r\n"}
,{"stream_name":"stdout","time":4630.239686265,"data":"  [health] WARN FATAL: RND_dominates persistent (consec=37)\r\n"}
,{"stream_name":"stdout","time":4668.327237785,"data":"  iter  5850/30000 [19.5%] | WM wm=34.96 rec=26.22 kl=8.02 rew=0.719 con=0.002 | AC act=-0.000 crit=1.799 pg=-0.000 H=0.28 | img ret=80.05 val=80.01 scale=126.60 p5=4.80 p95=131.39 rnd_c=0.093 rnd_l=0.003 | r/step=0.1585 | 1.3 ips ETA 5h13\r\n"}
,{"stream_name":"stdout","time":4668.327266095,"data":"  [adaptive_rnd] ratio=42.10 \u003e 5.0 → rnd_coef 0.0927 → 0.0834\r\n"}
,{"stream_name":"stdout","time":4668.327272815,"data":"  [health] WARN H_collapse: H=0.28\r\n"}
,{"stream_name":"stdout","time":4668.327277485,"data":"  [health] WARN RND_dominates: ratio=454.4\r\n"}
,{"stream_name":"stdout","time":4668.327281835,"data":"  [health] WARN FATAL: RND_dominates persistent (consec=38)\r\n"}
,{"stream_name":"stdout","time":4706.094695806,"data":"  iter  5900/30000 [19.7%] | WM wm=26.66 rec=18.85 kl=7.02 rew=0.770 con=0.014 | AC act=-0.002 crit=1.991 pg=-0.002 H=0.33 | img ret=72.48 val=72.56 scale=125.67 p5=4.49 p95=130.09 rnd_c=0.083 rnd_l=0.003 | r/step=0.1391 | 1.3 ips ETA 5h12\r\n"}
,{"stream_name":"stdout","time":4706.094733966,"data":"  [adaptive_rnd] ratio=34.70 \u003e 5.0 → rnd_coef 0.0834 → 0.0750\r\n"}
,{"stream_name":"stdout","time":4706.094740666,"data":"  [health] WARN RND_dominates: ratio=416.2\r\n"}
,{"stream_name":"stdout","time":4706.094745386,"data":"  [health] WARN FATAL: RND_dominates persistent (consec=39)\r\n"}
,{"stream_name":"stdout","time":4743.578617171,"data":"  iter  5950/30000 [19.8%] | WM wm=24.92 rec=18.13 kl=6.10 rew=0.690 con=0.010 | AC act=-0.001 crit=1.404 pg=-0.001 H=0.29 | img ret=86.77 val=86.55 scale=124.58 p5=5.16 p95=129.81 rnd_c=0.075 rnd_l=0.003 | r/step=0.1304 | 1.3 ips ETA 5h11\r\n"}
,{"stream_name":"stdout","time":4743.578652231,"data":"  [adaptive_rnd] ratio=39.35 \u003e 5.0 → rnd_coef 0.0750 → 0.0675\r\n"}
,{"stream_name":"stdout","time":4743.578659091,"data":"  [health] WARN H_collapse: H=0.29\r\n"}
,{"stream_name":"stdout","time":4743.578663731,"data":"  [health] WARN RND_dominates: ratio=524.3\r\n"}
,{"stream_name":"stdout","time":4743.578668101,"data":"  [health] WARN FATAL: RND_dominates persistent (consec=40)\r\n"}
,{"stream_name":"stdout","time":4781.434738611,"data":"  iter  6000/30000 [20.0%] | WM wm=28.98 rec=21.52 kl=6.72 rew=0.735 con=0.006 | AC act=-0.001 crit=1.400 pg=-0.001 H=0.41 | img ret=82.29 val=82.30 scale=125.06 p5=4.72 p95=129.45 rnd_c=0.068 rnd_l=0.002 | r/step=0.1212 | 1.3 ips ETA 5h10\r\n"}
,{"stream_name":"stdout","time":4781.434781101,"data":"  [adaptive_rnd] ratio=46.16 \u003e 5.0 → rnd_coef 0.0675 → 0.0608\r\n"}
,{"stream_name":"stdout","time":4781.434790171,"data":"  [health] WARN RND_dominates: ratio=683.4\r\n"}
,{"stream_name":"stdout","time":4781.434793721,"data":"  [health] WARN FATAL: RND_dominates persistent (consec=41)\r\n"}
,{"stream_name":"stdout","time":4819.443891499,"data":"  iter  6050/30000 [20.2%] | WM wm=23.16 rec=16.35 kl=6.04 rew=0.764 con=0.008 | AC act=0.000 crit=1.619 pg=0.000 H=0.31 | img ret=85.41 val=85.07 scale=119.68 p5=5.26 p95=124.92 rnd_c=0.061 rnd_l=0.003 | r/step=0.0952 | 1.3 ips ETA 5h10\r\n"}
,{"stream_name":"stdout","time":4819.443922579,"data":"  [adaptive_rnd] ratio=26.84 \u003e 5.0 → rnd_coef 0.0608 → 0.0547\r\n"}
,{"stream_name":"stdout","time":4819.443928419,"data":"  [health] WARN RND_dominates: ratio=441.6\r\n"}
,{"stream_name":"stdout","time":4819.443932199,"data":"  [health] WARN FATAL: RND_dominates persistent (consec=42)\r\n"}
,{"stream_name":"stdout","time":4856.892613926,"data":"  iter  6100/30000 [20.3%] | WM wm=30.96 rec=23.04 kl=7.13 rew=0.778 con=0.019 | AC act=0.000 crit=1.556 pg=0.001 H=0.36 | img ret=81.72 val=81.32 scale=122.10 p5=4.78 p95=127.14 rnd_c=0.055 rnd_l=0.004 | r/step=0.0891 | 1.3 ips ETA 5h09\r\n"}
,{"stream_name":"stdout","time":4856.892646226,"data":"  [adaptive_rnd] ratio=19.10 \u003e 5.0 → rnd_coef 0.0547 → 0.0492\r\n"}
,{"stream_name":"stdout","time":4856.892651826,"data":"  [health] WARN RND_dominates: ratio=349.0\r\n"}
,{"stream_name":"stdout","time":4856.892655596,"data":"  [health] WARN FATAL: RND_dominates persistent (consec=43)\r\n"}
,{"stream_name":"stdout","time":4894.476696032,"data":"  iter  6150/30000 [20.5%] | WM wm=24.52 rec=17.39 kl=6.17 rew=0.941 con=0.015 | AC act=-0.001 crit=1.616 pg=-0.001 H=0.35 | img ret=72.98 val=73.16 scale=118.42 p5=5.09 p95=123.46 rnd_c=0.049 rnd_l=0.003 | r/step=0.1011 | 1.3 ips ETA 5h08\r\n"}
,{"stream_name":"stdout","time":4894.476727442,"data":"  [adaptive_rnd] ratio=36.54 \u003e 5.0 → rnd_coef 0.0492 → 0.0443\r\n"}
,{"stream_name":"stdout","time":4894.476734492,"data":"  [health] WARN RND_dominates: ratio=742.2\r\n"}
,{"stream_name":"stdout","time":4894.476739112,"data":"  [health] WARN FATAL: RND_dominates persistent (consec=44)\r\n"}
,{"stream_name":"stdout","time":4931.885433046,"data":"  iter  6200/30000 [20.7%] | WM wm=22.54 rec=16.48 kl=5.41 rew=0.650 con=0.004 | AC act=0.002 crit=1.794 pg=0.002 H=0.30 | img ret=69.73 val=68.96 scale=118.25 p5=4.95 p95=123.16 rnd_c=0.044 rnd_l=0.003 | r/step=0.0714 | 1.3 ips ETA 5h08\r\n"}
,{"stream_name":"stdout","time":4931.885464776,"data":"  [adaptive_rnd] ratio=28.94 \u003e 5.0 → rnd_coef 0.0443 → 0.0399\r\n"}
,{"stream_name":"stdout","time":4931.885471596,"data":"  [health] WARN RND_dominates: ratio=653.1\r\n"}
,{"stream_name":"stdout","time":4931.885476426,"data":"  [health] WARN FATAL: RND_dominates persistent (consec=45)\r\n"}
,{"stream_name":"stdout","time":4969.882018096,"data":"  iter  6250/30000 [20.8%] | WM wm=35.32 rec=25.60 kl=8.83 rew=0.874 con=0.016 | AC act=0.000 crit=1.839 pg=0.000 H=0.23 | img ret=59.18 val=59.24 scale=119.53 p5=4.58 p95=123.88 rnd_c=0.040 rnd_l=0.002 | r/step=0.0683 | 1.3 ips ETA 5h07\r\n"}
,{"stream_name":"stdout","time":4969.882054426,"data":"  [health] WARN H_collapse: H=0.23\r\n"}
,{"stream_name":"stdout","time":5007.751361126,"data":"  iter  6300/30000 [21.0%] | WM wm=25.21 rec=18.32 kl=6.19 rew=0.690 con=0.009 | AC act=0.000 crit=1.739 pg=0.000 H=0.26 | img ret=75.49 val=75.32 scale=115.71 p5=4.74 p95=120.42 rnd_c=0.040 rnd_l=0.002 | r/step=0.0690 | 1.3 ips ETA 5h06\r\n"}
,{"stream_name":"stdout","time":5007.751417506,"data":"  [adaptive_rnd] ratio=71.83 \u003e 5.0 → rnd_coef 0.0399 → 0.0359\r\n"}
,{"stream_name":"stdout","time":5007.751424636,"data":"  [health] WARN H_collapse: H=0.26\r\n"}
,{"stream_name":"stdout","time":5007.751428296,"data":"  [health] WARN RND_dominates: ratio=1801.1\r\n"}
,{"stream_name":"stdout","time":5045.239065581,"data":"  iter  6350/30000 [21.2%] | WM wm=21.88 rec=15.54 kl=5.57 rew=0.751 con=0.007 | AC act=-0.001 crit=1.912 pg=-0.001 H=0.28 | img ret=69.86 val=70.02 scale=116.34 p5=4.57 p95=121.21 rnd_c=0.036 rnd_l=0.004 | r/step=0.0627 | 1.3 ips ETA 5h05\r\n"}
,{"stream_name":"stdout","time":5045.239108521,"data":"  [adaptive_rnd] ratio=14.45 \u003e 5.0 → rnd_coef 0.0359 → 0.0323\r\n"}
,{"stream_name":"stdout","time":5045.239114761,"data":"  [health] WARN H_collapse: H=0.28\r\n"}
,{"stream_name":"stdout","time":5045.239119441,"data":"  [health] WARN RND_dominates: ratio=402.6\r\n"}
,{"stream_name":"stdout","time":5083.133596695,"data":"  iter  6400/30000 [21.3%] | WM wm=20.46 rec=14.56 kl=5.27 rew=0.624 con=0.002 | AC act=0.001 crit=1.596 pg=0.001 H=0.28 | img ret=76.01 val=75.15 scale=114.00 p5=4.14 p95=117.95 rnd_c=0.032 rnd_l=0.003 | r/step=0.0499 | 1.3 ips ETA 5h05\r\n"}
,{"stream_name":"stdout","time":5083.133627795,"data":"  [adaptive_rnd] ratio=37.85 \u003e 5.0 → rnd_coef 0.0323 → 0.0291\r\n"}
,{"stream_name":"stdout","time":5083.133634625,"data":"  [health] WARN H_collapse: H=0.28\r\n"}
,{"stream_name":"stdout","time":5083.133639315,"data":"  [health] WARN RND_dominates: ratio=1171.5\r\n"}
,{"stream_name":"stdout","time":5120.786033673,"data":"  iter  6450/30000 [21.5%] | WM wm=25.35 rec=18.83 kl=5.83 rew=0.685 con=0.003 | AC act=0.000 crit=1.641 pg=0.000 H=0.36 | img ret=64.49 val=64.80 scale=115.02 p5=4.88 p95=119.67 rnd_c=0.029 rnd_l=0.002 | r/step=0.0430 | 1.3 ips ETA 5h04\r\n"}
,{"stream_name":"stdout","time":5120.786098573,"data":"  [adaptive_rnd] ratio=12.83 \u003e 5.0 → rnd_coef 0.0291 → 0.0262\r\n"}
,{"stream_name":"stdout","time":5120.786104133,"data":"  [health] WARN RND_dominates: ratio=441.2\r\n"}
,{"stream_name":"stdout","time":5158.544280032,"data":"  iter  6500/30000 [21.7%] | WM wm=21.84 rec=15.74 kl=5.41 rew=0.685 con=0.005 | AC act=0.001 crit=1.491 pg=0.001 H=0.37 | img ret=71.53 val=71.14 scale=114.39 p5=3.97 p95=118.34 rnd_c=0.026 rnd_l=0.003 | r/step=0.0387 | 1.3 ips ETA 5h03\r\n"}
,{"stream_name":"stdout","time":5158.544318262,"data":"  [adaptive_rnd] ratio=14.04 \u003e 5.0 → rnd_coef 0.0262 → 0.0236\r\n"}
,{"stream_name":"stdout","time":5158.544323952,"data":"  [health] WARN RND_dominates: ratio=536.6\r\n"}
,{"stream_name":"stdout","time":5158.544327822,"data":"  [health] WARN FATAL: RND_dominates persistent (consec=5)\r\n"}
,{"stream_name":"stdout","time":5196.563433005,"data":"  iter  6550/30000 [21.8%] | WM wm=26.04 rec=19.14 kl=6.22 rew=0.672 con=0.008 | AC act=0.000 crit=1.689 pg=0.000 H=0.32 | img ret=65.74 val=65.04 scale=112.01 p5=4.49 p95=116.67 rnd_c=0.024 rnd_l=0.003 | r/step=0.0356 | 1.3 ips ETA 5h03\r\n"}
,{"stream_name":"stdout","time":5196.563464605,"data":"  [adaptive_rnd] ratio=9.46 \u003e 5.0 → rnd_coef 0.0236 → 0.0212\r\n"}
,{"stream_name":"stdout","time":5196.563471455,"data":"  [health] WARN RND_dominates: ratio=401.9\r\n"}
,{"stream_name":"stdout","time":5196.563476365,"data":"  [health] WARN FATAL: RND_dominates persistent (consec=6)\r\n"}
,{"stream_name":"stdout","time":5234.831006335,"data":"  iter  6600/30000 [22.0%] | WM wm=30.01 rec=22.59 kl=6.62 rew=0.791 con=0.007 | AC act=0.000 crit=1.952 pg=0.001 H=0.32 | img ret=51.99 val=51.92 scale=109.83 p5=3.63 p95=113.26 rnd_c=0.021 rnd_l=0.003 | r/step=0.0354 | 1.3 ips ETA 5h02\r\n"}
,{"stream_name":"stdout","time":5234.831054495,"data":"  [adaptive_rnd] ratio=19.97 \u003e 5.0 → rnd_coef 0.0212 → 0.0191\r\n"}
,{"stream_name":"stdout","time":5234.831060275,"data":"  [health] WARN RND_dominates: ratio=942.3\r\n"}
,{"stream_name":"stdout","time":5234.831063845,"data":"  [health] WARN FATAL: RND_dominates persistent (consec=7)\r\n"}
,{"stream_name":"stdout","time":5272.265077216,"data":"  iter  6650/30000 [22.2%] | WM wm=22.68 rec=15.59 kl=6.43 rew=0.656 con=0.010 | AC act=0.001 crit=1.774 pg=0.001 H=0.28 | img ret=61.95 val=61.36 scale=111.97 p5=4.06 p95=116.00 rnd_c=0.019 rnd_l=0.002 | r/step=0.0298 | 1.3 ips ETA 5h01\r\n"}
,{"stream_name":"stdout","time":5272.265110016,"data":"  [adaptive_rnd] ratio=12.87 \u003e 5.0 → rnd_coef 0.0191 → 0.0172\r\n"}
,{"stream_name":"stdout","time":5272.265116986,"data":"  [health] WARN H_collapse: H=0.28\r\n"}
,{"stream_name":"stdout","time":5272.265121626,"data":"  [health] WARN RND_dominates: ratio=674.6\r\n"}
,{"stream_name":"stdout","time":5272.265126136,"data":"  [health] WARN FATAL: RND_dominates persistent (consec=8)\r\n"}
,{"stream_name":"stdout","time":5310.379705282,"data":"  iter  6700/30000 [22.3%] | WM wm=24.55 rec=17.25 kl=6.56 rew=0.727 con=0.010 | AC act=-0.000 crit=1.640 pg=-0.000 H=0.27 | img ret=81.22 val=80.94 scale=110.72 p5=3.84 p95=114.71 rnd_c=0.017 rnd_l=0.002 | r/step=0.0314 | 1.3 ips ETA 5h01\r\n"}
,{"stream_name":"stdout","time":5310.379740482,"data":"  [adaptive_rnd] ratio=5.91 \u003e 5.0 → rnd_coef 0.0172 → 0.0155\r\n"}
,{"stream_name":"stdout","time":5310.379747312,"data":"  [health] WARN H_collapse: H=0.27\r\n"}
,{"stream_name":"stdout","time":5310.379752282,"data":"  [health] WARN RND_dominates: ratio=344.2\r\n"}
,{"stream_name":"stdout","time":5310.379756962,"data":"  [health] WARN FATAL: RND_dominates persistent (consec=9)\r\n"}
,{"stream_name":"stdout","time":5348.35983895,"data":"  iter  6750/30000 [22.5%] | WM wm=25.06 rec=17.88 kl=6.48 rew=0.689 con=0.012 | AC act=-0.001 crit=1.944 pg=-0.001 H=0.30 | img ret=58.62 val=58.36 scale=109.45 p5=3.69 p95=113.05 rnd_c=0.015 rnd_l=0.002 | r/step=0.0263 | 1.3 ips ETA 5h00\r\n"}
,{"stream_name":"stdout","time":5348.35986999,"data":"  [adaptive_rnd] ratio=8.66 \u003e 5.0 → rnd_coef 0.0155 → 0.0139\r\n"}
,{"stream_name":"stdout","time":5348.35987707,"data":"  [health] WARN RND_dominates: ratio=560.8\r\n"}
,{"stream_name":"stdout","time":5348.35988268,"data":"  [health] WARN FATAL: RND_dominates persistent (consec=10)\r\n"}
,{"stream_name":"stdout","time":5386.545851678,"data":"  iter  6800/30000 [22.7%] | WM wm=25.78 rec=18.80 kl=6.32 rew=0.649 con=0.013 | AC act=0.002 crit=1.753 pg=0.002 H=0.31 | img ret=69.02 val=67.68 scale=110.19 p5=3.91 p95=114.35 rnd_c=0.014 rnd_l=0.003 | r/step=0.0229 | 1.3 ips ETA 4h59\r\n"}
,{"stream_name":"stdout","time":5386.545882898,"data":"  [health] WARN RND_dominates: ratio=351.3\r\n"}
,{"stream_name":"stdout","time":5386.545887858,"data":"  [health] WARN FATAL: RND_dominates persistent (consec=11)\r\n"}
,{"stream_name":"stdout","time":5424.744009535,"data":"  iter  6850/30000 [22.8%] | WM wm=32.47 rec=23.91 kl=7.78 rew=0.771 con=0.004 | AC act=-0.002 crit=1.942 pg=-0.002 H=0.32 | img ret=53.63 val=53.87 scale=110.88 p5=3.22 p95=113.92 rnd_c=0.014 rnd_l=0.003 | r/step=0.0265 | 1.3 ips ETA 4h58\r\n"}
,{"stream_name":"stdout","time":5424.744056685,"data":"  [health] WARN RND_dominates: ratio=273.5\r\n"}
,{"stream_name":"stdout","time":5424.744062455,"data":"  [health] WARN FATAL: RND_dominates persistent (consec=12)\r\n"}
,{"stream_name":"stdout","time":5462.309497671,"data":"  iter  6900/30000 [23.0%] | WM wm=25.38 rec=17.28 kl=7.32 rew=0.772 con=0.007 | AC act=-0.002 crit=1.904 pg=-0.002 H=0.30 | img ret=56.62 val=56.64 scale=106.03 p5=3.19 p95=109.22 rnd_c=0.014 rnd_l=0.003 | r/step=0.0266 | 1.3 ips ETA 4h58\r\n"}
,{"stream_name":"stdout","time":5462.30954564,"data":"  [health] WARN H_collapse: H=0.30\r\n"}
,{"stream_name":"stdout","time":5462.30955036,"data":"  [health] WARN RND_dominates: ratio=179.8\r\n"}
,{"stream_name":"stdout","time":5462.30955412,"data":"  [health] WARN FATAL: RND_dominates persistent (consec=13)\r\n"}
,{"stream_name":"stdout","time":5500.67281321,"data":"  iter  6950/30000 [23.2%] | WM wm=20.50 rec=14.31 kl=5.55 rew=0.634 con=0.009 | AC act=-0.002 crit=1.756 pg=-0.002 H=0.26 | img ret=55.31 val=55.46 scale=106.99 p5=3.49 p95=110.31 rnd_c=0.014 rnd_l=0.002 | r/step=0.0208 | 1.3 ips ETA 4h57\r\n"}
,{"stream_name":"stdout","time":5500.67284721,"data":"  [health] WARN H_collapse: H=0.26\r\n"}
,{"stream_name":"stdout","time":5500.67285312,"data":"  [health] WARN RND_dominates: ratio=268.0\r\n"}
,{"stream_name":"stdout","time":5500.67285782,"data":"  [health] WARN FATAL: RND_dominates persistent (consec=14)\r\n"}
,{"stream_name":"stdout","time":5538.165378661,"data":"  iter  7000/30000 [23.3%] | WM wm=24.98 rec=17.23 kl=7.05 rew=0.683 con=0.007 | AC act=-0.000 crit=2.049 pg=-0.000 H=0.27 | img ret=55.61 val=55.82 scale=108.19 p5=3.26 p95=111.31 rnd_c=0.014 rnd_l=0.002 | r/step=0.0291 | 1.3 ips ETA 4h56\r\n"}
,{"stream_name":"stdout","time":5538.165409811,"data":"  [health] WARN H_collapse: H=0.27\r\n"}
,{"stream_name":"stdout","time":5538.165414611,"data":"  [health] WARN RND_dominates: ratio=114.7\r\n"}
,{"stream_name":"stdout","time":5538.165418341,"data":"  [health] WARN FATAL: RND_dominates persistent (consec=15)\r\n"}
,{"stream_name":"stdout","time":5576.186622612,"data":"  iter  7050/30000 [23.5%] | WM wm=28.63 rec=20.68 kl=7.21 rew=0.738 con=0.006 | AC act=0.000 crit=1.961 pg=0.000 H=0.27 | img ret=59.08 val=58.75 scale=104.95 p5=3.25 p95=108.13 rnd_c=0.014 rnd_l=0.002 | r/step=0.0213 | 1.3 ips ETA 4h56\r\n"}
,{"stream_name":"stdout","time":5576.186653352,"data":"  [health] WARN H_collapse: H=0.27\r\n"}
,{"stream_name":"stdout","time":5576.186659342,"data":"  [health] WARN RND_dominates: ratio=204.5\r\n"}
,{"stream_name":"stdout","time":5576.186663592,"data":"  [health] WARN FATAL: RND_dominates persistent (consec=16)\r\n"}
,{"stream_name":"stdout","time":5613.961953878,"data":"  iter  7100/30000 [23.7%] | WM wm=22.17 rec=15.64 kl=5.86 rew=0.660 con=0.007 | AC act=-0.001 crit=1.870 pg=-0.000 H=0.29 | img ret=52.99 val=53.11 scale=108.72 p5=2.75 p95=111.44 rnd_c=0.014 rnd_l=0.003 | r/step=0.0185 | 1.3 ips ETA 4h55\r\n"}
,{"stream_name":"stdout","time":5613.962004998,"data":"  [health] WARN H_collapse: H=0.29\r\n"}
,{"stream_name":"stdout","time":5613.962013608,"data":"  [health] WARN RND_dominates: ratio=178.2\r\n"}
,{"stream_name":"stdout","time":5613.962018478,"data":"  [health] WARN FATAL: H_collapse persistent (consec=5)\r\n"}
,{"stream_name":"stdout","time":5613.962023098,"data":"  [health] WARN FATAL: RND_dominates persistent (consec=17)\r\n"}
,{"stream_name":"stdout","time":5651.99651683,"data":"  iter  7150/30000 [23.8%] | WM wm=22.17 rec=16.23 kl=5.28 rew=0.647 con=0.006 | AC act=-0.001 crit=2.072 pg=-0.001 H=0.26 | img ret=56.08 val=56.20 scale=104.87 p5=3.55 p95=108.47 rnd_c=0.014 rnd_l=0.003 | r/step=0.0168 | 1.3 ips ETA 4h54\r\n"}
,{"stream_name":"stdout","time":5651.99654034,"data":"  [adaptive_rnd] ratio=8.80 \u003e 5.0 → rnd_coef 0.0139 → 0.0125\r\n"}
,{"stream_name":"stdout","time":5651.99654562,"data":"  [health] WARN H_collapse: H=0.26\r\n"}
,{"stream_name":"stdout","time":5651.99654934,"data":"  [health] WARN RND_dominates: ratio=633.1\r\n"}
,{"stream_name":"stdout","time":5651.99655284,"data":"  [health] WARN FATAL: H_collapse persistent (consec=6)\r\n"}
,{"stream_name":"stdout","time":5651.99655627,"data":"  [health] WARN FATAL: RND_dominates persistent (consec=18)\r\n"}
,{"stream_name":"stdout","time":5689.614800869,"data":"  iter  7200/30000 [24.0%] | WM wm=25.78 rec=18.06 kl=6.98 rew=0.734 con=0.012 | AC act=-0.004 crit=2.154 pg=-0.004 H=0.29 | img ret=46.79 val=48.14 scale=103.18 p5=3.42 p95=106.54 rnd_c=0.013 rnd_l=0.002 | r/step=0.0161 | 1.3 ips ETA 4h54\r\n"}
,{"stream_name":"stdout","time":5689.614832109,"data":"  [health] WARN H_collapse: H=0.29\r\n"}
,{"stream_name":"stdout","time":5689.614837919,"data":"  [health] WARN RND_dominates: ratio=188.9\r\n"}
,{"stream_name":"stdout","time":5689.614842609,"data":"  [health] WARN FATAL: H_collapse persistent (consec=7)\r\n"}
,{"stream_name":"stdout","time":5689.614847169,"data":"  [health] WARN FATAL: RND_dominates persistent (consec=19)\r\n"}
,{"stream_name":"stdout","time":5727.85015838,"data":"  iter  7250/30000 [24.2%] | WM wm=22.51 rec=15.62 kl=6.18 rew=0.701 con=0.007 | AC act=-0.002 crit=2.006 pg=-0.001 H=0.34 | img ret=56.13 val=56.34 scale=105.28 p5=2.75 p95=108.26 rnd_c=0.013 rnd_l=0.002 | r/step=0.0071 | 1.3 ips ETA 4h53\r\n"}
,{"stream_name":"stdout","time":5727.85018006,"data":"  [adaptive_rnd] ratio=6.70 \u003e 5.0 → rnd_coef 0.0125 → 0.0113\r\n"}
,{"stream_name":"stdout","time":5727.85018556,"data":"  [health] WARN RND_dominates: ratio=534.9\r\n"}
,{"stream_name":"stdout","time":5727.85018922,"data":"  [health] WARN FATAL: RND_dominates persistent (consec=20)\r\n"}
,{"stream_name":"stdout","time":5766.057922365,"data":"  iter  7300/30000 [24.3%] | WM wm=34.08 rec=24.60 kl=8.73 rew=0.746 con=0.005 | AC act=-0.000 crit=1.888 pg=-0.000 H=0.28 | img ret=56.86 val=56.48 scale=106.80 p5=3.56 p95=110.19 rnd_c=0.011 rnd_l=0.002 | r/step=0.0140 | 1.3 ips ETA 4h52\r\n"}
,{"stream_name":"stdout","time":5766.057954605,"data":"  [adaptive_rnd] ratio=5.07 \u003e 5.0 → rnd_coef 0.0113 → 0.0101\r\n"}
,{"stream_name":"stdout","time":5766.057961435,"data":"  [health] WARN H_collapse: H=0.28\r\n"}
,{"stream_name":"stdout","time":5766.057966085,"data":"  [health] WARN RND_dominates: ratio=449.9\r\n"}
,{"stream_name":"stdout","time":5766.057970885,"data":"  [health] WARN FATAL: RND_dominates persistent (consec=21)\r\n"}
,{"stream_name":"stdout","time":5803.771735735,"data":"  iter  7350/30000 [24.5%] | WM wm=23.08 rec=15.72 kl=6.73 rew=0.618 con=0.009 | AC act=-0.001 crit=1.860 pg=-0.001 H=0.19 | img ret=53.80 val=53.50 scale=104.86 p5=2.71 p95=107.53 rnd_c=0.010 rnd_l=0.002 | r/step=0.0093 | 1.3 ips ETA 4h52\r\n"}
,{"stream_name":"stdout","time":5803.771760235,"data":"  [health] WARN H_collapse: H=0.19\r\n"}
,{"stream_name":"stdout","time":5841.703518424,"data":"  iter  7400/30000 [24.7%] | WM wm=31.64 rec=22.46 kl=8.47 rew=0.703 con=0.011 | AC act=0.001 crit=1.918 pg=0.001 H=0.20 | img ret=52.19 val=51.58 scale=105.06 p5=2.48 p95=107.43 rnd_c=0.010 rnd_l=0.002 | r/step=0.0181 | 1.3 ips ETA 4h51\r\n"}
,{"stream_name":"stdout","time":5841.703551794,"data":"  [adaptive_rnd] ratio=5.39 \u003e 5.0 → rnd_coef 0.0101 → 0.0091\r\n"}
,{"stream_name":"stdout","time":5841.703558654,"data":"  [health] WARN H_collapse: H=0.20\r\n"}
,{"stream_name":"stdout","time":5841.703563724,"data":"  [health] WARN RND_dominates: ratio=531.3\r\n"}
,{"stream_name":"stdout","time":5879.13588638,"data":"  iter  7450/30000 [24.8%] | WM wm=26.64 rec=18.60 kl=7.34 rew=0.703 con=0.003 | AC act=0.001 crit=1.652 pg=0.001 H=0.19 | img ret=71.02 val=69.82 scale=106.88 p5=2.84 p95=109.76 rnd_c=0.009 rnd_l=0.002 | r/step=0.0131 | 1.3 ips ETA 4h50\r\n"}
,{"stream_name":"stdout","time":5879.13592771,"data":"  [adaptive_rnd] ratio=10.70 \u003e 5.0 → rnd_coef 0.0091 → 0.0082\r\n"}
,{"stream_name":"stdout","time":5879.13593565,"data":"  [health] WARN H_collapse: H=0.19\r\n"}
,{"stream_name":"stdout","time":5879.13594013,"data":"  [health] WARN RND_dominates: ratio=1172.2\r\n"}
,{"stream_name":"stdout","time":5916.932748473,"data":"  iter  7500/30000 [25.0%] | WM wm=26.11 rec=18.86 kl=6.55 rew=0.688 con=0.006 | AC act=-0.000 crit=1.958 pg=-0.000 H=0.28 | img ret=52.55 val=51.61 scale=102.95 p5=3.00 p95=105.83 rnd_c=0.008 rnd_l=0.002 | r/step=0.0172 | 1.3 ips ETA 4h50\r\n"}
,{"stream_name":"stdout","time":5916.932783433,"data":"  [adaptive_rnd] ratio=5.11 \u003e 5.0 → rnd_coef 0.0082 → 0.0074\r\n"}
,{"stream_name":"stdout","time":5916.932789763,"data":"  [health] WARN H_collapse: H=0.28\r\n"}
,{"stream_name":"stdout","time":5916.932794433,"data":"  [health] WARN RND_dominates: ratio=622.2\r\n"}
,{"stream_name":"stdout","time":5916.932798863,"data":"  [health] WARN FATAL: H_collapse persistent (consec=5)\r\n"}
,{"stream_name":"stdout","time":5957.66834629,"data":"  \u003e\u003e\u003e EVAL @ iter 7500 : score=0.10  length=225  achievements=1.00 ↓  sample=0.80  (best=1.90 @5000)  crafter_score=0.82% [1291 train eps]\r\n"}
,{"stream_name":"stdout","time":5957.668372841,"data":"      unlocked (1/22): wake_up=100%\r\n"}
,{"stream_name":"stdout","time":5968.75957192,"data":"  Checkpoint saved : dreamer_crafter_jax_v36-tpu-75m-rnd_iter007500.npz\r\n"}
,{"stream_name":"stdout","time":6007.024341708,"data":"  iter  7550/30000 [25.2%] | WM wm=28.16 rec=19.88 kl=7.59 rew=0.684 con=0.005 | AC act=-0.001 crit=1.752 pg=-0.001 H=0.32 | img ret=53.57 val=53.61 scale=102.37 p5=2.99 p95=105.48 rnd_c=0.007 rnd_l=0.002 | r/step=0.0058 | 1.3 ips ETA 4h51\r\n"}
,{"stream_name":"stdout","time":6044.221156816,"data":"  iter  7600/30000 [25.3%] | WM wm=24.99 rec=17.77 kl=6.57 rew=0.658 con=0.002 | AC act=-0.003 crit=2.356 pg=-0.003 H=0.25 | img ret=47.00 val=47.69 scale=103.06 p5=2.65 p95=106.09 rnd_c=0.007 rnd_l=0.003 | r/step=0.0103 | 1.3 ips ETA 4h51\r\n"}
,{"stream_name":"stdout","time":6044.221193696,"data":"  [adaptive_rnd] ratio=157.81 \u003e 5.0 → rnd_coef 0.0074 → 0.0067\r\n"}
,{"stream_name":"stdout","time":6044.221201076,"data":"  [health] WARN H_collapse: H=0.25\r\n"}
,{"stream_name":"stdout","time":6044.221205416,"data":"  [health] WARN RND_dominates: ratio=21352.8\r\n"}
,{"stream_name":"stdout","time":6082.125775819,"data":"  iter  7650/30000 [25.5%] | WM wm=27.09 rec=19.86 kl=6.59 rew=0.632 con=0.005 | AC act=-0.000 crit=2.367 pg=-0.000 H=0.34 | img ret=46.24 val=46.00 scale=101.11 p5=2.41 p95=103.61 rnd_c=0.007 rnd_l=0.002 | r/step=0.0115 | 1.3 ips ETA 4h50\r\n"}
,{"stream_name":"stdout","time":6082.125805639,"data":"  [adaptive_rnd] ratio=10.23 \u003e 5.0 → rnd_coef 0.0067 → 0.0060\r\n"}
,{"stream_name":"stdout","time":6082.167273364,"data":"  [health] WARN RND_dominates: ratio=1538.1\r\n"}
,{"stream_name":"stdout","time":6119.852709257,"data":"  iter  7700/30000 [25.7%] | WM wm=25.17 rec=17.79 kl=6.72 rew=0.658 con=0.006 | AC act=0.001 crit=1.845 pg=0.001 H=0.21 | img ret=47.45 val=46.85 scale=98.68 p5=2.24 p95=101.02 rnd_c=0.006 rnd_l=0.002 | r/step=0.0084 | 1.3 ips ETA 4h49\r\n"}
,{"stream_name":"stdout","time":6119.852737467,"data":"  [health] WARN H_collapse: H=0.21\r\n"}
,{"stream_name":"stdout","time":6158.026478136,"data":"  iter  7750/30000 [25.8%] | WM wm=28.14 rec=20.20 kl=7.22 rew=0.710 con=0.003 | AC act=-0.001 crit=1.986 pg=-0.001 H=0.22 | img ret=45.49 val=45.47 scale=99.94 p5=2.19 p95=101.93 rnd_c=0.006 rnd_l=0.002 | r/step=0.0046 | 1.3 ips ETA 4h49\r\n"}
,{"stream_name":"stdout","time":6158.026520856,"data":"  [health] WARN H_collapse: H=0.22\r\n"}
,{"stream_name":"stdout","time":6195.17417099,"data":"  iter  7800/30000 [26.0%] | WM wm=27.29 rec=19.99 kl=6.66 rew=0.642 con=0.004 | AC act=-0.001 crit=1.825 pg=-0.001 H=0.29 | img ret=50.67 val=50.83 scale=95.36 p5=2.61 p95=98.46 rnd_c=0.006 rnd_l=0.003 | r/step=0.0052 | 1.3 ips ETA 4h48\r\n"}
,{"stream_name":"stdout","time":6195.17422314,"data":"  [health] WARN H_collapse: H=0.29\r\n"}
,{"stream_name":"stdout","time":6232.774568004,"data":"  iter  7850/30000 [26.2%] | WM wm=19.03 rec=12.93 kl=5.47 rew=0.624 con=0.004 | AC act=-0.002 crit=2.223 pg=-0.002 H=0.29 | img ret=37.33 val=37.73 scale=99.72 p5=2.53 p95=102.05 rnd_c=0.006 rnd_l=0.002 | r/step=0.0153 | 1.3 ips ETA 4h47\r\n"}
,{"stream_name":"stdout","time":6232.774597954,"data":"  [health] WARN H_collapse: H=0.29\r\n"}
,{"stream_name":"stdout","time":6232.774603934,"data":"  [health] WARN RND_dominates: ratio=405.8\r\n"}
,{"stream_name":"stdout","time":6270.819008587,"data":"  iter  7900/30000 [26.3%] | WM wm=24.96 rec=16.66 kl=7.61 rew=0.689 con=0.008 | AC act=-0.001 crit=1.730 pg=-0.001 H=0.23 | img ret=64.54 val=64.52 scale=96.74 p5=2.36 p95=99.79 rnd_c=0.006 rnd_l=0.002 | r/step=0.0072 | 1.3 ips ETA 4h46\r\n"}
,{"stream_name":"stdout","time":6270.819042247,"data":"  [health] WARN H_collapse: H=0.23\r\n"}
,{"stream_name":"stdout","time":6270.819048197,"data":"  [health] WARN RND_dominates: ratio=678.3\r\n"}
,{"stream_name":"stdout","time":6270.819052807,"data":"  [health] WARN FATAL: H_collapse persistent (consec=5)\r\n"}
,{"stream_name":"stdout","time":6308.602936079,"data":"  iter  7950/30000 [26.5%] | WM wm=26.50 rec=17.76 kl=8.07 rew=0.652 con=0.012 | AC act=0.000 crit=2.175 pg=0.000 H=0.29 | img ret=38.37 val=38.20 scale=95.92 p5=2.11 p95=98.03 rnd_c=0.006 rnd_l=0.002 | r/step=0.0100 | 1.3 ips ETA 4h46\r\n"}
,{"stream_name":"stdout","time":6308.602969029,"data":"  [health] WARN H_collapse: H=0.29\r\n"}
,{"stream_name":"stdout","time":6308.602974479,"data":"  [health] WARN RND_dominates: ratio=435.3\r\n"}
,{"stream_name":"stdout","time":6308.603007109,"data":"  [health] WARN FATAL: H_collapse persistent (consec=6)\r\n"}
,{"stream_name":"stdout","time":6346.49484557,"data":"  iter  8000/30000 [26.7%] | WM wm=21.16 rec=14.47 kl=6.06 rew=0.617 con=0.004 | AC act=0.002 crit=1.928 pg=0.002 H=0.37 | img ret=44.05 val=43.54 scale=95.43 p5=1.97 p95=97.53 rnd_c=0.006 rnd_l=0.002 | r/step=0.0111 | 1.3 ips ETA 4h45\r\n"}
,{"stream_name":"stdout","time":6346.49489022,"data":"  [adaptive_rnd] ratio=7.71 \u003e 5.0 → rnd_coef 0.0060 → 0.0054\r\n"}
,{"stream_name":"stdout","time":6346.49489734,"data":"  [health] WARN RND_dominates: ratio=1288.3\r\n"}
,{"stream_name":"stdout","time":6384.235373306,"data":"  iter  8050/30000 [26.8%] | WM wm=20.91 rec=14.15 kl=5.99 rew=0.764 con=0.013 | AC act=-0.000 crit=2.081 pg=-0.000 H=0.23 | img ret=37.21 val=36.91 scale=95.96 p5=1.75 p95=97.50 rnd_c=0.005 rnd_l=0.002 | r/step=0.0283 | 1.3 ips ETA 4h44\r\n"}
,{"stream_name":"stdout","time":6384.235405736,"data":"  [health] WARN H_collapse: H=0.23\r\n"}
,{"stream_name":"stdout","time":6384.235411836,"data":"  [health] WARN RND_dominates: ratio=135.5\r\n"}
,{"stream_name":"stdout","time":6384.235416546,"data":"  [health] WARN FATAL: RND_dominates persistent (consec=5)\r\n"}
,{"stream_name":"stdout","time":6422.402569446,"data":"  iter  8100/30000 [27.0%] | WM wm=26.87 rec=18.66 kl=7.56 rew=0.646 con=0.005 | AC act=0.001 crit=1.990 pg=0.001 H=0.27 | img ret=45.50 val=44.66 scale=95.70 p5=2.14 p95=97.82 rnd_c=0.005 rnd_l=0.002 | r/step=0.0066 | 1.3 ips ETA 4h44\r\n"}
,{"stream_name":"stdout","time":6422.402603776,"data":"  [health] WARN H_collapse: H=0.27\r\n"}
,{"stream_name":"stdout","time":6422.402609866,"data":"  [health] WARN RND_dominates: ratio=322.9\r\n"}
,{"stream_name":"stdout","time":6422.402614566,"data":"  [health] WARN FATAL: RND_dominates persistent (consec=6)\r\n"}
,{"stream_name":"stdout","time":6460.677257088,"data":"  iter  8150/30000 [27.2%] | WM wm=25.98 rec=18.16 kl=7.21 rew=0.601 con=0.014 | AC act=-0.001 crit=2.215 pg=-0.001 H=0.28 | img ret=38.45 val=38.42 scale=95.96 p5=1.72 p95=97.52 rnd_c=0.005 rnd_l=0.002 | r/step=0.0138 | 1.3 ips ETA 4h43\r\n"}
,{"stream_name":"stdout","time":6460.677290678,"data":"  [health] WARN H_collapse: H=0.28\r\n"}
,{"stream_name":"stdout","time":6460.677312628,"data":"  [health] WARN RND_dominates: ratio=203.2\r\n"}
,{"stream_name":"stdout","time":6460.677316058,"data":"  [health] WARN FATAL: RND_dominates persistent (consec=7)\r\n"}
,{"stream_name":"stdout","time":6498.05594171,"data":"  iter  8200/30000 [27.3%] | WM wm=20.90 rec=14.57 kl=5.84 rew=0.477 con=0.009 | AC act=0.002 crit=2.432 pg=0.002 H=0.26 | img ret=36.04 val=35.32 scale=95.08 p5=1.85 p95=97.06 rnd_c=0.005 rnd_l=0.002 | r/step=0.0137 | 1.3 ips ETA 4h42\r\n"}
,{"stream_name":"stdout","time":6498.05600244,"data":"  [health] WARN H_collapse: H=0.26\r\n"}
,{"stream_name":"stdout","time":6498.05601029,"data":"  [health] WARN RND_dominates: ratio=169.8\r\n"}
,{"stream_name":"stdout","time":6498.05601494,"data":"  [health] WARN FATAL: RND_dominates persistent (consec=8)\r\n"}
,{"stream_name":"stdout","time":6536.424787904,"data":"  iter  8250/30000 [27.5%] | WM wm=20.52 rec=14.07 kl=5.83 rew=0.604 con=0.011 | AC act=0.001 crit=2.251 pg=0.001 H=0.23 | img ret=45.08 val=44.56 scale=94.15 p5=1.73 p95=95.72 rnd_c=0.005 rnd_l=0.002 | r/step=0.0178 | 1.3 ips ETA 4h42\r\n"}
,{"stream_name":"stdout","time":6536.424820604,"data":"  [health] WARN H_collapse: H=0.23\r\n"}
,{"stream_name":"stdout","time":6536.424826694,"data":"  [health] WARN RND_dominates: ratio=201.1\r\n"}
,{"stream_name":"stdout","time":6536.424831514,"data":"  [health] WARN FATAL: H_collapse persistent (consec=5)\r\n"}
,{"stream_name":"stdout","time":6536.424835854,"data":"  [health] WARN FATAL: RND_dominates persistent (consec=9)\r\n"}
,{"stream_name":"stdout","time":6574.212849093,"data":"  iter  8300/30000 [27.7%] | WM wm=22.94 rec=15.78 kl=6.45 rew=0.701 con=0.004 | AC act=-0.002 crit=2.222 pg=-0.002 H=0.23 | img ret=27.26 val=27.43 scale=96.99 p5=1.86 p95=98.49 rnd_c=0.005 rnd_l=0.002 | r/step=0.0095 | 1.3 ips ETA 4h41\r\n"}
,{"stream_name":"stdout","time":6574.212879703,"data":"  [health] WARN H_collapse: H=0.23\r\n"}
,{"stream_name":"stdout","time":6574.212885193,"data":"  [health] WARN RND_dominates: ratio=397.2\r\n"}
,{"stream_name":"stdout","time":6574.212889703,"data":"  [health] WARN FATAL: H_collapse persistent (consec=6)\r\n"}
,{"stream_name":"stdout","time":6574.212893843,"data":"  [health] WARN FATAL: RND_dominates persistent (consec=10)\r\n"}
,{"stream_name":"stdout","time":6612.158853207,"data":"  iter  8350/30000 [27.8%] | WM wm=30.71 rec=22.28 kl=7.84 rew=0.588 con=0.001 | AC act=0.001 crit=2.044 pg=0.001 H=0.21 | img ret=37.70 val=37.30 scale=92.73 p5=1.60 p95=94.35 rnd_c=0.005 rnd_l=0.002 | r/step=0.0114 | 1.3 ips ETA 4h40\r\n"}
,{"stream_name":"stdout","time":6612.158889627,"data":"  [health] WARN H_collapse: H=0.21\r\n"}
,{"stream_name":"stdout","time":6612.158898997,"data":"  [health] WARN RND_dominates: ratio=419.3\r\n"}
,{"stream_name":"stdout","time":6612.158903937,"data":"  [health] WARN FATAL: H_collapse persistent (consec=7)\r\n"}
,{"stream_name":"stdout","time":6612.158908317,"data":"  [health] WARN FATAL: RND_dominates persistent (consec=11)\r\n"}
,{"stream_name":"stdout","time":6649.571102125,"data":"  iter  8400/30000 [28.0%] | WM wm=26.46 rec=18.52 kl=7.29 rew=0.635 con=0.011 | AC act=0.000 crit=1.709 pg=0.000 H=0.19 | img ret=43.83 val=43.64 scale=94.04 p5=1.59 p95=95.67 rnd_c=0.005 rnd_l=0.002 | r/step=0.0173 | 1.3 ips ETA 4h39\r\n"}
,{"stream_name":"stdout","time":6649.571139795,"data":"  [health] WARN H_collapse: H=0.19\r\n"}
,{"stream_name":"stdout","time":6649.571145765,"data":"  [health] WARN RND_dominates: ratio=325.7\r\n"}
,{"stream_name":"stdout","time":6649.571150355,"data":"  [health] WARN FATAL: H_collapse persistent (consec=8)\r\n"}
,{"stream_name":"stdout","time":6649.571154765,"data":"  [health] WARN FATAL: RND_dominates persistent (consec=12)\r\n"}
,{"stream_name":"stdout","time":6687.408224502,"data":"  iter  8450/30000 [28.2%] | WM wm=26.88 rec=17.29 kl=8.94 rew=0.644 con=0.007 | AC act=-0.000 crit=2.318 pg=0.000 H=0.27 | img ret=26.50 val=26.10 scale=96.04 p5=1.75 p95=98.26 rnd_c=0.005 rnd_l=0.002 | r/step=0.0080 | 1.3 ips ETA 4h39\r\n"}
,{"stream_name":"stdout","time":6687.408261732,"data":"  [health] WARN H_collapse: H=0.27\r\n"}
,{"stream_name":"stdout","time":6687.408267482,"data":"  [health] WARN RND_dominates: ratio=511.1\r\n"}
,{"stream_name":"stdout","time":6687.408272222,"data":"  [health] WARN FATAL: H_collapse persistent (consec=9)\r\n"}
,{"stream_name":"stdout","time":6687.408276362,"data":"  [health] WARN FATAL: RND_dominates persistent (consec=13)\r\n"}
,{"stream_name":"stdout","time":6724.654551626,"data":"  iter  8500/30000 [28.3%] | WM wm=24.56 rec=17.69 kl=6.29 rew=0.568 con=0.005 | AC act=-0.001 crit=2.575 pg=-0.000 H=0.23 | img ret=30.68 val=30.30 scale=93.04 p5=1.68 p95=94.97 rnd_c=0.005 rnd_l=0.003 | r/step=0.0063 | 1.3 ips ETA 4h38\r\n"}
,{"stream_name":"stdout","time":6724.654588106,"data":"  [health] WARN H_collapse: H=0.23\r\n"}
,{"stream_name":"stdout","time":6724.654593956,"data":"  [health] WARN RND_dominates: ratio=406.8\r\n"}
,{"stream_name":"stdout","time":6724.654598826,"data":"  [health] WARN FATAL: H_collapse persistent (consec=10)\r\n"}
,{"stream_name":"stdout","time":6724.654602956,"data":"  [health] WARN FATAL: RND_dominates persistent (consec=14)\r\n"}
,{"stream_name":"stdout","time":6762.456969334,"data":"  iter  8550/30000 [28.5%] | WM wm=26.61 rec=18.50 kl=7.50 rew=0.600 con=0.003 | AC act=0.001 crit=2.631 pg=0.001 H=0.27 | img ret=27.94 val=27.47 scale=93.59 p5=1.32 p95=94.88 rnd_c=0.005 rnd_l=0.002 | r/step=0.0087 | 1.3 ips ETA 4h37\r\n"}
,{"stream_name":"stdout","time":6762.457039794,"data":"  [adaptive_rnd] ratio=31.68 \u003e 5.0 → rnd_coef 0.0054 → 0.0048\r\n"}
,{"stream_name":"stdout","time":6762.457046994,"data":"  [health] WARN H_collapse: H=0.27\r\n"}
,{"stream_name":"stdout","time":6762.457051604,"data":"  [health] WARN RND_dominates: ratio=5880.8\r\n"}
,{"stream_name":"stdout","time":6762.457056244,"data":"  [health] WARN FATAL: H_collapse persistent (consec=11)\r\n"}
,{"stream_name":"stdout","time":6762.457060804,"data":"  [health] WARN FATAL: RND_dominates persistent (consec=15)\r\n"}
,{"stream_name":"stdout","time":6800.636194216,"data":"  iter  8600/30000 [28.7%] | WM wm=24.26 rec=17.15 kl=6.52 rew=0.596 con=0.002 | AC act=0.001 crit=2.676 pg=0.001 H=0.20 | img ret=27.78 val=27.14 scale=92.67 p5=1.58 p95=93.85 rnd_c=0.005 rnd_l=0.002 | r/step=0.0072 | 1.3 ips ETA 4h37\r\n"}
,{"stream_name":"stdout","time":6800.636230266,"data":"  [health] WARN H_collapse: H=0.20\r\n"}
,{"stream_name":"stdout","time":6800.636236116,"data":"  [health] WARN RND_dominates: ratio=655.8\r\n"}
,{"stream_name":"stdout","time":6800.636240766,"data":"  [health] WARN FATAL: H_collapse persistent (consec=12)\r\n"}
,{"stream_name":"stdout","time":6800.636245336,"data":"  [health] WARN FATAL: RND_dominates persistent (consec=16)\r\n"}
,{"stream_name":"stdout","time":6838.281455028,"data":"  iter  8650/30000 [28.8%] | WM wm=22.05 rec=15.57 kl=5.87 rew=0.606 con=0.004 | AC act=-0.000 crit=2.060 pg=-0.000 H=0.17 | img ret=33.53 val=33.42 scale=97.25 p5=1.48 p95=98.57 rnd_c=0.005 rnd_l=0.002 | r/step=0.0048 | 1.3 ips ETA 4h36\r\n"}
,{"stream_name":"stdout","time":6838.281490468,"data":"  [adaptive_rnd] ratio=5.23 \u003e 5.0 → rnd_coef 0.0048 → 0.0044\r\n"}
,{"stream_name":"stdout","time":6838.281496598,"data":"  [health] WARN H_collapse: H=0.17\r\n"}
,{"stream_name":"stdout","time":6838.281500568,"data":"  [health] WARN RND_dominates: ratio=1079.5\r\n"}
,{"stream_name":"stdout","time":6838.281504038,"data":"  [health] WARN FATAL: H_collapse persistent (consec=13)\r\n"}
,{"stream_name":"stdout","time":6838.281517428,"data":"  [health] WARN FATAL: RND_dominates persistent (consec=17)\r\n"}
,{"stream_name":"stdout","time":6875.987347295,"data":"  iter  8700/30000 [29.0%] | WM wm=22.14 rec=14.62 kl=6.92 rew=0.589 con=0.007 | AC act=-0.001 crit=2.153 pg=-0.001 H=0.26 | img ret=34.53 val=34.47 scale=93.90 p5=1.48 p95=95.44 rnd_c=0.004 rnd_l=0.002 | r/step=0.0024 | 1.3 ips ETA 4h35\r\n"}
,{"stream_name":"stdout","time":6875.987384946,"data":"  [health] WARN H_collapse: H=0.26\r\n"}
,{"stream_name":"stdout","time":6875.987391046,"data":"  [health] WARN FATAL: H_collapse persistent (consec=14)\r\n"}
,{"stream_name":"stdout","time":6913.935269231,"data":"  iter  8750/30000 [29.2%] | WM wm=17.01 rec=10.90 kl=5.57 rew=0.539 con=0.002 | AC act=0.001 crit=2.377 pg=0.001 H=0.27 | img ret=28.49 val=27.70 scale=96.19 p5=1.35 p95=97.41 rnd_c=0.004 rnd_l=0.002 | r/step=0.0053 | 1.3 ips ETA 4h35\r\n"}
,{"stream_name":"stdout","time":6913.935303921,"data":"  [adaptive_rnd] ratio=13.58 \u003e 5.0 → rnd_coef 0.0044 → 0.0039\r\n"}
,{"stream_name":"stdout","time":6913.935310731,"data":"  [health] WARN H_collapse: H=0.27\r\n"}
,{"stream_name":"stdout","time":6913.935315751,"data":"  [health] WARN RND_dominates: ratio=3110.9\r\n"}
,{"stream_name":"stdout","time":6913.935320091,"data":"  [health] WARN FATAL: H_collapse persistent (consec=15)\r\n"}
,{"stream_name":"stdout","time":6952.004734545,"data":"  iter  8800/30000 [29.3%] | WM wm=22.08 rec=14.46 kl=6.83 rew=0.782 con=0.008 | AC act=-0.000 crit=2.093 pg=-0.000 H=0.29 | img ret=29.62 val=29.40 scale=93.16 p5=1.47 p95=94.43 rnd_c=0.004 rnd_l=0.002 | r/step=0.0025 | 1.3 ips ETA 4h34\r\n"}
,{"stream_name":"stdout","time":6952.004767274,"data":"  [health] WARN H_collapse: H=0.29\r\n"}
,{"stream_name":"stdout","time":6952.004773314,"data":"  [health] WARN FATAL: H_collapse persistent (consec=16)\r\n"}
,{"stream_name":"stdout","time":6990.148818416,"data":"  iter  8850/30000 [29.5%] | WM wm=25.86 rec=17.64 kl=7.54 rew=0.669 con=0.011 | AC act=0.001 crit=2.114 pg=0.001 H=0.21 | img ret=37.86 val=37.32 scale=93.45 p5=1.37 p95=95.19 rnd_c=0.004 rnd_l=0.002 | r/step=0.0072 | 1.3 ips ETA 4h33\r\n"}
,{"stream_name":"stdout","time":6990.148851706,"data":"  [adaptive_rnd] ratio=5.06 \u003e 5.0 → rnd_coef 0.0039 → 0.0035\r\n"}
,{"stream_name":"stdout","time":6990.148858886,"data":"  [health] WARN H_collapse: H=0.21\r\n"}
,{"stream_name":"stdout","time":6990.148863576,"data":"  [health] WARN RND_dominates: ratio=1289.2\r\n"}
,{"stream_name":"stdout","time":6990.148868086,"data":"  [health] WARN FATAL: H_collapse persistent (consec=17)\r\n"}
,{"stream_name":"stdout","time":7027.645839074,"data":"  iter  8900/30000 [29.7%] | WM wm=24.64 rec=16.52 kl=7.54 rew=0.571 con=0.011 | AC act=0.000 crit=2.427 pg=0.000 H=0.21 | img ret=25.57 val=25.02 scale=92.68 p5=1.19 p95=93.55 rnd_c=0.004 rnd_l=0.002 | r/step=0.0081 | 1.3 ips ETA 4h33\r\n"}
,{"stream_name":"stdout","time":7027.645873224,"data":"  [health] WARN H_collapse: H=0.21\r\n"}
,{"stream_name":"stdout","time":7027.645879174,"data":"  [health] WARN RND_dominates: ratio=465.4\r\n"}
,{"stream_name":"stdout","time":7027.645883714,"data":"  [health] WARN FATAL: H_collapse persistent (consec=18)\r\n"}
,{"stream_name":"stdout","time":7065.689294348,"data":"  iter  8950/30000 [29.8%] | WM wm=20.95 rec=13.90 kl=6.49 rew=0.564 con=0.004 | AC act=-0.001 crit=2.347 pg=-0.001 H=0.25 | img ret=26.43 val=26.43 scale=89.61 p5=1.05 p95=90.86 rnd_c=0.004 rnd_l=0.002 | r/step=0.0019 | 1.3 ips ETA 4h32\r\n"}
,{"stream_name":"stdout","time":7065.689326058,"data":"  [health] WARN H_collapse: H=0.25\r\n"}
,{"stream_name":"stdout","time":7065.689332378,"data":"  [health] WARN FATAL: H_collapse persistent (consec=19)\r\n"}
,{"stream_name":"stdout","time":7103.14007709,"data":"  iter  9000/30000 [30.0%] | WM wm=19.81 rec=13.32 kl=5.74 rew=0.740 con=0.004 | AC act=0.001 crit=2.052 pg=0.001 H=0.21 | img ret=33.01 val=32.63 scale=90.39 p5=1.11 p95=91.27 rnd_c=0.004 rnd_l=0.002 | r/step=0.0064 | 1.3 ips ETA 4h31\r\n"}
,{"stream_name":"stdout","time":7103.14012387,"data":"  [health] WARN H_collapse: H=0.21\r\n"}
,{"stream_name":"stdout","time":7103.14012885,"data":"  [health] WARN RND_dominates: ratio=531.6\r\n"}
,{"stream_name":"stdout","time":7103.140132321,"data":"  [health] WARN FATAL: H_collapse persistent (consec=20)\r\n"}
,{"stream_name":"stdout","time":7141.287318363,"data":"  iter  9050/30000 [30.2%] | WM wm=21.69 rec=14.52 kl=6.61 rew=0.561 con=0.003 | AC act=0.001 crit=2.519 pg=0.001 H=0.28 | img ret=21.67 val=21.31 scale=90.63 p5=1.09 p95=91.43 rnd_c=0.004 rnd_l=0.002 | r/step=0.0033 | 1.3 ips ETA 4h31\r\n"}
,{"stream_name":"stdout","time":7141.287339973,"data":"  [health] WARN H_collapse: H=0.28\r\n"}
,{"stream_name":"stdout","time":7141.287345473,"data":"  [health] WARN FATAL: H_collapse persistent (consec=21)\r\n"}
,{"stream_name":"stdout","time":7178.811176449,"data":"  iter  9100/30000 [30.3%] | WM wm=24.27 rec=16.57 kl=7.00 rew=0.691 con=0.012 | AC act=-0.001 crit=1.970 pg=-0.001 H=0.26 | img ret=31.58 val=31.48 scale=91.44 p5=1.02 p95=92.14 rnd_c=0.004 rnd_l=0.002 | r/step=0.0047 | 1.3 ips ETA 4h30\r\n"}
,{"stream_name":"stdout","time":7178.811223739,"data":"  [adaptive_rnd] ratio=30.25 \u003e 5.0 → rnd_coef 0.0035 → 0.0032\r\n"}
,{"stream_name":"stdout","time":7178.811230509,"data":"  [health] WARN H_collapse: H=0.26\r\n"}
,{"stream_name":"stdout","time":7178.811234809,"data":"  [health] WARN RND_dominates: ratio=8556.7\r\n"}
,{"stream_name":"stdout","time":7178.811238839,"data":"  [health] WARN FATAL: H_collapse persistent (consec=22)\r\n"}
,{"stream_name":"stdout","time":7217.00564035,"data":"  iter  9150/30000 [30.5%] | WM wm=24.28 rec=16.67 kl=6.96 rew=0.645 con=0.002 | AC act=0.000 crit=2.211 pg=0.000 H=0.27 | img ret=43.92 val=43.56 scale=96.07 p5=1.10 p95=97.67 rnd_c=0.003 rnd_l=0.001 | r/step=0.0075 | 1.3 ips ETA 4h29\r\n"}
,{"stream_name":"stdout","time":7217.00568473,"data":"  [health] WARN H_collapse: H=0.27\r\n"}
,{"stream_name":"stdout","time":7217.00568941,"data":"  [health] WARN RND_dominates: ratio=998.9\r\n"}
,{"stream_name":"stdout","time":7217.00569313,"data":"  [health] WARN FATAL: H_collapse persistent (consec=23)\r\n"}
,{"stream_name":"stdout","time":7254.415185674,"data":"  iter  9200/30000 [30.7%] | WM wm=23.79 rec=15.97 kl=7.16 rew=0.649 con=0.008 | AC act=0.003 crit=1.991 pg=0.003 H=0.25 | img ret=45.85 val=44.86 scale=87.73 p5=1.14 p95=88.98 rnd_c=0.003 rnd_l=0.002 | r/step=-0.0005 | 1.3 ips ETA 4h28\r\n"}
,{"stream_name":"stdout","time":7254.415231364,"data":"  [health] WARN H_collapse: H=0.25\r\n"}
,{"stream_name":"stdout","time":7254.415237984,"data":"  [health] WARN FATAL: H_collapse persistent (consec=24)\r\n"}
,{"stream_name":"stdout","time":7292.087470279,"data":"  iter  9250/30000 [30.8%] | WM wm=20.12 rec=14.04 kl=5.57 rew=0.513 con=0.004 | AC act=0.000 crit=2.080 pg=0.000 H=0.24 | img ret=33.67 val=33.26 scale=93.57 p5=1.02 p95=94.67 rnd_c=0.003 rnd_l=0.002 | r/step=0.0046 | 1.3 ips ETA 4h28\r\n"}
,{"stream_name":"stdout","time":7292.087506209,"data":"  [adaptive_rnd] ratio=10.08 \u003e 5.0 → rnd_coef 0.0032 → 0.0029\r\n"}
,{"stream_name":"stdout","time":7292.087513029,"data":"  [health] WARN H_collapse: H=0.24\r\n"}
,{"stream_name":"stdout","time":7292.087517699,"data":"  [health] WARN RND_dominates: ratio=3168.1\r\n"}
,{"stream_name":"stdout","time":7292.087522069,"data":"  [health] WARN FATAL: H_collapse persistent (consec=25)\r\n"}
,{"stream_name":"stdout","time":7329.89435646,"data":"  iter  9300/30000 [31.0%] | WM wm=18.75 rec=12.31 kl=5.86 rew=0.580 con=0.003 | AC act=0.000 crit=2.211 pg=0.000 H=0.23 | img ret=28.61 val=28.30 scale=90.90 p5=0.88 p95=91.93 rnd_c=0.003 rnd_l=0.002 | r/step=0.0022 | 1.3 ips ETA 4h27\r\n"}
,{"stream_name":"stdout","time":7329.89439886,"data":"  [health] WARN H_collapse: H=0.23\r\n"}
,{"stream_name":"stdout","time":7329.8944031,"data":"  [health] WARN FATAL: H_collapse persistent (consec=26)\r\n"}
,{"stream_name":"stdout","time":7367.795265222,"data":"  iter  9350/30000 [31.2%] | WM wm=23.92 rec=16.00 kl=7.34 rew=0.581 con=0.007 | AC act=0.000 crit=2.347 pg=0.000 H=0.33 | img ret=27.82 val=27.39 scale=86.73 p5=0.77 p95=87.52 rnd_c=0.003 rnd_l=0.002 | r/step=0.0048 | 1.3 ips ETA 4h26\r\n"}
,{"stream_name":"stdout","time":7367.795298262,"data":"  [health] WARN RND_dominates: ratio=1054.2\r\n"}
,{"stream_name":"stdout","time":7405.435726328,"data":"  iter  9400/30000 [31.3%] | WM wm=21.12 rec=14.35 kl=6.23 rew=0.533 con=0.007 | AC act=0.000 crit=2.510 pg=0.000 H=0.34 | img ret=23.94 val=23.66 scale=88.91 p5=0.81 p95=89.57 rnd_c=0.003 rnd_l=0.002 | r/step=0.0036 | 1.3 ips ETA 4h26\r\n"}
,{"stream_name":"stdout","time":7405.435760288,"data":"  [health] WARN RND_dominates: ratio=1514.8\r\n"}
,{"stream_name":"stdout","time":7443.509388833,"data":"  iter  9450/30000 [31.5%] | WM wm=23.63 rec=16.21 kl=6.71 rew=0.697 con=0.012 | AC act=-0.002 crit=2.169 pg=-0.002 H=0.29 | img ret=18.84 val=19.08 scale=88.23 p5=0.74 p95=88.50 rnd_c=0.003 rnd_l=0.002 | r/step=0.0102 | 1.3 ips ETA 4h25\r\n"}
,{"stream_name":"stdout","time":7443.509422293,"data":"  [health] WARN H_collapse: H=0.29\r\n"}
,{"stream_name":"stdout","time":7443.509436873,"data":"  [health] WARN RND_dominates: ratio=384.3\r\n"}
,{"stream_name":"stdout","time":7481.150940327,"data":"  iter  9500/30000 [31.7%] | WM wm=23.46 rec=15.76 kl=7.11 rew=0.577 con=0.009 | AC act=0.001 crit=2.090 pg=0.001 H=0.32 | img ret=31.56 val=31.39 scale=88.57 p5=0.64 p95=89.88 rnd_c=0.003 rnd_l=0.002 | r/step=0.0039 | 1.3 ips ETA 4h24\r\n"}
,{"stream_name":"stdout","time":7481.150973037,"data":"  [health] WARN RND_dominates: ratio=1168.1\r\n"}
,{"stream_name":"stdout","time":7519.056926019,"data":"  iter  9550/30000 [31.8%] | WM wm=20.67 rec=13.60 kl=6.45 rew=0.623 con=0.005 | AC act=0.001 crit=2.053 pg=0.001 H=0.25 | img ret=31.00 val=30.19 scale=86.04 p5=0.75 p95=86.86 rnd_c=0.003 rnd_l=0.002 | r/step=0.0054 | 1.3 ips ETA 4h24\r\n"}
,{"stream_name":"stdout","time":7519.056964329,"data":"  [health] WARN H_collapse: H=0.25\r\n"}
,{"stream_name":"stdout","time":7556.972438768,"data":"  iter  9600/30000 [32.0%] | WM wm=23.56 rec=15.42 kl=7.53 rew=0.607 con=0.001 | AC act=0.000 crit=2.548 pg=0.000 H=0.27 | img ret=21.73 val=21.54 scale=86.43 p5=0.72 p95=86.86 rnd_c=0.003 rnd_l=0.002 | r/step=0.0021 | 1.3 ips ETA 4h23\r\n"}
,{"stream_name":"stdout","time":7556.972479088,"data":"  [adaptive_rnd] ratio=25.70 \u003e 5.0 → rnd_coef 0.0029 → 0.0026\r\n"}
,{"stream_name":"stdout","time":7556.972486428,"data":"  [health] WARN H_collapse: H=0.27\r\n"}
,{"stream_name":"stdout","time":7556.972491228,"data":"  [health] WARN RND_dominates: ratio=8977.0\r\n"}
,{"stream_name":"stdout","time":7595.099995406,"data":"  iter  9650/30000 [32.2%] | WM wm=22.37 rec=14.30 kl=7.45 rew=0.616 con=0.006 | AC act=-0.001 crit=2.264 pg=-0.001 H=0.24 | img ret=26.96 val=26.73 scale=85.74 p5=0.78 p95=86.40 rnd_c=0.003 rnd_l=0.002 | r/step=0.0060 | 1.3 ips ETA 4h22\r\n"}
,{"stream_name":"stdout","time":7595.100026546,"data":"  [health] WARN H_collapse: H=0.24\r\n"}
,{"stream_name":"stdout","time":7595.100032336,"data":"  [health] WARN RND_dominates: ratio=1297.3\r\n"}
,{"stream_name":"stdout","time":7632.772453199,"data":"  iter  9700/30000 [32.3%] | WM wm=23.03 rec=15.58 kl=6.92 rew=0.531 con=0.008 | AC act=0.001 crit=2.244 pg=0.001 H=0.26 | img ret=30.72 val=30.30 scale=86.93 p5=0.83 p95=88.29 rnd_c=0.003 rnd_l=0.001 | r/step=-0.0008 | 1.3 ips ETA 4h22\r\n"}
,{"stream_name":"stdout","time":7632.772503989,"data":"  [health] WARN H_collapse: H=0.26\r\n"}
,{"stream_name":"stdout","time":7670.435069601,"data":"  iter  9750/30000 [32.5%] | WM wm=23.94 rec=16.63 kl=6.92 rew=0.379 con=0.005 | AC act=0.000 crit=2.255 pg=0.000 H=0.22 | img ret=33.75 val=33.25 scale=88.52 p5=0.76 p95=89.56 rnd_c=0.003 rnd_l=0.003 | r/step=0.0081 | 1.3 ips ETA 4h21\r\n"}
,{"stream_name":"stdout","time":7670.435101531,"data":"  [health] WARN H_collapse: H=0.22\r\n"}
,{"stream_name":"stdout","time":7670.435110411,"data":"  [health] WARN RND_dominates: ratio=827.1\r\n"}
,{"stream_name":"stdout","time":7670.435115411,"data":"  [health] WARN FATAL: H_collapse persistent (consec=5)\r\n"}
,{"stream_name":"stdout","time":7707.982799384,"data":"  iter  9800/30000 [32.7%] | WM wm=23.05 rec=16.11 kl=6.36 rew=0.567 con=0.006 | AC act=0.001 crit=2.275 pg=0.001 H=0.24 | img ret=23.62 val=23.13 scale=93.15 p5=0.65 p95=93.70 rnd_c=0.003 rnd_l=0.001 | r/step=0.0035 | 1.3 ips ETA 4h20\r\n"}
,{"stream_name":"stdout","time":7707.982850154,"data":"  [health] WARN H_collapse: H=0.24\r\n"}
,{"stream_name":"stdout","time":7707.982856224,"data":"  [health] WARN RND_dominates: ratio=1272.9\r\n"}
,{"stream_name":"stdout","time":7707.982861094,"data":"  [health] WARN FATAL: H_collapse persistent (consec=6)\r\n"}
,{"stream_name":"stdout","time":7745.746300157,"data":"  iter  9850/30000 [32.8%] | WM wm=19.24 rec=12.00 kl=6.63 rew=0.592 con=0.016 | AC act=0.000 crit=2.498 pg=0.000 H=0.35 | img ret=17.00 val=16.59 scale=87.32 p5=0.66 p95=87.68 rnd_c=0.003 rnd_l=0.002 | r/step=0.0065 | 1.3 ips ETA 4h20\r\n"}
,{"stream_name":"stdout","time":7745.746336597,"data":"  [health] WARN RND_dominates: ratio=537.1\r\n"}
,{"stream_name":"stdout","time":7783.456071554,"data":"  iter  9900/30000 [33.0%] | WM wm=18.98 rec=12.30 kl=6.02 rew=0.647 con=0.016 | AC act=0.001 crit=2.407 pg=0.001 H=0.35 | img ret=18.22 val=17.73 scale=88.33 p5=0.51 p95=88.39 rnd_c=0.003 rnd_l=0.002 | r/step=0.0037 | 1.3 ips ETA 4h19\r\n"}
,{"stream_name":"stdout","time":7783.456104444,"data":"  [health] WARN RND_dominates: ratio=1461.5\r\n"}
,{"stream_name":"stdout","time":7821.592756334,"data":"  iter  9950/30000 [33.2%] | WM wm=21.03 rec=14.30 kl=6.23 rew=0.500 con=0.006 | AC act=0.002 crit=2.418 pg=0.002 H=0.37 | img ret=18.64 val=18.22 scale=86.83 p5=0.58 p95=87.12 rnd_c=0.003 rnd_l=0.002 | r/step=0.0040 | 1.3 ips ETA 4h18\r\n"}
,{"stream_name":"stdout","time":7859.653690898,"data":"  iter 10000/30000 [33.3%] | WM wm=29.33 rec=20.48 kl=8.17 rew=0.667 con=0.004 | AC act=-0.000 crit=2.039 pg=-0.000 H=0.38 | img ret=27.10 val=27.17 scale=88.96 p5=0.44 p95=89.29 rnd_c=0.003 rnd_l=0.002 | r/step=0.0062 | 1.3 ips ETA 4h18\r\n"}
,{"stream_name":"stdout","time":7859.653723358,"data":"  [health] WARN RND_dominates: ratio=617.2\r\n"}
,{"stream_name":"stdout","time":7893.428040977,"data":"  \u003e\u003e\u003e EVAL @ iter 10000 : score=-0.10  length=162  achievements=0.80 ↓  sample=1.00  (best=1.90 @5000)  crafter_score=0.81% [1693 train eps]\r\n"}
,{"stream_name":"stdout","time":7893.428084087,"data":"      unlocked (2/22): wake_up=70%  collect_wood=10%\r\n"}
,{"stream_name":"stdout","time":7904.465462317,"data":"  Checkpoint saved : dreamer_crafter_jax_v36-tpu-75m-rnd_iter010000.npz\r\n"}
,{"stream_name":"stdout","time":7942.554032569,"data":"  iter 10050/30000 [33.5%] | WM wm=23.93 rec=16.53 kl=6.78 rew=0.611 con=0.003 | AC act=-0.000 crit=2.476 pg=-0.000 H=0.25 | img ret=24.17 val=24.26 scale=86.93 p5=0.55 p95=87.39 rnd_c=0.003 rnd_l=0.002 | r/step=0.0015 | 1.3 ips ETA 4h18\r\n"}
,{"stream_name":"stdout","time":7942.554071449,"data":"  [adaptive_rnd] ratio=9.41 \u003e 5.0 → rnd_coef 0.0026 → 0.0023\r\n"}
,{"stream_name":"stdout","time":7942.554076859,"data":"  [health] WARN H_collapse: H=0.25\r\n"}
,{"stream_name":"stdout","time":7942.554090079,"data":"  [health] WARN RND_dominates: ratio=3653.5\r\n"}
,{"stream_name":"stdout","time":7980.376902666,"data":"  iter 10100/30000 [33.7%] | WM wm=27.09 rec=18.05 kl=8.55 rew=0.476 con=0.008 | AC act=-0.001 crit=2.431 pg=-0.001 H=0.38 | img ret=17.67 val=17.50 scale=85.60 p5=0.87 p95=86.19 rnd_c=0.002 rnd_l=0.002 | r/step=0.0082 | 1.3 ips ETA 4h18\r\n"}
,{"stream_name":"stdout","time":7980.376940366,"data":"  [health] WARN RND_dominates: ratio=346.7\r\n"}
,{"stream_name":"stdout","time":8018.381037825,"data":"  iter 10150/30000 [33.8%] | WM wm=17.27 rec=11.04 kl=5.62 rew=0.608 con=0.003 | AC act=-0.001 crit=2.359 pg=-0.001 H=0.37 | img ret=23.85 val=23.53 scale=85.69 p5=0.74 p95=86.27 rnd_c=0.002 rnd_l=0.002 | r/step=0.0045 | 1.3 ips ETA 4h17\r\n"}
,{"stream_name":"stdout","time":8018.381069816,"data":"  [health] WARN RND_dominates: ratio=475.6\r\n"}
,{"stream_name":"stdout","time":8056.514540003,"data":"  iter 10200/30000 [34.0%] | WM wm=25.45 rec=17.12 kl=7.77 rew=0.548 con=0.004 | AC act=0.002 crit=2.232 pg=0.002 H=0.22 | img ret=36.25 val=35.41 scale=82.01 p5=0.68 p95=83.37 rnd_c=0.002 rnd_l=0.002 | r/step=0.0069 | 1.3 ips ETA 4h16\r\n"}
,{"stream_name":"stdout","time":8056.514574923,"data":"  [health] WARN H_collapse: H=0.22\r\n"}
,{"stream_name":"stdout","time":8056.514580763,"data":"  [health] WARN RND_dominates: ratio=289.4\r\n"}
,{"stream_name":"stdout","time":8056.514585613,"data":"  [health] WARN FATAL: RND_dominates persistent (consec=5)\r\n"}
,{"stream_name":"stdout","time":8094.735509562,"data":"  iter 10250/30000 [34.2%] | WM wm=23.28 rec=15.58 kl=7.15 rew=0.543 con=0.011 | AC act=0.000 crit=2.498 pg=0.000 H=0.33 | img ret=21.87 val=21.90 scale=79.99 p5=0.52 p95=80.52 rnd_c=0.002 rnd_l=0.002 | r/step=0.0079 | 1.3 ips ETA 4h16\r\n"}
,{"stream_name":"stdout","time":8094.735543891,"data":"  [health] WARN RND_dominates: ratio=341.1\r\n"}
,{"stream_name":"stdout","time":8094.735549962,"data":"  [health] WARN FATAL: RND_dominates persistent (consec=6)\r\n"}
,{"stream_name":"stdout","time":8132.753581339,"data":"  iter 10300/30000 [34.3%] | WM wm=26.11 rec=17.64 kl=7.93 rew=0.530 con=0.008 | AC act=0.002 crit=2.250 pg=0.002 H=0.24 | img ret=27.02 val=26.16 scale=84.35 p5=0.39 p95=84.55 rnd_c=0.002 rnd_l=0.002 | r/step=0.0055 | 1.3 ips ETA 4h15\r\n"}
,{"stream_name":"stdout","time":8132.753606639,"data":"  [health] WARN H_collapse: H=0.24\r\n"}
,{"stream_name":"stdout","time":8132.753612779,"data":"  [health] WARN RND_dominates: ratio=472.6\r\n"}
,{"stream_name":"stdout","time":8132.753617669,"data":"  [health] WARN FATAL: RND_dominates persistent (consec=7)\r\n"}
,{"stream_name":"stdout","time":8171.033694311,"data":"  iter 10350/30000 [34.5%] | WM wm=21.80 rec=15.88 kl=5.43 rew=0.478 con=0.006 | AC act=0.001 crit=2.453 pg=0.001 H=0.45 | img ret=23.95 val=23.62 scale=85.13 p5=0.56 p95=85.62 rnd_c=0.002 rnd_l=0.002 | r/step=0.0074 | 1.3 ips ETA 4h14\r\n"}
,{"stream_name":"stdout","time":8171.033727491,"data":"  [health] WARN RND_dominates: ratio=303.9\r\n"}
,{"stream_name":"stdout","time":8171.033733661,"data":"  [health] WARN FATAL: RND_dominates persistent (consec=8)\r\n"}
,{"stream_name":"stdout","time":8208.642554051,"data":"  iter 10400/30000 [34.7%] | WM wm=26.11 rec=18.01 kl=7.61 rew=0.490 con=0.005 | AC act=0.001 crit=2.470 pg=0.001 H=0.36 | img ret=18.55 val=17.98 scale=84.82 p5=0.45 p95=85.02 rnd_c=0.002 rnd_l=0.003 | r/step=-0.0011 | 1.3 ips ETA 4h14\r\n"}
,{"stream_name":"stdout","time":8246.419126144,"data":"  iter 10450/30000 [34.8%] | WM wm=20.26 rec=13.58 kl=6.14 rew=0.528 con=0.009 | AC act=-0.000 crit=2.317 pg=-0.000 H=0.31 | img ret=19.10 val=18.96 scale=82.59 p5=0.48 p95=82.76 rnd_c=0.002 rnd_l=0.001 | r/step=0.0044 | 1.3 ips ETA 4h13\r\n"}
,{"stream_name":"stdout","time":8246.419158404,"data":"  [health] WARN RND_dominates: ratio=911.4\r\n"}
,{"stream_name":"stdout","time":8284.291659667,"data":"  iter 10500/30000 [35.0%] | WM wm=19.77 rec=12.81 kl=6.38 rew=0.572 con=0.009 | AC act=-0.000 crit=2.196 pg=-0.000 H=0.36 | img ret=15.69 val=15.44 scale=87.17 p5=0.46 p95=87.55 rnd_c=0.002 rnd_l=0.002 | r/step=0.0021 | 1.3 ips ETA 4h12\r\n"}
,{"stream_name":"stdout","time":8322.188608946,"data":"  iter 10550/30000 [35.2%] | WM wm=23.12 rec=15.88 kl=6.62 rew=0.623 con=0.007 | AC act=-0.000 crit=2.257 pg=-0.000 H=0.36 | img ret=20.26 val=20.00 scale=87.08 p5=0.31 p95=87.13 rnd_c=0.002 rnd_l=0.001 | r/step=0.0108 | 1.3 ips ETA 4h12\r\n"}
,{"stream_name":"stdout","time":8322.188642786,"data":"  [health] WARN RND_dominates: ratio=245.4\r\n"}
,{"stream_name":"stdout","time":8360.15588286,"data":"  iter 10600/30000 [35.3%] | WM wm=19.22 rec=12.57 kl=6.13 rew=0.511 con=0.003 | AC act=-0.001 crit=2.314 pg=-0.000 H=0.26 | img ret=19.08 val=19.16 scale=84.70 p5=0.25 p95=84.79 rnd_c=0.002 rnd_l=0.002 | r/step=0.0081 | 1.3 ips ETA 4h11\r\n"}
,{"stream_name":"stdout","time":8360.15592492,"data":"  [health] WARN H_collapse: H=0.26\r\n"}
,{"stream_name":"stdout","time":8360.15593095,"data":"  [health] WARN RND_dominates: ratio=323.0\r\n"}
,{"stream_name":"stdout","time":8397.774564226,"data":"  iter 10650/30000 [35.5%] | WM wm=18.26 rec=12.12 kl=5.59 rew=0.544 con=0.010 | AC act=0.001 crit=2.310 pg=0.001 H=0.24 | img ret=30.42 val=29.72 scale=85.98 p5=0.28 p95=86.71 rnd_c=0.002 rnd_l=0.002 | r/step=0.0094 | 1.3 ips ETA 4h10\r\n"}
,{"stream_name":"stdout","time":8397.774595516,"data":"  [health] WARN H_collapse: H=0.24\r\n"}
,{"stream_name":"stdout","time":8397.774600356,"data":"  [health] WARN RND_dominates: ratio=272.3\r\n"}
,{"stream_name":"stdout","time":8436.128936644,"data":"  iter 10700/30000 [35.7%] | WM wm=22.32 rec=14.85 kl=7.03 rew=0.439 con=0.002 | AC act=0.001 crit=2.515 pg=0.001 H=0.31 | img ret=22.11 val=21.36 scale=81.16 p5=0.26 p95=81.26 rnd_c=0.002 rnd_l=0.002 | r/step=-0.0032 | 1.3 ips ETA 4h10\r\n"}
,{"stream_name":"stdout","time":8474.168074702,"data":"  iter 10750/30000 [35.8%] | WM wm=23.83 rec=16.02 kl=7.31 rew=0.500 con=0.001 | AC act=0.000 crit=2.418 pg=0.000 H=0.31 | img ret=19.60 val=19.15 scale=85.33 p5=0.22 p95=85.39 rnd_c=0.002 rnd_l=0.002 | r/step=0.0087 | 1.3 ips ETA 4h09\r\n"}
,{"stream_name":"stdout","time":8474.168107753,"data":"  [health] WARN RND_dominates: ratio=320.6\r\n"}
,{"stream_name":"stdout","time":8512.10956961,"data":"  iter 10800/30000 [36.0%] | WM wm=19.92 rec=13.44 kl=5.97 rew=0.514 con=0.001 | AC act=-0.000 crit=2.241 pg=0.000 H=0.40 | img ret=21.45 val=21.15 scale=84.73 p5=0.27 p95=84.85 rnd_c=0.002 rnd_l=0.001 | r/step=0.0055 | 1.3 ips ETA 4h08\r\n"}
,{"stream_name":"stdout","time":8512.10960354,"data":"  [health] WARN RND_dominates: ratio=275.0\r\n"}
,{"stream_name":"stdout","time":8549.504288163,"data":"  iter 10850/30000 [36.2%] | WM wm=21.92 rec=14.25 kl=7.20 rew=0.463 con=0.006 | AC act=0.001 crit=2.499 pg=0.002 H=0.46 | img ret=23.76 val=23.49 scale=80.05 p5=0.26 p95=80.32 rnd_c=0.002 rnd_l=0.001 | r/step=-0.0014 | 1.3 ips ETA 4h08\r\n"}
,{"stream_name":"stdout","time":8588.13434786,"data":"  iter 10900/30000 [36.3%] | WM wm=18.03 rec=12.03 kl=5.56 rew=0.435 con=0.002 | AC act=-0.001 crit=2.106 pg=-0.001 H=0.35 | img ret=28.17 val=28.12 scale=82.03 p5=0.22 p95=82.37 rnd_c=0.002 rnd_l=0.002 | r/step=0.0030 | 1.3 ips ETA 4h07\r\n"}
,{"stream_name":"stdout","time":8626.286840694,"data":"  iter 10950/30000 [36.5%] | WM wm=22.53 rec=15.05 kl=6.85 rew=0.618 con=0.004 | AC act=0.000 crit=2.620 pg=0.001 H=0.39 | img ret=14.77 val=14.22 scale=79.56 p5=0.29 p95=79.67 rnd_c=0.002 rnd_l=0.002 | r/step=0.0049 | 1.3 ips ETA 4h06\r\n"}
,{"stream_name":"stdout","time":8626.286879104,"data":"  [health] WARN RND_dominates: ratio=430.7\r\n"}
,{"stream_name":"stdout","time":8664.579553353,"data":"  iter 11000/30000 [36.7%] | WM wm=24.55 rec=15.74 kl=8.38 rew=0.421 con=0.008 | AC act=-0.001 crit=2.359 pg=-0.001 H=0.27 | img ret=25.34 val=25.36 scale=83.99 p5=0.19 p95=84.21 rnd_c=0.002 rnd_l=0.002 | r/step=0.0049 | 1.3 ips ETA 4h06\r\n"}
,{"stream_name":"stdout","time":8664.579598183,"data":"  [health] WARN H_collapse: H=0.27\r\n"}
,{"stream_name":"stdout","time":8664.579603143,"data":"  [health] WARN RND_dominates: ratio=433.9\r\n"}
,{"stream_name":"stdout","time":8702.348644959,"data":"  iter 11050/30000 [36.8%] | WM wm=23.66 rec=15.67 kl=7.52 rew=0.467 con=0.005 | AC act=-0.001 crit=2.649 pg=-0.001 H=0.46 | img ret=11.29 val=11.33 scale=79.97 p5=0.21 p95=79.75 rnd_c=0.002 rnd_l=0.001 | r/step=0.0046 | 1.3 ips ETA 4h05\r\n"}
,{"stream_name":"stdout","time":8702.348682629,"data":"  [health] WARN RND_dominates: ratio=357.7\r\n"}
,{"stream_name":"stdout","time":8740.477037066,"data":"  iter 11100/30000 [37.0%] | WM wm=22.13 rec=13.86 kl=7.69 rew=0.573 con=0.008 | AC act=0.002 crit=2.807 pg=0.002 H=0.37 | img ret=17.96 val=16.90 scale=79.51 p5=0.15 p95=79.57 rnd_c=0.002 rnd_l=0.002 | r/step=0.0019 | 1.3 ips ETA 4h04\r\n"}
,{"stream_name":"stdout","time":8740.477060026,"data":"  [health] WARN RND_dominates: ratio=1177.4\r\n"}
,{"stream_name":"stdout","time":8778.501079393,"data":"  iter 11150/30000 [37.2%] | WM wm=22.23 rec=15.10 kl=6.48 rew=0.647 con=0.005 | AC act=-0.001 crit=2.413 pg=-0.000 H=0.40 | img ret=20.44 val=20.62 scale=79.60 p5=0.24 p95=80.17 rnd_c=0.002 rnd_l=0.002 | r/step=0.0066 | 1.3 ips ETA 4h04\r\n"}
,{"stream_name":"stdout","time":8778.501115193,"data":"  [health] WARN RND_dominates: ratio=766.1\r\n"}
,{"stream_name":"stdout","time":8778.501121263,"data":"  [health] WARN FATAL: RND_dominates persistent (consec=5)\r\n"}
,{"stream_name":"stdout","time":8816.395328653,"data":"  iter 11200/30000 [37.3%] | WM wm=24.59 rec=15.92 kl=8.10 rew=0.562 con=0.009 | AC act=-0.001 crit=2.369 pg=-0.001 H=0.48 | img ret=16.95 val=16.98 scale=78.46 p5=0.17 p95=78.31 rnd_c=0.002 rnd_l=0.002 | r/step=0.0033 | 1.3 ips ETA 4h03\r\n"}
,{"stream_name":"stdout","time":8816.395371853,"data":"  [health] WARN RND_dominates: ratio=466.3\r\n"}
,{"stream_name":"stdout","time":8816.395377623,"data":"  [health] WARN FATAL: RND_dominates persistent (consec=6)\r\n"}
,{"stream_name":"stdout","time":8854.356845658,"data":"  iter 11250/30000 [37.5%] | WM wm=22.72 rec=14.49 kl=7.62 rew=0.610 con=0.002 | AC act=-0.001 crit=2.285 pg=-0.000 H=0.41 | img ret=27.51 val=27.27 scale=80.83 p5=0.19 p95=81.73 rnd_c=0.002 rnd_l=0.002 | r/step=0.0081 | 1.3 ips ETA 4h02\r\n"}
,{"stream_name":"stdout","time":8854.356887058,"data":"  [health] WARN RND_dominates: ratio=267.4\r\n"}
,{"stream_name":"stdout","time":8854.356893018,"data":"  [health] WARN FATAL: RND_dominates persistent (consec=7)\r\n"}
,{"stream_name":"stdout","time":8892.432957968,"data":"  iter 11300/30000 [37.7%] | WM wm=20.12 rec=12.76 kl=6.86 rew=0.485 con=0.017 | AC act=-0.000 crit=2.505 pg=-0.000 H=0.37 | img ret=20.58 val=20.27 scale=82.54 p5=0.19 p95=82.48 rnd_c=0.002 rnd_l=0.001 | r/step=0.0065 | 1.3 ips ETA 4h02\r\n"}
,{"stream_name":"stdout","time":8892.433004468,"data":"  [health] WARN RND_dominates: ratio=269.4\r\n"}
,{"stream_name":"stdout","time":8892.433012248,"data":"  [health] WARN FATAL: RND_dominates persistent (consec=8)\r\n"}
,{"stream_name":"stdout","time":8930.195419802,"data":"  iter 11350/30000 [37.8%] | WM wm=21.50 rec=14.73 kl=6.28 rew=0.487 con=0.004 | AC act=-0.001 crit=2.061 pg=-0.001 H=0.26 | img ret=25.79 val=25.75 scale=81.99 p5=0.15 p95=82.00 rnd_c=0.002 rnd_l=0.002 | r/step=0.0021 | 1.3 ips ETA 4h01\r\n"}
,{"stream_name":"stdout","time":8930.195472402,"data":"  [health] WARN H_collapse: H=0.26\r\n"}
,{"stream_name":"stdout","time":8930.195478953,"data":"  [health] WARN RND_dominates: ratio=764.8\r\n"}
,{"stream_name":"stdout","time":8930.195495342,"data":"  [health] WARN FATAL: RND_dominates persistent (consec=9)\r\n"}
,{"stream_name":"stdout","time":8968.118147801,"data":"  iter 11400/30000 [38.0%] | WM wm=21.44 rec=13.57 kl=7.24 rew=0.620 con=0.004 | AC act=-0.002 crit=2.544 pg=-0.002 H=0.42 | img ret=16.33 val=16.51 scale=78.42 p5=0.10 p95=78.46 rnd_c=0.002 rnd_l=0.002 | r/step=0.0087 | 1.3 ips ETA 4h00\r\n"}
,{"stream_name":"stdout","time":8968.118187601,"data":"  [health] WARN RND_dominates: ratio=758.9\r\n"}
,{"stream_name":"stdout","time":8968.118194011,"data":"  [health] WARN FATAL: RND_dominates persistent (consec=10)\r\n"}
,{"stream_name":"stdout","time":9005.814521892,"data":"  iter 11450/30000 [38.2%] | WM wm=22.86 rec=15.03 kl=7.33 rew=0.497 con=0.014 | AC act=0.002 crit=2.535 pg=0.002 H=0.59 | img ret=19.73 val=19.29 scale=79.43 p5=0.11 p95=79.69 rnd_c=0.002 rnd_l=0.002 | r/step=0.0009 | 1.3 ips ETA 4h00\r\n"}
,{"stream_name":"stdout","time":9005.814553432,"data":"  [adaptive_rnd] ratio=110.12 \u003e 5.0 → rnd_coef 0.0023 → 0.0021\r\n"}
,{"stream_name":"stdout","time":9005.814560212,"data":"  [health] WARN RND_dominates: ratio=47481.2\r\n"}
,{"stream_name":"stdout","time":9005.814564532,"data":"  [health] WARN FATAL: RND_dominates persistent (consec=11)\r\n"}
,{"stream_name":"stdout","time":9043.645970679,"data":"  iter 11500/30000 [38.3%] | WM wm=24.09 rec=15.94 kl=7.49 rew=0.660 con=0.010 | AC act=-0.001 crit=2.297 pg=-0.001 H=0.32 | img ret=18.05 val=17.98 scale=89.60 p5=0.14 p95=89.26 rnd_c=0.002 rnd_l=0.002 | r/step=0.0063 | 1.3 ips ETA 3h59\r\n"}
,{"stream_name":"stdout","time":9043.646014699,"data":"  [health] WARN RND_dominates: ratio=864.6\r\n"}
,{"stream_name":"stdout","time":9043.646020329,"data":"  [health] WARN FATAL: RND_dominates persistent (consec=12)\r\n"}
,{"stream_name":"stdout","time":9081.73803834,"data":"  iter 11550/30000 [38.5%] | WM wm=28.16 rec=18.92 kl=8.78 rew=0.457 con=0.005 | AC act=0.000 crit=2.024 pg=0.000 H=0.35 | img ret=35.35 val=34.79 scale=86.16 p5=0.10 p95=86.40 rnd_c=0.002 rnd_l=0.001 | r/step=0.0048 | 1.3 ips ETA 3h58\r\n"}
,{"stream_name":"stdout","time":9081.73807728,"data":"  [health] WARN RND_dominates: ratio=472.7\r\n"}
,{"stream_name":"stdout","time":9081.73808318,"data":"  [health] WARN FATAL: RND_dominates persistent (consec=13)\r\n"}
,{"stream_name":"stdout","time":9119.298629765,"data":"  iter 11600/30000 [38.7%] | WM wm=20.68 rec=13.63 kl=6.53 rew=0.507 con=0.012 | AC act=-0.000 crit=2.295 pg=-0.000 H=0.39 | img ret=19.58 val=19.34 scale=81.34 p5=0.10 p95=81.34 rnd_c=0.002 rnd_l=0.002 | r/step=0.0065 | 1.3 ips ETA 3h57\r\n"}
,{"stream_name":"stdout","time":9119.298665814,"data":"  [health] WARN RND_dominates: ratio=350.5\r\n"}
,{"stream_name":"stdout","time":9119.298671854,"data":"  [health] WARN FATAL: RND_dominates persistent (consec=14)\r\n"}
,{"stream_name":"stdout","time":9157.396800664,"data":"  iter 11650/30000 [38.8%] | WM wm=23.33 rec=14.73 kl=8.07 rew=0.513 con=0.006 | AC act=-0.002 crit=2.481 pg=-0.001 H=0.45 | img ret=22.58 val=22.33 scale=81.24 p5=0.08 p95=81.40 rnd_c=0.002 rnd_l=0.002 | r/step=0.0049 | 1.3 ips ETA 3h57\r\n"}
,{"stream_name":"stdout","time":9157.396837004,"data":"  [health] WARN RND_dominates: ratio=488.1\r\n"}
,{"stream_name":"stdout","time":9157.396842954,"data":"  [health] WARN FATAL: RND_dominates persistent (consec=15)\r\n"}
,{"stream_name":"stdout","time":9195.139578731,"data":"  iter 11700/30000 [39.0%] | WM wm=18.12 rec=11.62 kl=6.14 rew=0.348 con=0.009 | AC act=0.000 crit=2.550 pg=0.000 H=0.51 | img ret=14.40 val=14.14 scale=78.77 p5=0.09 p95=78.76 rnd_c=0.002 rnd_l=0.002 | r/step=0.0073 | 1.3 ips ETA 3h56\r\n"}
,{"stream_name":"stdout","time":9195.139615561,"data":"  [health] WARN RND_dominates: ratio=238.5\r\n"}
,{"stream_name":"stdout","time":9195.139621851,"data":"  [health] WARN FATAL: RND_dominates persistent (consec=16)\r\n"}
,{"stream_name":"stdout","time":9233.507435845,"data":"  iter 11750/30000 [39.2%] | WM wm=20.73 rec=13.45 kl=6.86 rew=0.408 con=0.012 | AC act=0.005 crit=2.463 pg=0.005 H=0.40 | img ret=31.87 val=30.81 scale=81.27 p5=0.06 p95=81.36 rnd_c=0.002 rnd_l=0.002 | r/step=0.0052 | 1.3 ips ETA 3h56\r\n"}
,{"stream_name":"stdout","time":9233.507466425,"data":"  [health] WARN RND_dominates: ratio=625.4\r\n"}
,{"stream_name":"stdout","time":9233.507472285,"data":"  [health] WARN FATAL: RND_dominates persistent (consec=17)\r\n"}
,{"stream_name":"stdout","time":9271.245944801,"data":"  iter 11800/30000 [39.3%] | WM wm=25.63 rec=17.09 kl=7.99 rew=0.545 con=0.007 | AC act=-0.001 crit=2.544 pg=-0.001 H=0.37 | img ret=19.94 val=19.98 scale=78.01 p5=0.08 p95=78.05 rnd_c=0.002 rnd_l=0.002 | r/step=0.0050 | 1.3 ips ETA 3h55\r\n"}
,{"stream_name":"stdout","time":9271.246006781,"data":"  [health] WARN RND_dominates: ratio=413.3\r\n"}
,{"stream_name":"stdout","time":9271.246016121,"data":"  [health] WARN FATAL: RND_dominates persistent (consec=18)\r\n"}
,{"stream_name":"stdout","time":9309.461661952,"data":"  iter 11850/30000 [39.5%] | WM wm=19.75 rec=12.87 kl=6.25 rew=0.619 con=0.008 | AC act=-0.001 crit=2.372 pg=-0.001 H=0.49 | img ret=15.15 val=14.99 scale=79.28 p5=0.03 p95=79.16 rnd_c=0.002 rnd_l=0.002 | r/step=0.0021 | 1.3 ips ETA 3h54\r\n"}
,{"stream_name":"stdout","time":9309.461695182,"data":"  [adaptive_rnd] ratio=7.82 \u003e 5.0 → rnd_coef 0.0021 → 0.0019\r\n"}
,{"stream_name":"stdout","time":9309.461702152,"data":"  [health] WARN RND_dominates: ratio=3745.9\r\n"}
,{"stream_name":"stdout","time":9309.461707192,"data":"  [health] WARN FATAL: RND_dominates persistent (consec=19)\r\n"}
,{"stream_name":"stdout","time":9346.930652655,"data":"  iter 11900/30000 [39.7%] | WM wm=23.15 rec=15.31 kl=7.39 rew=0.445 con=0.004 | AC act=0.001 crit=2.367 pg=0.001 H=0.44 | img ret=17.65 val=17.36 scale=80.31 p5=0.05 p95=80.22 rnd_c=0.002 rnd_l=0.002 | r/step=0.0073 | 1.3 ips ETA 3h53\r\n"}
,{"stream_name":"stdout","time":9346.930695395,"data":"  [health] WARN RND_dominates: ratio=337.0\r\n"}
,{"stream_name":"stdout","time":9346.930701525,"data":"  [health] WARN FATAL: RND_dominates persistent (consec=20)\r\n"}
,{"stream_name":"stdout","time":9384.696819214,"data":"  iter 11950/30000 [39.8%] | WM wm=24.03 rec=15.42 kl=7.98 rew=0.609 con=0.027 | AC act=0.000 crit=2.221 pg=0.001 H=0.38 | img ret=22.41 val=22.03 scale=77.55 p5=0.03 p95=77.50 rnd_c=0.002 rnd_l=0.002 | r/step=0.0051 | 1.3 ips ETA 3h53\r\n"}
,{"stream_name":"stdout","time":9384.696851123,"data":"  [health] WARN RND_dominates: ratio=481.7\r\n"}
,{"stream_name":"stdout","time":9384.696857134,"data":"  [health] WARN FATAL: RND_dominates persistent (consec=21)\r\n"}
,{"stream_name":"stdout","time":9422.77810711,"data":"  iter 12000/30000 [40.0%] | WM wm=19.06 rec=12.39 kl=6.25 rew=0.407 con=0.008 | AC act=0.001 crit=2.406 pg=0.002 H=0.54 | img ret=12.54 val=12.33 scale=75.28 p5=-0.00 p95=74.91 rnd_c=0.002 rnd_l=0.001 | r/step=0.0130 | 1.3 ips ETA 3h52\r\n"}
,{"stream_name":"stdout","time":9422.778136581,"data":"  [health] WARN RND_dominates: ratio=175.4\r\n"}
,{"stream_name":"stdout","time":9422.778141381,"data":"  [health] WARN FATAL: RND_dominates persistent (consec=22)\r\n"}
,{"stream_name":"stdout","time":9460.934574239,"data":"  iter 12050/30000 [40.2%] | WM wm=27.66 rec=18.31 kl=8.91 rew=0.430 con=0.008 | AC act=-0.000 crit=2.448 pg=0.000 H=0.67 | img ret=6.64 val=6.52 scale=75.34 p5=-0.01 p95=74.78 rnd_c=0.002 rnd_l=0.002 | r/step=0.0019 | 1.3 ips ETA 3h51\r\n"}
,{"stream_name":"stdout","time":9460.934588749,"data":"  [health] WARN RND_dominates: ratio=592.8\r\n"}
,{"stream_name":"stdout","time":9460.934592599,"data":"  [health] WARN FATAL: RND_dominates persistent (consec=23)\r\n"}
,{"stream_name":"stdout","time":9498.51028705,"data":"  iter 12100/30000 [40.3%] | WM wm=21.97 rec=14.21 kl=7.34 rew=0.425 con=0.005 | AC act=0.000 crit=2.915 pg=0.001 H=0.70 | img ret=10.84 val=10.63 scale=76.57 p5=-0.04 p95=76.11 rnd_c=0.002 rnd_l=0.002 | r/step=0.0075 | 1.3 ips ETA 3h51\r\n"}
,{"stream_name":"stdout","time":9498.51032132,"data":"  [health] WARN RND_dominates: ratio=386.2\r\n"}
,{"stream_name":"stdout","time":9498.51032774,"data":"  [health] WARN FATAL: RND_dominates persistent (consec=24)\r\n"}
,{"stream_name":"stdout","time":9536.301010733,"data":"  iter 12150/30000 [40.5%] | WM wm=23.23 rec=15.44 kl=7.34 rew=0.441 con=0.005 | AC act=0.001 crit=2.347 pg=0.001 H=0.45 | img ret=16.21 val=15.52 scale=76.51 p5=-0.03 p95=76.45 rnd_c=0.002 rnd_l=0.001 | r/step=0.0097 | 1.3 ips ETA 3h50\r\n"}
,{"stream_name":"stdout","time":9536.301053243,"data":"  [health] WARN RND_dominates: ratio=210.2\r\n"}
,{"stream_name":"stdout","time":9536.301058403,"data":"  [health] WARN FATAL: RND_dominates persistent (consec=25)\r\n"}
,{"stream_name":"stdout","time":9574.060820378,"data":"  iter 12200/30000 [40.7%] | WM wm=30.49 rec=20.80 kl=9.24 rew=0.458 con=0.002 | AC act=-0.001 crit=2.270 pg=-0.001 H=0.36 | img ret=21.03 val=20.90 scale=76.16 p5=-0.03 p95=76.39 rnd_c=0.002 rnd_l=0.001 | r/step=0.0075 | 1.3 ips ETA 3h49\r\n"}
,{"stream_name":"stdout","time":9574.060854768,"data":"  [health] WARN RND_dominates: ratio=294.0\r\n"}
,{"stream_name":"stdout","time":9574.060860198,"data":"  [health] WARN FATAL: RND_dominates persistent (consec=26)\r\n"}
,{"stream_name":"stdout","time":9611.956890436,"data":"  iter 12250/30000 [40.8%] | WM wm=22.52 rec=15.71 kl=6.34 rew=0.464 con=0.007 | AC act=0.000 crit=2.371 pg=0.000 H=0.51 | img ret=19.25 val=19.00 scale=77.06 p5=-0.03 p95=76.91 rnd_c=0.002 rnd_l=0.001 | r/step=0.0055 | 1.3 ips ETA 3h49\r\n"}
,{"stream_name":"stdout","time":9611.956924116,"data":"  [health] WARN RND_dominates: ratio=329.3\r\n"}
,{"stream_name":"stdout","time":9611.956930206,"data":"  [health] WARN FATAL: RND_dominates persistent (consec=27)\r\n"}
,{"stream_name":"stdout","time":9650.18339664,"data":"  iter 12300/30000 [41.0%] | WM wm=18.17 rec=11.27 kl=6.40 rew=0.505 con=0.003 | AC act=-0.000 crit=2.656 pg=-0.000 H=0.45 | img ret=15.49 val=15.26 scale=80.77 p5=-0.02 p95=80.54 rnd_c=0.002 rnd_l=0.001 | r/step=0.0055 | 1.3 ips ETA 3h48\r\n"}
,{"stream_name":"stdout","time":9650.18342706,"data":"  [health] WARN RND_dominates: ratio=304.8\r\n"}
,{"stream_name":"stdout","time":9650.18343263,"data":"  [health] WARN FATAL: RND_dominates persistent (consec=28)\r\n"}
,{"stream_name":"stdout","time":9687.969550564,"data":"  iter 12350/30000 [41.2%] | WM wm=20.36 rec=14.09 kl=5.74 rew=0.526 con=0.002 | AC act=0.001 crit=2.115 pg=0.001 H=0.48 | img ret=20.77 val=20.33 scale=76.53 p5=-0.05 p95=77.04 rnd_c=0.002 rnd_l=0.001 | r/step=0.0008 | 1.3 ips ETA 3h47\r\n"}
,{"stream_name":"stdout","time":9687.969580334,"data":"  [health] WARN RND_dominates: ratio=414.4\r\n"}
,{"stream_name":"stdout","time":9687.969585214,"data":"  [health] WARN FATAL: RND_dominates persistent (consec=29)\r\n"}
,{"stream_name":"stdout","time":9726.213356609,"data":"  iter 12400/30000 [41.3%] | WM wm=23.79 rec=14.88 kl=8.43 rew=0.480 con=0.001 | AC act=0.001 crit=2.510 pg=0.001 H=0.45 | img ret=11.71 val=11.37 scale=77.28 p5=-0.03 p95=76.86 rnd_c=0.002 rnd_l=0.001 | r/step=0.0080 | 1.3 ips ETA 3h47\r\n"}
,{"stream_name":"stdout","time":9726.213391179,"data":"  [health] WARN RND_dominates: ratio=261.7\r\n"}
,{"stream_name":"stdout","time":9726.213397159,"data":"  [health] WARN FATAL: RND_dominates persistent (consec=30)\r\n"}
,{"stream_name":"stdout","time":9764.028825042,"data":"  iter 12450/30000 [41.5%] | WM wm=25.43 rec=16.78 kl=8.13 rew=0.514 con=0.010 | AC act=0.002 crit=2.296 pg=0.002 H=0.71 | img ret=18.90 val=18.45 scale=77.42 p5=-0.01 p95=77.68 rnd_c=0.002 rnd_l=0.001 | r/step=0.0039 | 1.3 ips ETA 3h46\r\n"}
,{"stream_name":"stdout","time":9764.028881312,"data":"  [health] WARN RND_dominates: ratio=191.1\r\n"}
,{"stream_name":"stdout","time":9764.028885772,"data":"  [health] WARN FATAL: RND_dominates persistent (consec=31)\r\n"}
,{"stream_name":"stdout","time":9801.647143604,"data":"  iter 12500/30000 [41.7%] | WM wm=18.46 rec=11.98 kl=6.04 rew=0.429 con=0.005 | AC act=0.003 crit=2.504 pg=0.003 H=0.46 | img ret=23.69 val=22.78 scale=81.69 p5=-0.01 p95=81.77 rnd_c=0.002 rnd_l=0.001 | r/step=0.0060 | 1.3 ips ETA 3h45\r\n"}
,{"stream_name":"stdout","time":9801.647183024,"data":"  [health] WARN RND_dominates: ratio=159.2\r\n"}
,{"stream_name":"stdout","time":9801.647189064,"data":"  [health] WARN FATAL: RND_dominates persistent (consec=32)\r\n"}
,{"stream_name":"stdout","time":9840.863405832,"data":"  \u003e\u003e\u003e EVAL @ iter 12500 : score=0.70  length=196  achievements=1.60 ↑  sample=2.00  (best=1.90 @5000)  crafter_score=0.86% [2122 train eps]\r\n"}
,{"stream_name":"stdout","time":9840.863453192,"data":"      unlocked (4/22): wake_up=80%  collect_wood=40%  collect_drink=30%  collect_sapling=10%\r\n"}
,{"stream_name":"stdout","time":9851.854564869,"data":"  Checkpoint saved : dreamer_crafter_jax_v36-tpu-75m-rnd_iter012500.npz\r\n"}
,{"stream_name":"stdout","time":9889.748934635,"data":"  iter 12550/30000 [41.8%] | WM wm=22.42 rec=14.30 kl=7.70 rew=0.413 con=0.005 | AC act=0.001 crit=2.763 pg=0.001 H=0.58 | img ret=21.46 val=20.51 scale=79.41 p5=-0.04 p95=79.37 rnd_c=0.002 rnd_l=0.001 | r/step=0.0010 | 1.3 ips ETA 3h46\r\n"}
,{"stream_name":"stdout","time":9889.748965595,"data":"  [health] WARN RND_dominates: ratio=281.6\r\n"}
,{"stream_name":"stdout","time":9889.748971565,"data":"  [health] WARN FATAL: RND_dominates persistent (consec=33)\r\n"}
,{"stream_name":"stdout","time":9928.285084518,"data":"  iter 12600/30000 [42.0%] | WM wm=20.11 rec=13.09 kl=6.54 rew=0.474 con=0.002 | AC act=0.000 crit=2.551 pg=0.000 H=0.66 | img ret=12.65 val=12.52 scale=76.76 p5=-0.01 p95=76.56 rnd_c=0.002 rnd_l=0.001 | r/step=0.0033 | 1.3 ips ETA 3h45\r\n"}
,{"stream_name":"stdout","time":9928.285118688,"data":"  [health] WARN RND_dominates: ratio=267.3\r\n"}
,{"stream_name":"stdout","time":9928.285124758,"data":"  [health] WARN FATAL: RND_dominates persistent (consec=34)\r\n"}
,{"stream_name":"stdout","time":9965.673577232,"data":"  iter 12650/30000 [42.2%] | WM wm=20.69 rec=13.05 kl=7.15 rew=0.489 con=0.006 | AC act=0.000 crit=2.432 pg=0.000 H=0.68 | img ret=18.65 val=18.55 scale=78.20 p5=0.00 p95=78.13 rnd_c=0.002 rnd_l=0.001 | r/step=0.0023 | 1.3 ips ETA 3h45\r\n"}
,{"stream_name":"stdout","time":9965.673628342,"data":"  [health] WARN RND_dominates: ratio=459.5\r\n"}
,{"stream_name":"stdout","time":9965.673634392,"data":"  [health] WARN FATAL: RND_dominates persistent (consec=35)\r\n"}
,{"stream_name":"stdout","time":10003.747919469,"data":"  iter 12700/30000 [42.3%] | WM wm=21.40 rec=13.70 kl=7.17 rew=0.518 con=0.003 | AC act=0.000 crit=2.600 pg=0.001 H=0.59 | img ret=16.37 val=15.88 scale=78.30 p5=-0.01 p95=78.17 rnd_c=0.002 rnd_l=0.001 | r/step=0.0067 | 1.3 ips ETA 3h44\r\n"}
,{"stream_name":"stdout","time":10003.747958799,"data":"  [health] WARN RND_dominates: ratio=322.9\r\n"}
,{"stream_name":"stdout","time":10003.747966269,"data":"  [health] WARN FATAL: RND_dominates persistent (consec=36)\r\n"}
,{"stream_name":"stdout","time":10041.302022108,"data":"  iter 12750/30000 [42.5%] | WM wm=22.84 rec=14.88 kl=7.41 rew=0.548 con=0.005 | AC act=0.001 crit=2.236 pg=0.001 H=0.43 | img ret=18.70 val=18.11 scale=76.00 p5=0.02 p95=76.13 rnd_c=0.002 rnd_l=0.001 | r/step=0.0035 | 1.3 ips ETA 3h43\r\n"}
,{"stream_name":"stdout","time":10041.302053098,"data":"  [health] WARN RND_dominates: ratio=354.8\r\n"}
,{"stream_name":"stdout","time":10041.302057878,"data":"  [health] WARN FATAL: RND_dominates persistent (consec=37)\r\n"}
,{"stream_name":"stdout","time":10079.196401815,"data":"  iter 12800/30000 [42.7%] | WM wm=20.61 rec=13.12 kl=7.00 rew=0.482 con=0.005 | AC act=0.001 crit=2.362 pg=0.002 H=0.65 | img ret=16.40 val=15.55 scale=75.05 p5=-0.02 p95=75.21 rnd_c=0.002 rnd_l=0.002 | r/step=0.0097 | 1.3 ips ETA 3h43\r\n"}
,{"stream_name":"stdout","time":10079.196434935,"data":"  [health] WARN RND_dominates: ratio=169.5\r\n"}
,{"stream_name":"stdout","time":10079.196439955,"data":"  [health] WARN FATAL: RND_dominates persistent (consec=38)\r\n"}
,{"stream_name":"stdout","time":10116.684008952,"data":"  iter 12850/30000 [42.8%] | WM wm=24.95 rec=15.60 kl=9.00 rew=0.342 con=0.007 | AC act=-0.001 crit=2.389 pg=-0.001 H=0.51 | img ret=24.54 val=24.21 scale=72.49 p5=-0.00 p95=73.40 rnd_c=0.002 rnd_l=0.001 | r/step=0.0059 | 1.3 ips ETA 3h42\r\n"}
,{"stream_name":"stdout","time":10116.684047152,"data":"  [health] WARN RND_dominates: ratio=254.8\r\n"}
,{"stream_name":"stdout","time":10116.684053132,"data":"  [health] WARN FATAL: RND_dominates persistent (consec=39)\r\n"}
,{"stream_name":"stdout","time":10154.395193254,"data":"  iter 12900/30000 [43.0%] | WM wm=16.98 rec=10.43 kl=6.05 rew=0.489 con=0.001 | AC act=0.001 crit=2.299 pg=0.001 H=0.49 | img ret=24.11 val=23.84 scale=71.27 p5=-0.04 p95=71.68 rnd_c=0.002 rnd_l=0.002 | r/step=0.0063 | 1.3 ips ETA 3h41\r\n"}
,{"stream_name":"stdout","time":10154.395239634,"data":"  [health] WARN RND_dominates: ratio=282.7\r\n"}
,{"stream_name":"stdout","time":10154.395244454,"data":"  [health] WARN FATAL: RND_dominates persistent (consec=40)\r\n"}
,{"stream_name":"stdout","time":10192.715811079,"data":"  iter 12950/30000 [43.2%] | WM wm=22.17 rec=14.70 kl=7.01 rew=0.450 con=0.007 | AC act=0.000 crit=2.156 pg=0.000 H=0.49 | img ret=15.63 val=15.48 scale=73.59 p5=-0.03 p95=73.26 rnd_c=0.002 rnd_l=0.001 | r/step=-0.0050 | 1.3 ips ETA 3h41\r\n"}
,{"stream_name":"stdout","time":10230.587414837,"data":"  iter 13000/30000 [43.3%] | WM wm=22.30 rec=14.87 kl=7.02 rew=0.407 con=0.004 | AC act=-0.002 crit=2.512 pg=-0.002 H=0.88 | img ret=5.51 val=5.55 scale=74.60 p5=-0.04 p95=74.03 rnd_c=0.002 rnd_l=0.002 | r/step=0.0108 | 1.3 ips ETA 3h40\r\n"}
,{"stream_name":"stdout","time":10230.587448677,"data":"  [health] WARN RND_dominates: ratio=286.1\r\n"}
,{"stream_name":"stdout","time":10268.710964558,"data":"  iter 13050/30000 [43.5%] | WM wm=18.18 rec=11.84 kl=5.85 rew=0.482 con=0.005 | AC act=-0.001 crit=2.524 pg=-0.000 H=0.56 | img ret=14.26 val=14.27 scale=73.67 p5=-0.06 p95=73.69 rnd_c=0.002 rnd_l=0.001 | r/step=-0.0035 | 1.3 ips ETA 3h39\r\n"}
,{"stream_name":"stdout","time":10306.146171609,"data":"  iter 13100/30000 [43.7%] | WM wm=20.70 rec=12.88 kl=7.31 rew=0.501 con=0.007 | AC act=-0.002 crit=2.691 pg=-0.002 H=0.45 | img ret=13.60 val=13.63 scale=68.91 p5=-0.09 p95=68.49 rnd_c=0.002 rnd_l=0.001 | r/step=0.0102 | 1.3 ips ETA 3h39\r\n"}
,{"stream_name":"stdout","time":10306.146204059,"data":"  [health] WARN RND_dominates: ratio=317.0\r\n"}
,{"stream_name":"stdout","time":10344.340971539,"data":"  iter 13150/30000 [43.8%] | WM wm=20.87 rec=12.44 kl=8.02 rew=0.403 con=0.004 | AC act=0.000 crit=2.374 pg=0.001 H=0.51 | img ret=11.33 val=11.12 scale=71.06 p5=-0.04 p95=70.86 rnd_c=0.002 rnd_l=0.002 | r/step=0.0028 | 1.3 ips ETA 3h38\r\n"}
,{"stream_name":"stdout","time":10344.341029579,"data":"  [health] WARN RND_dominates: ratio=437.8\r\n"}
,{"stream_name":"stdout","time":10381.969132578,"data":"  iter 13200/30000 [44.0%] | WM wm=18.66 rec=12.90 kl=5.32 rew=0.442 con=0.004 | AC act=0.000 crit=2.163 pg=0.000 H=0.43 | img ret=21.70 val=21.44 scale=74.07 p5=-0.02 p95=74.16 rnd_c=0.002 rnd_l=0.001 | r/step=0.0002 | 1.3 ips ETA 3h37\r\n"}
,{"stream_name":"stdout","time":10381.969162968,"data":"  [health] WARN RND_dominates: ratio=539.0\r\n"}
,{"stream_name":"stdout","time":10419.997885218,"data":"  iter 13250/30000 [44.2%] | WM wm=22.99 rec=15.08 kl=7.46 rew=0.441 con=0.009 | AC act=-0.000 crit=2.665 pg=-0.000 H=0.47 | img ret=21.97 val=21.57 scale=71.81 p5=-0.04 p95=71.91 rnd_c=0.002 rnd_l=0.002 | r/step=0.0078 | 1.3 ips ETA 3h37\r\n"}
,{"stream_name":"stdout","time":10419.997916568,"data":"  [health] WARN RND_dominates: ratio=314.5\r\n"}
,{"stream_name":"stdout","time":10457.586872841,"data":"  iter 13300/30000 [44.3%] | WM wm=24.95 rec=16.08 kl=8.20 rew=0.666 con=0.009 | AC act=-0.001 crit=2.470 pg=-0.000 H=0.53 | img ret=12.10 val=12.15 scale=71.84 p5=-0.05 p95=71.67 rnd_c=0.002 rnd_l=0.001 | r/step=0.0054 | 1.3 ips ETA 3h36\r\n"}
,{"stream_name":"stdout","time":10457.586920641,"data":"  [health] WARN RND_dominates: ratio=219.6\r\n"}
,{"stream_name":"stdout","time":10457.586926991,"data":"  [health] WARN FATAL: RND_dominates persistent (consec=5)\r\n"}
,{"stream_name":"stdout","time":10495.28164938,"data":"  iter 13350/30000 [44.5%] | WM wm=23.09 rec=14.71 kl=7.99 rew=0.384 con=0.005 | AC act=-0.002 crit=2.604 pg=-0.002 H=0.81 | img ret=19.24 val=19.06 scale=75.70 p5=-0.04 p95=75.74 rnd_c=0.002 rnd_l=0.001 | r/step=0.0061 | 1.3 ips ETA 3h35\r\n"}
,{"stream_name":"stdout","time":10495.281692491,"data":"  [health] WARN RND_dominates: ratio=308.0\r\n"}
,{"stream_name":"stdout","time":10495.281699531,"data":"  [health] WARN FATAL: RND_dominates persistent (consec=6)\r\n"}
,{"stream_name":"stdout","time":10532.896339902,"data":"  iter 13400/30000 [44.7%] | WM wm=22.06 rec=14.33 kl=7.23 rew=0.505 con=0.002 | AC act=0.002 crit=2.684 pg=0.002 H=0.90 | img ret=14.09 val=13.64 scale=74.99 p5=-0.06 p95=75.40 rnd_c=0.002 rnd_l=0.001 | r/step=0.0061 | 1.3 ips ETA 3h35\r\n"}
,{"stream_name":"stdout","time":10532.896373452,"data":"  [health] WARN RND_dominates: ratio=266.8\r\n"}
,{"stream_name":"stdout","time":10532.896380402,"data":"  [health] WARN FATAL: RND_dominates persistent (consec=7)\r\n"}
,{"stream_name":"stdout","time":10570.645232857,"data":"  iter 13450/30000 [44.8%] | WM wm=20.78 rec=12.37 kl=8.01 rew=0.396 con=0.004 | AC act=-0.001 crit=2.299 pg=-0.001 H=0.51 | img ret=23.09 val=23.03 scale=74.66 p5=-0.09 p95=74.59 rnd_c=0.002 rnd_l=0.002 | r/step=0.0093 | 1.3 ips ETA 3h34\r\n"}
,{"stream_name":"stdout","time":10570.645270707,"data":"  [health] WARN RND_dominates: ratio=172.2\r\n"}
,{"stream_name":"stdout","time":10570.645276047,"data":"  [health] WARN FATAL: RND_dominates persistent (consec=8)\r\n"}
,{"stream_name":"stdout","time":10608.441279407,"data":"  iter 13500/30000 [45.0%] | WM wm=23.76 rec=14.89 kl=8.32 rew=0.547 con=0.006 | AC act=0.000 crit=2.508 pg=0.000 H=0.56 | img ret=10.21 val=9.95 scale=75.25 p5=-0.07 p95=74.78 rnd_c=0.002 rnd_l=0.001 | r/step=0.0038 | 1.3 ips ETA 3h33\r\n"}
,{"stream_name":"stdout","time":10608.441321878,"data":"  [health] WARN RND_dominates: ratio=294.1\r\n"}
,{"stream_name":"stdout","time":10608.441327967,"data":"  [health] WARN FATAL: RND_dominates persistent (consec=9)\r\n"}
,{"stream_name":"stdout","time":10646.042336215,"data":"  iter 13550/30000 [45.2%] | WM wm=19.16 rec=11.88 kl=6.91 rew=0.365 con=0.005 | AC act=-0.000 crit=2.379 pg=0.000 H=0.67 | img ret=9.41 val=9.23 scale=72.18 p5=-0.05 p95=71.85 rnd_c=0.002 rnd_l=0.002 | r/step=0.0058 | 1.3 ips ETA 3h33\r\n"}
,{"stream_name":"stdout","time":10646.042367005,"data":"  [health] WARN RND_dominates: ratio=197.6\r\n"}
,{"stream_name":"stdout","time":10646.042373025,"data":"  [health] WARN FATAL: RND_dominates persistent (consec=10)\r\n"}
,{"stream_name":"stdout","time":10683.726872989,"data":"  iter 13600/30000 [45.3%] | WM wm=24.65 rec=16.62 kl=7.63 rew=0.395 con=0.001 | AC act=-0.000 crit=2.541 pg=0.000 H=0.65 | img ret=10.33 val=10.10 scale=72.50 p5=-0.07 p95=72.36 rnd_c=0.002 rnd_l=0.002 | r/step=0.0024 | 1.3 ips ETA 3h32\r\n"}
,{"stream_name":"stdout","time":10683.7269041,"data":"  [health] WARN RND_dominates: ratio=527.4\r\n"}
,{"stream_name":"stdout","time":10683.726919989,"data":"  [health] WARN FATAL: RND_dominates persistent (consec=11)\r\n"}
,{"stream_name":"stdout","time":10721.490699326,"data":"  iter 13650/30000 [45.5%] | WM wm=22.16 rec=14.56 kl=7.11 rew=0.482 con=0.008 | AC act=0.000 crit=2.497 pg=0.000 H=0.67 | img ret=17.34 val=17.01 scale=73.18 p5=-0.09 p95=73.14 rnd_c=0.002 rnd_l=0.002 | r/step=0.0106 | 1.3 ips ETA 3h31\r\n"}
,{"stream_name":"stdout","time":10721.490735596,"data":"  [health] WARN RND_dominates: ratio=158.0\r\n"}
,{"stream_name":"stdout","time":10721.490741936,"data":"  [health] WARN FATAL: RND_dominates persistent (consec=12)\r\n"}
,{"stream_name":"stdout","time":10758.753927804,"data":"  iter 13700/30000 [45.7%] | WM wm=20.99 rec=13.35 kl=7.14 rew=0.483 con=0.009 | AC act=0.002 crit=2.338 pg=0.002 H=0.75 | img ret=11.02 val=10.50 scale=70.13 p5=-0.08 p95=69.88 rnd_c=0.002 rnd_l=0.001 | r/step=0.0052 | 1.3 ips ETA 3h31\r\n"}
,{"stream_name":"stdout","time":10758.753960084,"data":"  [health] WARN RND_dominates: ratio=208.7\r\n"}
,{"stream_name":"stdout","time":10758.753966124,"data":"  [health] WARN FATAL: RND_dominates persistent (consec=13)\r\n"}
,{"stream_name":"stdout","time":10797.007386203,"data":"  iter 13750/30000 [45.8%] | WM wm=22.45 rec=15.29 kl=6.77 rew=0.373 con=0.013 | AC act=0.001 crit=2.693 pg=0.001 H=0.73 | img ret=10.36 val=9.93 scale=76.43 p5=-0.08 p95=76.05 rnd_c=0.002 rnd_l=0.001 | r/step=0.0041 | 1.3 ips ETA 3h30\r\n"}
,{"stream_name":"stdout","time":10797.007418823,"data":"  [health] WARN RND_dominates: ratio=423.6\r\n"}
,{"stream_name":"stdout","time":10797.007424673,"data":"  [health] WARN FATAL: RND_dominates persistent (consec=14)\r\n"}
,{"stream_name":"stdout","time":10834.728118416,"data":"  iter 13800/30000 [46.0%] | WM wm=26.27 rec=18.12 kl=7.79 rew=0.351 con=0.002 | AC act=0.001 crit=2.738 pg=0.001 H=0.62 | img ret=17.16 val=16.69 scale=71.38 p5=-0.06 p95=72.07 rnd_c=0.002 rnd_l=0.001 | r/step=0.0058 | 1.3 ips ETA 3h29\r\n"}
,{"stream_name":"stdout","time":10834.728169926,"data":"  [health] WARN RND_dominates: ratio=213.3\r\n"}
,{"stream_name":"stdout","time":10834.728178246,"data":"  [health] WARN FATAL: RND_dominates persistent (consec=15)\r\n"}
,{"stream_name":"stdout","time":10872.727270783,"data":"  iter 13850/30000 [46.2%] | WM wm=19.75 rec=12.61 kl=6.70 rew=0.439 con=0.006 | AC act=-0.002 crit=2.473 pg=-0.002 H=0.69 | img ret=21.21 val=21.39 scale=65.94 p5=-0.09 p95=66.43 rnd_c=0.002 rnd_l=0.001 | r/step=0.0024 | 1.3 ips ETA 3h29\r\n"}
,{"stream_name":"stdout","time":10872.727326773,"data":"  [health] WARN RND_dominates: ratio=842.0\r\n"}
,{"stream_name":"stdout","time":10872.727333033,"data":"  [health] WARN FATAL: RND_dominates persistent (consec=16)\r\n"}
,{"stream_name":"stdout","time":10910.123443357,"data":"  iter 13900/30000 [46.3%] | WM wm=20.08 rec=12.60 kl=7.10 rew=0.374 con=0.008 | AC act=0.001 crit=2.422 pg=0.001 H=1.03 | img ret=4.27 val=4.25 scale=71.52 p5=-0.06 p95=70.94 rnd_c=0.002 rnd_l=0.001 | r/step=0.0044 | 1.3 ips ETA 3h28\r\n"}
,{"stream_name":"stdout","time":10910.123466157,"data":"  [health] WARN RND_dominates: ratio=1169.9\r\n"}
,{"stream_name":"stdout","time":10910.123470997,"data":"  [health] WARN FATAL: RND_dominates persistent (consec=17)\r\n"}
,{"stream_name":"stdout","time":10948.020020631,"data":"  iter 13950/30000 [46.5%] | WM wm=20.10 rec=12.16 kl=7.49 rew=0.430 con=0.014 | AC act=0.003 crit=2.326 pg=0.003 H=0.47 | img ret=18.32 val=17.50 scale=75.37 p5=-0.05 p95=75.26 rnd_c=0.002 rnd_l=0.001 | r/step=0.0023 | 1.3 ips ETA 3h27\r\n"}
,{"stream_name":"stdout","time":10948.020052171,"data":"  [health] WARN RND_dominates: ratio=1552.5\r\n"}
,{"stream_name":"stdout","time":10948.020057861,"data":"  [health] WARN FATAL: RND_dominates persistent (consec=18)\r\n"}
,{"stream_name":"stdout","time":10985.697374767,"data":"  iter 14000/30000 [46.7%] | WM wm=17.72 rec=10.99 kl=6.22 rew=0.503 con=0.002 | AC act=0.000 crit=2.105 pg=0.000 H=0.61 | img ret=14.11 val=13.95 scale=70.74 p5=-0.08 p95=70.61 rnd_c=0.002 rnd_l=0.001 | r/step=0.0012 | 1.3 ips ETA 3h27\r\n"}
,{"stream_name":"stdout","time":10985.697397007,"data":"  [adaptive_rnd] ratio=6.57 \u003e 5.0 → rnd_coef 0.0019 → 0.0017\r\n"}
,{"stream_name":"stdout","time":10985.697402537,"data":"  [health] WARN RND_dominates: ratio=3498.6\r\n"}
,{"stream_name":"stdout","time":10985.697406557,"data":"  [health] WARN FATAL: RND_dominates persistent (consec=19)\r\n"}
,{"stream_name":"stdout","time":11023.405322077,"data":"  iter 14050/30000 [46.8%] | WM wm=18.56 rec=11.11 kl=6.98 rew=0.469 con=0.008 | AC act=-0.001 crit=2.669 pg=-0.001 H=0.71 | img ret=11.20 val=11.14 scale=76.21 p5=-0.06 p95=75.90 rnd_c=0.002 rnd_l=0.001 | r/step=0.0061 | 1.3 ips ETA 3h26\r\n"}
,{"stream_name":"stdout","time":11023.405360437,"data":"  [health] WARN RND_dominates: ratio=986.7\r\n"}
,{"stream_name":"stdout","time":11023.405368707,"data":"  [health] WARN FATAL: RND_dominates persistent (consec=20)\r\n"}
,{"stream_name":"stdout","time":11061.215464097,"data":"  iter 14100/30000 [47.0%] | WM wm=24.09 rec=15.27 kl=8.44 rew=0.378 con=0.007 | AC act=-0.000 crit=2.333 pg=0.000 H=0.70 | img ret=14.37 val=14.18 scale=74.85 p5=-0.09 p95=74.53 rnd_c=0.002 rnd_l=0.001 | r/step=0.0014 | 1.3 ips ETA 3h25\r\n"}
,{"stream_name":"stdout","time":11061.215498637,"data":"  [health] WARN RND_dominates: ratio=600.6\r\n"}
,{"stream_name":"stdout","time":11061.215505337,"data":"  [health] WARN FATAL: RND_dominates persistent (consec=21)\r\n"}
,{"stream_name":"stdout","time":11098.900094632,"data":"  iter 14150/30000 [47.2%] | WM wm=16.04 rec=9.76 kl=5.88 rew=0.400 con=0.001 | AC act=0.001 crit=2.516 pg=0.001 H=0.77 | img ret=10.05 val=9.59 scale=75.78 p5=-0.06 p95=75.40 rnd_c=0.002 rnd_l=0.001 | r/step=0.0067 | 1.3 ips ETA 3h25\r\n"}
,{"stream_name":"stdout","time":11098.900131512,"data":"  [health] WARN RND_dominates: ratio=285.1\r\n"}
,{"stream_name":"stdout","time":11098.900137552,"data":"  [health] WARN FATAL: RND_dominates persistent (consec=22)\r\n"}
,{"stream_name":"stdout","time":11137.078953028,"data":"  iter 14200/30000 [47.3%] | WM wm=22.15 rec=14.27 kl=7.43 rew=0.445 con=0.003 | AC act=-0.000 crit=2.466 pg=-0.000 H=0.71 | img ret=8.27 val=7.96 scale=75.26 p5=-0.09 p95=74.73 rnd_c=0.002 rnd_l=0.001 | r/step=0.0019 | 1.3 ips ETA 3h24\r\n"}
,{"stream_name":"stdout","time":11137.078996748,"data":"  [health] WARN RND_dominates: ratio=832.7\r\n"}
,{"stream_name":"stdout","time":11137.079004378,"data":"  [health] WARN FATAL: RND_dominates persistent (consec=23)\r\n"}
,{"stream_name":"stdout","time":11174.527234087,"data":"  iter 14250/30000 [47.5%] | WM wm=18.33 rec=11.99 kl=5.98 rew=0.358 con=0.006 | AC act=-0.000 crit=2.386 pg=-0.000 H=0.83 | img ret=7.55 val=7.37 scale=77.26 p5=-0.08 p95=76.76 rnd_c=0.002 rnd_l=0.001 | r/step=0.0104 | 1.3 ips ETA 3h23\r\n"}
,{"stream_name":"stdout","time":11174.527266867,"data":"  [health] WARN RND_dominates: ratio=223.3\r\n"}
,{"stream_name":"stdout","time":11174.527273087,"data":"  [health] WARN FATAL: RND_dominates persistent (consec=24)\r\n"}
,{"stream_name":"stdout","time":11212.387383372,"data":"  iter 14300/30000 [47.7%] | WM wm=21.36 rec=13.49 kl=7.54 rew=0.316 con=0.009 | AC act=0.001 crit=2.331 pg=0.002 H=0.88 | img ret=9.36 val=8.98 scale=71.64 p5=-0.11 p95=71.42 rnd_c=0.002 rnd_l=0.001 | r/step=-0.0044 | 1.3 ips ETA 3h23\r\n"}
,{"stream_name":"stdout","time":11249.986899082,"data":"  iter 14350/30000 [47.8%] | WM wm=19.83 rec=12.71 kl=6.60 rew=0.521 con=0.004 | AC act=0.001 crit=2.252 pg=0.001 H=0.89 | img ret=11.03 val=10.65 scale=69.86 p5=-0.13 p95=69.71 rnd_c=0.002 rnd_l=0.001 | r/step=0.0051 | 1.3 ips ETA 3h22\r\n"}
,{"stream_name":"stdout","time":11249.986948762,"data":"  [health] WARN RND_dominates: ratio=329.2\r\n"}
,{"stream_name":"stdout","time":11288.318502233,"data":"  iter 14400/30000 [48.0%] | WM wm=20.60 rec=12.30 kl=7.91 rew=0.392 con=0.004 | AC act=0.000 crit=2.426 pg=0.000 H=0.63 | img ret=10.26 val=10.26 scale=70.69 p5=-0.12 p95=70.18 rnd_c=0.002 rnd_l=0.001 | r/step=0.0027 | 1.3 ips ETA 3h21\r\n"}
,{"stream_name":"stdout","time":11288.318536343,"data":"  [health] WARN RND_dominates: ratio=686.9\r\n"}
,{"stream_name":"stdout","time":11326.659054981,"data":"  iter 14450/30000 [48.2%] | WM wm=18.44 rec=11.29 kl=6.57 rew=0.577 con=0.007 | AC act=-0.000 crit=2.558 pg=-0.000 H=0.80 | img ret=17.67 val=17.42 scale=70.24 p5=-0.14 p95=70.36 rnd_c=0.002 rnd_l=0.001 | r/step=0.0042 | 1.3 ips ETA 3h21\r\n"}
,{"stream_name":"stdout","time":11326.659087101,"data":"  [health] WARN RND_dominates: ratio=445.9\r\n"}
,{"stream_name":"stdout","time":11365.141156627,"data":"  iter 14500/30000 [48.3%] | WM wm=19.77 rec=11.64 kl=7.65 rew=0.479 con=0.002 | AC act=-0.001 crit=2.201 pg=-0.000 H=0.90 | img ret=17.56 val=17.58 scale=68.79 p5=-0.16 p95=68.88 rnd_c=0.002 rnd_l=0.001 | r/step=0.0015 | 1.3 ips ETA 3h20\r\n"}
,{"stream_name":"stdout","time":11365.141194377,"data":"  [health] WARN RND_dominates: ratio=2429.5\r\n"}
,{"stream_name":"stdout","time":11402.817705081,"data":"  iter 14550/30000 [48.5%] | WM wm=20.97 rec=13.29 kl=7.26 rew=0.404 con=0.011 | AC act=0.000 crit=2.435 pg=0.001 H=1.01 | img ret=10.90 val=10.51 scale=70.27 p5=-0.13 p95=70.13 rnd_c=0.002 rnd_l=0.001 | r/step=-0.0007 | 1.3 ips ETA 3h19\r\n"}
,{"stream_name":"stdout","time":11440.324616473,"data":"  iter 14600/30000 [48.7%] | WM wm=23.08 rec=15.74 kl=6.85 rew=0.486 con=0.004 | AC act=0.000 crit=2.477 pg=0.000 H=0.82 | img ret=5.88 val=5.56 scale=68.49 p5=-0.12 p95=67.81 rnd_c=0.002 rnd_l=0.001 | r/step=0.0083 | 1.3 ips ETA 3h19\r\n"}
,{"stream_name":"stdout","time":11440.324661383,"data":"  [health] WARN RND_dominates: ratio=270.3\r\n"}
,{"stream_name":"stdout","time":11478.811071507,"data":"  iter 14650/30000 [48.8%] | WM wm=21.73 rec=13.51 kl=7.83 rew=0.381 con=0.008 | AC act=0.000 crit=2.495 pg=0.000 H=0.86 | img ret=21.80 val=21.37 scale=71.64 p5=-0.11 p95=71.80 rnd_c=0.002 rnd_l=0.001 | r/step=-0.0006 | 1.3 ips ETA 3h18\r\n"}
,{"stream_name":"stdout","time":11478.811108087,"data":"  [health] WARN RND_dominates: ratio=772.7\r\n"}
,{"stream_name":"stdout","time":11516.600878951,"data":"  iter 14700/30000 [49.0%] | WM wm=22.71 rec=14.15 kl=8.06 rew=0.487 con=0.011 | AC act=0.003 crit=2.366 pg=0.003 H=0.53 | img ret=23.96 val=23.08 scale=73.76 p5=-0.13 p95=73.67 rnd_c=0.002 rnd_l=0.001 | r/step=0.0110 | 1.3 ips ETA 3h17\r\n"}
,{"stream_name":"stdout","time":11516.600911611,"data":"  [health] WARN RND_dominates: ratio=213.2\r\n"}
,{"stream_name":"stdout","time":11554.711308794,"data":"  iter 14750/30000 [49.2%] | WM wm=17.93 rec=10.61 kl=6.88 rew=0.443 con=0.005 | AC act=0.000 crit=2.295 pg=0.000 H=0.86 | img ret=6.63 val=6.46 scale=70.90 p5=-0.12 p95=70.26 rnd_c=0.002 rnd_l=0.001 | r/step=0.0010 | 1.3 ips ETA 3h17\r\n"}
,{"stream_name":"stdout","time":11554.711339354,"data":"  [health] WARN RND_dominates: ratio=444.6\r\n"}
,{"stream_name":"stdout","time":11592.214154585,"data":"  iter 14800/30000 [49.3%] | WM wm=24.02 rec=15.92 kl=7.64 rew=0.459 con=0.001 | AC act=-0.000 crit=2.353 pg=0.000 H=0.93 | img ret=15.27 val=15.03 scale=75.69 p5=-0.17 p95=75.51 rnd_c=0.002 rnd_l=0.001 | r/step=0.0158 | 1.3 ips ETA 3h16\r\n"}
,{"stream_name":"stdout","time":11592.214185765,"data":"  [health] WARN RND_dominates: ratio=132.8\r\n"}
,{"stream_name":"stdout","time":11592.214191794,"data":"  [health] WARN FATAL: RND_dominates persistent (consec=5)\r\n"}
,{"stream_name":"stdout","time":11630.127534666,"data":"  iter 14850/30000 [49.5%] | WM wm=17.62 rec=11.05 kl=6.09 rew=0.471 con=0.007 | AC act=0.001 crit=2.481 pg=0.001 H=0.70 | img ret=17.63 val=17.48 scale=71.35 p5=-0.17 p95=71.50 rnd_c=0.002 rnd_l=0.001 | r/step=0.0147 | 1.3 ips ETA 3h15\r\n"}
,{"stream_name":"stdout","time":11630.127575756,"data":"  [health] WARN RND_dominates: ratio=138.4\r\n"}
,{"stream_name":"stdout","time":11630.127580426,"data":"  [health] WARN FATAL: RND_dominates persistent (consec=6)\r\n"}
,{"stream_name":"stdout","time":11667.950334114,"data":"  iter 14900/30000 [49.7%] | WM wm=17.16 rec=10.81 kl=5.95 rew=0.402 con=0.002 | AC act=-0.002 crit=2.448 pg=-0.001 H=0.88 | img ret=7.39 val=7.36 scale=66.82 p5=-0.16 p95=66.35 rnd_c=0.002 rnd_l=0.001 | r/step=0.0070 | 1.3 ips ETA 3h15\r\n"}
,{"stream_name":"stdout","time":11667.950365583,"data":"  [health] WARN RND_dominates: ratio=198.0\r\n"}
,{"stream_name":"stdout","time":11667.950371563,"data":"  [health] WARN FATAL: RND_dominates persistent (consec=7)\r\n"}
,{"stream_name":"stdout","time":11705.540856896,"data":"  iter 14950/30000 [49.8%] | WM wm=24.72 rec=15.17 kl=9.15 rew=0.391 con=0.013 | AC act=-0.000 crit=2.350 pg=-0.000 H=0.72 | img ret=9.14 val=9.03 scale=68.67 p5=-0.17 p95=68.14 rnd_c=0.002 rnd_l=0.001 | r/step=0.0070 | 1.3 ips ETA 3h14\r\n"}
,{"stream_name":"stdout","time":11705.540895726,"data":"  [health] WARN RND_dominates: ratio=342.6\r\n"}
,{"stream_name":"stdout","time":11705.540900976,"data":"  [health] WARN FATAL: RND_dominates persistent (consec=8)\r\n"}
,{"stream_name":"stdout","time":11743.054510374,"data":"  iter 15000/30000 [50.0%] | WM wm=24.39 rec=15.07 kl=8.85 rew=0.463 con=0.005 | AC act=0.000 crit=2.223 pg=0.001 H=0.75 | img ret=17.87 val=17.54 scale=74.09 p5=-0.17 p95=74.15 rnd_c=0.002 rnd_l=0.001 | r/step=0.0113 | 1.3 ips ETA 3h13\r\n"}
,{"stream_name":"stdout","time":11743.054549614,"data":"  [health] WARN RND_dominates: ratio=191.7\r\n"}
,{"stream_name":"stdout","time":11743.054555264,"data":"  [health] WARN FATAL: RND_dominates persistent (consec=9)\r\n"}
,{"stream_name":"stdout","time":11777.551109925,"data":"  \u003e\u003e\u003e EVAL @ iter 15000 : score=0.50  length=166  achievements=1.40 ↓  sample=1.60  (best=1.90 @5000)  crafter_score=0.91% [2550 train eps]\r\n"}
,{"stream_name":"stdout","time":11777.551136945,"data":"      unlocked (4/22): wake_up=90%  collect_wood=30%  collect_sapling=10%  eat_cow=10%\r\n"}
,{"stream_name":"stdout","time":11788.542022782,"data":"  Checkpoint saved : dreamer_crafter_jax_v36-tpu-75m-rnd_iter015000.npz\r\n"}
,{"stream_name":"stdout","time":11826.286017145,"data":"  iter 15050/30000 [50.2%] | WM wm=20.87 rec=13.92 kl=6.54 rew=0.400 con=0.004 | AC act=-0.000 crit=2.298 pg=-0.000 H=1.03 | img ret=14.08 val=13.99 scale=70.64 p5=-0.18 p95=70.93 rnd_c=0.002 rnd_l=0.001 | r/step=0.0085 | 1.3 ips ETA 3h13\r\n"}
,{"stream_name":"stdout","time":11826.286050215,"data":"  [health] WARN RND_dominates: ratio=254.6\r\n"}
,{"stream_name":"stdout","time":11826.286056375,"data":"  [health] WARN FATAL: RND_dominates persistent (consec=10)\r\n"}
,{"stream_name":"stdout","time":11863.75359552,"data":"  iter 15100/30000 [50.3%] | WM wm=20.69 rec=13.66 kl=6.66 rew=0.373 con=0.002 | AC act=-0.002 crit=2.183 pg=-0.002 H=1.06 | img ret=18.67 val=18.29 scale=67.83 p5=-0.20 p95=68.15 rnd_c=0.002 rnd_l=0.001 | r/step=0.0046 | 1.3 ips ETA 3h13\r\n"}
,{"stream_name":"stdout","time":11863.75362081,"data":"  [health] WARN RND_dominates: ratio=286.4\r\n"}
,{"stream_name":"stdout","time":11863.75362553,"data":"  [health] WARN FATAL: RND_dominates persistent (consec=11)\r\n"}
,{"stream_name":"stdout","time":11901.448542403,"data":"  iter 15150/30000 [50.5%] | WM wm=20.90 rec=13.71 kl=6.65 rew=0.536 con=0.011 | AC act=-0.000 crit=2.594 pg=0.000 H=0.56 | img ret=17.74 val=17.42 scale=71.69 p5=-0.20 p95=71.64 rnd_c=0.002 rnd_l=0.001 | r/step=0.0077 | 1.3 ips ETA 3h12\r\n"}
,{"stream_name":"stdout","time":11901.448582773,"data":"  [health] WARN RND_dominates: ratio=199.4\r\n"}
,{"stream_name":"stdout","time":11901.448601403,"data":"  [health] WARN FATAL: RND_dominates persistent (consec=12)\r\n"}
,{"stream_name":"stdout","time":11938.735746157,"data":"  iter 15200/30000 [50.7%] | WM wm=21.09 rec=12.77 kl=7.84 rew=0.464 con=0.007 | AC act=-0.001 crit=2.575 pg=-0.001 H=0.83 | img ret=7.11 val=7.17 scale=69.01 p5=-0.17 p95=68.54 rnd_c=0.002 rnd_l=0.001 | r/step=0.0033 | 1.3 ips ETA 3h11\r\n"}
,{"stream_name":"stdout","time":11938.735776088,"data":"  [health] WARN RND_dominates: ratio=297.4\r\n"}
,{"stream_name":"stdout","time":11938.735782168,"data":"  [health] WARN FATAL: RND_dominates persistent (consec=13)\r\n"}
,{"stream_name":"stdout","time":11976.254353601,"data":"  iter 15250/30000 [50.8%] | WM wm=16.04 rec=9.79 kl=5.86 rew=0.385 con=0.001 | AC act=0.002 crit=2.451 pg=0.002 H=0.73 | img ret=18.67 val=18.27 scale=69.13 p5=-0.17 p95=69.25 rnd_c=0.002 rnd_l=0.001 | r/step=0.0104 | 1.3 ips ETA 3h11\r\n"}
,{"stream_name":"stdout","time":11976.254388331,"data":"  [health] WARN RND_dominates: ratio=205.9\r\n"}
,{"stream_name":"stdout","time":11976.254394351,"data":"  [health] WARN FATAL: RND_dominates persistent (consec=14)\r\n"}
,{"stream_name":"stdout","time":12014.387390891,"data":"  iter 15300/30000 [51.0%] | WM wm=23.34 rec=14.43 kl=8.54 rew=0.372 con=0.001 | AC act=0.001 crit=2.401 pg=0.001 H=1.05 | img ret=8.15 val=7.84 scale=72.93 p5=-0.16 p95=72.43 rnd_c=0.002 rnd_l=0.001 | r/step=0.0057 | 1.3 ips ETA 3h10\r\n"}
,{"stream_name":"stdout","time":12014.387430591,"data":"  [health] WARN RND_dominates: ratio=135.6\r\n"}
,{"stream_name":"stdout","time":12014.387436831,"data":"  [health] WARN FATAL: RND_dominates persistent (consec=15)\r\n"}
,{"stream_name":"stdout","time":12052.116611183,"data":"  iter 15350/30000 [51.2%] | WM wm=18.38 rec=11.18 kl=6.72 rew=0.474 con=0.007 | AC act=0.002 crit=2.305 pg=0.002 H=0.84 | img ret=16.33 val=15.73 scale=72.24 p5=-0.17 p95=72.13 rnd_c=0.002 rnd_l=0.001 | r/step=0.0079 | 1.3 ips ETA 3h09\r\n"}
,{"stream_name":"stdout","time":12052.116630363,"data":"  [health] WARN RND_dominates: ratio=128.5\r\n"}
,{"stream_name":"stdout","time":12052.116635033,"data":"  [health] WARN FATAL: RND_dominates persistent (consec=16)\r\n"}
,{"stream_name":"stdout","time":12089.969060201,"data":"  iter 15400/30000 [51.3%] | WM wm=19.53 rec=12.05 kl=7.09 rew=0.369 con=0.013 | AC act=-0.000 crit=2.387 pg=0.000 H=0.83 | img ret=11.16 val=11.06 scale=68.33 p5=-0.18 p95=68.13 rnd_c=0.002 rnd_l=0.001 | r/step=0.0062 | 1.3 ips ETA 3h09\r\n"}
,{"stream_name":"stdout","time":12089.969092021,"data":"  [health] WARN RND_dominates: ratio=135.3\r\n"}
,{"stream_name":"stdout","time":12089.969098091,"data":"  [health] WARN FATAL: RND_dominates persistent (consec=17)\r\n"}
,{"stream_name":"stdout","time":12127.997549822,"data":"  iter 15450/30000 [51.5%] | WM wm=18.35 rec=11.09 kl=6.72 rew=0.527 con=0.008 | AC act=-0.000 crit=2.485 pg=-0.000 H=0.61 | img ret=12.96 val=13.00 scale=63.53 p5=-0.16 p95=63.31 rnd_c=0.002 rnd_l=0.001 | r/step=0.0000 | 1.3 ips ETA 3h08\r\n"}
,{"stream_name":"stdout","time":12127.997579622,"data":"  [health] WARN RND_dominates: ratio=396.9\r\n"}
,{"stream_name":"stdout","time":12127.997585642,"data":"  [health] WARN FATAL: RND_dominates persistent (consec=18)\r\n"}
,{"stream_name":"stdout","time":12165.678726227,"data":"  iter 15500/30000 [51.7%] | WM wm=21.05 rec=12.81 kl=7.82 rew=0.415 con=0.002 | AC act=0.000 crit=2.470 pg=0.001 H=0.80 | img ret=10.45 val=10.11 scale=66.88 p5=-0.18 p95=66.42 rnd_c=0.002 rnd_l=0.001 | r/step=0.0039 | 1.3 ips ETA 3h07\r\n"}
,{"stream_name":"stdout","time":12165.678768067,"data":"  [health] WARN RND_dominates: ratio=402.4\r\n"}
,{"stream_name":"stdout","time":12165.678773777,"data":"  [health] WARN FATAL: RND_dominates persistent (consec=19)\r\n"}
,{"stream_name":"stdout","time":12203.632072017,"data":"  iter 15550/30000 [51.8%] | WM wm=18.47 rec=11.46 kl=6.72 rew=0.284 con=0.004 | AC act=-0.001 crit=2.214 pg=-0.001 H=0.80 | img ret=18.58 val=18.24 scale=64.19 p5=-0.13 p95=64.38 rnd_c=0.002 rnd_l=0.001 | r/step=0.0062 | 1.3 ips ETA 3h07\r\n"}
,{"stream_name":"stdout","time":12203.632099937,"data":"  [health] WARN RND_dominates: ratio=305.5\r\n"}
,{"stream_name":"stdout","time":12203.632105497,"data":"  [health] WARN FATAL: RND_dominates persistent (consec=20)\r\n"}
,{"stream_name":"stdout","time":12240.899880181,"data":"  iter 15600/30000 [52.0%] | WM wm=18.87 rec=11.12 kl=7.27 rew=0.466 con=0.003 | AC act=-0.000 crit=2.168 pg=-0.000 H=0.77 | img ret=14.25 val=14.12 scale=64.97 p5=-0.15 p95=64.69 rnd_c=0.002 rnd_l=0.001 | r/step=-0.0004 | 1.3 ips ETA 3h06\r\n"}
,{"stream_name":"stdout","time":12240.899913671,"data":"  [health] WARN RND_dominates: ratio=572.6\r\n"}
,{"stream_name":"stdout","time":12240.899919821,"data":"  [health] WARN FATAL: RND_dominates persistent (consec=21)\r\n"}
,{"stream_name":"stdout","time":12278.729657863,"data":"  iter 15650/30000 [52.2%] | WM wm=22.74 rec=14.28 kl=8.14 rew=0.309 con=0.007 | AC act=0.001 crit=2.039 pg=0.001 H=0.68 | img ret=17.11 val=16.77 scale=70.19 p5=-0.17 p95=70.14 rnd_c=0.002 rnd_l=0.001 | r/step=0.0052 | 1.3 ips ETA 3h05\r\n"}
,{"stream_name":"stdout","time":12278.729688533,"data":"  [health] WARN RND_dominates: ratio=298.6\r\n"}
,{"stream_name":"stdout","time":12278.729694853,"data":"  [health] WARN FATAL: RND_dominates persistent (consec=22)\r\n"}
,{"stream_name":"stdout","time":12316.524448396,"data":"  iter 15700/30000 [52.3%] | WM wm=16.89 rec=9.95 kl=6.44 rew=0.497 con=0.007 | AC act=-0.001 crit=2.505 pg=-0.000 H=0.60 | img ret=10.96 val=10.88 scale=73.84 p5=-0.18 p95=73.54 rnd_c=0.002 rnd_l=0.001 | r/step=0.0049 | 1.3 ips ETA 3h05\r\n"}
,{"stream_name":"stdout","time":12316.524487166,"data":"  [health] WARN RND_dominates: ratio=243.8\r\n"}
,{"stream_name":"stdout","time":12316.524493326,"data":"  [health] WARN FATAL: RND_dominates persistent (consec=23)\r\n"}
,{"stream_name":"stdout","time":12354.406399884,"data":"  iter 15750/30000 [52.5%] | WM wm=18.79 rec=11.27 kl=7.11 rew=0.393 con=0.010 | AC act=-0.001 crit=2.365 pg=-0.001 H=1.06 | img ret=7.58 val=7.32 scale=72.90 p5=-0.19 p95=72.28 rnd_c=0.002 rnd_l=0.001 | r/step=0.0144 | 1.3 ips ETA 3h04\r\n"}
,{"stream_name":"stdout","time":12354.406443164,"data":"  [health] WARN RND_dominates: ratio=151.3\r\n"}
,{"stream_name":"stdout","time":12354.406449444,"data":"  [health] WARN FATAL: RND_dominates persistent (consec=24)\r\n"}
,{"stream_name":"stdout","time":12391.847884022,"data":"  iter 15800/30000 [52.7%] | WM wm=25.35 rec=16.51 kl=8.41 rew=0.419 con=0.005 | AC act=0.002 crit=2.325 pg=0.002 H=0.86 | img ret=15.42 val=14.98 scale=68.32 p5=-0.20 p95=68.14 rnd_c=0.002 rnd_l=0.001 | r/step=0.0026 | 1.3 ips ETA 3h03\r\n"}
,{"stream_name":"stdout","time":12391.847927522,"data":"  [health] WARN RND_dominates: ratio=347.3\r\n"}
,{"stream_name":"stdout","time":12391.847933402,"data":"  [health] WARN FATAL: RND_dominates persistent (consec=25)\r\n"}
,{"stream_name":"stdout","time":12429.371394931,"data":"  iter 15850/30000 [52.8%] | WM wm=22.20 rec=15.15 kl=6.62 rew=0.428 con=0.004 | AC act=-0.001 crit=2.366 pg=-0.001 H=0.78 | img ret=11.33 val=11.32 scale=70.55 p5=-0.17 p95=70.39 rnd_c=0.002 rnd_l=0.001 | r/step=-0.0024 | 1.3 ips ETA 3h03\r\n"}
,{"stream_name":"stdout","time":12466.633113206,"data":"  iter 15900/30000 [53.0%] | WM wm=24.42 rec=16.20 kl=7.85 rew=0.367 con=0.006 | AC act=0.001 crit=2.402 pg=0.001 H=0.79 | img ret=17.33 val=17.12 scale=69.22 p5=-0.17 p95=69.17 rnd_c=0.002 rnd_l=0.001 | r/step=0.0044 | 1.3 ips ETA 3h02\r\n"}
,{"stream_name":"stdout","time":12466.633147016,"data":"  [health] WARN RND_dominates: ratio=546.6\r\n"}
,{"stream_name":"stdout","time":12504.208019551,"data":"  iter 15950/30000 [53.2%] | WM wm=22.07 rec=13.14 kl=8.62 rew=0.297 con=0.008 | AC act=-0.001 crit=2.165 pg=-0.000 H=0.82 | img ret=8.85 val=8.70 scale=64.21 p5=-0.17 p95=64.12 rnd_c=0.002 rnd_l=0.001 | r/step=0.0052 | 1.3 ips ETA 3h01\r\n"}
,{"stream_name":"stdout","time":12504.208075591,"data":"  [health] WARN RND_dominates: ratio=356.0\r\n"}
,{"stream_name":"stdout","time":12542.348061877,"data":"  iter 16000/30000 [53.3%] | WM wm=22.03 rec=13.81 kl=7.72 rew=0.495 con=0.010 | AC act=-0.000 crit=2.298 pg=-0.000 H=0.59 | img ret=20.53 val=20.31 scale=66.92 p5=-0.20 p95=67.26 rnd_c=0.002 rnd_l=0.001 | r/step=0.0066 | 1.3 ips ETA 3h01\r\n"}
,{"stream_name":"stdout","time":12542.348094307,"data":"  [health] WARN RND_dominates: ratio=268.4\r\n"}
,{"stream_name":"stdout","time":12580.2290805,"data":"  iter 16050/30000 [53.5%] | WM wm=21.18 rec=12.69 kl=8.13 rew=0.353 con=0.008 | AC act=0.000 crit=2.547 pg=0.000 H=1.00 | img ret=3.91 val=3.82 scale=67.65 p5=-0.20 p95=66.96 rnd_c=0.002 rnd_l=0.001 | r/step=0.0076 | 1.3 ips ETA 3h00\r\n"}
,{"stream_name":"stdout","time":12580.22912659,"data":"  [health] WARN RND_dominates: ratio=240.9\r\n"}
,{"stream_name":"stdout","time":12617.557041689,"data":"  iter 16100/30000 [53.7%] | WM wm=21.06 rec=13.34 kl=7.32 rew=0.391 con=0.005 | AC act=0.000 crit=2.350 pg=0.000 H=0.62 | img ret=24.34 val=23.85 scale=69.51 p5=-0.21 p95=70.14 rnd_c=0.002 rnd_l=0.001 | r/step=0.0040 | 1.3 ips ETA 2h59\r\n"}
,{"stream_name":"stdout","time":12617.557082589,"data":"  [health] WARN RND_dominates: ratio=310.1\r\n"}
,{"stream_name":"stdout","time":12617.557088579,"data":"  [health] WARN FATAL: RND_dominates persistent (consec=5)\r\n"}
,{"stream_name":"stdout","time":12655.372044698,"data":"  iter 16150/30000 [53.8%] | WM wm=19.14 rec=11.61 kl=7.08 rew=0.436 con=0.012 | AC act=-0.001 crit=2.208 pg=-0.000 H=1.00 | img ret=7.53 val=7.36 scale=67.86 p5=-0.19 p95=67.27 rnd_c=0.002 rnd_l=0.001 | r/step=0.0043 | 1.3 ips ETA 2h59\r\n"}
,{"stream_name":"stdout","time":12655.372091978,"data":"  [health] WARN RND_dominates: ratio=330.4\r\n"}
,{"stream_name":"stdout","time":12655.372097978,"data":"  [health] WARN FATAL: RND_dominates persistent (consec=6)\r\n"}
,{"stream_name":"stdout","time":12693.094682418,"data":"  iter 16200/30000 [54.0%] | WM wm=17.05 rec=10.46 kl=6.09 rew=0.496 con=0.007 | AC act=-0.000 crit=2.240 pg=-0.000 H=0.84 | img ret=13.92 val=13.82 scale=70.82 p5=-0.21 p95=70.89 rnd_c=0.002 rnd_l=0.001 | r/step=0.0014 | 1.3 ips ETA 2h58\r\n"}
,{"stream_name":"stdout","time":12693.094721288,"data":"  [health] WARN RND_dominates: ratio=519.1\r\n"}
,{"stream_name":"stdout","time":12693.094727318,"data":"  [health] WARN FATAL: RND_dominates persistent (consec=7)\r\n"}
,{"stream_name":"stdout","time":12731.058891663,"data":"  iter 16250/30000 [54.2%] | WM wm=21.64 rec=14.18 kl=7.06 rew=0.402 con=0.001 | AC act=-0.001 crit=2.380 pg=-0.000 H=1.43 | img ret=3.29 val=3.27 scale=69.21 p5=-0.19 p95=68.53 rnd_c=0.002 rnd_l=0.001 | r/step=0.0112 | 1.3 ips ETA 2h57\r\n"}
,{"stream_name":"stdout","time":12731.058921123,"data":"  [health] WARN RND_dominates: ratio=218.1\r\n"}
,{"stream_name":"stdout","time":12731.058925663,"data":"  [health] WARN FATAL: RND_dominates persistent (consec=8)\r\n"}
,{"stream_name":"stdout","time":12768.066476093,"data":"  iter 16300/30000 [54.3%] | WM wm=26.42 rec=17.09 kl=8.87 rew=0.454 con=0.008 | AC act=0.002 crit=2.473 pg=0.002 H=0.91 | img ret=12.56 val=12.12 scale=68.05 p5=-0.18 p95=68.05 rnd_c=0.002 rnd_l=0.001 | r/step=0.0053 | 1.3 ips ETA 2h57\r\n"}
,{"stream_name":"stdout","time":12768.066507683,"data":"  [health] WARN RND_dominates: ratio=254.6\r\n"}
,{"stream_name":"stdout","time":12768.066513573,"data":"  [health] WARN FATAL: RND_dominates persistent (consec=9)\r\n"}
,{"stream_name":"stdout","time":12805.90285708,"data":"  iter 16350/30000 [54.5%] | WM wm=19.13 rec=11.59 kl=7.09 rew=0.443 con=0.005 | AC act=0.000 crit=2.239 pg=0.001 H=0.94 | img ret=16.94 val=16.62 scale=69.98 p5=-0.18 p95=70.07 rnd_c=0.002 rnd_l=0.001 | r/step=0.0005 | 1.3 ips ETA 2h56\r\n"}
,{"stream_name":"stdout","time":12805.90289617,"data":"  [health] WARN RND_dominates: ratio=859.6\r\n"}
,{"stream_name":"stdout","time":12805.9029006,"data":"  [health] WARN FATAL: RND_dominates persistent (consec=10)\r\n"}
,{"stream_name":"stdout","time":12843.372141356,"data":"  iter 16400/30000 [54.7%] | WM wm=20.17 rec=12.46 kl=7.32 rew=0.382 con=0.009 | AC act=0.000 crit=2.400 pg=0.000 H=1.10 | img ret=7.54 val=7.25 scale=69.73 p5=-0.19 p95=69.17 rnd_c=0.002 rnd_l=0.001 | r/step=0.0045 | 1.3 ips ETA 2h55\r\n"}
,{"stream_name":"stdout","time":12843.372175146,"data":"  [health] WARN RND_dominates: ratio=393.9\r\n"}
,{"stream_name":"stdout","time":12843.372181186,"data":"  [health] WARN FATAL: RND_dominates persistent (consec=11)\r\n"}
,{"stream_name":"stdout","time":12881.100180325,"data":"  iter 16450/30000 [54.8%] | WM wm=19.49 rec=11.66 kl=7.38 rew=0.449 con=0.005 | AC act=-0.001 crit=2.100 pg=-0.001 H=0.91 | img ret=7.78 val=7.67 scale=67.28 p5=-0.18 p95=66.82 rnd_c=0.002 rnd_l=0.001 | r/step=0.0049 | 1.3 ips ETA 2h55\r\n"}
,{"stream_name":"stdout","time":12881.100214055,"data":"  [health] WARN RND_dominates: ratio=360.4\r\n"}
,{"stream_name":"stdout","time":12881.100219705,"data":"  [health] WARN FATAL: RND_dominates persistent (consec=12)\r\n"}
,{"stream_name":"stdout","time":12918.691916976,"data":"  iter 16500/30000 [55.0%] | WM wm=20.09 rec=12.79 kl=6.97 rew=0.323 con=0.006 | AC act=-0.002 crit=2.184 pg=-0.002 H=1.20 | img ret=8.17 val=8.21 scale=64.22 p5=-0.21 p95=64.04 rnd_c=0.002 rnd_l=0.002 | r/step=0.0146 | 1.3 ips ETA 2h54\r\n"}
,{"stream_name":"stdout","time":12918.691951766,"data":"  [health] WARN RND_dominates: ratio=183.5\r\n"}
,{"stream_name":"stdout","time":12918.691957856,"data":"  [health] WARN FATAL: RND_dominates persistent (consec=13)\r\n"}
,{"stream_name":"stdout","time":12956.770961937,"data":"  iter 16550/30000 [55.2%] | WM wm=21.76 rec=13.67 kl=7.72 rew=0.367 con=0.006 | AC act=0.001 crit=2.260 pg=0.001 H=1.23 | img ret=7.05 val=6.89 scale=72.49 p5=-0.20 p95=71.94 rnd_c=0.002 rnd_l=0.001 | r/step=0.0065 | 1.3 ips ETA 2h53\r\n"}
,{"stream_name":"stdout","time":12956.771024097,"data":"  [health] WARN RND_dominates: ratio=302.0\r\n"}
,{"stream_name":"stdout","time":12956.771032137,"data":"  [health] WARN FATAL: RND_dominates persistent (consec=14)\r\n"}
,{"stream_name":"stdout","time":12994.298733176,"data":"  iter 16600/30000 [55.3%] | WM wm=19.45 rec=12.73 kl=6.32 rew=0.395 con=0.003 | AC act=-0.001 crit=2.409 pg=-0.001 H=1.16 | img ret=8.22 val=8.05 scale=68.16 p5=-0.21 p95=67.70 rnd_c=0.002 rnd_l=0.001 | r/step=0.0121 | 1.3 ips ETA 2h53\r\n"}
,{"stream_name":"stdout","time":12994.298763536,"data":"  [health] WARN RND_dominates: ratio=260.1\r\n"}
,{"stream_name":"stdout","time":12994.298768356,"data":"  [health] WARN FATAL: RND_dominates persistent (consec=15)\r\n"}
,{"stream_name":"stdout","time":13032.117245057,"data":"  iter 16650/30000 [55.5%] | WM wm=18.65 rec=11.93 kl=6.19 rew=0.514 con=0.007 | AC act=0.002 crit=2.150 pg=0.002 H=0.94 | img ret=22.62 val=22.10 scale=67.08 p5=-0.21 p95=67.29 rnd_c=0.002 rnd_l=0.001 | r/step=0.0091 | 1.3 ips ETA 2h52\r\n"}
,{"stream_name":"stdout","time":13032.117286937,"data":"  [health] WARN RND_dominates: ratio=214.5\r\n"}
,{"stream_name":"stdout","time":13032.117292617,"data":"  [health] WARN FATAL: RND_dominates persistent (consec=16)\r\n"}
,{"stream_name":"stdout","time":13069.751815125,"data":"  iter 16700/30000 [55.7%] | WM wm=18.97 rec=11.76 kl=6.83 rew=0.387 con=0.003 | AC act=-0.001 crit=2.123 pg=-0.001 H=1.25 | img ret=4.59 val=4.60 scale=65.99 p5=-0.19 p95=65.56 rnd_c=0.002 rnd_l=0.001 | r/step=0.0130 | 1.3 ips ETA 2h51\r\n"}
,{"stream_name":"stdout","time":13069.751853145,"data":"  [health] WARN RND_dominates: ratio=145.3\r\n"}
,{"stream_name":"stdout","time":13069.751856885,"data":"  [health] WARN FATAL: RND_dominates persistent (consec=17)\r\n"}
,{"stream_name":"stdout","time":13107.2218218,"data":"  iter 16750/30000 [55.8%] | WM wm=17.83 rec=10.65 kl=6.76 rew=0.419 con=0.001 | AC act=0.000 crit=2.312 pg=0.000 H=1.05 | img ret=7.79 val=7.42 scale=66.10 p5=-0.20 p95=65.60 rnd_c=0.002 rnd_l=0.001 | r/step=0.0066 | 1.3 ips ETA 2h51\r\n"}
,{"stream_name":"stdout","time":13107.22184981,"data":"  [health] WARN RND_dominates: ratio=165.5\r\n"}
,{"stream_name":"stdout","time":13107.22185449,"data":"  [health] WARN FATAL: RND_dominates persistent (consec=18)\r\n"}
,{"stream_name":"stdout","time":13145.220887659,"data":"  iter 16800/30000 [56.0%] | WM wm=16.38 rec=9.74 kl=6.26 rew=0.378 con=0.007 | AC act=-0.003 crit=2.258 pg=-0.002 H=1.53 | img ret=8.48 val=8.54 scale=63.22 p5=-0.21 p95=62.94 rnd_c=0.002 rnd_l=0.001 | r/step=0.0193 | 1.3 ips ETA 2h50\r\n"}
,{"stream_name":"stdout","time":13182.778679557,"data":"  iter 16850/30000 [56.2%] | WM wm=19.96 rec=12.35 kl=7.17 rew=0.432 con=0.004 | AC act=0.001 crit=2.531 pg=0.001 H=1.24 | img ret=5.22 val=5.09 scale=65.85 p5=-0.22 p95=65.34 rnd_c=0.002 rnd_l=0.001 | r/step=0.0055 | 1.3 ips ETA 2h49\r\n"}
,{"stream_name":"stdout","time":13182.778712487,"data":"  [health] WARN RND_dominates: ratio=176.3\r\n"}
,{"stream_name":"stdout","time":13220.431419304,"data":"  iter 16900/30000 [56.3%] | WM wm=24.12 rec=16.00 kl=7.68 rew=0.434 con=0.004 | AC act=-0.000 crit=2.194 pg=0.000 H=0.96 | img ret=14.53 val=14.33 scale=65.06 p5=-0.22 p95=65.09 rnd_c=0.002 rnd_l=0.001 | r/step=0.0028 | 1.3 ips ETA 2h49\r\n"}
,{"stream_name":"stdout","time":13220.431449744,"data":"  [health] WARN RND_dominates: ratio=238.4\r\n"}
,{"stream_name":"stdout","time":13257.79905286,"data":"  iter 16950/30000 [56.5%] | WM wm=20.41 rec=12.57 kl=7.49 rew=0.348 con=0.002 | AC act=0.002 crit=2.178 pg=0.002 H=0.80 | img ret=13.33 val=13.03 scale=64.76 p5=-0.22 p95=64.77 rnd_c=0.002 rnd_l=0.001 | r/step=0.0072 | 1.3 ips ETA 2h48\r\n"}
,{"stream_name":"stdout","time":13257.79909123,"data":"  [health] WARN RND_dominates: ratio=282.3\r\n"}
,{"stream_name":"stdout","time":13295.544090856,"data":"  iter 17000/30000 [56.7%] | WM wm=18.01 rec=10.65 kl=6.96 rew=0.392 con=0.007 | AC act=0.001 crit=2.668 pg=0.001 H=0.87 | img ret=12.83 val=12.35 scale=65.42 p5=-0.19 p95=65.20 rnd_c=0.002 rnd_l=0.001 | r/step=0.0042 | 1.3 ips ETA 2h47\r\n"}
,{"stream_name":"stdout","time":13295.544141376,"data":"  [health] WARN RND_dominates: ratio=374.0\r\n"}
,{"stream_name":"stdout","time":13333.487324993,"data":"  iter 17050/30000 [56.8%] | WM wm=18.45 rec=11.80 kl=6.19 rew=0.445 con=0.004 | AC act=-0.000 crit=2.335 pg=-0.000 H=0.60 | img ret=10.51 val=10.24 scale=69.44 p5=-0.20 p95=68.90 rnd_c=0.002 rnd_l=0.001 | r/step=0.0072 | 1.3 ips ETA 2h47\r\n"}
,{"stream_name":"stdout","time":13333.487359493,"data":"  [health] WARN RND_dominates: ratio=289.3\r\n"}
,{"stream_name":"stdout","time":13333.487365733,"data":"  [health] WARN FATAL: RND_dominates persistent (consec=5)\r\n"}
,{"stream_name":"stdout","time":13371.000520625,"data":"  iter 17100/30000 [57.0%] | WM wm=19.23 rec=12.16 kl=6.60 rew=0.459 con=0.001 | AC act=-0.001 crit=2.120 pg=-0.000 H=1.11 | img ret=4.44 val=4.41 scale=68.31 p5=-0.22 p95=67.65 rnd_c=0.002 rnd_l=0.001 | r/step=0.0119 | 1.3 ips ETA 2h46\r\n"}
,{"stream_name":"stdout","time":13371.000551985,"data":"  [health] WARN RND_dominates: ratio=170.0\r\n"}
,{"stream_name":"stdout","time":13371.000558035,"data":"  [health] WARN FATAL: RND_dominates persistent (consec=6)\r\n"}
,{"stream_name":"stdout","time":13408.762077368,"data":"  iter 17150/30000 [57.2%] | WM wm=19.51 rec=12.36 kl=6.70 rew=0.444 con=0.005 | AC act=-0.000 crit=2.182 pg=0.000 H=1.06 | img ret=13.13 val=12.93 scale=67.02 p5=-0.22 p95=67.37 rnd_c=0.002 rnd_l=0.001 | r/step=0.0083 | 1.3 ips ETA 2h45\r\n"}
,{"stream_name":"stdout","time":13408.762126298,"data":"  [health] WARN RND_dominates: ratio=199.8\r\n"}
,{"stream_name":"stdout","time":13408.762131478,"data":"  [health] WARN FATAL: RND_dominates persistent (consec=7)\r\n"}
,{"stream_name":"stdout","time":13446.781852034,"data":"  iter 17200/30000 [57.3%] | WM wm=21.18 rec=13.35 kl=7.31 rew=0.509 con=0.013 | AC act=-0.000 crit=2.470 pg=0.000 H=0.49 | img ret=22.78 val=22.21 scale=66.32 p5=-0.24 p95=66.27 rnd_c=0.002 rnd_l=0.001 | r/step=0.0041 | 1.3 ips ETA 2h45\r\n"}
,{"stream_name":"stdout","time":13446.781885094,"data":"  [health] WARN RND_dominates: ratio=259.6\r\n"}
,{"stream_name":"stdout","time":13446.781891304,"data":"  [health] WARN FATAL: RND_dominates persistent (consec=8)\r\n"}
,{"stream_name":"stdout","time":13484.504788618,"data":"  iter 17250/30000 [57.5%] | WM wm=17.99 rec=10.92 kl=6.65 rew=0.423 con=0.002 | AC act=0.002 crit=2.324 pg=0.002 H=1.15 | img ret=21.03 val=20.41 scale=65.55 p5=-0.22 p95=65.97 rnd_c=0.002 rnd_l=0.001 | r/step=0.0049 | 1.3 ips ETA 2h44\r\n"}
,{"stream_name":"stdout","time":13484.504821228,"data":"  [health] WARN RND_dominates: ratio=181.4\r\n"}
,{"stream_name":"stdout","time":13484.504827278,"data":"  [health] WARN FATAL: RND_dominates persistent (consec=9)\r\n"}
,{"stream_name":"stdout","time":13521.771428828,"data":"  iter 17300/30000 [57.7%] | WM wm=19.15 rec=11.16 kl=7.65 rew=0.337 con=0.008 | AC act=0.001 crit=2.423 pg=0.001 H=0.79 | img ret=13.32 val=13.17 scale=63.54 p5=-0.20 p95=63.48 rnd_c=0.002 rnd_l=0.001 | r/step=0.0064 | 1.3 ips ETA 2h44\r\n"}
,{"stream_name":"stdout","time":13521.771461548,"data":"  [health] WARN RND_dominates: ratio=327.0\r\n"}
,{"stream_name":"stdout","time":13521.771467458,"data":"  [health] WARN FATAL: RND_dominates persistent (consec=10)\r\n"}
,{"stream_name":"stdout","time":13559.745808138,"data":"  iter 17350/30000 [57.8%] | WM wm=17.68 rec=10.46 kl=6.71 rew=0.508 con=0.002 | AC act=0.001 crit=2.617 pg=0.001 H=1.04 | img ret=5.83 val=5.50 scale=66.79 p5=-0.20 p95=66.14 rnd_c=0.002 rnd_l=0.001 | r/step=0.0087 | 1.3 ips ETA 2h43\r\n"}
,{"stream_name":"stdout","time":13559.745851668,"data":"  [health] WARN RND_dominates: ratio=202.5\r\n"}
,{"stream_name":"stdout","time":13559.745856578,"data":"  [health] WARN FATAL: RND_dominates persistent (consec=11)\r\n"}
,{"stream_name":"stdout","time":13597.309157739,"data":"  iter 17400/30000 [58.0%] | WM wm=22.15 rec=15.07 kl=6.70 rew=0.377 con=0.006 | AC act=0.003 crit=2.392 pg=0.003 H=0.81 | img ret=12.23 val=11.84 scale=62.81 p5=-0.19 p95=62.63 rnd_c=0.002 rnd_l=0.001 | r/step=0.0027 | 1.3 ips ETA 2h42\r\n"}
,{"stream_name":"stdout","time":13597.309190339,"data":"  [health] WARN RND_dominates: ratio=309.2\r\n"}
,{"stream_name":"stdout","time":13597.309196269,"data":"  [health] WARN FATAL: RND_dominates persistent (consec=12)\r\n"}
,{"stream_name":"stdout","time":13635.514961314,"data":"  iter 17450/30000 [58.2%] | WM wm=21.05 rec=12.91 kl=7.84 rew=0.291 con=0.012 | AC act=0.001 crit=2.459 pg=0.001 H=0.99 | img ret=4.80 val=4.61 scale=65.08 p5=-0.17 p95=64.40 rnd_c=0.002 rnd_l=0.001 | r/step=0.0055 | 1.3 ips ETA 2h42\r\n"}
,{"stream_name":"stdout","time":13635.515015504,"data":"  [health] WARN RND_dominates: ratio=407.6\r\n"}
,{"stream_name":"stdout","time":13635.515022654,"data":"  [health] WARN FATAL: RND_dominates persistent (consec=13)\r\n"}
,{"stream_name":"stdout","time":13672.751610037,"data":"  iter 17500/30000 [58.3%] | WM wm=22.17 rec=13.11 kl=8.61 rew=0.428 con=0.017 | AC act=0.000 crit=2.285 pg=0.000 H=0.90 | img ret=20.91 val=19.99 scale=63.05 p5=-0.18 p95=62.94 rnd_c=0.002 rnd_l=0.002 | r/step=0.0044 | 1.3 ips ETA 2h41\r\n"}
,{"stream_name":"stdout","time":13672.751637597,"data":"  [health] WARN RND_dominates: ratio=245.1\r\n"}
,{"stream_name":"stdout","time":13672.751652627,"data":"  [health] WARN FATAL: RND_dominates persistent (consec=14)\r\n"}
,{"stream_name":"stdout","time":13705.691623589,"data":"  \u003e\u003e\u003e EVAL @ iter 17500 : score=0.40  length=160  achievements=1.30 ↓  sample=2.40  (best=1.90 @5000)  crafter_score=1.01% [2963 train eps]\r\n"}
,{"stream_name":"stdout","time":13705.691659918,"data":"      unlocked (3/22): wake_up=80%  collect_sapling=30%  collect_wood=20%\r\n"}
,{"stream_name":"stdout","time":13716.73091559,"data":"  Checkpoint saved : dreamer_crafter_jax_v36-tpu-75m-rnd_iter017500.npz\r\n"}
,{"stream_name":"stdout","time":13755.107433337,"data":"  iter 17550/30000 [58.5%] | WM wm=19.61 rec=11.86 kl=7.32 rew=0.424 con=0.003 | AC act=-0.001 crit=2.172 pg=-0.001 H=0.98 | img ret=13.22 val=13.12 scale=63.32 p5=-0.19 p95=63.13 rnd_c=0.002 rnd_l=0.001 | r/step=0.0054 | 1.3 ips ETA 2h41\r\n"}
,{"stream_name":"stdout","time":13755.107463607,"data":"  [health] WARN RND_dominates: ratio=373.1\r\n"}
,{"stream_name":"stdout","time":13755.107469257,"data":"  [health] WARN FATAL: RND_dominates persistent (consec=15)\r\n"}
,{"stream_name":"stdout","time":13792.916391941,"data":"  iter 17600/30000 [58.7%] | WM wm=18.14 rec=10.60 kl=7.12 rew=0.412 con=0.009 | AC act=-0.000 crit=2.338 pg=-0.000 H=1.19 | img ret=4.38 val=4.27 scale=66.51 p5=-0.21 p95=65.83 rnd_c=0.002 rnd_l=0.001 | r/step=0.0035 | 1.3 ips ETA 2h40\r\n"}
,{"stream_name":"stdout","time":13792.916418511,"data":"  [health] WARN RND_dominates: ratio=594.6\r\n"}
,{"stream_name":"stdout","time":13792.916423251,"data":"  [health] WARN FATAL: RND_dominates persistent (consec=16)\r\n"}
,{"stream_name":"stdout","time":13830.989400289,"data":"  iter 17650/30000 [58.8%] | WM wm=18.33 rec=11.34 kl=6.54 rew=0.437 con=0.004 | AC act=-0.001 crit=2.102 pg=-0.000 H=0.96 | img ret=11.16 val=11.00 scale=60.07 p5=-0.21 p95=59.93 rnd_c=0.002 rnd_l=0.001 | r/step=0.0108 | 1.3 ips ETA 2h39\r\n"}
,{"stream_name":"stdout","time":13830.989444099,"data":"  [health] WARN RND_dominates: ratio=161.9\r\n"}
,{"stream_name":"stdout","time":13830.989452789,"data":"  [health] WARN FATAL: RND_dominates persistent (consec=17)\r\n"}
,{"stream_name":"stdout","time":13868.526673032,"data":"  iter 17700/30000 [59.0%] | WM wm=20.11 rec=11.69 kl=7.99 rew=0.415 con=0.006 | AC act=0.000 crit=2.252 pg=0.000 H=1.06 | img ret=16.59 val=16.44 scale=67.80 p5=-0.19 p95=68.27 rnd_c=0.002 rnd_l=0.001 | r/step=0.0093 | 1.3 ips ETA 2h39\r\n"}
,{"stream_name":"stdout","time":13868.526703362,"data":"  [health] WARN RND_dominates: ratio=139.2\r\n"}
,{"stream_name":"stdout","time":13868.526708372,"data":"  [health] WARN FATAL: RND_dominates persistent (consec=18)\r\n"}
,{"stream_name":"stdout","time":13906.44778416,"data":"  iter 17750/30000 [59.2%] | WM wm=19.71 rec=12.03 kl=7.29 rew=0.382 con=0.007 | AC act=0.000 crit=2.186 pg=0.000 H=0.74 | img ret=19.35 val=19.14 scale=65.14 p5=-0.23 p95=65.63 rnd_c=0.002 rnd_l=0.001 | r/step=0.0086 | 1.3 ips ETA 2h38\r\n"}
,{"stream_name":"stdout","time":13906.447836291,"data":"  [health] WARN RND_dominates: ratio=238.9\r\n"}
,{"stream_name":"stdout","time":13906.447842431,"data":"  [health] WARN FATAL: RND_dominates persistent (consec=19)\r\n"}
,{"stream_name":"stdout","time":13944.315709112,"data":"  iter 17800/30000 [59.3%] | WM wm=22.75 rec=13.84 kl=8.49 rew=0.424 con=0.007 | AC act=0.001 crit=2.422 pg=0.001 H=0.89 | img ret=6.18 val=5.87 scale=62.43 p5=-0.20 p95=61.88 rnd_c=0.002 rnd_l=0.001 | r/step=0.0069 | 1.3 ips ETA 2h37\r\n"}
,{"stream_name":"stdout","time":13944.315741312,"data":"  [health] WARN RND_dominates: ratio=215.8\r\n"}
,{"stream_name":"stdout","time":13944.315746172,"data":"  [health] WARN FATAL: RND_dominates persistent (consec=20)\r\n"}
,{"stream_name":"stdout","time":13982.574211344,"data":"  iter 17850/30000 [59.5%] | WM wm=22.48 rec=13.78 kl=8.23 rew=0.458 con=0.006 | AC act=-0.001 crit=2.115 pg=-0.001 H=1.12 | img ret=13.63 val=13.55 scale=64.42 p5=-0.20 p95=64.67 rnd_c=0.002 rnd_l=0.001 | r/step=0.0118 | 1.3 ips ETA 2h37\r\n"}
,{"stream_name":"stdout","time":13982.574253264,"data":"  [health] WARN RND_dominates: ratio=223.5\r\n"}
,{"stream_name":"stdout","time":13982.574257073,"data":"  [health] WARN FATAL: RND_dominates persistent (consec=21)\r\n"}
,{"stream_name":"stdout","time":14020.489445021,"data":"  iter 17900/30000 [59.7%] | WM wm=21.12 rec=13.76 kl=6.93 rew=0.426 con=0.004 | AC act=0.001 crit=2.027 pg=0.002 H=1.24 | img ret=17.48 val=17.07 scale=60.18 p5=-0.23 p95=60.14 rnd_c=0.002 rnd_l=0.001 | r/step=0.0127 | 1.3 ips ETA 2h36\r\n"}
,{"stream_name":"stdout","time":14020.489478441,"data":"  [health] WARN RND_dominates: ratio=196.4\r\n"}
,{"stream_name":"stdout","time":14020.489490991,"data":"  [health] WARN FATAL: RND_dominates persistent (consec=22)\r\n"}
,{"stream_name":"stdout","time":14058.740215474,"data":"  iter 17950/30000 [59.8%] | WM wm=19.80 rec=12.99 kl=6.37 rew=0.432 con=0.008 | AC act=-0.001 crit=2.161 pg=-0.000 H=0.87 | img ret=20.49 val=20.48 scale=68.85 p5=-0.21 p95=68.91 rnd_c=0.002 rnd_l=0.001 | r/step=0.0063 | 1.3 ips ETA 2h35\r\n"}
,{"stream_name":"stdout","time":14058.740245914,"data":"  [health] WARN RND_dominates: ratio=265.7\r\n"}
,{"stream_name":"stdout","time":14058.740252074,"data":"  [health] WARN FATAL: RND_dominates persistent (consec=23)\r\n"}
,{"stream_name":"stdout","time":14096.374851409,"data":"  iter 18000/30000 [60.0%] | WM wm=18.13 rec=11.87 kl=5.92 rew=0.332 con=0.002 | AC act=-0.000 crit=2.398 pg=-0.000 H=0.70 | img ret=10.81 val=10.70 scale=67.75 p5=-0.19 p95=67.44 rnd_c=0.002 rnd_l=0.001 | r/step=0.0051 | 1.3 ips ETA 2h35\r\n"}
,{"stream_name":"stdout","time":14096.374886609,"data":"  [health] WARN RND_dominates: ratio=317.5\r\n"}
,{"stream_name":"stdout","time":14096.374891549,"data":"  [health] WARN FATAL: RND_dominates persistent (consec=24)\r\n"}
,{"stream_name":"stdout","time":14134.580718039,"data":"  iter 18050/30000 [60.2%] | WM wm=21.16 rec=14.06 kl=6.80 rew=0.296 con=0.005 | AC act=0.001 crit=2.285 pg=0.001 H=0.70 | img ret=17.50 val=16.74 scale=72.14 p5=-0.19 p95=72.09 rnd_c=0.002 rnd_l=0.001 | r/step=-0.0007 | 1.3 ips ETA 2h34\r\n"}
,{"stream_name":"stdout","time":14134.580753099,"data":"  [health] WARN RND_dominates: ratio=1232.7\r\n"}
,{"stream_name":"stdout","time":14134.580758069,"data":"  [health] WARN FATAL: RND_dominates persistent (consec=25)\r\n"}
,{"stream_name":"stdout","time":14172.313932253,"data":"  iter 18100/30000 [60.3%] | WM wm=24.58 rec=16.98 kl=7.23 rew=0.363 con=0.003 | AC act=0.001 crit=2.365 pg=0.001 H=1.04 | img ret=11.60 val=11.20 scale=73.39 p5=-0.21 p95=73.04 rnd_c=0.002 rnd_l=0.001 | r/step=0.0065 | 1.3 ips ETA 2h34\r\n"}
,{"stream_name":"stdout","time":14172.313964904,"data":"  [health] WARN RND_dominates: ratio=251.4\r\n"}
,{"stream_name":"stdout","time":14172.313970964,"data":"  [health] WARN FATAL: RND_dominates persistent (consec=26)\r\n"}
,{"stream_name":"stdout","time":14210.210216594,"data":"  iter 18150/30000 [60.5%] | WM wm=19.49 rec=12.01 kl=7.16 rew=0.311 con=0.010 | AC act=0.000 crit=2.351 pg=0.000 H=1.02 | img ret=12.74 val=12.44 scale=64.49 p5=-0.21 p95=64.59 rnd_c=0.002 rnd_l=0.001 | r/step=0.0059 | 1.3 ips ETA 2h33\r\n"}
,{"stream_name":"stdout","time":14210.210248944,"data":"  [health] WARN RND_dominates: ratio=310.9\r\n"}
,{"stream_name":"stdout","time":14210.210254864,"data":"  [health] WARN FATAL: RND_dominates persistent (consec=27)\r\n"}
,{"stream_name":"stdout","time":14247.856452076,"data":"  iter 18200/30000 [60.7%] | WM wm=17.81 rec=11.02 kl=6.40 rew=0.382 con=0.003 | AC act=-0.000 crit=2.156 pg=0.000 H=1.02 | img ret=22.12 val=22.03 scale=66.22 p5=-0.24 p95=67.14 rnd_c=0.002 rnd_l=0.001 | r/step=0.0026 | 1.3 ips ETA 2h32\r\n"}
,{"stream_name":"stdout","time":14247.856492846,"data":"  [health] WARN RND_dominates: ratio=872.0\r\n"}
,{"stream_name":"stdout","time":14247.856497406,"data":"  [health] WARN FATAL: RND_dominates persistent (consec=28)\r\n"}
,{"stream_name":"stdout","time":14285.785947648,"data":"  iter 18250/30000 [60.8%] | WM wm=18.59 rec=11.63 kl=6.65 rew=0.310 con=0.003 | AC act=0.002 crit=2.175 pg=0.002 H=0.78 | img ret=9.72 val=9.40 scale=69.70 p5=-0.22 p95=69.18 rnd_c=0.002 rnd_l=0.001 | r/step=0.0069 | 1.3 ips ETA 2h32\r\n"}
,{"stream_name":"stdout","time":14285.785996938,"data":"  [health] WARN RND_dominates: ratio=292.9\r\n"}
,{"stream_name":"stdout","time":14285.786003968,"data":"  [health] WARN FATAL: RND_dominates persistent (consec=29)\r\n"}
,{"stream_name":"stdout","time":14323.698124392,"data":"  iter 18300/30000 [61.0%] | WM wm=20.78 rec=12.28 kl=8.00 rew=0.494 con=0.004 | AC act=0.001 crit=2.066 pg=0.001 H=1.21 | img ret=19.08 val=18.64 scale=63.54 p5=-0.25 p95=64.33 rnd_c=0.002 rnd_l=0.001 | r/step=0.0053 | 1.3 ips ETA 2h31\r\n"}
,{"stream_name":"stdout","time":14323.698152672,"data":"  [health] WARN RND_dominates: ratio=234.4\r\n"}
,{"stream_name":"stdout","time":14323.698158842,"data":"  [health] WARN FATAL: RND_dominates persistent (consec=30)\r\n"}
,{"stream_name":"stdout","time":14362.171416311,"data":"  iter 18350/30000 [61.2%] | WM wm=18.65 rec=10.99 kl=7.24 rew=0.420 con=0.002 | AC act=0.001 crit=2.377 pg=0.002 H=1.00 | img ret=11.57 val=11.22 scale=62.65 p5=-0.26 p95=62.38 rnd_c=0.002 rnd_l=0.001 | r/step=0.0052 | 1.3 ips ETA 2h30\r\n"}
,{"stream_name":"stdout","time":14362.171450381,"data":"  [health] WARN RND_dominates: ratio=307.8\r\n"}
,{"stream_name":"stdout","time":14362.171455901,"data":"  [health] WARN FATAL: RND_dominates persistent (consec=31)\r\n"}
,{"stream_name":"stdout","time":14399.795868405,"data":"  iter 18400/30000 [61.3%] | WM wm=24.70 rec=16.45 kl=7.88 rew=0.382 con=0.002 | AC act=-0.000 crit=2.075 pg=0.000 H=1.11 | img ret=16.26 val=15.99 scale=61.03 p5=-0.29 p95=61.34 rnd_c=0.002 rnd_l=0.001 | r/step=0.0010 | 1.3 ips ETA 2h30\r\n"}
,{"stream_name":"stdout","time":14399.795902405,"data":"  [health] WARN RND_dominates: ratio=518.6\r\n"}
,{"stream_name":"stdout","time":14399.795908455,"data":"  [health] WARN FATAL: RND_dominates persistent (consec=32)\r\n"}
,{"stream_name":"stdout","time":14437.929221828,"data":"  iter 18450/30000 [61.5%] | WM wm=21.62 rec=12.88 kl=8.42 rew=0.301 con=0.009 | AC act=-0.001 crit=1.859 pg=-0.001 H=0.90 | img ret=19.39 val=19.30 scale=59.95 p5=-0.28 p95=59.82 rnd_c=0.002 rnd_l=0.001 | r/step=0.0043 | 1.3 ips ETA 2h29\r\n"}
,{"stream_name":"stdout","time":14437.929261437,"data":"  [health] WARN RND_dominates: ratio=469.5\r\n"}
,{"stream_name":"stdout","time":14437.929266477,"data":"  [health] WARN FATAL: RND_dominates persistent (consec=33)\r\n"}
,{"stream_name":"stdout","time":14475.976801246,"data":"  iter 18500/30000 [61.7%] | WM wm=21.84 rec=13.53 kl=7.94 rew=0.363 con=0.007 | AC act=-0.001 crit=2.171 pg=-0.001 H=1.33 | img ret=4.66 val=4.59 scale=59.27 p5=-0.29 p95=58.49 rnd_c=0.002 rnd_l=0.001 | r/step=0.0030 | 1.3 ips ETA 2h28\r\n"}
,{"stream_name":"stdout","time":14475.976834257,"data":"  [health] WARN RND_dominates: ratio=426.4\r\n"}
,{"stream_name":"stdout","time":14475.976840277,"data":"  [health] WARN FATAL: RND_dominates persistent (consec=34)\r\n"}
,{"stream_name":"stdout","time":14514.249445716,"data":"  iter 18550/30000 [61.8%] | WM wm=24.30 rec=15.44 kl=8.59 rew=0.270 con=0.010 | AC act=-0.002 crit=2.221 pg=-0.001 H=0.84 | img ret=10.89 val=11.08 scale=63.34 p5=-0.24 p95=63.42 rnd_c=0.002 rnd_l=0.001 | r/step=0.0097 | 1.3 ips ETA 2h28\r\n"}
,{"stream_name":"stdout","time":14514.249463816,"data":"  [health] WARN RND_dominates: ratio=269.5\r\n"}
,{"stream_name":"stdout","time":14514.249467756,"data":"  [health] WARN FATAL: RND_dominates persistent (consec=35)\r\n"}
,{"stream_name":"stdout","time":14552.078773859,"data":"  iter 18600/30000 [62.0%] | WM wm=23.81 rec=14.25 kl=9.08 rew=0.468 con=0.004 | AC act=0.001 crit=2.366 pg=0.001 H=0.91 | img ret=5.88 val=5.77 scale=55.86 p5=-0.27 p95=55.30 rnd_c=0.002 rnd_l=0.001 | r/step=0.0043 | 1.3 ips ETA 2h27\r\n"}
,{"stream_name":"stdout","time":14552.078815529,"data":"  [health] WARN RND_dominates: ratio=468.1\r\n"}
,{"stream_name":"stdout","time":14552.078820509,"data":"  [health] WARN FATAL: RND_dominates persistent (consec=36)\r\n"}
,{"stream_name":"stdout","time":14590.098065221,"data":"  iter 18650/30000 [62.2%] | WM wm=18.25 rec=11.01 kl=6.88 rew=0.359 con=0.007 | AC act=-0.001 crit=2.207 pg=-0.000 H=0.93 | img ret=9.21 val=9.01 scale=55.77 p5=-0.25 p95=55.79 rnd_c=0.002 rnd_l=0.001 | r/step=0.0064 | 1.3 ips ETA 2h26\r\n"}
,{"stream_name":"stdout","time":14590.098100461,"data":"  [health] WARN RND_dominates: ratio=246.4\r\n"}
,{"stream_name":"stdout","time":14590.098106291,"data":"  [health] WARN FATAL: RND_dominates persistent (consec=37)\r\n"}
,{"stream_name":"stdout","time":14627.883028006,"data":"  iter 18700/30000 [62.3%] | WM wm=14.84 rec=8.55 kl=5.86 rew=0.430 con=0.002 | AC act=-0.000 crit=2.165 pg=0.000 H=1.41 | img ret=11.88 val=11.89 scale=66.85 p5=-0.25 p95=67.65 rnd_c=0.002 rnd_l=0.001 | r/step=-0.0005 | 1.3 ips ETA 2h26\r\n"}
,{"stream_name":"stdout","time":14627.883056176,"data":"  [health] WARN RND_dominates: ratio=1194.1\r\n"}
,{"stream_name":"stdout","time":14627.883062346,"data":"  [health] WARN FATAL: RND_dominates persistent (consec=38)\r\n"}
,{"stream_name":"stdout","time":14665.70004754,"data":"  iter 18750/30000 [62.5%] | WM wm=21.28 rec=13.34 kl=7.53 rew=0.401 con=0.008 | AC act=0.001 crit=2.486 pg=0.001 H=0.88 | img ret=9.06 val=8.69 scale=61.99 p5=-0.22 p95=61.51 rnd_c=0.002 rnd_l=0.001 | r/step=0.0050 | 1.3 ips ETA 2h25\r\n"}
,{"stream_name":"stdout","time":14665.700080909,"data":"  [health] WARN RND_dominates: ratio=380.6\r\n"}
,{"stream_name":"stdout","time":14665.700086669,"data":"  [health] WARN FATAL: RND_dominates persistent (consec=39)\r\n"}
,{"stream_name":"stdout","time":14703.090237333,"data":"  iter 18800/30000 [62.7%] | WM wm=18.18 rec=10.96 kl=6.94 rew=0.279 con=0.002 | AC act=-0.001 crit=1.829 pg=-0.001 H=1.26 | img ret=5.88 val=5.91 scale=60.77 p5=-0.25 p95=60.26 rnd_c=0.002 rnd_l=0.001 | r/step=0.0094 | 1.3 ips ETA 2h24\r\n"}
,{"stream_name":"stdout","time":14703.090270833,"data":"  [health] WARN RND_dominates: ratio=263.2\r\n"}
,{"stream_name":"stdout","time":14703.090277083,"data":"  [health] WARN FATAL: RND_dominates persistent (consec=40)\r\n"}
,{"stream_name":"stdout","time":14741.155715981,"data":"  iter 18850/30000 [62.8%] | WM wm=19.30 rec=11.60 kl=7.33 rew=0.360 con=0.012 | AC act=-0.001 crit=2.285 pg=-0.001 H=0.86 | img ret=5.36 val=5.31 scale=64.82 p5=-0.22 p95=64.16 rnd_c=0.002 rnd_l=0.001 | r/step=0.0004 | 1.3 ips ETA 2h24\r\n"}
,{"stream_name":"stdout","time":14741.155748041,"data":"  [health] WARN RND_dominates: ratio=1069.9\r\n"}
,{"stream_name":"stdout","time":14741.155753991,"data":"  [health] WARN FATAL: RND_dominates persistent (consec=41)\r\n"}
,{"stream_name":"stdout","time":14779.228900389,"data":"  iter 18900/30000 [63.0%] | WM wm=20.83 rec=12.30 kl=8.17 rew=0.358 con=0.003 | AC act=0.001 crit=2.409 pg=0.001 H=1.08 | img ret=5.07 val=4.78 scale=62.64 p5=-0.21 p95=62.18 rnd_c=0.002 rnd_l=0.001 | r/step=0.0055 | 1.3 ips ETA 2h23\r\n"}
,{"stream_name":"stdout","time":14779.228934729,"data":"  [health] WARN RND_dominates: ratio=392.4\r\n"}
,{"stream_name":"stdout","time":14779.228940849,"data":"  [health] WARN FATAL: RND_dominates persistent (consec=42)\r\n"}
,{"stream_name":"stdout","time":14817.151274791,"data":"  iter 18950/30000 [63.2%] | WM wm=21.00 rec=12.83 kl=7.76 rew=0.409 con=0.003 | AC act=0.001 crit=2.525 pg=0.001 H=1.22 | img ret=2.12 val=2.11 scale=61.58 p5=-0.22 p95=60.84 rnd_c=0.002 rnd_l=0.001 | r/step=0.0057 | 1.3 ips ETA 2h22\r\n"}
,{"stream_name":"stdout","time":14817.151314451,"data":"  [health] WARN RND_dominates: ratio=411.2\r\n"}
,{"stream_name":"stdout","time":14817.151319041,"data":"  [health] WARN FATAL: RND_dominates persistent (consec=43)\r\n"}
,{"stream_name":"stdout","time":14854.527436296,"data":"  iter 19000/30000 [63.3%] | WM wm=19.30 rec=11.01 kl=7.88 rew=0.400 con=0.012 | AC act=-0.002 crit=2.634 pg=-0.001 H=1.14 | img ret=4.49 val=4.17 scale=56.58 p5=-0.22 p95=55.99 rnd_c=0.002 rnd_l=0.001 | r/step=0.0067 | 1.3 ips ETA 2h22\r\n"}
,{"stream_name":"stdout","time":14854.527469687,"data":"  [health] WARN RND_dominates: ratio=240.4\r\n"}
,{"stream_name":"stdout","time":14854.527475887,"data":"  [health] WARN FATAL: RND_dominates persistent (consec=44)\r\n"}
,{"stream_name":"stdout","time":14892.922300038,"data":"  iter 19050/30000 [63.5%] | WM wm=22.17 rec=13.50 kl=8.25 rew=0.408 con=0.011 | AC act=-0.001 crit=2.508 pg=-0.001 H=1.25 | img ret=7.16 val=6.98 scale=56.86 p5=-0.20 p95=56.66 rnd_c=0.002 rnd_l=0.001 | r/step=0.0003 | 1.3 ips ETA 2h21\r\n"}
,{"stream_name":"stdout","time":14892.922337178,"data":"  [health] WARN RND_dominates: ratio=426.0\r\n"}
,{"stream_name":"stdout","time":14892.922343348,"data":"  [health] WARN FATAL: RND_dominates persistent (consec=45)\r\n"}
,{"stream_name":"stdout","time":14930.910161172,"data":"  iter 19100/30000 [63.7%] | WM wm=21.41 rec=13.17 kl=7.87 rew=0.363 con=0.003 | AC act=0.001 crit=2.324 pg=0.002 H=1.15 | img ret=17.36 val=16.74 scale=61.39 p5=-0.23 p95=61.73 rnd_c=0.002 rnd_l=0.001 | r/step=0.0045 | 1.3 ips ETA 2h20\r\n"}
,{"stream_name":"stdout","time":14930.910201492,"data":"  [health] WARN RND_dominates: ratio=258.5\r\n"}
,{"stream_name":"stdout","time":14930.910206922,"data":"  [health] WARN FATAL: RND_dominates persistent (consec=46)\r\n"}
,{"stream_name":"stdout","time":14968.995373485,"data":"  iter 19150/30000 [63.8%] | WM wm=20.67 rec=12.42 kl=7.92 rew=0.325 con=0.002 | AC act=-0.001 crit=2.425 pg=-0.001 H=1.04 | img ret=6.02 val=6.23 scale=63.27 p5=-0.20 p95=62.66 rnd_c=0.002 rnd_l=0.001 | r/step=0.0033 | 1.3 ips ETA 2h20\r\n"}
,{"stream_name":"stdout","time":14968.995405625,"data":"  [health] WARN RND_dominates: ratio=663.8\r\n"}
,{"stream_name":"stdout","time":14968.995411915,"data":"  [health] WARN FATAL: RND_dominates persistent (consec=47)\r\n"}
,{"stream_name":"stdout","time":15006.64747371,"data":"  iter 19200/30000 [64.0%] | WM wm=20.04 rec=12.33 kl=7.44 rew=0.271 con=0.005 | AC act=-0.001 crit=2.180 pg=-0.000 H=1.16 | img ret=10.50 val=10.42 scale=60.54 p5=-0.22 p95=60.25 rnd_c=0.002 rnd_l=0.001 | r/step=0.0064 | 1.3 ips ETA 2h19\r\n"}
,{"stream_name":"stdout","time":15006.64751073,"data":"  [health] WARN RND_dominates: ratio=296.0\r\n"}
,{"stream_name":"stdout","time":15006.64751702,"data":"  [health] WARN FATAL: RND_dominates persistent (consec=48)\r\n"}
,{"stream_name":"stdout","time":15044.535679718,"data":"  iter 19250/30000 [64.2%] | WM wm=17.01 rec=10.33 kl=6.26 rew=0.419 con=0.005 | AC act=0.001 crit=2.064 pg=0.001 H=1.23 | img ret=13.86 val=13.58 scale=62.19 p5=-0.20 p95=62.16 rnd_c=0.002 rnd_l=0.001 | r/step=-0.0016 | 1.3 ips ETA 2h18\r\n"}
,{"stream_name":"stdout","time":15082.210075037,"data":"  iter 19300/30000 [64.3%] | WM wm=20.76 rec=12.95 kl=7.45 rew=0.348 con=0.008 | AC act=-0.002 crit=2.452 pg=-0.002 H=1.07 | img ret=11.08 val=11.00 scale=61.77 p5=-0.22 p95=61.54 rnd_c=0.002 rnd_l=0.001 | r/step=0.0038 | 1.3 ips ETA 2h18\r\n"}
,{"stream_name":"stdout","time":15082.210106607,"data":"  [health] WARN RND_dominates: ratio=379.9\r\n"}
,{"stream_name":"stdout","time":15120.180906976,"data":"  iter 19350/30000 [64.5%] | WM wm=17.30 rec=10.79 kl=5.95 rew=0.552 con=0.010 | AC act=0.001 crit=2.111 pg=0.001 H=0.87 | img ret=16.39 val=16.04 scale=59.19 p5=-0.21 p95=59.02 rnd_c=0.002 rnd_l=0.001 | r/step=0.0021 | 1.3 ips ETA 2h17\r\n"}
,{"stream_name":"stdout","time":15120.180949316,"data":"  [health] WARN RND_dominates: ratio=1124.1\r\n"}
,{"stream_name":"stdout","time":15157.929075359,"data":"  iter 19400/30000 [64.7%] | WM wm=21.34 rec=13.92 kl=7.09 rew=0.328 con=0.003 | AC act=-0.001 crit=2.284 pg=-0.001 H=1.03 | img ret=7.36 val=7.35 scale=58.02 p5=-0.21 p95=57.64 rnd_c=0.002 rnd_l=0.001 | r/step=0.0105 | 1.3 ips ETA 2h16\r\n"}
,{"stream_name":"stdout","time":15157.929107079,"data":"  [health] WARN RND_dominates: ratio=239.5\r\n"}
,{"stream_name":"stdout","time":15195.534744933,"data":"  iter 19450/30000 [64.8%] | WM wm=17.04 rec=9.78 kl=6.88 rew=0.375 con=0.004 | AC act=-0.001 crit=2.018 pg=-0.001 H=1.44 | img ret=12.48 val=12.35 scale=60.92 p5=-0.21 p95=61.43 rnd_c=0.002 rnd_l=0.001 | r/step=0.0070 | 1.3 ips ETA 2h16\r\n"}
,{"stream_name":"stdout","time":15195.534777264,"data":"  [health] WARN RND_dominates: ratio=364.0\r\n"}
,{"stream_name":"stdout","time":15233.210766332,"data":"  iter 19500/30000 [65.0%] | WM wm=23.20 rec=15.05 kl=7.84 rew=0.304 con=0.003 | AC act=0.000 crit=2.526 pg=0.001 H=1.09 | img ret=9.85 val=9.66 scale=55.93 p5=-0.22 p95=55.35 rnd_c=0.002 rnd_l=0.001 | r/step=0.0058 | 1.3 ips ETA 2h15\r\n"}
,{"stream_name":"stdout","time":15233.210799872,"data":"  [health] WARN RND_dominates: ratio=287.1\r\n"}
,{"stream_name":"stdout","time":15233.210805972,"data":"  [health] WARN FATAL: RND_dominates persistent (consec=5)\r\n"}
,{"stream_name":"stdout","time":15271.541042855,"data":"  iter 19550/30000 [65.2%] | WM wm=19.34 rec=11.76 kl=7.02 rew=0.550 con=0.005 | AC act=0.002 crit=2.557 pg=0.002 H=0.85 | img ret=11.77 val=11.81 scale=57.52 p5=-0.24 p95=57.70 rnd_c=0.002 rnd_l=0.001 | r/step=0.0065 | 1.3 ips ETA 2h15\r\n"}
,{"stream_name":"stdout","time":15271.541074135,"data":"  [health] WARN RND_dominates: ratio=340.2\r\n"}
,{"stream_name":"stdout","time":15271.541080265,"data":"  [health] WARN FATAL: RND_dominates persistent (consec=6)\r\n"}
,{"stream_name":"stdout","time":15309.177232896,"data":"  iter 19600/30000 [65.3%] | WM wm=20.24 rec=12.13 kl=7.89 rew=0.210 con=0.006 | AC act=-0.000 crit=2.239 pg=0.000 H=1.12 | img ret=7.16 val=6.96 scale=63.58 p5=-0.24 p95=63.26 rnd_c=0.002 rnd_l=0.001 | r/step=0.0008 | 1.3 ips ETA 2h14\r\n"}
,{"stream_name":"stdout","time":15309.177265156,"data":"  [health] WARN RND_dominates: ratio=631.7\r\n"}
,{"stream_name":"stdout","time":15309.177271166,"data":"  [health] WARN FATAL: RND_dominates persistent (consec=7)\r\n"}
,{"stream_name":"stdout","time":15346.891581762,"data":"  iter 19650/30000 [65.5%] | WM wm=18.32 rec=11.38 kl=6.57 rew=0.370 con=0.003 | AC act=0.002 crit=2.500 pg=0.002 H=1.07 | img ret=4.33 val=3.94 scale=63.77 p5=-0.24 p95=63.06 rnd_c=0.002 rnd_l=0.001 | r/step=0.0078 | 1.3 ips ETA 2h13\r\n"}
,{"stream_name":"stdout","time":15346.891614082,"data":"  [health] WARN RND_dominates: ratio=302.0\r\n"}
,{"stream_name":"stdout","time":15346.891620652,"data":"  [health] WARN FATAL: RND_dominates persistent (consec=8)\r\n"}
,{"stream_name":"stdout","time":15385.05833611,"data":"  iter 19700/30000 [65.7%] | WM wm=20.65 rec=12.56 kl=7.65 rew=0.419 con=0.010 | AC act=0.001 crit=1.976 pg=0.002 H=1.12 | img ret=17.27 val=16.63 scale=58.00 p5=-0.25 p95=58.10 rnd_c=0.002 rnd_l=0.001 | r/step=0.0066 | 1.3 ips ETA 2h13\r\n"}
,{"stream_name":"stdout","time":15385.058367659,"data":"  [health] WARN RND_dominates: ratio=244.4\r\n"}
,{"stream_name":"stdout","time":15385.05837329,"data":"  [health] WARN FATAL: RND_dominates persistent (consec=9)\r\n"}
,{"stream_name":"stdout","time":15422.618973918,"data":"  iter 19750/30000 [65.8%] | WM wm=15.92 rec=9.08 kl=6.36 rew=0.477 con=0.006 | AC act=-0.000 crit=2.205 pg=0.000 H=1.26 | img ret=1.64 val=1.61 scale=61.19 p5=-0.24 p95=60.40 rnd_c=0.002 rnd_l=0.001 | r/step=0.0133 | 1.3 ips ETA 2h12\r\n"}
,{"stream_name":"stdout","time":15422.619031218,"data":"  [health] WARN RND_dominates: ratio=132.2\r\n"}
,{"stream_name":"stdout","time":15422.619035268,"data":"  [health] WARN FATAL: RND_dominates persistent (consec=10)\r\n"}
,{"stream_name":"stdout","time":15460.561192969,"data":"  iter 19800/30000 [66.0%] | WM wm=25.83 rec=17.75 kl=7.77 rew=0.308 con=0.007 | AC act=0.000 crit=2.245 pg=0.000 H=1.26 | img ret=3.58 val=3.25 scale=64.36 p5=-0.27 p95=63.61 rnd_c=0.002 rnd_l=0.001 | r/step=0.0040 | 1.3 ips ETA 2h11\r\n"}
,{"stream_name":"stdout","time":15460.561226899,"data":"  [health] WARN RND_dominates: ratio=361.4\r\n"}
,{"stream_name":"stdout","time":15460.561232639,"data":"  [health] WARN FATAL: RND_dominates persistent (consec=11)\r\n"}
,{"stream_name":"stdout","time":15498.098848748,"data":"  iter 19850/30000 [66.2%] | WM wm=17.50 rec=11.04 kl=6.14 rew=0.321 con=0.007 | AC act=-0.000 crit=2.266 pg=-0.000 H=1.01 | img ret=9.08 val=9.08 scale=58.92 p5=-0.22 p95=59.08 rnd_c=0.002 rnd_l=0.001 | r/step=0.0065 | 1.3 ips ETA 2h11\r\n"}
,{"stream_name":"stdout","time":15498.098881848,"data":"  [health] WARN RND_dominates: ratio=354.2\r\n"}
,{"stream_name":"stdout","time":15498.098887988,"data":"  [health] WARN FATAL: RND_dominates persistent (consec=12)\r\n"}
,{"stream_name":"stdout","time":15535.986561251,"data":"  iter 19900/30000 [66.3%] | WM wm=17.10 rec=10.20 kl=6.58 rew=0.312 con=0.001 | AC act=-0.001 crit=2.236 pg=-0.000 H=1.13 | img ret=4.81 val=4.67 scale=59.71 p5=-0.26 p95=59.18 rnd_c=0.002 rnd_l=0.001 | r/step=0.0032 | 1.3 ips ETA 2h10\r\n"}
,{"stream_name":"stdout","time":15535.986588311,"data":"  [health] WARN RND_dominates: ratio=445.6\r\n"}
,{"stream_name":"stdout","time":15535.986594311,"data":"  [health] WARN FATAL: RND_dominates persistent (consec=13)\r\n"}
,{"stream_name":"stdout","time":15574.035436248,"data":"  iter 19950/30000 [66.5%] | WM wm=16.60 rec=10.25 kl=5.90 rew=0.439 con=0.007 | AC act=0.002 crit=2.349 pg=0.003 H=0.95 | img ret=8.50 val=7.73 scale=61.86 p5=-0.25 p95=61.53 rnd_c=0.002 rnd_l=0.001 | r/step=0.0105 | 1.3 ips ETA 2h09\r\n"}
,{"stream_name":"stdout","time":15574.035471479,"data":"  [health] WARN RND_dominates: ratio=233.7\r\n"}
,{"stream_name":"stdout","time":15574.035476499,"data":"  [health] WARN FATAL: RND_dominates persistent (consec=14)\r\n"}
,{"stream_name":"stdout","time":15612.101620594,"data":"  iter 20000/30000 [66.7%] | WM wm=23.15 rec=14.36 kl=8.36 rew=0.417 con=0.008 | AC act=-0.000 crit=2.090 pg=-0.000 H=1.19 | img ret=8.92 val=8.83 scale=58.55 p5=-0.23 p95=58.42 rnd_c=0.002 rnd_l=0.001 | r/step=0.0028 | 1.3 ips ETA 2h09\r\n"}
,{"stream_name":"stdout","time":15612.101652124,"data":"  [health] WARN RND_dominates: ratio=729.9\r\n"}
,{"stream_name":"stdout","time":15612.101657934,"data":"  [health] WARN FATAL: RND_dominates persistent (consec=15)\r\n"}
,{"stream_name":"stdout","time":15649.86470144,"data":"  \u003e\u003e\u003e EVAL @ iter 20000 : score=-0.10  length=190  achievements=0.80 ↓  sample=1.00  (best=1.90 @5000)  crafter_score=1.03% [3398 train eps]\r\n"}
,{"stream_name":"stdout","time":15649.86474556,"data":"      unlocked (1/22): wake_up=80%\r\n"}
,{"stream_name":"stdout","time":15660.845327871,"data":"  Checkpoint saved : dreamer_crafter_jax_v36-tpu-75m-rnd_iter020000.npz\r\n"}
,{"stream_name":"stdout","time":15698.655361323,"data":"  iter 20050/30000 [66.8%] | WM wm=18.11 rec=10.61 kl=7.11 rew=0.366 con=0.019 | AC act=-0.002 crit=2.053 pg=-0.001 H=0.73 | img ret=14.26 val=13.97 scale=56.78 p5=-0.21 p95=56.61 rnd_c=0.002 rnd_l=0.001 | r/step=0.0054 | 1.3 ips ETA 2h08\r\n"}
,{"stream_name":"stdout","time":15698.655394053,"data":"  [health] WARN RND_dominates: ratio=361.4\r\n"}
,{"stream_name":"stdout","time":15698.655400063,"data":"  [health] WARN FATAL: RND_dominates persistent (consec=16)\r\n"}
,{"stream_name":"stdout","time":15736.624221885,"data":"  iter 20100/30000 [67.0%] | WM wm=19.80 rec=12.36 kl=7.20 rew=0.235 con=0.001 | AC act=-0.001 crit=2.019 pg=-0.000 H=0.98 | img ret=15.36 val=15.16 scale=58.95 p5=-0.24 p95=59.73 rnd_c=0.002 rnd_l=0.001 | r/step=0.0106 | 1.3 ips ETA 2h08\r\n"}
,{"stream_name":"stdout","time":15736.624255265,"data":"  [health] WARN RND_dominates: ratio=223.7\r\n"}
,{"stream_name":"stdout","time":15736.624260665,"data":"  [health] WARN FATAL: RND_dominates persistent (consec=17)\r\n"}
,{"stream_name":"stdout","time":15774.371259035,"data":"  iter 20150/30000 [67.2%] | WM wm=22.79 rec=14.14 kl=8.34 rew=0.316 con=0.002 | AC act=-0.000 crit=2.276 pg=-0.000 H=0.99 | img ret=13.13 val=12.93 scale=58.25 p5=-0.24 p95=58.10 rnd_c=0.002 rnd_l=0.001 | r/step=0.0081 | 1.3 ips ETA 2h07\r\n"}
,{"stream_name":"stdout","time":15774.371291595,"data":"  [health] WARN RND_dominates: ratio=252.7\r\n"}
,{"stream_name":"stdout","time":15774.371296455,"data":"  [health] WARN FATAL: RND_dominates persistent (consec=18)\r\n"}
,{"stream_name":"stdout","time":15812.020537523,"data":"  iter 20200/30000 [67.3%] | WM wm=18.24 rec=11.24 kl=6.50 rew=0.494 con=0.009 | AC act=0.001 crit=2.199 pg=0.001 H=0.78 | img ret=11.55 val=11.28 scale=61.54 p5=-0.27 p95=61.13 rnd_c=0.002 rnd_l=0.001 | r/step=0.0075 | 1.3 ips ETA 2h06\r\n"}
,{"stream_name":"stdout","time":15812.020595053,"data":"  [health] WARN RND_dominates: ratio=270.5\r\n"}
,{"stream_name":"stdout","time":15812.020600503,"data":"  [health] WARN FATAL: RND_dominates persistent (consec=19)\r\n"}
,{"stream_name":"stdout","time":15849.812292616,"data":"  iter 20250/30000 [67.5%] | WM wm=20.72 rec=13.31 kl=7.06 rew=0.351 con=0.006 | AC act=0.001 crit=2.153 pg=0.001 H=1.16 | img ret=4.62 val=4.46 scale=56.85 p5=-0.28 p95=56.22 rnd_c=0.002 rnd_l=0.001 | r/step=0.0067 | 1.3 ips ETA 2h06\r\n"}
,{"stream_name":"stdout","time":15849.812334626,"data":"  [health] WARN RND_dominates: ratio=186.2\r\n"}
,{"stream_name":"stdout","time":15849.812340606,"data":"  [health] WARN FATAL: RND_dominates persistent (consec=20)\r\n"}
,{"stream_name":"stdout","time":15887.313237617,"data":"  iter 20300/30000 [67.7%] | WM wm=17.51 rec=9.99 kl=7.05 rew=0.463 con=0.009 | AC act=-0.000 crit=2.033 pg=0.000 H=0.99 | img ret=19.60 val=19.21 scale=59.76 p5=-0.27 p95=59.90 rnd_c=0.002 rnd_l=0.001 | r/step=0.0036 | 1.3 ips ETA 2h05\r\n"}
,{"stream_name":"stdout","time":15887.313274697,"data":"  [health] WARN RND_dominates: ratio=485.0\r\n"}
,{"stream_name":"stdout","time":15887.313281557,"data":"  [health] WARN FATAL: RND_dominates persistent (consec=21)\r\n"}
,{"stream_name":"stdout","time":15925.068881811,"data":"  iter 20350/30000 [67.8%] | WM wm=18.10 rec=11.45 kl=6.26 rew=0.380 con=0.004 | AC act=-0.001 crit=2.111 pg=-0.000 H=1.15 | img ret=9.44 val=9.45 scale=58.59 p5=-0.27 p95=58.44 rnd_c=0.002 rnd_l=0.001 | r/step=0.0056 | 1.3 ips ETA 2h04\r\n"}
,{"stream_name":"stdout","time":15925.068912271,"data":"  [health] WARN RND_dominates: ratio=292.5\r\n"}
,{"stream_name":"stdout","time":15925.068917871,"data":"  [health] WARN FATAL: RND_dominates persistent (consec=22)\r\n"}
,{"stream_name":"stdout","time":15962.725713603,"data":"  iter 20400/30000 [68.0%] | WM wm=22.07 rec=13.72 kl=7.95 rew=0.378 con=0.014 | AC act=-0.001 crit=2.029 pg=-0.001 H=1.32 | img ret=13.01 val=12.88 scale=64.70 p5=-0.27 p95=64.74 rnd_c=0.002 rnd_l=0.001 | r/step=0.0070 | 1.3 ips ETA 2h04\r\n"}
,{"stream_name":"stdout","time":15962.725742603,"data":"  [health] WARN RND_dominates: ratio=284.4\r\n"}
,{"stream_name":"stdout","time":15962.725747554,"data":"  [health] WARN FATAL: RND_dominates persistent (consec=23)\r\n"}
,{"stream_name":"stdout","time":16000.337600074,"data":"  iter 20450/30000 [68.2%] | WM wm=20.60 rec=12.26 kl=7.92 rew=0.405 con=0.008 | AC act=-0.001 crit=2.240 pg=-0.000 H=1.32 | img ret=3.70 val=3.61 scale=62.09 p5=-0.27 p95=61.49 rnd_c=0.002 rnd_l=0.001 | r/step=0.0071 | 1.3 ips ETA 2h03\r\n"}
,{"stream_name":"stdout","time":16000.337643494,"data":"  [health] WARN RND_dominates: ratio=227.5\r\n"}
,{"stream_name":"stdout","time":16000.337647844,"data":"  [health] WARN FATAL: RND_dominates persistent (consec=24)\r\n"}
,{"stream_name":"stdout","time":16038.356051922,"data":"  iter 20500/30000 [68.3%] | WM wm=19.26 rec=11.58 kl=7.31 rew=0.369 con=0.004 | AC act=-0.000 crit=2.283 pg=0.000 H=0.78 | img ret=11.06 val=10.77 scale=60.42 p5=-0.26 p95=60.14 rnd_c=0.002 rnd_l=0.001 | r/step=0.0040 | 1.3 ips ETA 2h02\r\n"}
,{"stream_name":"stdout","time":16038.356082353,"data":"  [health] WARN RND_dominates: ratio=320.2\r\n"}
,{"stream_name":"stdout","time":16038.356088033,"data":"  [health] WARN FATAL: RND_dominates persistent (consec=25)\r\n"}
,{"stream_name":"stdout","time":16075.965641144,"data":"  iter 20550/30000 [68.5%] | WM wm=15.21 rec=9.12 kl=5.72 rew=0.372 con=0.006 | AC act=-0.000 crit=2.204 pg=0.000 H=1.39 | img ret=6.12 val=6.01 scale=62.10 p5=-0.25 p95=61.91 rnd_c=0.002 rnd_l=0.001 | r/step=0.0022 | 1.3 ips ETA 2h02\r\n"}
,{"stream_name":"stdout","time":16075.965672244,"data":"  [health] WARN RND_dominates: ratio=560.4\r\n"}
,{"stream_name":"stdout","time":16075.965677114,"data":"  [health] WARN FATAL: RND_dominates persistent (consec=26)\r\n"}
,{"stream_name":"stdout","time":16113.440860923,"data":"  iter 20600/30000 [68.7%] | WM wm=20.43 rec=12.39 kl=7.69 rew=0.342 con=0.004 | AC act=-0.001 crit=2.340 pg=-0.000 H=1.05 | img ret=8.45 val=8.54 scale=59.23 p5=-0.29 p95=58.81 rnd_c=0.002 rnd_l=0.001 | r/step=0.0098 | 1.3 ips ETA 2h01\r\n"}
,{"stream_name":"stdout","time":16113.440898743,"data":"  [health] WARN RND_dominates: ratio=242.6\r\n"}
,{"stream_name":"stdout","time":16113.440905523,"data":"  [health] WARN FATAL: RND_dominates persistent (consec=27)\r\n"}
,{"stream_name":"stdout","time":16151.05003549,"data":"  iter 20650/30000 [68.8%] | WM wm=24.18 rec=15.32 kl=8.52 rew=0.331 con=0.003 | AC act=0.001 crit=2.386 pg=0.001 H=1.36 | img ret=6.61 val=6.49 scale=61.44 p5=-0.27 p95=60.93 rnd_c=0.002 rnd_l=0.001 | r/step=0.0077 | 1.3 ips ETA 2h01\r\n"}
,{"stream_name":"stdout","time":16151.05006798,"data":"  [health] WARN RND_dominates: ratio=225.1\r\n"}
,{"stream_name":"stdout","time":16151.05007397,"data":"  [health] WARN FATAL: RND_dominates persistent (consec=28)\r\n"}
,{"stream_name":"stdout","time":16188.683140141,"data":"  iter 20700/30000 [69.0%] | WM wm=19.84 rec=11.83 kl=7.71 rew=0.296 con=0.006 | AC act=-0.000 crit=2.144 pg=-0.000 H=1.16 | img ret=6.78 val=6.55 scale=60.48 p5=-0.26 p95=59.96 rnd_c=0.002 rnd_l=0.001 | r/step=0.0093 | 1.3 ips ETA 2h00\r\n"}
,{"stream_name":"stdout","time":16188.683171311,"data":"  [health] WARN RND_dominates: ratio=198.9\r\n"}
,{"stream_name":"stdout","time":16188.683175941,"data":"  [health] WARN FATAL: RND_dominates persistent (consec=29)\r\n"}
,{"stream_name":"stdout","time":16226.24402095,"data":"  iter 20750/30000 [69.2%] | WM wm=17.71 rec=10.22 kl=6.99 rew=0.492 con=0.007 | AC act=-0.001 crit=2.007 pg=-0.001 H=1.67 | img ret=4.31 val=4.25 scale=56.23 p5=-0.26 p95=55.82 rnd_c=0.002 rnd_l=0.001 | r/step=0.0047 | 1.3 ips ETA 1h59\r\n"}
,{"stream_name":"stdout","time":16226.24405357,"data":"  [health] WARN RND_dominates: ratio=298.5\r\n"}
,{"stream_name":"stdout","time":16226.24405849,"data":"  [health] WARN FATAL: RND_dominates persistent (consec=30)\r\n"}
,{"stream_name":"stdout","time":16263.620196217,"data":"  iter 20800/30000 [69.3%] | WM wm=18.79 rec=11.01 kl=7.55 rew=0.228 con=0.007 | AC act=0.001 crit=2.087 pg=0.001 H=1.03 | img ret=13.22 val=12.97 scale=57.49 p5=-0.25 p95=57.89 rnd_c=0.002 rnd_l=0.001 | r/step=0.0074 | 1.3 ips ETA 1h59\r\n"}
,{"stream_name":"stdout","time":16263.620244577,"data":"  [health] WARN RND_dominates: ratio=150.4\r\n"}
,{"stream_name":"stdout","time":16263.620259507,"data":"  [health] WARN FATAL: RND_dominates persistent (consec=31)\r\n"}
,{"stream_name":"stdout","time":16301.52995652,"data":"  iter 20850/30000 [69.5%] | WM wm=18.82 rec=10.09 kl=8.41 rew=0.315 con=0.006 | AC act=0.000 crit=2.172 pg=0.001 H=0.88 | img ret=14.42 val=14.06 scale=57.28 p5=-0.25 p95=57.96 rnd_c=0.002 rnd_l=0.001 | r/step=0.0017 | 1.3 ips ETA 1h58\r\n"}
,{"stream_name":"stdout","time":16301.53001885,"data":"  [health] WARN RND_dominates: ratio=175.6\r\n"}
,{"stream_name":"stdout","time":16301.53002687,"data":"  [health] WARN FATAL: RND_dominates persistent (consec=32)\r\n"}
,{"stream_name":"stdout","time":16339.07776591,"data":"  iter 20900/30000 [69.7%] | WM wm=19.95 rec=12.34 kl=7.28 rew=0.320 con=0.008 | AC act=0.001 crit=2.460 pg=0.001 H=0.88 | img ret=12.01 val=11.58 scale=57.35 p5=-0.24 p95=57.28 rnd_c=0.002 rnd_l=0.001 | r/step=0.0072 | 1.3 ips ETA 1h57\r\n"}
,{"stream_name":"stdout","time":16339.07779846,"data":"  [health] WARN RND_dominates: ratio=154.3\r\n"}
,{"stream_name":"stdout","time":16339.0778041,"data":"  [health] WARN FATAL: RND_dominates persistent (consec=33)\r\n"}
,{"stream_name":"stdout","time":16376.648029272,"data":"  iter 20950/30000 [69.8%] | WM wm=21.39 rec=14.00 kl=7.04 rew=0.347 con=0.003 | AC act=-0.000 crit=2.453 pg=-0.000 H=0.98 | img ret=4.10 val=4.08 scale=55.18 p5=-0.24 p95=54.58 rnd_c=0.002 rnd_l=0.001 | r/step=0.0078 | 1.3 ips ETA 1h57\r\n"}
,{"stream_name":"stdout","time":16376.648070672,"data":"  [health] WARN RND_dominates: ratio=162.3\r\n"}
,{"stream_name":"stdout","time":16376.648077252,"data":"  [health] WARN FATAL: RND_dominates persistent (consec=34)\r\n"}
,{"stream_name":"stdout","time":16414.267976971,"data":"  iter 21000/30000 [70.0%] | WM wm=22.35 rec=14.08 kl=7.89 rew=0.373 con=0.003 | AC act=-0.000 crit=2.449 pg=0.000 H=1.21 | img ret=4.13 val=3.87 scale=59.15 p5=-0.26 p95=58.50 rnd_c=0.002 rnd_l=0.001 | r/step=0.0057 | 1.3 ips ETA 1h56\r\n"}
,{"stream_name":"stdout","time":16414.268048151,"data":"  [health] WARN RND_dominates: ratio=195.2\r\n"}
,{"stream_name":"stdout","time":16414.268053941,"data":"  [health] WARN FATAL: RND_dominates persistent (consec=35)\r\n"}
,{"stream_name":"stdout","time":16451.800729291,"data":"  iter 21050/30000 [70.2%] | WM wm=22.09 rec=13.71 kl=8.05 rew=0.309 con=0.014 | AC act=0.001 crit=2.318 pg=0.001 H=0.73 | img ret=14.81 val=14.54 scale=59.99 p5=-0.24 p95=60.21 rnd_c=0.002 rnd_l=0.001 | r/step=0.0106 | 1.3 ips ETA 1h55\r\n"}
,{"stream_name":"stdout","time":16451.800763291,"data":"  [health] WARN RND_dominates: ratio=141.5\r\n"}
,{"stream_name":"stdout","time":16451.800769321,"data":"  [health] WARN FATAL: RND_dominates persistent (consec=36)\r\n"}
,{"stream_name":"stdout","time":16489.231650839,"data":"  iter 21100/30000 [70.3%] | WM wm=18.76 rec=11.14 kl=7.39 rew=0.233 con=0.002 | AC act=-0.001 crit=2.049 pg=-0.000 H=0.96 | img ret=10.05 val=9.88 scale=59.69 p5=-0.24 p95=59.79 rnd_c=0.002 rnd_l=0.001 | r/step=0.0062 | 1.3 ips ETA 1h55\r\n"}
,{"stream_name":"stdout","time":16489.231681239,"data":"  [health] WARN RND_dominates: ratio=256.9\r\n"}
,{"stream_name":"stdout","time":16489.231686879,"data":"  [health] WARN FATAL: RND_dominates persistent (consec=37)\r\n"}
,{"stream_name":"stdout","time":16527.079528247,"data":"  iter 21150/30000 [70.5%] | WM wm=15.90 rec=9.30 kl=6.22 rew=0.377 con=0.001 | AC act=0.001 crit=2.245 pg=0.002 H=0.85 | img ret=15.31 val=14.80 scale=56.18 p5=-0.27 p95=56.39 rnd_c=0.002 rnd_l=0.001 | r/step=0.0029 | 1.3 ips ETA 1h54\r\n"}
,{"stream_name":"stdout","time":16527.079558927,"data":"  [health] WARN RND_dominates: ratio=365.0\r\n"}
,{"stream_name":"stdout","time":16527.079564477,"data":"  [health] WARN FATAL: RND_dominates persistent (consec=38)\r\n"}
,{"stream_name":"stdout","time":16564.783808758,"data":"  iter 21200/30000 [70.7%] | WM wm=17.13 rec=9.90 kl=6.93 rew=0.300 con=0.004 | AC act=-0.001 crit=2.287 pg=-0.000 H=0.84 | img ret=9.26 val=9.21 scale=60.75 p5=-0.24 p95=60.32 rnd_c=0.002 rnd_l=0.001 | r/step=0.0080 | 1.3 ips ETA 1h53\r\n"}
,{"stream_name":"stdout","time":16564.783838538,"data":"  [health] WARN RND_dominates: ratio=232.4\r\n"}
,{"stream_name":"stdout","time":16564.783844348,"data":"  [health] WARN FATAL: RND_dominates persistent (consec=39)\r\n"}
,{"stream_name":"stdout","time":16602.462289841,"data":"  iter 21250/30000 [70.8%] | WM wm=20.37 rec=12.06 kl=7.85 rew=0.450 con=0.008 | AC act=-0.001 crit=2.317 pg=-0.000 H=0.78 | img ret=12.25 val=12.06 scale=62.13 p5=-0.24 p95=62.10 rnd_c=0.002 rnd_l=0.001 | r/step=0.0052 | 1.3 ips ETA 1h53\r\n"}
,{"stream_name":"stdout","time":16602.462321781,"data":"  [health] WARN RND_dominates: ratio=330.9\r\n"}
,{"stream_name":"stdout","time":16602.462327731,"data":"  [health] WARN FATAL: RND_dominates persistent (consec=40)\r\n"}
,{"stream_name":"stdout","time":16640.207854804,"data":"  iter 21300/30000 [71.0%] | WM wm=17.50 rec=10.26 kl=6.94 rew=0.302 con=0.007 | AC act=-0.000 crit=2.139 pg=0.000 H=0.80 | img ret=2.74 val=2.60 scale=60.16 p5=-0.26 p95=59.41 rnd_c=0.002 rnd_l=0.001 | r/step=0.0031 | 1.3 ips ETA 1h52\r\n"}
,{"stream_name":"stdout","time":16640.207890364,"data":"  [health] WARN RND_dominates: ratio=475.2\r\n"}
,{"stream_name":"stdout","time":16640.207898434,"data":"  [health] WARN FATAL: RND_dominates persistent (consec=41)\r\n"}
,{"stream_name":"stdout","time":16677.686583078,"data":"  iter 21350/30000 [71.2%] | WM wm=17.64 rec=10.54 kl=6.75 rew=0.349 con=0.005 | AC act=-0.000 crit=2.164 pg=0.000 H=0.83 | img ret=12.66 val=12.53 scale=61.94 p5=-0.26 p95=61.79 rnd_c=0.002 rnd_l=0.001 | r/step=0.0041 | 1.3 ips ETA 1h51\r\n"}
,{"stream_name":"stdout","time":16677.686616357,"data":"  [health] WARN RND_dominates: ratio=544.1\r\n"}
,{"stream_name":"stdout","time":16677.686622237,"data":"  [health] WARN FATAL: RND_dominates persistent (consec=42)\r\n"}
,{"stream_name":"stdout","time":16715.422660275,"data":"  iter 21400/30000 [71.3%] | WM wm=19.67 rec=11.95 kl=7.29 rew=0.424 con=0.005 | AC act=-0.001 crit=2.239 pg=-0.000 H=1.21 | img ret=4.13 val=4.10 scale=59.41 p5=-0.27 p95=58.78 rnd_c=0.002 rnd_l=0.001 | r/step=0.0085 | 1.3 ips ETA 1h51\r\n"}
,{"stream_name":"stdout","time":16715.422691425,"data":"  [health] WARN RND_dominates: ratio=181.7\r\n"}
,{"stream_name":"stdout","time":16715.422697465,"data":"  [health] WARN FATAL: RND_dominates persistent (consec=43)\r\n"}
,{"stream_name":"stdout","time":16752.995712438,"data":"  iter 21450/30000 [71.5%] | WM wm=16.06 rec=9.40 kl=6.31 rew=0.341 con=0.002 | AC act=0.001 crit=2.329 pg=0.002 H=1.12 | img ret=7.89 val=7.66 scale=62.16 p5=-0.27 p95=61.70 rnd_c=0.002 rnd_l=0.001 | r/step=0.0077 | 1.3 ips ETA 1h50\r\n"}
,{"stream_name":"stdout","time":16752.995746428,"data":"  [health] WARN RND_dominates: ratio=180.5\r\n"}
,{"stream_name":"stdout","time":16752.995752868,"data":"  [health] WARN FATAL: RND_dominates persistent (consec=44)\r\n"}
,{"stream_name":"stdout","time":16791.197019459,"data":"  iter 21500/30000 [71.7%] | WM wm=22.71 rec=14.24 kl=8.00 rew=0.466 con=0.004 | AC act=-0.000 crit=2.344 pg=0.000 H=1.00 | img ret=11.01 val=10.94 scale=65.54 p5=-0.25 p95=65.34 rnd_c=0.002 rnd_l=0.001 | r/step=0.0011 | 1.3 ips ETA 1h49\r\n"}
,{"stream_name":"stdout","time":16791.197061939,"data":"  [health] WARN RND_dominates: ratio=497.2\r\n"}
,{"stream_name":"stdout","time":16791.197067639,"data":"  [health] WARN FATAL: RND_dominates persistent (consec=45)\r\n"}
,{"stream_name":"stdout","time":16828.662038132,"data":"  iter 21550/30000 [71.8%] | WM wm=20.45 rec=12.69 kl=7.51 rew=0.251 con=0.004 | AC act=-0.000 crit=2.068 pg=-0.000 H=1.34 | img ret=3.54 val=3.45 scale=61.69 p5=-0.27 p95=61.09 rnd_c=0.002 rnd_l=0.001 | r/step=0.0038 | 1.3 ips ETA 1h49\r\n"}
,{"stream_name":"stdout","time":16828.662072382,"data":"  [health] WARN RND_dominates: ratio=463.7\r\n"}
,{"stream_name":"stdout","time":16828.662076232,"data":"  [health] WARN FATAL: RND_dominates persistent (consec=46)\r\n"}
,{"stream_name":"stdout","time":16866.645491874,"data":"  iter 21600/30000 [72.0%] | WM wm=19.85 rec=12.46 kl=7.01 rew=0.369 con=0.006 | AC act=-0.001 crit=2.408 pg=-0.001 H=1.07 | img ret=8.53 val=8.43 scale=63.63 p5=-0.25 p95=63.32 rnd_c=0.002 rnd_l=0.001 | r/step=0.0066 | 1.3 ips ETA 1h48\r\n"}
,{"stream_name":"stdout","time":16866.645527304,"data":"  [health] WARN RND_dominates: ratio=398.4\r\n"}
,{"stream_name":"stdout","time":16866.645532704,"data":"  [health] WARN FATAL: RND_dominates persistent (consec=47)\r\n"}
,{"stream_name":"stdout","time":16903.96565514,"data":"  iter 21650/30000 [72.2%] | WM wm=21.73 rec=13.39 kl=8.00 rew=0.338 con=0.006 | AC act=-0.000 crit=2.072 pg=0.000 H=1.06 | img ret=12.53 val=12.05 scale=58.18 p5=-0.26 p95=58.31 rnd_c=0.002 rnd_l=0.001 | r/step=0.0037 | 1.3 ips ETA 1h47\r\n"}
,{"stream_name":"stdout","time":16903.9656869,"data":"  [health] WARN RND_dominates: ratio=598.5\r\n"}
,{"stream_name":"stdout","time":16903.96569252,"data":"  [health] WARN FATAL: RND_dominates persistent (consec=48)\r\n"}
,{"stream_name":"stdout","time":16941.777871799,"data":"  iter 21700/30000 [72.3%] | WM wm=20.16 rec=12.61 kl=7.25 rew=0.296 con=0.004 | AC act=0.001 crit=2.253 pg=0.002 H=0.94 | img ret=14.35 val=13.99 scale=58.06 p5=-0.26 p95=57.92 rnd_c=0.002 rnd_l=0.001 | r/step=0.0087 | 1.3 ips ETA 1h47\r\n"}
,{"stream_name":"stdout","time":16941.777914469,"data":"  [health] WARN RND_dominates: ratio=193.4\r\n"}
,{"stream_name":"stdout","time":16941.777920729,"data":"  [health] WARN FATAL: RND_dominates persistent (consec=49)\r\n"}
,{"stream_name":"stdout","time":16979.428249254,"data":"  iter 21750/30000 [72.5%] | WM wm=18.44 rec=11.06 kl=7.11 rew=0.271 con=0.001 | AC act=0.001 crit=2.328 pg=0.002 H=1.35 | img ret=3.69 val=3.48 scale=62.51 p5=-0.25 p95=61.92 rnd_c=0.002 rnd_l=0.001 | r/step=0.0004 | 1.3 ips ETA 1h46\r\n"}
,{"stream_name":"stdout","time":16979.428280464,"data":"  [health] WARN RND_dominates: ratio=364.3\r\n"}
,{"stream_name":"stdout","time":16979.428286034,"data":"  [health] WARN FATAL: RND_dominates persistent (consec=50)\r\n"}
,{"stream_name":"stdout","time":17017.751541685,"data":"  iter 21800/30000 [72.7%] | WM wm=21.86 rec=14.06 kl=7.56 rew=0.224 con=0.007 | AC act=0.002 crit=2.709 pg=0.002 H=0.92 | img ret=9.58 val=9.11 scale=57.69 p5=-0.25 p95=57.68 rnd_c=0.002 rnd_l=0.001 | r/step=0.0000 | 1.3 ips ETA 1h45\r\n"}
,{"stream_name":"stdout","time":17017.751571645,"data":"  [adaptive_rnd] ratio=5.42 \u003e 5.0 → rnd_coef 0.0017 → 0.0015\r\n"}
,{"stream_name":"stdout","time":17017.751577375,"data":"  [health] WARN RND_dominates: ratio=3207.1\r\n"}
,{"stream_name":"stdout","time":17017.751581065,"data":"  [health] WARN FATAL: RND_dominates persistent (consec=51)\r\n"}
,{"stream_name":"stdout","time":17055.2784363,"data":"  iter 21850/30000 [72.8%] | WM wm=18.01 rec=10.93 kl=6.73 rew=0.348 con=0.002 | AC act=0.001 crit=2.048 pg=0.001 H=1.67 | img ret=3.83 val=3.69 scale=60.91 p5=-0.26 p95=60.37 rnd_c=0.002 rnd_l=0.001 | r/step=0.0044 | 1.3 ips ETA 1h45\r\n"}
,{"stream_name":"stdout","time":17055.278469631,"data":"  [health] WARN RND_dominates: ratio=469.6\r\n"}
,{"stream_name":"stdout","time":17055.278475551,"data":"  [health] WARN FATAL: RND_dominates persistent (consec=52)\r\n"}
,{"stream_name":"stdout","time":17093.60335464,"data":"  iter 21900/30000 [73.0%] | WM wm=16.92 rec=9.38 kl=7.25 rew=0.275 con=0.012 | AC act=-0.000 crit=2.321 pg=0.000 H=0.93 | img ret=6.80 val=6.72 scale=57.43 p5=-0.27 p95=57.08 rnd_c=0.002 rnd_l=0.001 | r/step=0.0122 | 1.3 ips ETA 1h44\r\n"}
,{"stream_name":"stdout","time":17093.6034128,"data":"  [health] WARN RND_dominates: ratio=197.1\r\n"}
,{"stream_name":"stdout","time":17093.60341726,"data":"  [health] WARN FATAL: RND_dominates persistent (consec=53)\r\n"}
,{"stream_name":"stdout","time":17131.409409378,"data":"  iter 21950/30000 [73.2%] | WM wm=22.35 rec=14.13 kl=7.93 rew=0.274 con=0.006 | AC act=0.000 crit=2.239 pg=0.001 H=0.78 | img ret=12.93 val=12.73 scale=54.39 p5=-0.24 p95=54.36 rnd_c=0.002 rnd_l=0.001 | r/step=-0.0003 | 1.3 ips ETA 1h44\r\n"}
,{"stream_name":"stdout","time":17131.409433278,"data":"  [health] WARN RND_dominates: ratio=699.7\r\n"}
,{"stream_name":"stdout","time":17131.409438927,"data":"  [health] WARN FATAL: RND_dominates persistent (consec=54)\r\n"}
,{"stream_name":"stdout","time":17169.125438124,"data":"  iter 22000/30000 [73.3%] | WM wm=17.25 rec=10.28 kl=6.72 rew=0.255 con=0.003 | AC act=0.003 crit=2.113 pg=0.003 H=0.93 | img ret=15.73 val=15.19 scale=55.89 p5=-0.26 p95=56.12 rnd_c=0.002 rnd_l=0.001 | r/step=0.0081 | 1.3 ips ETA 1h43\r\n"}
,{"stream_name":"stdout","time":17169.125472354,"data":"  [health] WARN RND_dominates: ratio=203.6\r\n"}
,{"stream_name":"stdout","time":17169.125478734,"data":"  [health] WARN FATAL: RND_dominates persistent (consec=55)\r\n"}
,{"stream_name":"stdout","time":17206.756452379,"data":"  iter 22050/30000 [73.5%] | WM wm=20.62 rec=12.25 kl=8.09 rew=0.277 con=0.005 | AC act=-0.000 crit=2.259 pg=0.000 H=1.10 | img ret=2.45 val=2.39 scale=52.99 p5=-0.26 p95=52.26 rnd_c=0.002 rnd_l=0.001 | r/step=0.0002 | 1.3 ips ETA 1h42\r\n"}
,{"stream_name":"stdout","time":17206.756485569,"data":"  [health] WARN RND_dominates: ratio=817.2\r\n"}
,{"stream_name":"stdout","time":17206.756491459,"data":"  [health] WARN FATAL: RND_dominates persistent (consec=56)\r\n"}
,{"stream_name":"stdout","time":17244.58108049,"data":"  iter 22100/30000 [73.7%] | WM wm=20.74 rec=11.86 kl=8.52 rew=0.342 con=0.012 | AC act=-0.002 crit=2.185 pg=-0.001 H=1.22 | img ret=5.49 val=5.57 scale=56.96 p5=-0.26 p95=56.46 rnd_c=0.002 rnd_l=0.001 | r/step=0.0033 | 1.3 ips ETA 1h42\r\n"}
,{"stream_name":"stdout","time":17244.58111585,"data":"  [health] WARN RND_dominates: ratio=712.1\r\n"}
,{"stream_name":"stdout","time":17244.58112066,"data":"  [health] WARN FATAL: RND_dominates persistent (consec=57)\r\n"}
,{"stream_name":"stdout","time":17282.336132255,"data":"  iter 22150/30000 [73.8%] | WM wm=19.27 rec=11.00 kl=7.88 rew=0.384 con=0.006 | AC act=-0.001 crit=2.149 pg=-0.000 H=1.34 | img ret=1.95 val=1.93 scale=57.99 p5=-0.26 p95=57.22 rnd_c=0.002 rnd_l=0.001 | r/step=0.0005 | 1.3 ips ETA 1h41\r\n"}
,{"stream_name":"stdout","time":17282.336169395,"data":"  [adaptive_rnd] ratio=5.28 \u003e 5.0 → rnd_coef 0.0015 → 0.0014\r\n"}
,{"stream_name":"stdout","time":17282.336175855,"data":"  [health] WARN RND_dominates: ratio=3467.5\r\n"}
,{"stream_name":"stdout","time":17282.336180545,"data":"  [health] WARN FATAL: RND_dominates persistent (consec=58)\r\n"}
,{"stream_name":"stdout","time":17320.168907717,"data":"  iter 22200/30000 [74.0%] | WM wm=19.36 rec=11.65 kl=7.47 rew=0.244 con=0.002 | AC act=-0.001 crit=2.309 pg=-0.000 H=0.98 | img ret=1.69 val=1.68 scale=56.74 p5=-0.25 p95=55.98 rnd_c=0.001 rnd_l=0.001 | r/step=0.0054 | 1.3 ips ETA 1h40\r\n"}
,{"stream_name":"stdout","time":17320.168954027,"data":"  [health] WARN RND_dominates: ratio=450.9\r\n"}
,{"stream_name":"stdout","time":17320.168960247,"data":"  [health] WARN FATAL: RND_dominates persistent (consec=59)\r\n"}
,{"stream_name":"stdout","time":17358.200916676,"data":"  iter 22250/30000 [74.2%] | WM wm=17.98 rec=10.97 kl=6.71 rew=0.299 con=0.004 | AC act=0.001 crit=1.996 pg=0.001 H=1.11 | img ret=11.09 val=10.65 scale=58.94 p5=-0.26 p95=58.54 rnd_c=0.001 rnd_l=0.001 | r/step=-0.0028 | 1.3 ips ETA 1h40\r\n"}
,{"stream_name":"stdout","time":17396.117482287,"data":"  iter 22300/30000 [74.3%] | WM wm=21.16 rec=13.04 kl=7.70 rew=0.403 con=0.016 | AC act=0.001 crit=2.244 pg=0.001 H=1.01 | img ret=6.75 val=6.34 scale=51.91 p5=-0.28 p95=51.50 rnd_c=0.001 rnd_l=0.001 | r/step=0.0024 | 1.3 ips ETA 1h39\r\n"}
,{"stream_name":"stdout","time":17396.117525537,"data":"  [health] WARN RND_dominates: ratio=553.3\r\n"}
,{"stream_name":"stdout","time":17434.058423203,"data":"  iter 22350/30000 [74.5%] | WM wm=18.07 rec=10.89 kl=6.71 rew=0.466 con=0.004 | AC act=-0.000 crit=2.177 pg=-0.000 H=1.20 | img ret=5.59 val=5.46 scale=60.47 p5=-0.25 p95=59.88 rnd_c=0.001 rnd_l=0.001 | r/step=0.0069 | 1.3 ips ETA 1h38\r\n"}
,{"stream_name":"stdout","time":17434.058450543,"data":"  [health] WARN RND_dominates: ratio=356.7\r\n"}
,{"stream_name":"stdout","time":17471.488197362,"data":"  iter 22400/30000 [74.7%] | WM wm=17.38 rec=10.47 kl=6.60 rew=0.298 con=0.005 | AC act=0.000 crit=2.327 pg=0.000 H=1.18 | img ret=3.49 val=3.42 scale=55.06 p5=-0.25 p95=54.47 rnd_c=0.001 rnd_l=0.001 | r/step=0.0054 | 1.3 ips ETA 1h38\r\n"}
,{"stream_name":"stdout","time":17471.488229942,"data":"  [health] WARN RND_dominates: ratio=295.6\r\n"}
,{"stream_name":"stdout","time":17508.911784379,"data":"  iter 22450/30000 [74.8%] | WM wm=20.69 rec=12.34 kl=8.07 rew=0.281 con=0.003 | AC act=-0.001 crit=2.181 pg=-0.000 H=0.98 | img ret=7.89 val=7.68 scale=59.90 p5=-0.25 p95=59.55 rnd_c=0.001 rnd_l=0.001 | r/step=0.0054 | 1.3 ips ETA 1h37\r\n"}
,{"stream_name":"stdout","time":17508.911825179,"data":"  [health] WARN RND_dominates: ratio=397.9\r\n"}
,{"stream_name":"stdout","time":17546.50563456,"data":"  iter 22500/30000 [75.0%] | WM wm=18.27 rec=10.71 kl=7.17 rew=0.381 con=0.005 | AC act=0.002 crit=2.518 pg=0.002 H=1.22 | img ret=3.39 val=2.98 scale=58.90 p5=-0.30 p95=58.20 rnd_c=0.001 rnd_l=0.001 | r/step=0.0079 | 1.3 ips ETA 1h36\r\n"}
,{"stream_name":"stdout","time":17546.50567208,"data":"  [health] WARN RND_dominates: ratio=228.3\r\n"}
,{"stream_name":"stdout","time":17546.505678229,"data":"  [health] WARN FATAL: RND_dominates persistent (consec=5)\r\n"}
,{"stream_name":"stdout","time":17578.323566413,"data":"  \u003e\u003e\u003e EVAL @ iter 22500 : score=-0.30  length=138  achievements=0.60 ↓  sample=1.60  (best=1.90 @5000)  crafter_score=1.07% [3829 train eps]\r\n"}
,{"stream_name":"stdout","time":17578.323616133,"data":"      unlocked (1/22): wake_up=60%\r\n"}
,{"stream_name":"stdout","time":17589.305782566,"data":"  Checkpoint saved : dreamer_crafter_jax_v36-tpu-75m-rnd_iter022500.npz\r\n"}
,{"stream_name":"stdout","time":17627.170581039,"data":"  iter 22550/30000 [75.2%] | WM wm=18.24 rec=10.49 kl=7.43 rew=0.307 con=0.010 | AC act=-0.001 crit=2.009 pg=-0.001 H=1.51 | img ret=7.20 val=7.20 scale=60.38 p5=-0.26 p95=60.50 rnd_c=0.001 rnd_l=0.001 | r/step=0.0036 | 1.3 ips ETA 1h36\r\n"}
,{"stream_name":"stdout","time":17627.170617939,"data":"  [health] WARN RND_dominates: ratio=406.3\r\n"}
,{"stream_name":"stdout","time":17627.170622759,"data":"  [health] WARN FATAL: RND_dominates persistent (consec=6)\r\n"}
,{"stream_name":"stdout","time":17665.281877895,"data":"  iter 22600/30000 [75.3%] | WM wm=18.68 rec=11.16 kl=7.19 rew=0.314 con=0.009 | AC act=-0.000 crit=2.249 pg=0.000 H=0.99 | img ret=5.73 val=5.53 scale=60.76 p5=-0.28 p95=60.33 rnd_c=0.001 rnd_l=0.001 | r/step=0.0059 | 1.3 ips ETA 1h35\r\n"}
,{"stream_name":"stdout","time":17665.281916546,"data":"  [health] WARN RND_dominates: ratio=333.0\r\n"}
,{"stream_name":"stdout","time":17665.281923115,"data":"  [health] WARN FATAL: RND_dominates persistent (consec=7)\r\n"}
,{"stream_name":"stdout","time":17702.848423268,"data":"  iter 22650/30000 [75.5%] | WM wm=19.19 rec=11.19 kl=7.67 rew=0.328 con=0.005 | AC act=-0.003 crit=2.288 pg=-0.002 H=1.39 | img ret=8.73 val=8.83 scale=55.51 p5=-0.27 p95=55.66 rnd_c=0.001 rnd_l=0.001 | r/step=0.0064 | 1.3 ips ETA 1h35\r\n"}
,{"stream_name":"stdout","time":17702.848463108,"data":"  [health] WARN RND_dominates: ratio=217.5\r\n"}
,{"stream_name":"stdout","time":17702.848467768,"data":"  [health] WARN FATAL: RND_dominates persistent (consec=8)\r\n"}
,{"stream_name":"stdout","time":17740.583287624,"data":"  iter 22700/30000 [75.7%] | WM wm=20.88 rec=12.39 kl=8.00 rew=0.489 con=0.003 | AC act=0.000 crit=2.206 pg=0.001 H=1.07 | img ret=3.83 val=3.60 scale=52.75 p5=-0.27 p95=52.14 rnd_c=0.001 rnd_l=0.001 | r/step=0.0082 | 1.3 ips ETA 1h34\r\n"}
,{"stream_name":"stdout","time":17740.583328774,"data":"  [health] WARN RND_dominates: ratio=231.1\r\n"}
,{"stream_name":"stdout","time":17740.583334994,"data":"  [health] WARN FATAL: RND_dominates persistent (consec=9)\r\n"}
,{"stream_name":"stdout","time":17778.053544707,"data":"  iter 22750/30000 [75.8%] | WM wm=17.82 rec=10.75 kl=6.75 rew=0.321 con=0.002 | AC act=0.000 crit=2.433 pg=0.001 H=0.72 | img ret=11.01 val=10.65 scale=59.46 p5=-0.25 p95=59.13 rnd_c=0.001 rnd_l=0.001 | r/step=0.0044 | 1.3 ips ETA 1h33\r\n"}
,{"stream_name":"stdout","time":17778.053584347,"data":"  [health] WARN RND_dominates: ratio=373.5\r\n"}
,{"stream_name":"stdout","time":17778.053590567,"data":"  [health] WARN FATAL: RND_dominates persistent (consec=10)\r\n"}
,{"stream_name":"stdout","time":17815.938853657,"data":"  iter 22800/30000 [76.0%] | WM wm=19.55 rec=11.49 kl=7.82 rew=0.237 con=0.002 | AC act=0.000 crit=2.069 pg=0.001 H=1.48 | img ret=9.46 val=9.36 scale=58.48 p5=-0.25 p95=58.67 rnd_c=0.001 rnd_l=0.001 | r/step=0.0091 | 1.3 ips ETA 1h33\r\n"}
,{"stream_name":"stdout","time":17815.938878806,"data":"  [health] WARN RND_dominates: ratio=216.9\r\n"}
,{"stream_name":"stdout","time":17815.938883837,"data":"  [health] WARN FATAL: RND_dominates persistent (consec=11)\r\n"}
,{"stream_name":"stdout","time":17853.811019807,"data":"  iter 22850/30000 [76.2%] | WM wm=18.56 rec=11.20 kl=6.88 rew=0.475 con=0.003 | AC act=0.001 crit=2.142 pg=0.001 H=0.94 | img ret=7.82 val=7.43 scale=53.44 p5=-0.26 p95=52.95 rnd_c=0.001 rnd_l=0.001 | r/step=-0.0000 | 1.3 ips ETA 1h32\r\n"}
,{"stream_name":"stdout","time":17853.811061257,"data":"  [health] WARN RND_dominates: ratio=410.3\r\n"}
,{"stream_name":"stdout","time":17853.811067157,"data":"  [health] WARN FATAL: RND_dominates persistent (consec=12)\r\n"}
,{"stream_name":"stdout","time":17891.607187317,"data":"  iter 22900/30000 [76.3%] | WM wm=23.78 rec=16.40 kl=7.11 rew=0.256 con=0.007 | AC act=-0.000 crit=2.059 pg=-0.000 H=0.99 | img ret=8.52 val=8.54 scale=55.50 p5=-0.25 p95=55.39 rnd_c=0.001 rnd_l=0.001 | r/step=0.0073 | 1.3 ips ETA 1h31\r\n"}
,{"stream_name":"stdout","time":17891.607219627,"data":"  [health] WARN RND_dominates: ratio=195.8\r\n"}
,{"stream_name":"stdout","time":17891.607224557,"data":"  [health] WARN FATAL: RND_dominates persistent (consec=13)\r\n"}
,{"stream_name":"stdout","time":17929.299961868,"data":"  iter 22950/30000 [76.5%] | WM wm=15.29 rec=8.31 kl=6.59 rew=0.392 con=0.005 | AC act=0.001 crit=2.147 pg=0.001 H=1.03 | img ret=7.02 val=6.87 scale=55.90 p5=-0.26 p95=55.71 rnd_c=0.001 rnd_l=0.001 | r/step=0.0052 | 1.3 ips ETA 1h31\r\n"}
,{"stream_name":"stdout","time":17929.300029208,"data":"  [health] WARN RND_dominates: ratio=328.7\r\n"}
,{"stream_name":"stdout","time":17929.300036998,"data":"  [health] WARN FATAL: RND_dominates persistent (consec=14)\r\n"}
,{"stream_name":"stdout","time":17967.116630816,"data":"  iter 23000/30000 [76.7%] | WM wm=17.03 rec=9.65 kl=7.10 rew=0.274 con=0.000 | AC act=-0.000 crit=2.116 pg=-0.000 H=1.06 | img ret=16.05 val=15.74 scale=55.33 p5=-0.27 p95=55.46 rnd_c=0.001 rnd_l=0.001 | r/step=0.0083 | 1.3 ips ETA 1h30\r\n"}
,{"stream_name":"stdout","time":17967.116663526,"data":"  [health] WARN RND_dominates: ratio=259.0\r\n"}
,{"stream_name":"stdout","time":17967.116669456,"data":"  [health] WARN FATAL: RND_dominates persistent (consec=15)\r\n"}
,{"stream_name":"stdout","time":18005.001522115,"data":"  iter 23050/30000 [76.8%] | WM wm=18.81 rec=11.18 kl=7.28 rew=0.346 con=0.002 | AC act=0.002 crit=2.041 pg=0.003 H=0.78 | img ret=23.37 val=22.86 scale=53.32 p5=-0.30 p95=53.49 rnd_c=0.001 rnd_l=0.001 | r/step=0.0011 | 1.3 ips ETA 1h29\r\n"}
,{"stream_name":"stdout","time":18005.001558695,"data":"  [health] WARN RND_dominates: ratio=721.4\r\n"}
,{"stream_name":"stdout","time":18005.001564386,"data":"  [health] WARN FATAL: RND_dominates persistent (consec=16)\r\n"}
,{"stream_name":"stdout","time":18042.892012526,"data":"  iter 23100/30000 [77.0%] | WM wm=19.05 rec=10.71 kl=8.00 rew=0.333 con=0.008 | AC act=0.001 crit=2.099 pg=0.001 H=1.26 | img ret=9.31 val=8.93 scale=55.96 p5=-0.30 p95=55.72 rnd_c=0.001 rnd_l=0.001 | r/step=0.0055 | 1.3 ips ETA 1h29\r\n"}
,{"stream_name":"stdout","time":18042.920469543,"data":"  [health] WARN RND_dominates: ratio=282.4\r\n"}
,{"stream_name":"stdout","time":18042.920510323,"data":"  [health] WARN FATAL: RND_dominates persistent (consec=17)\r\n"}
,{"stream_name":"stdout","time":18081.283201397,"data":"  iter 23150/30000 [77.2%] | WM wm=19.38 rec=11.82 kl=7.16 rew=0.400 con=0.007 | AC act=-0.000 crit=2.205 pg=0.000 H=1.13 | img ret=9.75 val=9.46 scale=52.15 p5=-0.33 p95=52.09 rnd_c=0.001 rnd_l=0.001 | r/step=0.0062 | 1.3 ips ETA 1h28\r\n"}
,{"stream_name":"stdout","time":18081.283230137,"data":"  [health] WARN RND_dominates: ratio=278.9\r\n"}
,{"stream_name":"stdout","time":18081.283235006,"data":"  [health] WARN FATAL: RND_dominates persistent (consec=18)\r\n"}
,{"stream_name":"stdout","time":18118.654824897,"data":"  iter 23200/30000 [77.3%] | WM wm=17.20 rec=10.32 kl=6.65 rew=0.224 con=0.002 | AC act=-0.000 crit=2.150 pg=0.000 H=1.52 | img ret=4.23 val=3.95 scale=54.02 p5=-0.34 p95=53.42 rnd_c=0.001 rnd_l=0.001 | r/step=0.0063 | 1.3 ips ETA 1h27\r\n"}
,{"stream_name":"stdout","time":18118.654856987,"data":"  [health] WARN RND_dominates: ratio=236.5\r\n"}
,{"stream_name":"stdout","time":18118.654862647,"data":"  [health] WARN FATAL: RND_dominates persistent (consec=19)\r\n"}
,{"stream_name":"stdout","time":18156.788152545,"data":"  iter 23250/30000 [77.5%] | WM wm=18.20 rec=10.26 kl=7.66 rew=0.282 con=0.005 | AC act=-0.001 crit=2.024 pg=-0.000 H=1.06 | img ret=9.99 val=9.90 scale=54.77 p5=-0.34 p95=54.58 rnd_c=0.001 rnd_l=0.001 | r/step=0.0077 | 1.3 ips ETA 1h27\r\n"}
,{"stream_name":"stdout","time":18156.788195115,"data":"  [health] WARN RND_dominates: ratio=290.8\r\n"}
,{"stream_name":"stdout","time":18156.788200765,"data":"  [health] WARN FATAL: RND_dominates persistent (consec=20)\r\n"}
,{"stream_name":"stdout","time":18194.059283449,"data":"  iter 23300/30000 [77.7%] | WM wm=17.39 rec=10.27 kl=6.86 rew=0.254 con=0.005 | AC act=-0.000 crit=1.996 pg=-0.000 H=1.15 | img ret=5.50 val=5.45 scale=54.64 p5=-0.33 p95=54.15 rnd_c=0.001 rnd_l=0.001 | r/step=0.0078 | 1.3 ips ETA 1h26\r\n"}
,{"stream_name":"stdout","time":18194.059335389,"data":"  [health] WARN RND_dominates: ratio=212.1\r\n"}
,{"stream_name":"stdout","time":18194.059341569,"data":"  [health] WARN FATAL: RND_dominates persistent (consec=21)\r\n"}
,{"stream_name":"stdout","time":18232.026188991,"data":"  iter 23350/30000 [77.8%] | WM wm=20.60 rec=12.68 kl=7.64 rew=0.276 con=0.003 | AC act=-0.001 crit=1.993 pg=-0.001 H=1.13 | img ret=3.12 val=3.18 scale=56.93 p5=-0.32 p95=56.23 rnd_c=0.001 rnd_l=0.001 | r/step=0.0026 | 1.3 ips ETA 1h25\r\n"}
,{"stream_name":"stdout","time":18232.026221081,"data":"  [health] WARN RND_dominates: ratio=286.4\r\n"}
,{"stream_name":"stdout","time":18232.026227311,"data":"  [health] WARN FATAL: RND_dominates persistent (consec=22)\r\n"}
,{"stream_name":"stdout","time":18269.815285563,"data":"  iter 23400/30000 [78.0%] | WM wm=14.97 rec=9.13 kl=5.46 rew=0.377 con=0.006 | AC act=-0.002 crit=2.086 pg=-0.001 H=1.24 | img ret=4.20 val=4.17 scale=52.82 p5=-0.30 p95=52.35 rnd_c=0.001 rnd_l=0.001 | r/step=0.0085 | 1.3 ips ETA 1h25\r\n"}
,{"stream_name":"stdout","time":18269.815334813,"data":"  [health] WARN RND_dominates: ratio=189.9\r\n"}
,{"stream_name":"stdout","time":18269.815340203,"data":"  [health] WARN FATAL: RND_dominates persistent (consec=23)\r\n"}
,{"stream_name":"stdout","time":18307.917125689,"data":"  iter 23450/30000 [78.2%] | WM wm=17.15 rec=10.01 kl=6.86 rew=0.276 con=0.002 | AC act=0.001 crit=2.078 pg=0.001 H=1.08 | img ret=9.05 val=8.70 scale=52.71 p5=-0.29 p95=52.72 rnd_c=0.001 rnd_l=0.001 | r/step=0.0016 | 1.3 ips ETA 1h24\r\n"}
,{"stream_name":"stdout","time":18307.917171738,"data":"  [health] WARN RND_dominates: ratio=393.9\r\n"}
,{"stream_name":"stdout","time":18307.917177818,"data":"  [health] WARN FATAL: RND_dominates persistent (consec=24)\r\n"}
,{"stream_name":"stdout","time":18345.471400082,"data":"  iter 23500/30000 [78.3%] | WM wm=19.65 rec=11.72 kl=7.63 rew=0.299 con=0.004 | AC act=-0.000 crit=2.319 pg=-0.000 H=1.20 | img ret=1.83 val=1.80 scale=51.03 p5=-0.30 p95=50.30 rnd_c=0.001 rnd_l=0.001 | r/step=0.0032 | 1.3 ips ETA 1h24\r\n"}
,{"stream_name":"stdout","time":18345.471451512,"data":"  [health] WARN RND_dominates: ratio=686.9\r\n"}
,{"stream_name":"stdout","time":18345.471456252,"data":"  [health] WARN FATAL: RND_dominates persistent (consec=25)\r\n"}
,{"stream_name":"stdout","time":18383.233331505,"data":"  iter 23550/30000 [78.5%] | WM wm=17.85 rec=10.41 kl=7.02 rew=0.416 con=0.008 | AC act=0.001 crit=2.418 pg=0.001 H=1.06 | img ret=4.73 val=4.38 scale=53.03 p5=-0.27 p95=52.50 rnd_c=0.001 rnd_l=0.001 | r/step=0.0108 | 1.3 ips ETA 1h23\r\n"}
,{"stream_name":"stdout","time":18383.233371295,"data":"  [health] WARN RND_dominates: ratio=197.3\r\n"}
,{"stream_name":"stdout","time":18383.233377475,"data":"  [health] WARN FATAL: RND_dominates persistent (consec=26)\r\n"}
,{"stream_name":"stdout","time":18420.862759463,"data":"  iter 23600/30000 [78.7%] | WM wm=14.06 rec=7.86 kl=5.95 rew=0.249 con=0.002 | AC act=0.001 crit=2.278 pg=0.001 H=1.02 | img ret=4.79 val=4.62 scale=49.37 p5=-0.26 p95=48.95 rnd_c=0.001 rnd_l=0.001 | r/step=0.0048 | 1.3 ips ETA 1h22\r\n"}
,{"stream_name":"stdout","time":18420.862798663,"data":"  [health] WARN RND_dominates: ratio=325.7\r\n"}
,{"stream_name":"stdout","time":18420.862804483,"data":"  [health] WARN FATAL: RND_dominates persistent (consec=27)\r\n"}
,{"stream_name":"stdout","time":18458.638030174,"data":"  iter 23650/30000 [78.8%] | WM wm=18.42 rec=10.82 kl=7.27 rew=0.328 con=0.008 | AC act=-0.001 crit=2.469 pg=-0.000 H=0.98 | img ret=2.53 val=2.50 scale=50.91 p5=-0.27 p95=50.24 rnd_c=0.001 rnd_l=0.001 | r/step=0.0071 | 1.3 ips ETA 1h22\r\n"}
,{"stream_name":"stdout","time":18458.638058883,"data":"  [health] WARN RND_dominates: ratio=283.2\r\n"}
,{"stream_name":"stdout","time":18458.638063754,"data":"  [health] WARN FATAL: RND_dominates persistent (consec=28)\r\n"}
,{"stream_name":"stdout","time":18496.76723873,"data":"  iter 23700/30000 [79.0%] | WM wm=19.70 rec=13.35 kl=6.01 rew=0.344 con=0.001 | AC act=-0.002 crit=2.184 pg=-0.001 H=1.11 | img ret=11.43 val=11.19 scale=54.99 p5=-0.26 p95=55.11 rnd_c=0.001 rnd_l=0.001 | r/step=0.0133 | 1.3 ips ETA 1h21\r\n"}
,{"stream_name":"stdout","time":18496.76726865,"data":"  [health] WARN RND_dominates: ratio=132.6\r\n"}
,{"stream_name":"stdout","time":18496.76727343,"data":"  [health] WARN FATAL: RND_dominates persistent (consec=29)\r\n"}
,{"stream_name":"stdout","time":18533.932023564,"data":"  iter 23750/30000 [79.2%] | WM wm=17.30 rec=10.18 kl=6.81 rew=0.304 con=0.003 | AC act=-0.001 crit=2.130 pg=-0.000 H=1.08 | img ret=4.59 val=4.48 scale=55.08 p5=-0.27 p95=54.54 rnd_c=0.001 rnd_l=0.001 | r/step=0.0071 | 1.3 ips ETA 1h20\r\n"}
,{"stream_name":"stdout","time":18533.932054113,"data":"  [health] WARN RND_dominates: ratio=145.3\r\n"}
,{"stream_name":"stdout","time":18533.932070933,"data":"  [health] WARN FATAL: RND_dominates persistent (consec=30)\r\n"}
,{"stream_name":"stdout","time":18571.841264157,"data":"  iter 23800/30000 [79.3%] | WM wm=17.14 rec=10.48 kl=6.32 rew=0.343 con=0.003 | AC act=-0.000 crit=2.359 pg=-0.000 H=0.95 | img ret=3.41 val=3.26 scale=59.01 p5=-0.29 p95=58.28 rnd_c=0.001 rnd_l=0.001 | r/step=0.0061 | 1.3 ips ETA 1h20\r\n"}
,{"stream_name":"stdout","time":18571.841295666,"data":"  [health] WARN RND_dominates: ratio=271.2\r\n"}
,{"stream_name":"stdout","time":18571.841300717,"data":"  [health] WARN FATAL: RND_dominates persistent (consec=31)\r\n"}
,{"stream_name":"stdout","time":18609.671702235,"data":"  iter 23850/30000 [79.5%] | WM wm=21.34 rec=12.01 kl=9.04 rew=0.286 con=0.006 | AC act=-0.000 crit=2.338 pg=0.000 H=1.25 | img ret=1.63 val=1.56 scale=55.24 p5=-0.28 p95=54.45 rnd_c=0.001 rnd_l=0.001 | r/step=-0.0007 | 1.3 ips ETA 1h19\r\n"}
,{"stream_name":"stdout","time":18609.671751504,"data":"  [health] WARN RND_dominates: ratio=626.6\r\n"}
,{"stream_name":"stdout","time":18609.671758264,"data":"  [health] WARN FATAL: RND_dominates persistent (consec=32)\r\n"}
,{"stream_name":"stdout","time":18647.275880805,"data":"  iter 23900/30000 [79.7%] | WM wm=17.52 rec=10.72 kl=6.26 rew=0.534 con=0.002 | AC act=-0.003 crit=2.245 pg=-0.003 H=1.13 | img ret=8.81 val=8.93 scale=52.15 p5=-0.28 p95=52.34 rnd_c=0.001 rnd_l=0.001 | r/step=0.0103 | 1.3 ips ETA 1h18\r\n"}
,{"stream_name":"stdout","time":18647.275907735,"data":"  [health] WARN RND_dominates: ratio=210.4\r\n"}
,{"stream_name":"stdout","time":18647.275913555,"data":"  [health] WARN FATAL: RND_dominates persistent (consec=33)\r\n"}
,{"stream_name":"stdout","time":18685.035235051,"data":"  iter 23950/30000 [79.8%] | WM wm=20.00 rec=12.84 kl=6.77 rew=0.385 con=0.010 | AC act=-0.000 crit=2.046 pg=-0.000 H=1.31 | img ret=4.72 val=4.70 scale=51.72 p5=-0.30 p95=51.32 rnd_c=0.001 rnd_l=0.001 | r/step=0.0037 | 1.3 ips ETA 1h18\r\n"}
,{"stream_name":"stdout","time":18685.035270811,"data":"  [health] WARN RND_dominates: ratio=414.2\r\n"}
,{"stream_name":"stdout","time":18685.035277021,"data":"  [health] WARN FATAL: RND_dominates persistent (consec=34)\r\n"}
,{"stream_name":"stdout","time":18723.070843118,"data":"  iter 24000/30000 [80.0%] | WM wm=21.45 rec=14.05 kl=7.19 rew=0.210 con=0.002 | AC act=-0.001 crit=2.119 pg=-0.001 H=1.02 | img ret=7.65 val=7.61 scale=55.20 p5=-0.30 p95=55.12 rnd_c=0.001 rnd_l=0.001 | r/step=0.0049 | 1.3 ips ETA 1h17\r\n"}
,{"stream_name":"stdout","time":18723.070876418,"data":"  [health] WARN RND_dominates: ratio=489.8\r\n"}
,{"stream_name":"stdout","time":18723.070882458,"data":"  [health] WARN FATAL: RND_dominates persistent (consec=35)\r\n"}
,{"stream_name":"stdout","time":18760.746520652,"data":"  iter 24050/30000 [80.2%] | WM wm=19.65 rec=12.30 kl=7.04 rew=0.308 con=0.001 | AC act=-0.001 crit=2.215 pg=-0.001 H=1.10 | img ret=5.34 val=5.27 scale=57.58 p5=-0.31 p95=57.02 rnd_c=0.001 rnd_l=0.001 | r/step=0.0065 | 1.3 ips ETA 1h16\r\n"}
,{"stream_name":"stdout","time":18760.746554901,"data":"  [health] WARN RND_dominates: ratio=279.6\r\n"}
,{"stream_name":"stdout","time":18760.746561092,"data":"  [health] WARN FATAL: RND_dominates persistent (consec=36)\r\n"}
,{"stream_name":"stdout","time":18798.745017882,"data":"  iter 24100/30000 [80.3%] | WM wm=18.09 rec=11.20 kl=6.53 rew=0.371 con=0.001 | AC act=-0.001 crit=1.907 pg=-0.000 H=1.25 | img ret=10.10 val=9.94 scale=58.08 p5=-0.29 p95=58.10 rnd_c=0.001 rnd_l=0.001 | r/step=0.0111 | 1.3 ips ETA 1h16\r\n"}
,{"stream_name":"stdout","time":18798.745056092,"data":"  [health] WARN RND_dominates: ratio=199.8\r\n"}
,{"stream_name":"stdout","time":18798.745062002,"data":"  [health] WARN FATAL: RND_dominates persistent (consec=37)\r\n"}
,{"stream_name":"stdout","time":18836.671844601,"data":"  iter 24150/30000 [80.5%] | WM wm=17.56 rec=10.41 kl=6.72 rew=0.420 con=0.010 | AC act=-0.001 crit=2.302 pg=-0.001 H=0.88 | img ret=10.46 val=10.43 scale=54.93 p5=-0.29 p95=54.72 rnd_c=0.001 rnd_l=0.001 | r/step=0.0133 | 1.3 ips ETA 1h15\r\n"}
,{"stream_name":"stdout","time":18836.67187815,"data":"  [health] WARN RND_dominates: ratio=139.3\r\n"}
,{"stream_name":"stdout","time":18836.67188415,"data":"  [health] WARN FATAL: RND_dominates persistent (consec=38)\r\n"}
,{"stream_name":"stdout","time":18874.68096915,"data":"  iter 24200/30000 [80.7%] | WM wm=15.84 rec=8.91 kl=6.60 rew=0.325 con=0.005 | AC act=-0.000 crit=2.096 pg=0.000 H=1.22 | img ret=15.28 val=15.16 scale=50.88 p5=-0.27 p95=52.26 rnd_c=0.001 rnd_l=0.001 | r/step=0.0045 | 1.3 ips ETA 1h14\r\n"}
,{"stream_name":"stdout","time":18874.68103952,"data":"  [health] WARN RND_dominates: ratio=283.6\r\n"}
,{"stream_name":"stdout","time":18874.68104597,"data":"  [health] WARN FATAL: RND_dominates persistent (consec=39)\r\n"}
,{"stream_name":"stdout","time":18912.720777097,"data":"  iter 24250/30000 [80.8%] | WM wm=14.66 rec=8.61 kl=5.73 rew=0.317 con=0.002 | AC act=0.001 crit=2.293 pg=0.002 H=1.19 | img ret=5.51 val=5.36 scale=57.69 p5=-0.26 p95=57.17 rnd_c=0.001 rnd_l=0.001 | r/step=0.0026 | 1.3 ips ETA 1h14\r\n"}
,{"stream_name":"stdout","time":18912.720820107,"data":"  [health] WARN RND_dominates: ratio=341.9\r\n"}
,{"stream_name":"stdout","time":18912.720826027,"data":"  [health] WARN FATAL: RND_dominates persistent (consec=40)\r\n"}
,{"stream_name":"stdout","time":18950.552915773,"data":"  iter 24300/30000 [81.0%] | WM wm=18.11 rec=11.38 kl=6.42 rew=0.310 con=0.005 | AC act=-0.001 crit=2.414 pg=-0.000 H=0.95 | img ret=5.46 val=5.44 scale=51.58 p5=-0.27 p95=51.01 rnd_c=0.001 rnd_l=0.001 | r/step=0.0079 | 1.3 ips ETA 1h13\r\n"}
,{"stream_name":"stdout","time":18950.552945983,"data":"  [health] WARN RND_dominates: ratio=278.8\r\n"}
,{"stream_name":"stdout","time":18950.552951123,"data":"  [health] WARN FATAL: RND_dominates persistent (consec=41)\r\n"}
,{"stream_name":"stdout","time":18988.486814771,"data":"  iter 24350/30000 [81.2%] | WM wm=17.68 rec=10.49 kl=6.80 rew=0.385 con=0.007 | AC act=0.000 crit=2.130 pg=0.000 H=1.15 | img ret=4.75 val=4.67 scale=54.07 p5=-0.27 p95=53.61 rnd_c=0.001 rnd_l=0.001 | r/step=0.0069 | 1.3 ips ETA 1h12\r\n"}
,{"stream_name":"stdout","time":18988.486851871,"data":"  [health] WARN RND_dominates: ratio=296.0\r\n"}
,{"stream_name":"stdout","time":18988.486856671,"data":"  [health] WARN FATAL: RND_dominates persistent (consec=42)\r\n"}
,{"stream_name":"stdout","time":19026.219811948,"data":"  iter 24400/30000 [81.3%] | WM wm=19.64 rec=11.65 kl=7.71 rew=0.281 con=0.005 | AC act=-0.000 crit=2.047 pg=-0.000 H=1.29 | img ret=4.49 val=4.40 scale=53.67 p5=-0.30 p95=52.99 rnd_c=0.001 rnd_l=0.001 | r/step=0.0100 | 1.3 ips ETA 1h12\r\n"}
,{"stream_name":"stdout","time":19026.219847108,"data":"  [health] WARN RND_dominates: ratio=214.4\r\n"}
,{"stream_name":"stdout","time":19026.219853368,"data":"  [health] WARN FATAL: RND_dominates persistent (consec=43)\r\n"}
,{"stream_name":"stdout","time":19064.266446033,"data":"  iter 24450/30000 [81.5%] | WM wm=19.48 rec=11.38 kl=7.81 rew=0.292 con=0.012 | AC act=-0.000 crit=1.846 pg=0.000 H=1.14 | img ret=10.30 val=10.14 scale=53.40 p5=-0.31 p95=53.25 rnd_c=0.001 rnd_l=0.001 | r/step=0.0033 | 1.3 ips ETA 1h11\r\n"}
,{"stream_name":"stdout","time":19064.266483653,"data":"  [health] WARN RND_dominates: ratio=341.9\r\n"}
,{"stream_name":"stdout","time":19064.266489633,"data":"  [health] WARN FATAL: RND_dominates persistent (consec=44)\r\n"}
,{"stream_name":"stdout","time":19102.165672124,"data":"  iter 24500/30000 [81.7%] | WM wm=18.80 rec=11.47 kl=6.97 rew=0.355 con=0.002 | AC act=0.000 crit=2.181 pg=0.001 H=1.20 | img ret=8.37 val=7.57 scale=57.11 p5=-0.31 p95=56.66 rnd_c=0.001 rnd_l=0.001 | r/step=0.0053 | 1.3 ips ETA 1h11\r\n"}
,{"stream_name":"stdout","time":19102.165748834,"data":"  [health] WARN RND_dominates: ratio=302.9\r\n"}
,{"stream_name":"stdout","time":19102.165752854,"data":"  [health] WARN FATAL: RND_dominates persistent (consec=45)\r\n"}
,{"stream_name":"stdout","time":19140.01052139,"data":"  iter 24550/30000 [81.8%] | WM wm=17.77 rec=10.75 kl=6.73 rew=0.282 con=0.005 | AC act=-0.000 crit=2.093 pg=0.000 H=1.33 | img ret=2.11 val=2.00 scale=58.06 p5=-0.32 p95=57.24 rnd_c=0.001 rnd_l=0.001 | r/step=-0.0005 | 1.3 ips ETA 1h10\r\n"}
,{"stream_name":"stdout","time":19140.01054947,"data":"  [health] WARN RND_dominates: ratio=1048.5\r\n"}
,{"stream_name":"stdout","time":19140.01055516,"data":"  [health] WARN FATAL: RND_dominates persistent (consec=46)\r\n"}
,{"stream_name":"stdout","time":19177.704884,"data":"  iter 24600/30000 [82.0%] | WM wm=17.63 rec=10.39 kl=6.85 rew=0.388 con=0.007 | AC act=-0.000 crit=2.046 pg=-0.000 H=1.18 | img ret=16.86 val=16.41 scale=58.72 p5=-0.33 p95=58.48 rnd_c=0.001 rnd_l=0.001 | r/step=0.0108 | 1.3 ips ETA 1h09\r\n"}
,{"stream_name":"stdout","time":19177.70492036,"data":"  [health] WARN RND_dominates: ratio=199.8\r\n"}
,{"stream_name":"stdout","time":19177.70492547,"data":"  [health] WARN FATAL: RND_dominates persistent (consec=47)\r\n"}
,{"stream_name":"stdout","time":19215.705323577,"data":"  iter 24650/30000 [82.2%] | WM wm=16.66 rec=10.02 kl=6.32 rew=0.308 con=0.009 | AC act=-0.000 crit=2.150 pg=-0.000 H=1.05 | img ret=9.67 val=9.53 scale=56.32 p5=-0.30 p95=56.11 rnd_c=0.001 rnd_l=0.001 | r/step=0.0078 | 1.3 ips ETA 1h09\r\n"}
,{"stream_name":"stdout","time":19215.705362517,"data":"  [health] WARN RND_dominates: ratio=237.1\r\n"}
,{"stream_name":"stdout","time":19215.705368227,"data":"  [health] WARN FATAL: RND_dominates persistent (consec=48)\r\n"}
,{"stream_name":"stdout","time":19253.233427124,"data":"  iter 24700/30000 [82.3%] | WM wm=15.40 rec=8.51 kl=6.52 rew=0.370 con=0.011 | AC act=0.000 crit=2.335 pg=0.000 H=1.07 | img ret=2.34 val=2.22 scale=52.41 p5=-0.29 p95=51.72 rnd_c=0.001 rnd_l=0.001 | r/step=0.0055 | 1.3 ips ETA 1h08\r\n"}
,{"stream_name":"stdout","time":19253.233463694,"data":"  [health] WARN RND_dominates: ratio=270.4\r\n"}
,{"stream_name":"stdout","time":19253.233469874,"data":"  [health] WARN FATAL: RND_dominates persistent (consec=49)\r\n"}
,{"stream_name":"stdout","time":19290.969524271,"data":"  iter 24750/30000 [82.5%] | WM wm=16.32 rec=9.41 kl=6.59 rew=0.318 con=0.002 | AC act=-0.001 crit=2.293 pg=-0.001 H=0.74 | img ret=10.24 val=10.22 scale=53.32 p5=-0.31 p95=53.11 rnd_c=0.001 rnd_l=0.001 | r/step=0.0066 | 1.3 ips ETA 1h07\r\n"}
,{"stream_name":"stdout","time":19290.969590441,"data":"  [health] WARN RND_dominates: ratio=317.2\r\n"}
,{"stream_name":"stdout","time":19290.969596371,"data":"  [health] WARN FATAL: RND_dominates persistent (consec=50)\r\n"}
,{"stream_name":"stdout","time":19328.343411115,"data":"  iter 24800/30000 [82.7%] | WM wm=16.92 rec=10.82 kl=5.65 rew=0.452 con=0.007 | AC act=0.001 crit=2.218 pg=0.002 H=0.83 | img ret=23.47 val=22.97 scale=51.23 p5=-0.31 p95=52.08 rnd_c=0.001 rnd_l=0.001 | r/step=0.0042 | 1.3 ips ETA 1h07\r\n"}
,{"stream_name":"stdout","time":19328.343445765,"data":"  [health] WARN RND_dominates: ratio=270.1\r\n"}
,{"stream_name":"stdout","time":19328.343451645,"data":"  [health] WARN FATAL: RND_dominates persistent (consec=51)\r\n"}
,{"stream_name":"stdout","time":19366.246887563,"data":"  iter 24850/30000 [82.8%] | WM wm=20.12 rec=12.56 kl=7.23 rew=0.327 con=0.001 | AC act=0.001 crit=2.466 pg=0.002 H=1.05 | img ret=5.79 val=5.43 scale=53.11 p5=-0.30 p95=52.64 rnd_c=0.001 rnd_l=0.001 | r/step=0.0120 | 1.3 ips ETA 1h06\r\n"}
,{"stream_name":"stdout","time":19366.246926803,"data":"  [health] WARN RND_dominates: ratio=169.6\r\n"}
,{"stream_name":"stdout","time":19366.246943083,"data":"  [health] WARN FATAL: RND_dominates persistent (consec=52)\r\n"}
,{"stream_name":"stdout","time":19403.921347612,"data":"  iter 24900/30000 [83.0%] | WM wm=17.13 rec=9.80 kl=7.01 rew=0.313 con=0.008 | AC act=-0.002 crit=2.354 pg=-0.001 H=1.13 | img ret=3.58 val=3.46 scale=50.13 p5=-0.31 p95=49.53 rnd_c=0.001 rnd_l=0.001 | r/step=0.0068 | 1.3 ips ETA 1h05\r\n"}
,{"stream_name":"stdout","time":19403.921381502,"data":"  [health] WARN RND_dominates: ratio=199.3\r\n"}
,{"stream_name":"stdout","time":19403.921387682,"data":"  [health] WARN FATAL: RND_dominates persistent (consec=53)\r\n"}
,{"stream_name":"stdout","time":19441.770087079,"data":"  iter 24950/30000 [83.2%] | WM wm=17.32 rec=9.70 kl=7.27 rew=0.342 con=0.007 | AC act=-0.000 crit=1.968 pg=0.000 H=1.45 | img ret=8.18 val=8.03 scale=56.75 p5=-0.31 p95=56.81 rnd_c=0.001 rnd_l=0.001 | r/step=0.0043 | 1.3 ips ETA 1h05\r\n"}
,{"stream_name":"stdout","time":19441.770118529,"data":"  [health] WARN RND_dominates: ratio=223.7\r\n"}
,{"stream_name":"stdout","time":19441.770124709,"data":"  [health] WARN FATAL: RND_dominates persistent (consec=54)\r\n"}
,{"stream_name":"stdout","time":19479.367524544,"data":"  iter 25000/30000 [83.3%] | WM wm=18.47 rec=11.43 kl=6.76 rew=0.264 con=0.006 | AC act=0.000 crit=2.005 pg=0.000 H=1.12 | img ret=6.18 val=5.90 scale=48.91 p5=-0.33 p95=48.44 rnd_c=0.001 rnd_l=0.001 | r/step=0.0051 | 1.3 ips ETA 1h04\r\n"}
,{"stream_name":"stdout","time":19479.367558174,"data":"  [health] WARN RND_dominates: ratio=281.6\r\n"}
,{"stream_name":"stdout","time":19479.367567764,"data":"  [health] WARN FATAL: RND_dominates persistent (consec=55)\r\n"}
,{"stream_name":"stdout","time":19511.66121564,"data":"  \u003e\u003e\u003e EVAL @ iter 25000 : score=0.10  length=163  achievements=1.00 ↑  sample=1.00  (best=1.90 @5000)  crafter_score=1.11% [4268 train eps]\r\n"}
,{"stream_name":"stdout","time":19511.66124755,"data":"      unlocked (3/22): wake_up=60%  collect_sapling=20%  collect_wood=20%\r\n"}
,{"stream_name":"stdout","time":19522.650389873,"data":"  Checkpoint saved : dreamer_crafter_jax_v36-tpu-75m-rnd_iter025000.npz\r\n"}
,{"stream_name":"stdout","time":19561.309285811,"data":"  iter 25050/30000 [83.5%] | WM wm=16.97 rec=10.30 kl=6.25 rew=0.412 con=0.005 | AC act=-0.000 crit=2.086 pg=0.000 H=1.16 | img ret=11.02 val=10.71 scale=50.10 p5=-0.29 p95=49.96 rnd_c=0.001 rnd_l=0.001 | r/step=0.0049 | 1.3 ips ETA 1h04\r\n"}
,{"stream_name":"stdout","time":19561.309320551,"data":"  [health] WARN RND_dominates: ratio=340.0\r\n"}
,{"stream_name":"stdout","time":19561.309326601,"data":"  [health] WARN FATAL: RND_dominates persistent (consec=56)\r\n"}
,{"stream_name":"stdout","time":19599.355911378,"data":"  iter 25100/30000 [83.7%] | WM wm=15.83 rec=8.74 kl=6.82 rew=0.275 con=0.003 | AC act=-0.002 crit=2.194 pg=-0.001 H=1.33 | img ret=2.33 val=2.32 scale=50.33 p5=-0.31 p95=49.63 rnd_c=0.001 rnd_l=0.001 | r/step=0.0088 | 1.3 ips ETA 1h03\r\n"}
,{"stream_name":"stdout","time":19599.355947827,"data":"  [health] WARN RND_dominates: ratio=201.2\r\n"}
,{"stream_name":"stdout","time":19599.355954018,"data":"  [health] WARN FATAL: RND_dominates persistent (consec=57)\r\n"}
,{"stream_name":"stdout","time":19637.740271019,"data":"  iter 25150/30000 [83.8%] | WM wm=19.85 rec=11.77 kl=7.71 rew=0.361 con=0.003 | AC act=0.000 crit=1.993 pg=0.000 H=0.96 | img ret=12.55 val=12.30 scale=52.23 p5=-0.31 p95=52.16 rnd_c=0.001 rnd_l=0.001 | r/step=0.0026 | 1.3 ips ETA 1h02\r\n"}
,{"stream_name":"stdout","time":19637.740313488,"data":"  [health] WARN RND_dominates: ratio=340.0\r\n"}
,{"stream_name":"stdout","time":19637.740319299,"data":"  [health] WARN FATAL: RND_dominates persistent (consec=58)\r\n"}
,{"stream_name":"stdout","time":19675.633832286,"data":"  iter 25200/30000 [84.0%] | WM wm=17.28 rec=10.33 kl=6.56 rew=0.390 con=0.004 | AC act=-0.001 crit=2.080 pg=-0.001 H=0.88 | img ret=8.03 val=8.08 scale=51.91 p5=-0.32 p95=51.97 rnd_c=0.001 rnd_l=0.001 | r/step=0.0081 | 1.3 ips ETA 1h02\r\n"}
,{"stream_name":"stdout","time":19675.633882876,"data":"  [health] WARN RND_dominates: ratio=208.0\r\n"}
,{"stream_name":"stdout","time":19675.633887606,"data":"  [health] WARN FATAL: RND_dominates persistent (consec=59)\r\n"}
,{"stream_name":"stdout","time":19713.687128488,"data":"  iter 25250/30000 [84.2%] | WM wm=16.18 rec=10.46 kl=5.42 rew=0.300 con=0.000 | AC act=-0.000 crit=2.309 pg=0.000 H=1.21 | img ret=3.14 val=3.08 scale=47.29 p5=-0.32 p95=46.65 rnd_c=0.001 rnd_l=0.001 | r/step=0.0028 | 1.3 ips ETA 1h01\r\n"}
,{"stream_name":"stdout","time":19713.687160478,"data":"  [health] WARN RND_dominates: ratio=375.9\r\n"}
,{"stream_name":"stdout","time":19713.687166498,"data":"  [health] WARN FATAL: RND_dominates persistent (consec=60)\r\n"}
,{"stream_name":"stdout","time":19751.734179919,"data":"  iter 25300/30000 [84.3%] | WM wm=15.37 rec=8.66 kl=6.47 rew=0.233 con=0.003 | AC act=0.002 crit=2.341 pg=0.003 H=1.18 | img ret=10.73 val=10.27 scale=48.47 p5=-0.32 p95=48.37 rnd_c=0.001 rnd_l=0.001 | r/step=0.0114 | 1.3 ips ETA 1h00\r\n"}
,{"stream_name":"stdout","time":19751.734215499,"data":"  [health] WARN RND_dominates: ratio=158.8\r\n"}
,{"stream_name":"stdout","time":19751.734221569,"data":"  [health] WARN FATAL: RND_dominates persistent (consec=61)\r\n"}
,{"stream_name":"stdout","time":19789.801148079,"data":"  iter 25350/30000 [84.5%] | WM wm=20.59 rec=13.13 kl=7.16 rew=0.291 con=0.001 | AC act=0.001 crit=2.446 pg=0.001 H=1.21 | img ret=10.18 val=9.79 scale=52.38 p5=-0.31 p95=52.04 rnd_c=0.001 rnd_l=0.001 | r/step=0.0048 | 1.3 ips ETA 1h00\r\n"}
,{"stream_name":"stdout","time":19789.801179189,"data":"  [health] WARN RND_dominates: ratio=260.4\r\n"}
,{"stream_name":"stdout","time":19789.801184779,"data":"  [health] WARN FATAL: RND_dominates persistent (consec=62)\r\n"}
,{"stream_name":"stdout","time":19827.717374731,"data":"  iter 25400/30000 [84.7%] | WM wm=16.22 rec=9.89 kl=5.97 rew=0.353 con=0.005 | AC act=-0.000 crit=2.036 pg=-0.000 H=1.15 | img ret=3.83 val=3.82 scale=55.36 p5=-0.29 p95=54.74 rnd_c=0.001 rnd_l=0.001 | r/step=0.0024 | 1.3 ips ETA 59m29\r\n"}
,{"stream_name":"stdout","time":19827.717407781,"data":"  [health] WARN RND_dominates: ratio=520.1\r\n"}
,{"stream_name":"stdout","time":19827.717412851,"data":"  [health] WARN FATAL: RND_dominates persistent (consec=63)\r\n"}
,{"stream_name":"stdout","time":19866.08366609,"data":"  iter 25450/30000 [84.8%] | WM wm=17.33 rec=11.24 kl=5.89 rew=0.193 con=0.003 | AC act=0.005 crit=2.283 pg=0.005 H=1.05 | img ret=22.48 val=21.92 scale=47.87 p5=-0.26 p95=48.89 rnd_c=0.001 rnd_l=0.001 | r/step=0.0092 | 1.3 ips ETA 58m50\r\n"}
,{"stream_name":"stdout","time":19866.08369857,"data":"  [health] WARN RND_dominates: ratio=204.6\r\n"}
,{"stream_name":"stdout","time":19866.08370481,"data":"  [health] WARN FATAL: RND_dominates persistent (consec=64)\r\n"}
,{"stream_name":"stdout","time":19904.462817151,"data":"  iter 25500/30000 [85.0%] | WM wm=20.55 rec=12.56 kl=7.76 rew=0.225 con=0.006 | AC act=-0.000 crit=2.411 pg=0.000 H=0.89 | img ret=11.44 val=11.26 scale=53.11 p5=-0.29 p95=52.93 rnd_c=0.001 rnd_l=0.001 | r/step=0.0050 | 1.3 ips ETA 58m11\r\n"}
,{"stream_name":"stdout","time":19904.462855511,"data":"  [health] WARN RND_dominates: ratio=319.4\r\n"}
,{"stream_name":"stdout","time":19904.462861381,"data":"  [health] WARN FATAL: RND_dominates persistent (consec=65)\r\n"}
,{"stream_name":"stdout","time":19942.347361918,"data":"  iter 25550/30000 [85.2%] | WM wm=15.77 rec=9.55 kl=5.96 rew=0.256 con=0.006 | AC act=0.001 crit=2.091 pg=0.001 H=1.40 | img ret=5.59 val=5.25 scale=53.53 p5=-0.30 p95=53.14 rnd_c=0.001 rnd_l=0.001 | r/step=0.0020 | 1.3 ips ETA 57m32\r\n"}
,{"stream_name":"stdout","time":19942.347393858,"data":"  [health] WARN RND_dominates: ratio=501.1\r\n"}
,{"stream_name":"stdout","time":19942.347409988,"data":"  [health] WARN FATAL: RND_dominates persistent (consec=66)\r\n"}
,{"stream_name":"stdout","time":19980.124197025,"data":"  iter 25600/30000 [85.3%] | WM wm=17.06 rec=10.07 kl=6.67 rew=0.318 con=0.007 | AC act=0.002 crit=2.261 pg=0.002 H=1.31 | img ret=12.43 val=12.28 scale=51.57 p5=-0.30 p95=51.69 rnd_c=0.001 rnd_l=0.001 | r/step=0.0134 | 1.3 ips ETA 56m54\r\n"}
,{"stream_name":"stdout","time":19980.124246515,"data":"  [health] WARN RND_dominates: ratio=178.8\r\n"}
,{"stream_name":"stdout","time":19980.124257845,"data":"  [health] WARN FATAL: RND_dominates persistent (consec=67)\r\n"}
,{"stream_name":"stdout","time":20018.010809562,"data":"  iter 25650/30000 [85.5%] | WM wm=17.81 rec=10.30 kl=7.27 rew=0.235 con=0.002 | AC act=0.001 crit=2.411 pg=0.001 H=1.04 | img ret=7.56 val=7.32 scale=50.38 p5=-0.32 p95=50.27 rnd_c=0.001 rnd_l=0.001 | r/step=0.0041 | 1.3 ips ETA 56m15\r\n"}
,{"stream_name":"stdout","time":20018.010844492,"data":"  [health] WARN RND_dominates: ratio=260.4\r\n"}
,{"stream_name":"stdout","time":20018.010850612,"data":"  [health] WARN FATAL: RND_dominates persistent (consec=68)\r\n"}
,{"stream_name":"stdout","time":20055.924301257,"data":"  iter 25700/30000 [85.7%] | WM wm=15.00 rec=8.65 kl=5.97 rew=0.374 con=0.003 | AC act=0.001 crit=2.244 pg=0.001 H=1.23 | img ret=3.49 val=3.43 scale=49.24 p5=-0.32 p95=48.65 rnd_c=0.001 rnd_l=0.001 | r/step=0.0062 | 1.3 ips ETA 55m36\r\n"}
,{"stream_name":"stdout","time":20055.924334547,"data":"  [health] WARN RND_dominates: ratio=238.3\r\n"}
,{"stream_name":"stdout","time":20055.924340747,"data":"  [health] WARN FATAL: RND_dominates persistent (consec=69)\r\n"}
,{"stream_name":"stdout","time":20094.083886616,"data":"  iter 25750/30000 [85.8%] | WM wm=20.76 rec=11.59 kl=8.76 rew=0.395 con=0.011 | AC act=-0.001 crit=2.112 pg=-0.000 H=1.09 | img ret=7.93 val=7.68 scale=48.80 p5=-0.30 p95=48.21 rnd_c=0.001 rnd_l=0.001 | r/step=-0.0015 | 1.3 ips ETA 54m57\r\n"}
,{"stream_name":"stdout","time":20131.952873144,"data":"  iter 25800/30000 [86.0%] | WM wm=17.27 rec=9.55 kl=7.40 rew=0.323 con=0.005 | AC act=0.004 crit=2.455 pg=0.004 H=0.98 | img ret=11.01 val=10.50 scale=53.00 p5=-0.31 p95=52.91 rnd_c=0.001 rnd_l=0.001 | r/step=0.0038 | 1.3 ips ETA 54m18\r\n"}
,{"stream_name":"stdout","time":20131.952910654,"data":"  [health] WARN RND_dominates: ratio=409.6\r\n"}
,{"stream_name":"stdout","time":20170.017796904,"data":"  iter 25850/30000 [86.2%] | WM wm=20.32 rec=12.07 kl=7.87 rew=0.367 con=0.012 | AC act=0.000 crit=2.493 pg=0.001 H=1.24 | img ret=2.71 val=2.61 scale=56.25 p5=-0.31 p95=55.46 rnd_c=0.001 rnd_l=0.001 | r/step=0.0049 | 1.3 ips ETA 53m39\r\n"}
,{"stream_name":"stdout","time":20170.017828434,"data":"  [health] WARN RND_dominates: ratio=324.3\r\n"}
,{"stream_name":"stdout","time":20208.172725025,"data":"  iter 25900/30000 [86.3%] | WM wm=16.81 rec=10.26 kl=6.17 rew=0.372 con=0.009 | AC act=-0.000 crit=2.267 pg=0.000 H=1.04 | img ret=8.43 val=8.08 scale=50.69 p5=-0.30 p95=50.69 rnd_c=0.001 rnd_l=0.001 | r/step=0.0052 | 1.3 ips ETA 53m00\r\n"}
,{"stream_name":"stdout","time":20208.172752625,"data":"  [health] WARN RND_dominates: ratio=627.3\r\n"}
,{"stream_name":"stdout","time":20246.137352622,"data":"  iter 25950/30000 [86.5%] | WM wm=19.99 rec=12.19 kl=7.53 rew=0.268 con=0.006 | AC act=-0.002 crit=2.170 pg=-0.001 H=1.33 | img ret=2.34 val=2.31 scale=51.32 p5=-0.30 p95=50.61 rnd_c=0.001 rnd_l=0.001 | r/step=0.0028 | 1.3 ips ETA 52m21\r\n"}
,{"stream_name":"stdout","time":20246.137385522,"data":"  [health] WARN RND_dominates: ratio=371.0\r\n"}
,{"stream_name":"stdout","time":20283.807505618,"data":"  iter 26000/30000 [86.7%] | WM wm=19.87 rec=11.85 kl=7.74 rew=0.280 con=0.003 | AC act=0.002 crit=2.261 pg=0.002 H=1.26 | img ret=3.78 val=3.40 scale=55.08 p5=-0.30 p95=54.47 rnd_c=0.001 rnd_l=0.001 | r/step=0.0042 | 1.3 ips ETA 51m42\r\n"}
,{"stream_name":"stdout","time":20283.807551658,"data":"  [health] WARN RND_dominates: ratio=378.6\r\n"}
,{"stream_name":"stdout","time":20283.807556378,"data":"  [health] WARN FATAL: RND_dominates persistent (consec=5)\r\n"}
,{"stream_name":"stdout","time":20321.634743537,"data":"  iter 26050/30000 [86.8%] | WM wm=17.47 rec=10.70 kl=6.48 rew=0.286 con=0.002 | AC act=-0.001 crit=1.996 pg=-0.000 H=1.15 | img ret=13.85 val=13.69 scale=50.76 p5=-0.29 p95=51.03 rnd_c=0.001 rnd_l=0.001 | r/step=0.0071 | 1.3 ips ETA 51m03\r\n"}
,{"stream_name":"stdout","time":20321.634776757,"data":"  [health] WARN RND_dominates: ratio=296.0\r\n"}
,{"stream_name":"stdout","time":20321.634783427,"data":"  [health] WARN FATAL: RND_dominates persistent (consec=6)\r\n"}
,{"stream_name":"stdout","time":20359.643641609,"data":"  iter 26100/30000 [87.0%] | WM wm=14.57 rec=8.68 kl=5.58 rew=0.308 con=0.002 | AC act=-0.001 crit=2.248 pg=-0.001 H=1.61 | img ret=2.58 val=2.52 scale=54.18 p5=-0.29 p95=53.48 rnd_c=0.001 rnd_l=0.001 | r/step=-0.0015 | 1.3 ips ETA 50m24\r\n"}
,{"stream_name":"stdout","time":20359.643676649,"data":"  [health] WARN RND_dominates: ratio=842.2\r\n"}
,{"stream_name":"stdout","time":20359.643682869,"data":"  [health] WARN FATAL: RND_dominates persistent (consec=7)\r\n"}
,{"stream_name":"stdout","time":20397.557707272,"data":"  iter 26150/30000 [87.2%] | WM wm=17.34 rec=10.57 kl=6.43 rew=0.328 con=0.002 | AC act=-0.002 crit=2.240 pg=-0.002 H=0.99 | img ret=6.11 val=6.10 scale=52.70 p5=-0.30 p95=52.22 rnd_c=0.001 rnd_l=0.001 | r/step=0.0009 | 1.3 ips ETA 49m45\r\n"}
,{"stream_name":"stdout","time":20397.557743412,"data":"  [health] WARN RND_dominates: ratio=543.2\r\n"}
,{"stream_name":"stdout","time":20397.557749772,"data":"  [health] WARN FATAL: RND_dominates persistent (consec=8)\r\n"}
,{"stream_name":"stdout","time":20435.556062159,"data":"  iter 26200/30000 [87.3%] | WM wm=19.18 rec=11.50 kl=7.29 rew=0.383 con=0.004 | AC act=-0.001 crit=2.115 pg=-0.001 H=1.19 | img ret=22.30 val=22.36 scale=57.00 p5=-0.30 p95=57.38 rnd_c=0.001 rnd_l=0.001 | r/step=0.0100 | 1.3 ips ETA 49m07\r\n"}
,{"stream_name":"stdout","time":20435.556096168,"data":"  [health] WARN RND_dominates: ratio=253.4\r\n"}
,{"stream_name":"stdout","time":20435.556101728,"data":"  [health] WARN FATAL: RND_dominates persistent (consec=9)\r\n"}
,{"stream_name":"stdout","time":20473.169367821,"data":"  iter 26250/30000 [87.5%] | WM wm=14.48 rec=8.49 kl=5.69 rew=0.293 con=0.003 | AC act=-0.001 crit=2.137 pg=-0.001 H=1.17 | img ret=5.61 val=5.81 scale=55.43 p5=-0.30 p95=54.82 rnd_c=0.001 rnd_l=0.001 | r/step=0.0035 | 1.3 ips ETA 48m28\r\n"}
,{"stream_name":"stdout","time":20473.169401671,"data":"  [health] WARN RND_dominates: ratio=404.9\r\n"}
,{"stream_name":"stdout","time":20473.169408421,"data":"  [health] WARN FATAL: RND_dominates persistent (consec=10)\r\n"}
,{"stream_name":"stdout","time":20511.254083052,"data":"  iter 26300/30000 [87.7%] | WM wm=19.12 rec=11.20 kl=7.64 rew=0.273 con=0.005 | AC act=-0.000 crit=2.269 pg=0.000 H=1.12 | img ret=2.53 val=2.48 scale=50.75 p5=-0.31 p95=50.06 rnd_c=0.001 rnd_l=0.001 | r/step=0.0016 | 1.3 ips ETA 47m49\r\n"}
,{"stream_name":"stdout","time":20511.254116601,"data":"  [health] WARN RND_dominates: ratio=449.9\r\n"}
,{"stream_name":"stdout","time":20511.254122692,"data":"  [health] WARN FATAL: RND_dominates persistent (consec=11)\r\n"}
,{"stream_name":"stdout","time":20549.198746584,"data":"  iter 26350/30000 [87.8%] | WM wm=15.54 rec=8.57 kl=6.59 rew=0.376 con=0.006 | AC act=-0.000 crit=2.309 pg=-0.000 H=1.02 | img ret=8.87 val=8.72 scale=52.89 p5=-0.31 p95=52.61 rnd_c=0.001 rnd_l=0.001 | r/step=0.0031 | 1.3 ips ETA 47m10\r\n"}
,{"stream_name":"stdout","time":20549.198780554,"data":"  [health] WARN RND_dominates: ratio=425.2\r\n"}
,{"stream_name":"stdout","time":20549.198796944,"data":"  [health] WARN FATAL: RND_dominates persistent (consec=12)\r\n"}
,{"stream_name":"stdout","time":20587.471067262,"data":"  iter 26400/30000 [88.0%] | WM wm=17.67 rec=11.02 kl=6.39 rew=0.258 con=0.005 | AC act=0.001 crit=2.105 pg=0.001 H=1.29 | img ret=5.33 val=4.96 scale=49.16 p5=-0.33 p95=48.58 rnd_c=0.001 rnd_l=0.001 | r/step=0.0006 | 1.3 ips ETA 46m31\r\n"}
,{"stream_name":"stdout","time":20587.471099202,"data":"  [health] WARN RND_dominates: ratio=871.5\r\n"}
,{"stream_name":"stdout","time":20587.471104462,"data":"  [health] WARN FATAL: RND_dominates persistent (consec=13)\r\n"}
,{"stream_name":"stdout","time":20625.429634853,"data":"  iter 26450/30000 [88.2%] | WM wm=20.92 rec=12.51 kl=8.08 rew=0.325 con=0.006 | AC act=-0.000 crit=2.343 pg=0.000 H=1.14 | img ret=3.97 val=3.80 scale=50.06 p5=-0.34 p95=49.57 rnd_c=0.001 rnd_l=0.001 | r/step=0.0081 | 1.3 ips ETA 45m52\r\n"}
,{"stream_name":"stdout","time":20625.429666053,"data":"  [health] WARN RND_dominates: ratio=335.0\r\n"}
,{"stream_name":"stdout","time":20625.429672253,"data":"  [health] WARN FATAL: RND_dominates persistent (consec=14)\r\n"}
,{"stream_name":"stdout","time":20663.586311274,"data":"  iter 26500/30000 [88.3%] | WM wm=18.31 rec=11.47 kl=6.53 rew=0.310 con=0.002 | AC act=-0.001 crit=2.356 pg=-0.001 H=1.18 | img ret=7.50 val=7.39 scale=51.47 p5=-0.32 p95=51.23 rnd_c=0.001 rnd_l=0.001 | r/step=0.0010 | 1.3 ips ETA 45m13\r\n"}
,{"stream_name":"stdout","time":20663.586342984,"data":"  [health] WARN RND_dominates: ratio=928.2\r\n"}
,{"stream_name":"stdout","time":20663.586347834,"data":"  [health] WARN FATAL: RND_dominates persistent (consec=15)\r\n"}
,{"stream_name":"stdout","time":20701.383460637,"data":"  iter 26550/30000 [88.5%] | WM wm=15.66 rec=8.91 kl=6.50 rew=0.251 con=0.001 | AC act=-0.001 crit=1.919 pg=-0.001 H=1.10 | img ret=7.96 val=8.01 scale=49.11 p5=-0.33 p95=48.67 rnd_c=0.001 rnd_l=0.001 | r/step=0.0074 | 1.3 ips ETA 44m34\r\n"}
,{"stream_name":"stdout","time":20701.383494287,"data":"  [health] WARN RND_dominates: ratio=328.4\r\n"}
,{"stream_name":"stdout","time":20701.383499387,"data":"  [health] WARN FATAL: RND_dominates persistent (consec=16)\r\n"}
,{"stream_name":"stdout","time":20739.38875475,"data":"  iter 26600/30000 [88.7%] | WM wm=15.63 rec=8.67 kl=6.64 rew=0.315 con=0.003 | AC act=-0.000 crit=2.061 pg=0.000 H=1.17 | img ret=4.66 val=4.53 scale=48.45 p5=-0.32 p95=48.09 rnd_c=0.001 rnd_l=0.001 | r/step=0.0079 | 1.3 ips ETA 43m55\r\n"}
,{"stream_name":"stdout","time":20739.38878401,"data":"  [health] WARN RND_dominates: ratio=436.8\r\n"}
,{"stream_name":"stdout","time":20739.388788761,"data":"  [health] WARN FATAL: RND_dominates persistent (consec=17)\r\n"}
,{"stream_name":"stdout","time":20777.378952284,"data":"  iter 26650/30000 [88.8%] | WM wm=17.78 rec=10.57 kl=6.96 rew=0.238 con=0.011 | AC act=0.000 crit=2.211 pg=0.001 H=1.09 | img ret=6.57 val=6.09 scale=50.75 p5=-0.34 p95=50.33 rnd_c=0.001 rnd_l=0.001 | r/step=0.0055 | 1.3 ips ETA 43m17\r\n"}
,{"stream_name":"stdout","time":20777.379017744,"data":"  [health] WARN RND_dominates: ratio=427.0\r\n"}
,{"stream_name":"stdout","time":20777.379025674,"data":"  [health] WARN FATAL: RND_dominates persistent (consec=18)\r\n"}
,{"stream_name":"stdout","time":20815.480881968,"data":"  iter 26700/30000 [89.0%] | WM wm=17.17 rec=9.43 kl=7.33 rew=0.409 con=0.007 | AC act=0.000 crit=2.222 pg=0.001 H=1.58 | img ret=2.95 val=2.94 scale=48.45 p5=-0.34 p95=47.72 rnd_c=0.001 rnd_l=0.001 | r/step=0.0050 | 1.3 ips ETA 42m38\r\n"}
,{"stream_name":"stdout","time":20815.480918868,"data":"  [health] WARN RND_dominates: ratio=382.1\r\n"}
,{"stream_name":"stdout","time":20815.480925288,"data":"  [health] WARN FATAL: RND_dominates persistent (consec=19)\r\n"}
,{"stream_name":"stdout","time":20853.235836615,"data":"  iter 26750/30000 [89.2%] | WM wm=17.31 rec=9.50 kl=7.55 rew=0.248 con=0.011 | AC act=-0.000 crit=2.083 pg=-0.000 H=0.80 | img ret=9.32 val=9.21 scale=51.81 p5=-0.32 p95=51.44 rnd_c=0.001 rnd_l=0.001 | r/step=0.0084 | 1.3 ips ETA 41m59\r\n"}
,{"stream_name":"stdout","time":20853.235882295,"data":"  [health] WARN RND_dominates: ratio=270.3\r\n"}
,{"stream_name":"stdout","time":20853.235886965,"data":"  [health] WARN FATAL: RND_dominates persistent (consec=20)\r\n"}
,{"stream_name":"stdout","time":20891.507560291,"data":"  iter 26800/30000 [89.3%] | WM wm=14.20 rec=8.12 kl=5.78 rew=0.294 con=0.001 | AC act=0.001 crit=2.423 pg=0.001 H=1.31 | img ret=2.06 val=2.02 scale=50.02 p5=-0.32 p95=49.26 rnd_c=0.001 rnd_l=0.001 | r/step=0.0038 | 1.3 ips ETA 41m20\r\n"}
,{"stream_name":"stdout","time":20891.507599881,"data":"  [health] WARN RND_dominates: ratio=339.8\r\n"}
,{"stream_name":"stdout","time":20891.507605471,"data":"  [health] WARN FATAL: RND_dominates persistent (consec=21)\r\n"}
,{"stream_name":"stdout","time":20928.969226386,"data":"  iter 26850/30000 [89.5%] | WM wm=17.73 rec=10.43 kl=6.88 rew=0.412 con=0.003 | AC act=0.001 crit=2.233 pg=0.001 H=1.47 | img ret=2.14 val=2.09 scale=54.61 p5=-0.33 p95=53.88 rnd_c=0.001 rnd_l=0.001 | r/step=0.0085 | 1.3 ips ETA 40m41\r\n"}
,{"stream_name":"stdout","time":20928.969256366,"data":"  [health] WARN RND_dominates: ratio=258.4\r\n"}
,{"stream_name":"stdout","time":20928.969261126,"data":"  [health] WARN FATAL: RND_dominates persistent (consec=22)\r\n"}
,{"stream_name":"stdout","time":20967.244927131,"data":"  iter 26900/30000 [89.7%] | WM wm=16.75 rec=10.43 kl=6.02 rew=0.299 con=0.001 | AC act=0.001 crit=2.206 pg=0.001 H=1.05 | img ret=9.07 val=8.79 scale=50.94 p5=-0.33 p95=50.51 rnd_c=0.001 rnd_l=0.001 | r/step=0.0028 | 1.3 ips ETA 40m02\r\n"}
,{"stream_name":"stdout","time":20967.244955221,"data":"  [health] WARN RND_dominates: ratio=417.4\r\n"}
,{"stream_name":"stdout","time":20967.244960211,"data":"  [health] WARN FATAL: RND_dominates persistent (consec=23)\r\n"}
,{"stream_name":"stdout","time":21005.147017471,"data":"  iter 26950/30000 [89.8%] | WM wm=17.08 rec=10.01 kl=6.83 rew=0.239 con=0.005 | AC act=0.001 crit=2.072 pg=0.001 H=1.01 | img ret=15.99 val=15.70 scale=46.73 p5=-0.35 p95=46.54 rnd_c=0.001 rnd_l=0.001 | r/step=-0.0007 | 1.3 ips ETA 39m23\r\n"}
,{"stream_name":"stdout","time":21005.147047861,"data":"  [health] WARN RND_dominates: ratio=1146.5\r\n"}
,{"stream_name":"stdout","time":21005.147053761,"data":"  [health] WARN FATAL: RND_dominates persistent (consec=24)\r\n"}
,{"stream_name":"stdout","time":21042.540279703,"data":"  iter 27000/30000 [90.0%] | WM wm=16.63 rec=9.77 kl=6.60 rew=0.262 con=0.003 | AC act=0.001 crit=2.164 pg=0.001 H=1.03 | img ret=11.14 val=10.97 scale=48.70 p5=-0.32 p95=48.53 rnd_c=0.001 rnd_l=0.001 | r/step=0.0099 | 1.3 ips ETA 38m45\r\n"}
,{"stream_name":"stdout","time":21042.540301323,"data":"  [health] WARN RND_dominates: ratio=367.1\r\n"}
,{"stream_name":"stdout","time":21042.540306153,"data":"  [health] WARN FATAL: RND_dominates persistent (consec=25)\r\n"}
,{"stream_name":"stdout","time":21080.619329907,"data":"  iter 27050/30000 [90.2%] | WM wm=16.16 rec=9.16 kl=6.67 rew=0.312 con=0.013 | AC act=0.001 crit=2.287 pg=0.001 H=0.82 | img ret=6.84 val=6.63 scale=48.22 p5=-0.31 p95=47.69 rnd_c=0.001 rnd_l=0.001 | r/step=0.0045 | 1.3 ips ETA 38m06\r\n"}
,{"stream_name":"stdout","time":21080.619350678,"data":"  [health] WARN RND_dominates: ratio=698.6\r\n"}
,{"stream_name":"stdout","time":21080.619355398,"data":"  [health] WARN FATAL: RND_dominates persistent (consec=26)\r\n"}
,{"stream_name":"stdout","time":21118.473592513,"data":"  iter 27100/30000 [90.3%] | WM wm=17.65 rec=10.55 kl=6.80 rew=0.289 con=0.011 | AC act=-0.001 crit=2.028 pg=-0.001 H=1.18 | img ret=4.06 val=4.20 scale=47.29 p5=-0.29 p95=46.78 rnd_c=0.001 rnd_l=0.001 | r/step=0.0022 | 1.3 ips ETA 37m27\r\n"}
,{"stream_name":"stdout","time":21118.473646883,"data":"  [health] WARN RND_dominates: ratio=1346.0\r\n"}
,{"stream_name":"stdout","time":21118.473651763,"data":"  [health] WARN FATAL: RND_dominates persistent (consec=27)\r\n"}
,{"stream_name":"stdout","time":21156.345547137,"data":"  iter 27150/30000 [90.5%] | WM wm=16.83 rec=10.02 kl=6.55 rew=0.261 con=0.002 | AC act=-0.000 crit=2.261 pg=0.000 H=1.15 | img ret=5.03 val=4.88 scale=50.37 p5=-0.32 p95=49.91 rnd_c=0.001 rnd_l=0.001 | r/step=0.0062 | 1.3 ips ETA 36m48\r\n"}
,{"stream_name":"stdout","time":21156.345576988,"data":"  [health] WARN RND_dominates: ratio=502.6\r\n"}
,{"stream_name":"stdout","time":21156.345582268,"data":"  [health] WARN FATAL: RND_dominates persistent (consec=28)\r\n"}
,{"stream_name":"stdout","time":21194.15081733,"data":"  iter 27200/30000 [90.7%] | WM wm=18.47 rec=11.64 kl=6.53 rew=0.296 con=0.004 | AC act=0.004 crit=2.153 pg=0.004 H=1.07 | img ret=11.56 val=11.14 scale=49.68 p5=-0.36 p95=49.48 rnd_c=0.001 rnd_l=0.001 | r/step=0.0031 | 1.3 ips ETA 36m09\r\n"}
,{"stream_name":"stdout","time":21194.15086215,"data":"  [health] WARN RND_dominates: ratio=729.6\r\n"}
,{"stream_name":"stdout","time":21194.150873019,"data":"  [health] WARN FATAL: RND_dominates persistent (consec=29)\r\n"}
,{"stream_name":"stdout","time":21232.120787284,"data":"  iter 27250/30000 [90.8%] | WM wm=16.46 rec=9.57 kl=6.66 rew=0.233 con=0.003 | AC act=-0.001 crit=1.959 pg=-0.001 H=1.27 | img ret=1.23 val=1.21 scale=47.48 p5=-0.36 p95=46.73 rnd_c=0.001 rnd_l=0.001 | r/step=0.0062 | 1.3 ips ETA 35m30\r\n"}
,{"stream_name":"stdout","time":21232.120821834,"data":"  [health] WARN RND_dominates: ratio=357.1\r\n"}
,{"stream_name":"stdout","time":21232.120827904,"data":"  [health] WARN FATAL: RND_dominates persistent (consec=30)\r\n"}
,{"stream_name":"stdout","time":21269.537889823,"data":"  iter 27300/30000 [91.0%] | WM wm=15.51 rec=8.63 kl=6.60 rew=0.276 con=0.004 | AC act=-0.000 crit=2.095 pg=0.000 H=1.30 | img ret=11.05 val=10.99 scale=47.71 p5=-0.34 p95=47.71 rnd_c=0.001 rnd_l=0.001 | r/step=0.0070 | 1.3 ips ETA 34m52\r\n"}
,{"stream_name":"stdout","time":21269.537930643,"data":"  [health] WARN RND_dominates: ratio=308.1\r\n"}
,{"stream_name":"stdout","time":21269.537936763,"data":"  [health] WARN FATAL: RND_dominates persistent (consec=31)\r\n"}
,{"stream_name":"stdout","time":21307.350446004,"data":"  iter 27350/30000 [91.2%] | WM wm=18.56 rec=10.69 kl=7.52 rew=0.342 con=0.006 | AC act=-0.000 crit=2.021 pg=-0.000 H=1.19 | img ret=4.86 val=4.83 scale=55.22 p5=-0.36 p95=54.90 rnd_c=0.001 rnd_l=0.001 | r/step=0.0059 | 1.3 ips ETA 34m13\r\n"}
,{"stream_name":"stdout","time":21307.350481134,"data":"  [health] WARN RND_dominates: ratio=507.0\r\n"}
,{"stream_name":"stdout","time":21307.350488184,"data":"  [health] WARN FATAL: RND_dominates persistent (consec=32)\r\n"}
,{"stream_name":"stdout","time":21344.820520528,"data":"  iter 27400/30000 [91.3%] | WM wm=16.57 rec=8.56 kl=7.67 rew=0.330 con=0.007 | AC act=-0.000 crit=1.839 pg=0.000 H=1.15 | img ret=12.07 val=11.90 scale=51.22 p5=-0.38 p95=51.04 rnd_c=0.001 rnd_l=0.001 | r/step=0.0030 | 1.3 ips ETA 33m34\r\n"}
,{"stream_name":"stdout","time":21344.820557088,"data":"  [health] WARN RND_dominates: ratio=2088.7\r\n"}
,{"stream_name":"stdout","time":21344.820563108,"data":"  [health] WARN FATAL: RND_dominates persistent (consec=33)\r\n"}
,{"stream_name":"stdout","time":21382.536288306,"data":"  iter 27450/30000 [91.5%] | WM wm=15.61 rec=9.66 kl=5.68 rew=0.259 con=0.004 | AC act=-0.001 crit=2.055 pg=-0.001 H=1.18 | img ret=7.15 val=6.97 scale=49.81 p5=-0.34 p95=49.40 rnd_c=0.001 rnd_l=0.001 | r/step=0.0060 | 1.3 ips ETA 32m55\r\n"}
,{"stream_name":"stdout","time":21382.536318096,"data":"  [health] WARN RND_dominates: ratio=567.9\r\n"}
,{"stream_name":"stdout","time":21382.536323066,"data":"  [health] WARN FATAL: RND_dominates persistent (consec=34)\r\n"}
,{"stream_name":"stdout","time":21420.457689035,"data":"  iter 27500/30000 [91.7%] | WM wm=15.65 rec=8.90 kl=6.45 rew=0.298 con=0.004 | AC act=-0.000 crit=1.930 pg=-0.000 H=1.41 | img ret=9.02 val=8.93 scale=47.80 p5=-0.37 p95=48.01 rnd_c=0.001 rnd_l=0.001 | r/step=0.0015 | 1.3 ips ETA 32m16\r\n"}
,{"stream_name":"stdout","time":21420.457720485,"data":"  [health] WARN RND_dominates: ratio=1801.3\r\n"}
,{"stream_name":"stdout","time":21420.457726185,"data":"  [health] WARN FATAL: RND_dominates persistent (consec=35)\r\n"}
,{"stream_name":"stdout","time":21452.890642165,"data":"  \u003e\u003e\u003e EVAL @ iter 27500 : score=-0.10  length=144  achievements=0.80 ↓  sample=1.40  (best=1.90 @5000)  crafter_score=1.13% [4715 train eps]\r\n"}
,{"stream_name":"stdout","time":21452.890675045,"data":"      unlocked (1/22): wake_up=80%\r\n"}
,{"stream_name":"stdout","time":21463.970947695,"data":"  Checkpoint saved : dreamer_crafter_jax_v36-tpu-75m-rnd_iter027500.npz\r\n"}
,{"stream_name":"stdout","time":21502.410379971,"data":"  iter 27550/30000 [91.8%] | WM wm=18.58 rec=11.02 kl=7.29 rew=0.262 con=0.010 | AC act=-0.002 crit=1.934 pg=-0.002 H=1.55 | img ret=5.53 val=5.50 scale=50.01 p5=-0.32 p95=49.78 rnd_c=0.001 rnd_l=0.001 | r/step=0.0044 | 1.3 ips ETA 31m41\r\n"}
,{"stream_name":"stdout","time":21502.410414151,"data":"  [health] WARN RND_dominates: ratio=671.5\r\n"}
,{"stream_name":"stdout","time":21502.410419222,"data":"  [health] WARN FATAL: RND_dominates persistent (consec=36)\r\n"}
,{"stream_name":"stdout","time":21540.202293521,"data":"  iter 27600/30000 [92.0%] | WM wm=18.05 rec=10.41 kl=7.46 rew=0.172 con=0.003 | AC act=-0.001 crit=2.182 pg=-0.000 H=1.43 | img ret=3.40 val=3.33 scale=46.03 p5=-0.31 p95=45.32 rnd_c=0.001 rnd_l=0.001 | r/step=0.0094 | 1.3 ips ETA 31m02\r\n"}
,{"stream_name":"stdout","time":21540.202327221,"data":"  [health] WARN RND_dominates: ratio=219.0\r\n"}
,{"stream_name":"stdout","time":21540.202333841,"data":"  [health] WARN FATAL: RND_dominates persistent (consec=37)\r\n"}
,{"stream_name":"stdout","time":21577.981802487,"data":"  iter 27650/30000 [92.2%] | WM wm=17.43 rec=10.21 kl=6.85 rew=0.364 con=0.007 | AC act=-0.001 crit=2.060 pg=-0.000 H=1.35 | img ret=6.61 val=6.44 scale=47.54 p5=-0.32 p95=47.02 rnd_c=0.001 rnd_l=0.001 | r/step=0.0067 | 1.3 ips ETA 30m24\r\n"}
,{"stream_name":"stdout","time":21577.981840498,"data":"  [health] WARN RND_dominates: ratio=298.8\r\n"}
,{"stream_name":"stdout","time":21577.981846587,"data":"  [health] WARN FATAL: RND_dominates persistent (consec=38)\r\n"}
,{"stream_name":"stdout","time":21615.8270521,"data":"  iter 27700/30000 [92.3%] | WM wm=15.87 rec=8.48 kl=7.16 rew=0.232 con=0.006 | AC act=0.000 crit=2.197 pg=0.001 H=1.10 | img ret=8.47 val=8.09 scale=44.06 p5=-0.35 p95=43.73 rnd_c=0.001 rnd_l=0.001 | r/step=-0.0033 | 1.3 ips ETA 29m45\r\n"}
,{"stream_name":"stdout","time":21653.903867453,"data":"  iter 27750/30000 [92.5%] | WM wm=15.85 rec=9.66 kl=5.94 rew=0.244 con=0.002 | AC act=-0.000 crit=2.021 pg=-0.000 H=1.13 | img ret=14.16 val=13.73 scale=43.89 p5=-0.33 p95=43.92 rnd_c=0.001 rnd_l=0.001 | r/step=0.0051 | 1.3 ips ETA 29m06\r\n"}
,{"stream_name":"stdout","time":21653.903908373,"data":"  [health] WARN RND_dominates: ratio=639.8\r\n"}
,{"stream_name":"stdout","time":21691.7526499,"data":"  iter 27800/30000 [92.7%] | WM wm=15.45 rec=9.32 kl=5.82 rew=0.299 con=0.005 | AC act=0.001 crit=2.137 pg=0.001 H=1.42 | img ret=2.03 val=1.87 scale=48.73 p5=-0.35 p95=47.95 rnd_c=0.001 rnd_l=0.001 | r/step=0.0031 | 1.3 ips ETA 28m27\r\n"}
,{"stream_name":"stdout","time":21691.75267918,"data":"  [health] WARN RND_dominates: ratio=569.5\r\n"}
,{"stream_name":"stdout","time":21729.296843695,"data":"  iter 27850/30000 [92.8%] | WM wm=16.73 rec=9.95 kl=6.47 rew=0.304 con=0.004 | AC act=-0.000 crit=2.035 pg=-0.000 H=1.18 | img ret=7.61 val=7.53 scale=53.07 p5=-0.34 p95=52.67 rnd_c=0.001 rnd_l=0.001 | r/step=0.0087 | 1.3 ips ETA 27m48\r\n"}
,{"stream_name":"stdout","time":21729.296885145,"data":"  [health] WARN RND_dominates: ratio=282.6\r\n"}
,{"stream_name":"stdout","time":21767.466066097,"data":"  iter 27900/30000 [93.0%] | WM wm=17.50 rec=10.22 kl=6.96 rew=0.321 con=0.007 | AC act=-0.000 crit=2.055 pg=0.000 H=1.24 | img ret=6.19 val=5.95 scale=48.62 p5=-0.34 p95=48.49 rnd_c=0.001 rnd_l=0.001 | r/step=0.0058 | 1.3 ips ETA 27m09\r\n"}
,{"stream_name":"stdout","time":21767.466101868,"data":"  [health] WARN RND_dominates: ratio=372.6\r\n"}
,{"stream_name":"stdout","time":21805.552589771,"data":"  iter 27950/30000 [93.2%] | WM wm=16.41 rec=10.27 kl=5.77 rew=0.367 con=0.004 | AC act=-0.002 crit=2.196 pg=-0.001 H=1.32 | img ret=1.80 val=1.81 scale=53.57 p5=-0.36 p95=52.74 rnd_c=0.001 rnd_l=0.001 | r/step=0.0053 | 1.3 ips ETA 26m30\r\n"}
,{"stream_name":"stdout","time":21805.552628631,"data":"  [health] WARN RND_dominates: ratio=299.6\r\n"}
,{"stream_name":"stdout","time":21805.552634721,"data":"  [health] WARN FATAL: RND_dominates persistent (consec=5)\r\n"}
,{"stream_name":"stdout","time":21843.647287903,"data":"  iter 28000/30000 [93.3%] | WM wm=19.24 rec=11.84 kl=7.10 rew=0.299 con=0.006 | AC act=0.001 crit=2.258 pg=0.001 H=0.92 | img ret=5.72 val=5.35 scale=45.09 p5=-0.35 p95=44.87 rnd_c=0.001 rnd_l=0.001 | r/step=0.0100 | 1.3 ips ETA 25m51\r\n"}
,{"stream_name":"stdout","time":21843.647324063,"data":"  [health] WARN RND_dominates: ratio=195.6\r\n"}
,{"stream_name":"stdout","time":21843.647330403,"data":"  [health] WARN FATAL: RND_dominates persistent (consec=6)\r\n"}
,{"stream_name":"stdout","time":21881.341458551,"data":"  iter 28050/30000 [93.5%] | WM wm=18.57 rec=11.05 kl=7.25 rew=0.260 con=0.005 | AC act=0.000 crit=2.012 pg=0.000 H=1.18 | img ret=4.32 val=4.27 scale=48.58 p5=-0.34 p95=47.98 rnd_c=0.001 rnd_l=0.001 | r/step=-0.0005 | 1.3 ips ETA 25m13\r\n"}
,{"stream_name":"stdout","time":21881.3414938,"data":"  [health] WARN RND_dominates: ratio=514.2\r\n"}
,{"stream_name":"stdout","time":21881.341499831,"data":"  [health] WARN FATAL: RND_dominates persistent (consec=7)\r\n"}
,{"stream_name":"stdout","time":21919.509092865,"data":"  iter 28100/30000 [93.7%] | WM wm=13.56 rec=7.94 kl=5.28 rew=0.333 con=0.008 | AC act=-0.000 crit=2.119 pg=0.000 H=1.38 | img ret=4.28 val=4.18 scale=52.32 p5=-0.32 p95=51.79 rnd_c=0.001 rnd_l=0.001 | r/step=0.0025 | 1.3 ips ETA 24m34\r\n"}
,{"stream_name":"stdout","time":21919.509131865,"data":"  [adaptive_rnd] ratio=5.04 \u003e 5.0 → rnd_coef 0.0014 → 0.0012\r\n"}
,{"stream_name":"stdout","time":21919.509139065,"data":"  [health] WARN RND_dominates: ratio=3680.0\r\n"}
,{"stream_name":"stdout","time":21919.509143795,"data":"  [health] WARN FATAL: RND_dominates persistent (consec=8)\r\n"}
,{"stream_name":"stdout","time":21957.418714647,"data":"  iter 28150/30000 [93.8%] | WM wm=19.34 rec=12.39 kl=6.74 rew=0.212 con=0.001 | AC act=0.000 crit=2.242 pg=0.000 H=1.26 | img ret=4.40 val=4.40 scale=49.26 p5=-0.32 p95=48.88 rnd_c=0.001 rnd_l=0.001 | r/step=0.0052 | 1.3 ips ETA 23m55\r\n"}
,{"stream_name":"stdout","time":21957.418748807,"data":"  [health] WARN RND_dominates: ratio=322.3\r\n"}
,{"stream_name":"stdout","time":21957.418754817,"data":"  [health] WARN FATAL: RND_dominates persistent (consec=9)\r\n"}
,{"stream_name":"stdout","time":21995.765827592,"data":"  iter 28200/30000 [94.0%] | WM wm=15.54 rec=9.45 kl=5.74 rew=0.358 con=0.000 | AC act=-0.002 crit=2.168 pg=-0.002 H=1.29 | img ret=8.73 val=8.75 scale=47.43 p5=-0.33 p95=47.15 rnd_c=0.001 rnd_l=0.001 | r/step=0.0136 | 1.3 ips ETA 23m16\r\n"}
,{"stream_name":"stdout","time":21995.765857481,"data":"  [health] WARN RND_dominates: ratio=145.3\r\n"}
,{"stream_name":"stdout","time":21995.765862412,"data":"  [health] WARN FATAL: RND_dominates persistent (consec=10)\r\n"}
,{"stream_name":"stdout","time":22033.457230178,"data":"  iter 28250/30000 [94.2%] | WM wm=19.14 rec=11.33 kl=7.51 rew=0.297 con=0.003 | AC act=-0.001 crit=1.901 pg=-0.000 H=1.70 | img ret=1.30 val=1.26 scale=49.46 p5=-0.36 p95=48.68 rnd_c=0.001 rnd_l=0.001 | r/step=0.0035 | 1.3 ips ETA 22m37\r\n"}
,{"stream_name":"stdout","time":22033.457268918,"data":"  [health] WARN RND_dominates: ratio=260.9\r\n"}
,{"stream_name":"stdout","time":22033.457273738,"data":"  [health] WARN FATAL: RND_dominates persistent (consec=11)\r\n"}
,{"stream_name":"stdout","time":22071.818139662,"data":"  iter 28300/30000 [94.3%] | WM wm=20.34 rec=12.96 kl=7.07 rew=0.316 con=0.002 | AC act=-0.002 crit=2.067 pg=-0.002 H=1.50 | img ret=4.91 val=4.92 scale=47.69 p5=-0.35 p95=47.34 rnd_c=0.001 rnd_l=0.001 | r/step=0.0073 | 1.3 ips ETA 21m58\r\n"}
,{"stream_name":"stdout","time":22071.818177802,"data":"  [health] WARN RND_dominates: ratio=255.2\r\n"}
,{"stream_name":"stdout","time":22071.818183882,"data":"  [health] WARN FATAL: RND_dominates persistent (consec=12)\r\n"}
,{"stream_name":"stdout","time":22109.19916731,"data":"  iter 28350/30000 [94.5%] | WM wm=18.11 rec=12.11 kl=5.73 rew=0.277 con=0.000 | AC act=0.000 crit=2.056 pg=0.000 H=1.03 | img ret=8.58 val=8.43 scale=45.61 p5=-0.34 p95=45.71 rnd_c=0.001 rnd_l=0.001 | r/step=0.0034 | 1.3 ips ETA 21m19\r\n"}
,{"stream_name":"stdout","time":22109.1991953,"data":"  [health] WARN RND_dominates: ratio=289.7\r\n"}
,{"stream_name":"stdout","time":22109.19920044,"data":"  [health] WARN FATAL: RND_dominates persistent (consec=13)\r\n"}
,{"stream_name":"stdout","time":22147.161544136,"data":"  iter 28400/30000 [94.7%] | WM wm=18.05 rec=11.54 kl=6.27 rew=0.242 con=0.001 | AC act=0.002 crit=1.944 pg=0.003 H=1.26 | img ret=3.81 val=3.51 scale=50.16 p5=-0.37 p95=49.49 rnd_c=0.001 rnd_l=0.001 | r/step=0.0130 | 1.3 ips ETA 20m41\r\n"}
,{"stream_name":"stdout","time":22147.161584776,"data":"  [health] WARN RND_dominates: ratio=170.1\r\n"}
,{"stream_name":"stdout","time":22147.161589796,"data":"  [health] WARN FATAL: RND_dominates persistent (consec=14)\r\n"}
,{"stream_name":"stdout","time":22184.930410695,"data":"  iter 28450/30000 [94.8%] | WM wm=19.60 rec=11.69 kl=7.61 rew=0.290 con=0.011 | AC act=-0.001 crit=2.115 pg=-0.001 H=1.07 | img ret=6.84 val=6.82 scale=45.95 p5=-0.35 p95=45.58 rnd_c=0.001 rnd_l=0.001 | r/step=0.0067 | 1.3 ips ETA 20m02\r\n"}
,{"stream_name":"stdout","time":22184.930444695,"data":"  [health] WARN RND_dominates: ratio=242.5\r\n"}
,{"stream_name":"stdout","time":22184.930451205,"data":"  [health] WARN FATAL: RND_dominates persistent (consec=15)\r\n"}
,{"stream_name":"stdout","time":22222.945161705,"data":"  iter 28500/30000 [95.0%] | WM wm=14.89 rec=8.81 kl=5.69 rew=0.387 con=0.006 | AC act=-0.001 crit=2.052 pg=-0.000 H=1.07 | img ret=2.61 val=2.66 scale=44.56 p5=-0.35 p95=43.91 rnd_c=0.001 rnd_l=0.001 | r/step=0.0118 | 1.3 ips ETA 19m23\r\n"}
,{"stream_name":"stdout","time":22222.945193305,"data":"  [health] WARN RND_dominates: ratio=139.8\r\n"}
,{"stream_name":"stdout","time":22222.945198155,"data":"  [health] WARN FATAL: RND_dominates persistent (consec=16)\r\n"}
,{"stream_name":"stdout","time":22260.776033625,"data":"  iter 28550/30000 [95.2%] | WM wm=18.08 rec=11.63 kl=6.12 rew=0.325 con=0.003 | AC act=-0.001 crit=2.192 pg=-0.001 H=1.29 | img ret=1.12 val=1.16 scale=49.83 p5=-0.36 p95=49.04 rnd_c=0.001 rnd_l=0.001 | r/step=0.0107 | 1.3 ips ETA 18m44\r\n"}
,{"stream_name":"stdout","time":22260.776066885,"data":"  [health] WARN RND_dominates: ratio=159.4\r\n"}
,{"stream_name":"stdout","time":22260.776073005,"data":"  [health] WARN FATAL: RND_dominates persistent (consec=17)\r\n"}
,{"stream_name":"stdout","time":22298.563094751,"data":"  iter 28600/30000 [95.3%] | WM wm=16.57 rec=10.12 kl=6.16 rew=0.287 con=0.006 | AC act=0.000 crit=2.175 pg=0.000 H=0.94 | img ret=5.33 val=5.07 scale=46.48 p5=-0.36 p95=45.99 rnd_c=0.001 rnd_l=0.001 | r/step=0.0029 | 1.3 ips ETA 18m05\r\n"}
,{"stream_name":"stdout","time":22298.563145991,"data":"  [health] WARN RND_dominates: ratio=312.4\r\n"}
,{"stream_name":"stdout","time":22298.563150801,"data":"  [health] WARN FATAL: RND_dominates persistent (consec=18)\r\n"}
,{"stream_name":"stdout","time":22336.635236574,"data":"  iter 28650/30000 [95.5%] | WM wm=17.23 rec=9.56 kl=7.35 rew=0.314 con=0.004 | AC act=-0.002 crit=2.082 pg=-0.002 H=1.48 | img ret=1.13 val=1.14 scale=44.86 p5=-0.35 p95=44.09 rnd_c=0.001 rnd_l=0.001 | r/step=0.0156 | 1.3 ips ETA 17m27\r\n"}
,{"stream_name":"stdout","time":22336.635285284,"data":"  [health] WARN RND_dominates: ratio=188.9\r\n"}
,{"stream_name":"stdout","time":22336.635291854,"data":"  [health] WARN FATAL: RND_dominates persistent (consec=19)\r\n"}
,{"stream_name":"stdout","time":22374.369931793,"data":"  iter 28700/30000 [95.7%] | WM wm=17.61 rec=9.52 kl=7.87 rew=0.214 con=0.001 | AC act=0.001 crit=2.541 pg=0.001 H=1.06 | img ret=1.51 val=1.43 scale=43.88 p5=-0.33 p95=43.17 rnd_c=0.001 rnd_l=0.001 | r/step=0.0014 | 1.3 ips ETA 16m48\r\n"}
,{"stream_name":"stdout","time":22374.369967113,"data":"  [health] WARN RND_dominates: ratio=314.9\r\n"}
,{"stream_name":"stdout","time":22374.369973153,"data":"  [health] WARN FATAL: RND_dominates persistent (consec=20)\r\n"}
,{"stream_name":"stdout","time":22412.061303249,"data":"  iter 28750/30000 [95.8%] | WM wm=21.79 rec=13.58 kl=7.90 rew=0.305 con=0.003 | AC act=-0.000 crit=2.067 pg=0.000 H=1.19 | img ret=5.83 val=5.63 scale=44.18 p5=-0.31 p95=43.81 rnd_c=0.001 rnd_l=0.001 | r/step=0.0060 | 1.3 ips ETA 16m09\r\n"}
,{"stream_name":"stdout","time":22412.061354669,"data":"  [health] WARN RND_dominates: ratio=284.8\r\n"}
,{"stream_name":"stdout","time":22412.061362789,"data":"  [health] WARN FATAL: RND_dominates persistent (consec=21)\r\n"}
,{"stream_name":"stdout","time":22450.186180719,"data":"  iter 28800/30000 [96.0%] | WM wm=15.95 rec=9.22 kl=6.47 rew=0.257 con=0.003 | AC act=0.001 crit=2.002 pg=0.001 H=1.15 | img ret=2.75 val=2.77 scale=50.84 p5=-0.31 p95=50.20 rnd_c=0.001 rnd_l=0.001 | r/step=0.0184 | 1.3 ips ETA 15m30\r\n"}
,{"stream_name":"stdout","time":22450.186214409,"data":"  [health] WARN RND_dominates: ratio=134.6\r\n"}
,{"stream_name":"stdout","time":22450.186220589,"data":"  [health] WARN FATAL: RND_dominates persistent (consec=22)\r\n"}
,{"stream_name":"stdout","time":22487.984664703,"data":"  iter 28850/30000 [96.2%] | WM wm=14.85 rec=8.62 kl=6.03 rew=0.194 con=0.002 | AC act=-0.000 crit=2.114 pg=0.000 H=1.09 | img ret=1.21 val=1.19 scale=46.01 p5=-0.28 p95=45.32 rnd_c=0.001 rnd_l=0.001 | r/step=0.0163 | 1.3 ips ETA 14m51\r\n"}
,{"stream_name":"stdout","time":22487.984702023,"data":"  [health] WARN RND_dominates: ratio=117.4\r\n"}
,{"stream_name":"stdout","time":22487.984708173,"data":"  [health] WARN FATAL: RND_dominates persistent (consec=23)\r\n"}
,{"stream_name":"stdout","time":22526.188731615,"data":"  iter 28900/30000 [96.3%] | WM wm=15.54 rec=9.21 kl=6.02 rew=0.300 con=0.006 | AC act=0.001 crit=2.322 pg=0.001 H=1.06 | img ret=3.22 val=2.91 scale=47.59 p5=-0.29 p95=47.03 rnd_c=0.001 rnd_l=0.001 | r/step=0.0078 | 1.3 ips ETA 14m12\r\n"}
,{"stream_name":"stdout","time":22526.188772585,"data":"  [health] WARN RND_dominates: ratio=174.3\r\n"}
,{"stream_name":"stdout","time":22526.188777425,"data":"  [health] WARN FATAL: RND_dominates persistent (consec=24)\r\n"}
,{"stream_name":"stdout","time":22564.265878348,"data":"  iter 28950/30000 [96.5%] | WM wm=19.58 rec=11.60 kl=7.61 rew=0.362 con=0.006 | AC act=-0.000 crit=2.068 pg=0.000 H=1.18 | img ret=3.52 val=3.42 scale=49.12 p5=-0.29 p95=48.57 rnd_c=0.001 rnd_l=0.001 | r/step=0.0137 | 1.3 ips ETA 13m34\r\n"}
,{"stream_name":"stdout","time":22564.265907757,"data":"  [health] WARN RND_dominates: ratio=116.7\r\n"}
,{"stream_name":"stdout","time":22564.265920048,"data":"  [health] WARN FATAL: RND_dominates persistent (consec=25)\r\n"}
,{"stream_name":"stdout","time":22602.541675201,"data":"  iter 29000/30000 [96.7%] | WM wm=18.52 rec=11.39 kl=6.86 rew=0.256 con=0.005 | AC act=0.001 crit=2.309 pg=0.001 H=1.23 | img ret=1.90 val=1.68 scale=44.37 p5=-0.30 p95=43.71 rnd_c=0.001 rnd_l=0.001 | r/step=0.0085 | 1.3 ips ETA 12m55\r\n"}
,{"stream_name":"stdout","time":22602.541707431,"data":"  [health] WARN RND_dominates: ratio=133.0\r\n"}
,{"stream_name":"stdout","time":22602.541713571,"data":"  [health] WARN FATAL: RND_dominates persistent (consec=26)\r\n"}
,{"stream_name":"stdout","time":22640.523969712,"data":"  iter 29050/30000 [96.8%] | WM wm=15.91 rec=8.89 kl=6.80 rew=0.218 con=0.008 | AC act=-0.000 crit=2.147 pg=0.000 H=1.10 | img ret=3.24 val=3.13 scale=52.45 p5=-0.30 p95=51.79 rnd_c=0.001 rnd_l=0.001 | r/step=0.0078 | 1.3 ips ETA 12m16\r\n"}
,{"stream_name":"stdout","time":22640.524018682,"data":"  [health] WARN RND_dominates: ratio=160.6\r\n"}
,{"stream_name":"stdout","time":22640.524024952,"data":"  [health] WARN FATAL: RND_dominates persistent (consec=27)\r\n"}
,{"stream_name":"stdout","time":22678.99067838,"data":"  iter 29100/30000 [97.0%] | WM wm=15.14 rec=8.56 kl=6.31 rew=0.275 con=0.001 | AC act=0.000 crit=2.133 pg=0.001 H=1.30 | img ret=15.57 val=15.36 scale=46.92 p5=-0.32 p95=47.31 rnd_c=0.001 rnd_l=0.001 | r/step=0.0083 | 1.3 ips ETA 11m37\r\n"}
,{"stream_name":"stdout","time":22678.990706851,"data":"  [health] WARN RND_dominates: ratio=223.4\r\n"}
,{"stream_name":"stdout","time":22678.990711611,"data":"  [health] WARN FATAL: RND_dominates persistent (consec=28)\r\n"}
,{"stream_name":"stdout","time":22716.755167865,"data":"  iter 29150/30000 [97.2%] | WM wm=17.12 rec=10.43 kl=6.42 rew=0.265 con=0.004 | AC act=-0.000 crit=2.158 pg=0.000 H=1.24 | img ret=1.18 val=1.19 scale=46.69 p5=-0.35 p95=45.91 rnd_c=0.001 rnd_l=0.001 | r/step=0.0100 | 1.3 ips ETA 10m59\r\n"}
,{"stream_name":"stdout","time":22716.755212185,"data":"  [health] WARN RND_dominates: ratio=209.1\r\n"}
,{"stream_name":"stdout","time":22716.755218415,"data":"  [health] WARN FATAL: RND_dominates persistent (consec=29)\r\n"}
,{"stream_name":"stdout","time":22754.84205319,"data":"  iter 29200/30000 [97.3%] | WM wm=18.00 rec=10.41 kl=7.37 rew=0.216 con=0.004 | AC act=-0.001 crit=2.028 pg=-0.000 H=1.40 | img ret=12.90 val=12.80 scale=45.18 p5=-0.35 p95=45.21 rnd_c=0.001 rnd_l=0.001 | r/step=0.0135 | 1.3 ips ETA 10m20\r\n"}
,{"stream_name":"stdout","time":22754.84208395,"data":"  [health] WARN RND_dominates: ratio=167.8\r\n"}
,{"stream_name":"stdout","time":22754.84208953,"data":"  [health] WARN FATAL: RND_dominates persistent (consec=30)\r\n"}
,{"stream_name":"stdout","time":22792.668502169,"data":"  iter 29250/30000 [97.5%] | WM wm=15.84 rec=9.19 kl=6.39 rew=0.257 con=0.001 | AC act=-0.001 crit=2.187 pg=-0.000 H=1.16 | img ret=5.47 val=5.42 scale=43.24 p5=-0.33 p95=42.70 rnd_c=0.001 rnd_l=0.001 | r/step=0.0185 | 1.3 ips ETA 9m41\r\n"}
,{"stream_name":"stdout","time":22792.668535089,"data":"  [health] WARN RND_dominates: ratio=115.2\r\n"}
,{"stream_name":"stdout","time":22792.668541279,"data":"  [health] WARN FATAL: RND_dominates persistent (consec=31)\r\n"}
,{"stream_name":"stdout","time":22830.492918658,"data":"  iter 29300/30000 [97.7%] | WM wm=18.33 rec=10.97 kl=7.12 rew=0.228 con=0.003 | AC act=0.001 crit=2.039 pg=0.001 H=1.45 | img ret=1.18 val=1.04 scale=39.16 p5=-0.29 p95=38.55 rnd_c=0.001 rnd_l=0.001 | r/step=0.0114 | 1.3 ips ETA 9m02\r\n"}
,{"stream_name":"stdout","time":22830.492954249,"data":"  [health] WARN RND_dominates: ratio=124.7\r\n"}
,{"stream_name":"stdout","time":22830.492960389,"data":"  [health] WARN FATAL: RND_dominates persistent (consec=32)\r\n"}
,{"stream_name":"stdout","time":22867.740085156,"data":"  iter 29350/30000 [97.8%] | WM wm=21.75 rec=14.08 kl=7.41 rew=0.259 con=0.007 | AC act=-0.004 crit=2.409 pg=-0.004 H=1.18 | img ret=9.97 val=10.16 scale=41.31 p5=-0.27 p95=41.43 rnd_c=0.001 rnd_l=0.001 | r/step=0.0044 | 1.3 ips ETA 8m23\r\n"}
,{"stream_name":"stdout","time":22867.740123676,"data":"  [health] WARN RND_dominates: ratio=211.8\r\n"}
,{"stream_name":"stdout","time":22867.740129546,"data":"  [health] WARN FATAL: RND_dominates persistent (consec=33)\r\n"}
,{"stream_name":"stdout","time":22905.769060667,"data":"  iter 29400/30000 [98.0%] | WM wm=19.13 rec=11.52 kl=7.30 rew=0.313 con=0.002 | AC act=0.001 crit=2.012 pg=0.001 H=1.14 | img ret=9.20 val=8.93 scale=45.44 p5=-0.30 p95=45.51 rnd_c=0.001 rnd_l=0.001 | r/step=0.0067 | 1.3 ips ETA 7m45\r\n"}
,{"stream_name":"stdout","time":22905.769093827,"data":"  [health] WARN RND_dominates: ratio=223.6\r\n"}
,{"stream_name":"stdout","time":22905.769099847,"data":"  [health] WARN FATAL: RND_dominates persistent (consec=34)\r\n"}
,{"stream_name":"stdout","time":22944.067515628,"data":"  iter 29450/30000 [98.2%] | WM wm=14.88 rec=8.18 kl=6.38 rew=0.312 con=0.005 | AC act=-0.000 crit=1.935 pg=-0.000 H=1.34 | img ret=3.15 val=3.15 scale=46.70 p5=-0.29 p95=46.16 rnd_c=0.001 rnd_l=0.001 | r/step=0.0104 | 1.3 ips ETA 7m06\r\n"}
,{"stream_name":"stdout","time":22944.067550338,"data":"  [health] WARN RND_dominates: ratio=203.8\r\n"}
,{"stream_name":"stdout","time":22944.067555188,"data":"  [health] WARN FATAL: RND_dominates persistent (consec=35)\r\n"}
,{"stream_name":"stdout","time":22981.769126919,"data":"  iter 29500/30000 [98.3%] | WM wm=15.41 rec=8.82 kl=6.29 rew=0.301 con=0.005 | AC act=0.001 crit=2.235 pg=0.001 H=1.12 | img ret=5.33 val=5.12 scale=43.53 p5=-0.31 p95=43.03 rnd_c=0.001 rnd_l=0.001 | r/step=0.0075 | 1.3 ips ETA 6m27\r\n"}
,{"stream_name":"stdout","time":22981.769381099,"data":"  [health] WARN RND_dominates: ratio=205.2\r\n"}
,{"stream_name":"stdout","time":22981.769387449,"data":"  [health] WARN FATAL: RND_dominates persistent (consec=36)\r\n"}
,{"stream_name":"stdout","time":23019.609943206,"data":"  iter 29550/30000 [98.5%] | WM wm=19.67 rec=11.52 kl=7.82 rew=0.336 con=0.002 | AC act=-0.000 crit=2.100 pg=-0.000 H=1.47 | img ret=1.16 val=1.15 scale=45.74 p5=-0.29 p95=45.03 rnd_c=0.001 rnd_l=0.001 | r/step=0.0052 | 1.3 ips ETA 5m48\r\n"}
,{"stream_name":"stdout","time":23019.609976296,"data":"  [health] WARN RND_dominates: ratio=262.3\r\n"}
,{"stream_name":"stdout","time":23019.610015136,"data":"  [health] WARN FATAL: RND_dominates persistent (consec=37)\r\n"}
,{"stream_name":"stdout","time":23057.816906008,"data":"  iter 29600/30000 [98.7%] | WM wm=13.98 rec=8.10 kl=5.53 rew=0.342 con=0.005 | AC act=-0.001 crit=2.216 pg=-0.000 H=1.17 | img ret=1.78 val=1.75 scale=49.56 p5=-0.28 p95=48.85 rnd_c=0.001 rnd_l=0.001 | r/step=0.0074 | 1.3 ips ETA 5m10\r\n"}
,{"stream_name":"stdout","time":23057.816939508,"data":"  [health] WARN RND_dominates: ratio=263.1\r\n"}
,{"stream_name":"stdout","time":23057.816945988,"data":"  [health] WARN FATAL: RND_dominates persistent (consec=38)\r\n"}
,{"stream_name":"stdout","time":23096.008615869,"data":"  iter 29650/30000 [98.8%] | WM wm=14.18 rec=8.20 kl=5.78 rew=0.189 con=0.002 | AC act=-0.001 crit=1.949 pg=-0.001 H=1.39 | img ret=7.08 val=7.05 scale=43.77 p5=-0.30 p95=43.64 rnd_c=0.001 rnd_l=0.001 | r/step=0.0063 | 1.3 ips ETA 4m31\r\n"}
,{"stream_name":"stdout","time":23096.008658069,"data":"  [health] WARN RND_dominates: ratio=321.1\r\n"}
,{"stream_name":"stdout","time":23096.008664589,"data":"  [health] WARN FATAL: RND_dominates persistent (consec=39)\r\n"}
,{"stream_name":"stdout","time":23134.225100578,"data":"  iter 29700/30000 [99.0%] | WM wm=16.95 rec=9.44 kl=7.21 rew=0.292 con=0.003 | AC act=0.000 crit=2.387 pg=0.000 H=1.09 | img ret=5.29 val=5.22 scale=45.00 p5=-0.29 p95=44.69 rnd_c=0.001 rnd_l=0.001 | r/step=0.0034 | 1.3 ips ETA 3m52\r\n"}
,{"stream_name":"stdout","time":23134.225140878,"data":"  [health] WARN RND_dominates: ratio=371.1\r\n"}
,{"stream_name":"stdout","time":23134.225144649,"data":"  [health] WARN FATAL: RND_dominates persistent (consec=40)\r\n"}
,{"stream_name":"stdout","time":23172.460702354,"data":"  iter 29750/30000 [99.2%] | WM wm=19.84 rec=11.93 kl=7.74 rew=0.177 con=0.001 | AC act=0.001 crit=2.247 pg=0.001 H=0.77 | img ret=13.32 val=12.92 scale=41.06 p5=-0.30 p95=41.51 rnd_c=0.001 rnd_l=0.001 | r/step=0.0069 | 1.3 ips ETA 3m13\r\n"}
,{"stream_name":"stdout","time":23172.460736154,"data":"  [health] WARN RND_dominates: ratio=163.4\r\n"}
,{"stream_name":"stdout","time":23172.460741244,"data":"  [health] WARN FATAL: RND_dominates persistent (consec=41)\r\n"}
,{"stream_name":"stdout","time":23210.593889463,"data":"  iter 29800/30000 [99.3%] | WM wm=17.77 rec=9.86 kl=7.64 rew=0.267 con=0.009 | AC act=0.001 crit=2.127 pg=0.001 H=1.02 | img ret=8.74 val=8.63 scale=43.04 p5=-0.31 p95=43.32 rnd_c=0.001 rnd_l=0.001 | r/step=0.0048 | 1.3 ips ETA 2m34\r\n"}
,{"stream_name":"stdout","time":23210.593924563,"data":"  [health] WARN RND_dominates: ratio=164.8\r\n"}
,{"stream_name":"stdout","time":23210.593930533,"data":"  [health] WARN FATAL: RND_dominates persistent (consec=42)\r\n"}
,{"stream_name":"stdout","time":23248.608900033,"data":"  iter 29850/30000 [99.5%] | WM wm=16.37 rec=9.70 kl=6.31 rew=0.359 con=0.004 | AC act=0.002 crit=2.575 pg=0.002 H=1.13 | img ret=1.64 val=1.51 scale=38.95 p5=-0.30 p95=38.34 rnd_c=0.001 rnd_l=0.001 | r/step=0.0032 | 1.3 ips ETA 1m56\r\n"}
,{"stream_name":"stdout","time":23248.608933243,"data":"  [health] WARN RND_dominates: ratio=294.5\r\n"}
,{"stream_name":"stdout","time":23248.608939723,"data":"  [health] WARN FATAL: RND_dominates persistent (consec=43)\r\n"}
,{"stream_name":"stdout","time":23286.298928235,"data":"  iter 29900/30000 [99.7%] | WM wm=17.16 rec=9.75 kl=7.09 rew=0.316 con=0.002 | AC act=0.001 crit=2.312 pg=0.001 H=0.81 | img ret=8.27 val=8.06 scale=43.74 p5=-0.32 p95=43.67 rnd_c=0.001 rnd_l=0.001 | r/step=0.0030 | 1.3 ips ETA 1m17\r\n"}
,{"stream_name":"stdout","time":23286.298972935,"data":"  [health] WARN RND_dominates: ratio=382.7\r\n"}
,{"stream_name":"stdout","time":23286.298995445,"data":"  [health] WARN FATAL: RND_dominates persistent (consec=44)\r\n"}
,{"stream_name":"stdout","time":23324.491872027,"data":"  iter 29950/30000 [99.8%] | WM wm=16.34 rec=9.46 kl=6.59 rew=0.284 con=0.001 | AC act=-0.000 crit=2.155 pg=-0.000 H=1.32 | img ret=2.46 val=2.48 scale=46.81 p5=-0.31 p95=46.10 rnd_c=0.001 rnd_l=0.001 | r/step=0.0026 | 1.3 ips ETA 38s\r\n"}
,{"stream_name":"stdout","time":23324.491905797,"data":"  [health] WARN RND_dominates: ratio=704.9\r\n"}
,{"stream_name":"stdout","time":23324.491911857,"data":"  [health] WARN FATAL: RND_dominates persistent (consec=45)\r\n"}
,{"stream_name":"stdout","time":23361.848756572,"data":"  iter 30000/30000 [100.0%] | WM wm=15.41 rec=8.70 kl=6.41 rew=0.286 con=0.003 | AC act=0.001 crit=2.119 pg=0.001 H=0.94 | img ret=2.23 val=2.13 scale=41.99 p5=-0.29 p95=41.42 rnd_c=0.001 rnd_l=0.001 | r/step=0.0090 | 1.3 ips ETA 0s\r\n"}
,{"stream_name":"stdout","time":23361.848796981,"data":"  [health] WARN RND_dominates: ratio=258.0\r\n"}
,{"stream_name":"stdout","time":23361.848802661,"data":"  [health] WARN FATAL: RND_dominates persistent (consec=46)\r\n"}
,{"stream_name":"stdout","time":23395.155557086,"data":"  \u003e\u003e\u003e EVAL @ iter 30000 : score=0.40  length=171  achievements=1.30 ↑  sample=1.60  (best=1.90 @5000)  crafter_score=1.19% [5150 train eps]\r\n"}
,{"stream_name":"stdout","time":23395.155589026,"data":"      unlocked (3/22): wake_up=80%  collect_sapling=30%  collect_wood=20%\r\n"}
,{"stream_name":"stdout","time":23406.138170733,"data":"  Checkpoint saved : dreamer_crafter_jax_v36-tpu-75m-rnd_iter030000.npz\r\n"}
,{"stream_name":"stdout","time":23406.188534518,"data":"\r\n"}
,{"stream_name":"stdout","time":23406.188546558,"data":"Training fini en 23289.5s (388.2min)\r\n"}
,{"stream_name":"stdout","time":23406.188550778,"data":"Best EVAL achievements : 1.90 @ iter 5000  (dernier : 1.30)\r\n"}
,{"stream_name":"stdout","time":23406.188553998,"data":"\r\n"}
,{"stream_name":"stdout","time":23417.099768412,"data":"Final checkpoint : /kaggle/working/checkpoints/dreamer_crafter_jax_v36-tpu-75m-rnd.npz\r\n"}
,{"stream_name":"stdout","time":23417.099797772,"data":"\r\n"}
,{"stream_name":"stdout","time":23417.099803712,"data":"============================================================\r\n"}
,{"stream_name":"stdout","time":23417.099808112,"data":"DONE\r\n"}
,{"stream_name":"stdout","time":23417.099812622,"data":"============================================================\r\n"}
,{"stream_name":"stderr","time":23429.155184003,"data":"[NbConvertApp] Converting notebook __notebook__.ipynb to notebook\n"}
,{"stream_name":"stderr","time":23429.631708936,"data":"[NbConvertApp] Writing 320104 bytes to __notebook__.ipynb\n"}
,{"stream_name":"stderr","time":23432.135424509,"data":"[NbConvertApp] Converting notebook __notebook__.ipynb to html\n"}
,{"stream_name":"stderr","time":23433.380761766,"data":"[NbConvertApp] Writing 603151 bytes to __results__.html\n"}
]