env_steps,iter,loss_wm,loss_recon,loss_kl,loss_reward,loss_continue,loss_actor,loss_critic,loss_pg,entropy,returns_mean,values_mean,return_scale,p5,p95,ips,env_reward_per_step,rew_pred_ach,rew_pred_zero,img_rew_max,img_rew_frac_hi
1568,49,265.0581970214844,261.2989807128906,3.5560030937194824,0.18705257773399353,0.016163978725671768,0.08894887566566467,1.7370238304138184,0.08957889676094055,2.229872465133667,0.10752072185277939,0.0656527504324913,1.0,0.028951480984687805,0.096437469124794,0.6431228000438776,0.01100315390067359,,,,
3168,99,125.69277954101562,122.37960815429688,3.1498849391937256,0.14703147113323212,0.01624840684235096,0.024629324674606323,1.3924949169158936,0.02493421733379364,1.0488461256027222,0.12950076162815094,0.11712778359651566,1.0,0.08500964194536209,0.15919619798660278,0.8634931936880974,0.005408963302143226,,,,
4768,149,89.46861267089844,86.08670043945312,3.1895437240600586,0.17440134286880493,0.017967861145734787,0.004611191805452108,1.4191703796386719,0.0047531286254525185,0.4969986081123352,0.14536695182323456,0.14977437257766724,1.0,0.02667129412293434,0.3660259544849396,0.9742308011167286,0.0039388959734414095,,,,
6368,199,107.71485900878906,103.65045928955078,3.89083194732666,0.14982591569423676,0.0237418320029974,-0.0010081678628921509,1.7916107177734375,-0.0009573850547894835,0.1764521300792694,0.16653256118297577,0.16625089943408966,1.0,-0.043258823454380035,0.5453842878341675,1.0434662189683472,0.00255974156109978,,,,
7968,249,76.68171691894531,73.01036071777344,3.5028891563415527,0.1429625302553177,0.025508752092719078,0.0041939979419112206,1.6013000011444092,0.004262102302163839,0.2356933057308197,0.3405594229698181,0.29856929183006287,1.0,-0.10368293523788452,0.6348474025726318,1.0881801365188821,0.01387110751662616,,,,
9568,299,82.74876403808594,78.95713806152344,3.652914047241211,0.1276155561208725,0.011091001331806183,0.002359256613999605,1.5858454704284668,0.0024304459802806377,0.245573028922081,0.34861332178115845,0.32403185963630676,1.0090149641036987,-0.18474769592285156,0.8242914080619812,1.1191983086334154,0.012788538136953138,,,,
11168,349,66.10680389404297,62.727867126464844,3.2301676273345947,0.13125485181808472,0.017511408776044846,-0.00013360637240111828,1.5915570259094238,-7.433973951265216e-05,0.21015629172325134,0.33692994713783264,0.2974424660205841,1.294456958770752,-0.25245535373687744,1.042600154876709,1.1447242151138868,0.005438134108172123,,,,
12768,399,52.32363510131836,48.718719482421875,3.4251227378845215,0.16138619184494019,0.01840941794216633,-0.0011933629866689444,1.6665756702423096,-0.0011281170882284641,0.22634084522724152,0.19289058446884155,0.1996000111103058,1.5774171352386475,-0.3052935302257538,1.2717797756195068,1.1636924702606688,0.00959324251213674,,,,
14368,449,60.997467041015625,57.546791076660156,3.374875545501709,0.06860020756721497,0.007201243191957474,0.0013782657915726304,1.7698595523834229,0.0014841367956250906,0.3659374415874481,0.35238271951675415,0.34179794788360596,2.0341224670410156,-0.3511902987957001,1.6815160512924194,1.1776433169183138,0.01146829555852986,,,,
15968,499,46.27693557739258,42.60040283203125,3.5132322311401367,0.14919616281986237,0.014102506451308727,0.010874999687075615,1.6657439470291138,0.011151943355798721,1.0156885385513306,0.6641480922698975,0.6243485808372498,2.4223999977111816,-0.40993455052375793,2.0149638652801514,1.191591782303167,0.005834123745854908,,,,
17568,549,49.851318359375,45.612953186035156,4.016568183898926,0.20112191140651703,0.020673975348472595,-0.008056890219449997,1.6342047452926636,-0.007834764197468758,0.7930623888969421,-0.020050358027219772,-0.00037868227809667587,2.677006721496582,-0.4493387043476105,2.224073886871338,1.2019730414001837,0.01078498135144224,,,,
19168,599,43.239715576171875,39.45338439941406,3.6757123470306396,0.1013648733496666,0.009255549870431423,0.009197433479130268,2.0164947509765625,0.00930509902536869,0.3713454604148865,1.1670620441436768,1.0567065477371216,2.891787052154541,-0.46253499388694763,2.4337637424468994,1.2097085102405403,0.01909012901382166,,,,
20768,649,42.80679702758789,38.912925720214844,3.682302474975586,0.19909071922302246,0.01247957069426775,0.0022599021904170513,1.9331471920013428,0.002360511338338256,0.3533546030521393,0.4872068166732788,0.4283692240715027,3.1801671981811523,-0.48092710971832275,2.6991958618164062,1.2169011739613032,0.015882801828265528,,,,
22368,699,49.80018997192383,45.53539276123047,4.192443370819092,0.06934245675802231,0.0030086247716099024,-0.006423402111977339,1.8779946565628052,-0.00629009585827589,0.4643012583255768,0.6950251460075378,0.7377148270606995,3.1928248405456543,-0.5078898668289185,2.683551788330078,1.2241513174785226,0.013554831141500672,,,,
23968,749,46.64377975463867,42.6178092956543,3.9588465690612793,0.06288804113864899,0.00423386599868536,-0.003564067417755723,1.7756720781326294,-0.003418637439608574,0.5102624893188477,0.9144197702407837,0.9079550504684448,3.1384329795837402,-0.4797041714191437,2.6571972370147705,1.2293510196179702,0.008863392871204804,,,,
25568,799,45.40874099731445,40.787227630615234,4.443031311035156,0.15864594280719757,0.0198379997164011,-0.0009691745508462191,1.708371639251709,-0.0008224900811910629,0.5212413668632507,0.5312907099723816,0.5302304625511169,3.1405398845672607,-0.47073012590408325,2.667963743209839,1.2337012279679407,0.01747219387507822,,,,
27168,849,41.88562774658203,36.994911193847656,4.7132487297058105,0.16581252217292786,0.011654339730739594,-0.008645906113088131,1.6167138814926147,-0.008450137451291084,0.6848841905593872,0.37723517417907715,0.4110182523727417,3.137770891189575,-0.4683241844177246,2.6670098304748535,1.2381173339315448,0.014113861363671928,,,,
28768,899,46.49333953857422,41.63698959350586,4.724190711975098,0.12229996174573898,0.009861364960670471,-0.007105208467692137,1.568188190460205,-0.006929662544280291,0.6040254831314087,0.5545113682746887,0.5796422958374023,3.145521879196167,-0.4622039198875427,2.6810202598571777,1.2416517838835517,0.014844516578003359,,,,
30368,949,42.02835464477539,37.7239990234375,4.146302223205566,0.14908866584300995,0.008965890854597092,-0.0029238692950457335,1.747472882270813,-0.002732432447373867,0.6648640036582947,0.3157910704612732,0.3261721730232239,3.2032556533813477,-0.4770788848400116,2.7205677032470703,1.2459721381185016,0.008297929221318334,,,,
31968,999,36.60134506225586,32.223453521728516,4.263708114624023,0.10734360665082932,0.006842477712780237,-0.002602013759315014,1.4616385698318481,-0.002412783680483699,0.6662470698356628,0.4862588942050934,0.4919527769088745,3.105437755584717,-0.5024359226226807,2.6025073528289795,1.2482604698339301,0.007210693655966026,,,,
33568,1049,41.53256607055664,36.62826156616211,4.7592620849609375,0.1384890377521515,0.006552906706929207,-0.002809559227898717,1.6668530702590942,-0.0025885403156280518,0.7657222747802734,0.5487631559371948,0.5526562333106995,3.09965181350708,-0.5439025163650513,2.5556812286376953,1.2514993299422514,0.011778719117945697,,,,
35168,1099,40.34671401977539,35.473751068115234,4.6751909255981445,0.18970930576324463,0.008062493056058884,-0.0026185123715549707,1.5183897018432617,-0.0023869273718446493,0.8105236291885376,0.6257891654968262,0.6238744854927063,3.155041456222534,-0.5705936551094055,2.582360029220581,1.253495450615947,0.009695012532799108,,,,
36768,1149,45.04400634765625,39.790340423583984,5.115564346313477,0.12206926941871643,0.01602901890873909,0.0018712575547397137,1.597543716430664,0.0021042185835540295,0.8103290796279907,0.46166929602622986,0.4204716980457306,3.0891377925872803,-0.5591312050819397,2.530954599380493,1.2563703513203073,0.009243721360780773,,,,
38368,1199,33.63249588012695,29.276716232299805,4.161724090576172,0.1843239963054657,0.009736664593219757,-0.013082385063171387,1.5103180408477783,-0.012825747951865196,0.9116557240486145,0.4501859247684479,0.49224886298179626,3.1118249893188477,-0.5927600264549255,2.5198161602020264,1.2582053312607575,0.016890940162428855,,,,
39968,1249,28.610836029052734,23.5165958404541,4.9582929611206055,0.1254236102104187,0.010524711571633816,-0.0067467596381902695,1.5201313495635986,-0.006513413041830063,0.8250746130943298,0.2068583369255066,0.2295781970024109,3.18582820892334,-0.5696591138839722,2.613851308822632,1.259865201300853,0.007095949805777941,,,,
41568,1299,31.606895446777344,26.61785316467285,4.8390421867370605,0.1385117769241333,0.011487476527690887,-0.007659959141165018,1.568633794784546,-0.007424699142575264,0.8095779418945312,0.12966127693653107,0.1535058319568634,3.042384147644043,-0.5463991761207581,2.490417242050171,1.2618903791733682,0.018221501091658893,,,,
43168,1349,32.04081344604492,27.005420684814453,4.899803161621094,0.13226839900016785,0.00332284951582551,-0.009362648241221905,1.6388773918151855,-0.009158170782029629,0.7264112830162048,0.26730504631996155,0.30785006284713745,2.855177402496338,-0.5436900854110718,2.3100340366363525,1.2631971063924325,0.009101699108352762,,,,
44768,1399,28.87751579284668,24.17317771911621,4.590700626373291,0.11126025021076202,0.002377881435677409,-0.002598852850496769,1.678903341293335,-0.0024220566265285015,0.6232821345329285,0.6672376990318298,0.6724027395248413,2.79426646232605,-0.5479909181594849,2.2469499111175537,1.264755769018126,0.012110294653991346,,,,
46368,1449,35.31889724731445,29.72739028930664,5.423312187194824,0.15759162604808807,0.010599957779049873,-0.0025849041994661093,1.492722511291504,-0.002412324771285057,0.600897490978241,0.38836798071861267,0.384288489818573,2.7523326873779297,-0.5240076184272766,2.2267534732818604,1.2664643791407566,0.010136114236356828,,,,
47968,1499,31.805479049682617,26.971012115478516,4.7200927734375,0.10777439922094345,0.0065994542092084885,-0.001793928793631494,1.4614945650100708,-0.0016324054449796677,0.6112633347511292,0.33289653062820435,0.3206852376461029,2.8452301025390625,-0.5240303874015808,2.320072650909424,1.267709240898927,0.005849989296298565,,,,
49568,1549,32.385311126708984,26.769229888916016,5.448843955993652,0.1555369794368744,0.01169809140264988,-0.0003583726065699011,1.6151597499847412,-0.0001648886245675385,0.6892244815826416,0.2589801251888275,0.25572699308395386,2.8638665676116943,-0.5115485191345215,2.352755546569824,1.2686341738937086,0.011288895825343787,,,,
51168,1599,33.688194274902344,27.865253448486328,5.732300758361816,0.08852005004882812,0.0021203020587563515,-0.0011427149875089526,1.5826973915100098,-0.0008884427370503545,0.8952890634536743,0.3958669900894165,0.4133073091506958,2.836534023284912,-0.5028194189071655,2.332202196121216,1.2701223923070544,0.0010797432901862298,,,,
52768,1649,32.012176513671875,26.00070571899414,5.794155120849609,0.20490974187850952,0.012406556867063046,-0.0006923897890374064,1.5788624286651611,-0.0005153451347723603,0.6415292620658875,0.4744555354118347,0.45152023434638977,2.7035322189331055,-0.4731101989746094,2.2332897186279297,1.2715504163472104,0.01239819274965885,,,,
54368,1699,32.79149627685547,27.102855682373047,5.553449630737305,0.1265566349029541,0.008638139814138412,-0.0011518903775140643,1.5726618766784668,-0.0009637040202505887,0.6551184058189392,0.3703705966472626,0.37254592776298523,2.7015957832336426,-0.4871149957180023,2.2131173610687256,1.2728606330264456,0.008108811417239674,,,,
55968,1749,34.776336669921875,28.252084732055664,6.25187349319458,0.24563519656658173,0.026739992201328278,-1.8533741240389645e-05,1.6473100185394287,0.00017048536392394453,0.6621469855308533,0.3495194911956787,0.3058088421821594,2.668259620666504,-0.462538480758667,2.210162401199341,1.2737390733453249,0.010516093154716959,,,,
57568,1799,28.48694610595703,22.901029586791992,5.447748184204102,0.12464842200279236,0.01351857464760542,0.006649649702012539,1.639826774597168,0.006837872322648764,0.6496277451515198,0.3542214334011078,0.31921321153640747,2.603098154067993,-0.45898687839508057,2.141185760498047,1.2751881604188906,0.008712637358865731,,,,
59168,1849,33.08263397216797,27.393321990966797,5.548260688781738,0.13126501441001892,0.00978998001664877,5.1375667680986226e-05,1.7286216020584106,0.00020759232575073838,0.5547804832458496,0.7226166725158691,0.678556501865387,2.5573530197143555,-0.444929301738739,2.1211910247802734,1.2758029689962038,0.011538159519283005,,,,
60768,1899,36.34357833862305,29.10757827758789,7.057539463043213,0.17078574001789093,0.00767559977248311,-0.0045042335987091064,1.434497356414795,-0.004291074350476265,0.7387111186981201,-0.06625257432460785,-0.05574354529380798,2.562756299972534,-0.43872424960136414,2.1184356212615967,1.276707922233439,0.01803523215524701,,,,
62368,1949,30.791580200195312,24.958711624145508,5.717268466949463,0.11455154418945312,0.0010498878546059132,-0.0047454191371798515,1.5384666919708252,-0.0045410641469061375,0.7168171405792236,0.4457380175590515,0.4526258111000061,2.5547356605529785,-0.48842883110046387,2.067779302597046,1.2775004576823692,0.012871984552863846,,,,
63968,1999,32.12760543823242,25.67806053161621,6.276366233825684,0.15901713073253632,0.014163626357913017,0.00261745136231184,1.5153348445892334,0.0028354760725051165,0.7537485957145691,0.14195197820663452,0.12315203249454498,2.6942570209503174,-0.5140904784202576,2.1771998405456543,1.2778413656825522,0.027658625743070892,,,,
65568,2049,27.09650230407715,22.185142517089844,4.797213554382324,0.10641823709011078,0.007727278862148523,-0.0018661248032003641,1.5839430093765259,-0.001704742549918592,0.5698383450508118,0.7415363192558289,0.7350951433181763,2.5756893157958984,-0.4940588176250458,2.0836191177368164,1.278713274209246,0.016960532131099458,,,,
67168,2099,28.025949478149414,22.58209991455078,5.290505886077881,0.14528758823871613,0.008054974488914013,0.0018176613375544548,1.559351921081543,0.002004963345825672,0.6571888327598572,0.5578081607818604,0.5241785645484924,2.512861490249634,-0.487029492855072,2.0281717777252197,1.279044335510308,0.015139375970857469,,,,
68768,2149,29.87810707092285,23.442665100097656,6.300066947937012,0.12803775072097778,0.007336572743952274,0.0010082459775730968,1.5724799633026123,0.0011929157190024853,0.6451159715652466,0.6850506663322449,0.6070570945739746,2.619748115539551,-0.4961302876472473,2.1328964233398438,1.280149722998133,0.01675867114246433,,,,
70368,2199,28.969675064086914,22.54810333251953,6.255007743835449,0.16012422740459442,0.006440059281885624,-0.0017283270135521889,1.3086490631103516,-0.0015281771775335073,0.702232837677002,0.2683045268058777,0.26498377323150635,2.637403964996338,-0.5070189833641052,2.128108501434326,1.2807231321998689,0.019601512657562624,,,,
71968,2249,28.42034339904785,23.076807022094727,5.275351524353027,0.06391860544681549,0.004267622251063585,-0.00027361803222447634,1.560441493988037,-6.651523290202022e-05,0.7384768128395081,0.31762897968292236,0.30779916048049927,2.739478826522827,-0.5307480692863464,2.2087509632110596,1.281460095229267,0.013424673385835556,,,,
73568,2299,28.597509384155273,22.880992889404297,5.5696916580200195,0.14023257791996002,0.006594278384000063,-0.0037457114085555077,1.5933623313903809,-0.00354309706017375,0.7076854705810547,0.4611580967903137,0.4712710380554199,2.8055615425109863,-0.5401081442832947,2.263049364089966,1.2818676404201927,0.020220902343610632,,,,
75168,2349,27.004985809326172,20.969236373901367,5.904877662658691,0.12356720119714737,0.007303295657038689,-0.0035923062823712826,1.6138384342193604,-0.003398391418159008,0.6707407832145691,0.4807847738265991,0.49381500482559204,2.7921037673950195,-0.5497995018959045,2.2434890270233154,1.2825956926076862,0.024386235608906147,,,,
76768,2399,27.007102966308594,21.35010528564453,5.508400917053223,0.13514092564582825,0.013456412591040134,-0.0007493579178117216,1.5440194606781006,-0.0005676174769178033,0.6366195678710938,0.3815699815750122,0.36191457509994507,2.77970552444458,-0.5215470194816589,2.261338949203491,1.2831242214468341,0.011343757133768286,,,,
78368,2449,28.1801700592041,21.737159729003906,6.317145347595215,0.12266700714826584,0.0031967763788998127,-0.00015556960715912282,1.4723215103149414,3.7284218706190586e-05,0.6740218997001648,0.30938029289245605,0.3097209334373474,2.7083678245544434,-0.5163118243217468,2.1899709701538086,1.283572950599356,0.01591493118017388,,,,
79968,2499,29.0283203125,22.420032501220703,6.511307239532471,0.09397085011005402,0.0030105048790574074,-0.0011719841277226806,1.4821040630340576,-0.0009823798900470138,0.6601966619491577,0.43241697549819946,0.429966539144516,2.72773814201355,-0.485710471868515,2.24143385887146,1.2842198927972945,0.017050824225148233,,,,
81568,2549,27.181781768798828,20.779399871826172,6.278368949890137,0.11906342208385468,0.004948094487190247,-0.00381125183776021,1.5169293880462646,-0.0036655457224696875,0.5371273756027222,0.3312791883945465,0.347584068775177,2.6797618865966797,-0.4523366391658783,2.2244954109191895,1.2559370504633176,0.014531065424623641,,,,
83168,2599,25.464815139770508,19.26130485534668,6.065918922424316,0.13297225534915924,0.0046173701994121075,0.0031863918993622065,1.573236346244812,0.0033657215535640717,0.632923424243927,0.5033751130104065,0.44163691997528076,2.6310088634490967,-0.427633672952652,2.2020463943481445,1.256726178106087,0.012266641533049072,,,,
84768,2649,31.960298538208008,25.001392364501953,6.822630405426025,0.13185779750347137,0.004419718869030476,-0.00161218480207026,1.5428636074066162,-0.0014114434598013759,0.7052996158599854,0.41314420104026794,0.40516823530197144,2.622227907180786,-0.4474789500236511,2.1729066371917725,1.2578711575654153,0.016039099508782875,,,,
86368,2699,25.150405883789062,18.601552963256836,6.3959455490112305,0.14209720492362976,0.010810408741235733,-0.006203139200806618,1.502051830291748,-0.006007261574268341,0.6846392154693604,0.3880690634250641,0.41994842886924744,2.5190420150756836,-0.4400329887866974,2.0783703327178955,1.2588112911724003,0.01618331018872375,,,,
87968,2749,30.175323486328125,23.457012176513672,6.576320648193359,0.13147033751010895,0.010521274991333485,-0.00017992783978115767,1.6158061027526855,-5.292065907269716e-06,0.6012448668479919,0.44108647108078003,0.43165940046310425,2.4166860580444336,-0.4329145550727844,1.986896276473999,1.2596095839748507,0.011771930147429792,,,,
89568,2799,30.627140045166016,23.387535095214844,7.107300758361816,0.12797512114048004,0.004329530522227287,-0.001455482211895287,1.4624006748199463,-0.0012791217304766178,0.6114057302474976,0.4439117908477783,0.44375431537628174,2.481107473373413,-0.45125892758369446,2.026463270187378,1.2604071130324863,0.014485861805484095,,,,
91168,2849,27.863880157470703,21.510129928588867,6.2103705406188965,0.13902992010116577,0.004347975831478834,-0.0007148868753574789,1.5592381954193115,-0.0005695248255506158,0.5235744714736938,0.21975792944431305,0.205148845911026,2.469001531600952,-0.4415682256221771,2.0262207984924316,1.2611352781622835,0.009041218674512286,,,,
92768,2899,28.084732055664062,21.606306076049805,6.353212356567383,0.12162923812866211,0.0035839593037962914,0.006160746328532696,1.5545623302459717,0.006321157328784466,0.5919524431228638,0.15348708629608154,0.11067671328783035,2.4799249172210693,-0.44575944542884827,2.0303430557250977,1.2621842281521456,0.013620206082206415,,,,
94368,2949,34.50233840942383,26.762022018432617,7.575385093688965,0.1605287343263626,0.0044021643698215485,0.0015928768552839756,1.463658332824707,0.001776965451426804,0.6379175782203674,0.46033573150634766,0.430104523897171,2.4597854614257812,-0.44525766372680664,2.016383171081543,1.2627390337049087,0.009267477223120683,,,,
95968,2999,26.42630958557129,19.810935974121094,6.454110145568848,0.14809349179267883,0.013170169666409492,0.0017668887740001082,1.4038819074630737,0.001959403045475483,0.6621440052986145,0.13965579867362976,0.12183217704296112,2.4376492500305176,-0.45872777700424194,1.975461483001709,1.2635641643250184,0.010968941668686094,,,,
97568,3049,23.66669464111328,17.625438690185547,5.9255452156066895,0.11155179142951965,0.0041596367955207825,-0.0008406200213357806,1.3855942487716675,-0.0006896773702464998,0.5225794315338135,0.200419083237648,0.20299571752548218,2.425567150115967,-0.45684877038002014,1.9646025896072388,1.2641308647149432,0.021665091021585148,,,,
99168,3099,33.277278900146484,26.041746139526367,7.0857930183410645,0.1345755159854889,0.015163606964051723,-0.00028196346829645336,1.4487998485565186,-0.00012513826368376613,0.5544521808624268,0.6144680380821228,0.6157634258270264,2.4284493923187256,-0.4731186032295227,1.965645432472229,1.2646792534838067,0.009515757774078745,,,,
100768,3149,24.870635986328125,18.295299530029297,6.4341535568237305,0.13663148880004883,0.0045506879687309265,0.0005659066373482347,1.3918083906173706,0.0007670372142456472,0.6927823424339294,0.3426971733570099,0.3366154730319977,2.3503737449645996,-0.4465043842792511,1.9015926122665405,1.2653198048387708,0.0191226261192844,,,,
102368,3199,24.39727020263672,17.184324264526367,7.056458950042725,0.1483791470527649,0.008107353001832962,0.005294472444802523,1.5763956308364868,0.005457191728055477,0.574962317943573,0.5341466069221497,0.5079889893531799,2.4010982513427734,-0.43336790800094604,1.9665271043777466,1.2659561056269721,0.009770274301665282,,,,
103968,3249,26.922624588012695,19.776622772216797,6.9924798011779785,0.1478765904903412,0.005645048804581165,0.0010283697629347444,1.5315055847167969,0.0011935224756598473,0.5871559381484985,0.2738962471485138,0.23307839035987854,2.4411520957946777,-0.4432215094566345,1.9998085498809814,1.2665316235568698,0.017227636560632014,,,,
105568,3299,25.836389541625977,18.678770065307617,6.960414409637451,0.18816742300987244,0.00903673842549324,-0.0025858499575406313,1.5242711305618286,-0.00236582406796515,0.7761123776435852,0.3040107488632202,0.3092966675758362,2.5534582138061523,-0.4476642310619354,2.1046555042266846,1.2672213377983539,0.006067922336573933,,,,
107168,3349,26.539621353149414,19.663795471191406,6.712968826293945,0.15262256562709808,0.010235505178570747,0.0012967291986569762,1.4585833549499512,0.0015061248559504747,0.7239487767219543,0.16036635637283325,0.15658779442310333,2.564575433731079,-0.4541970193386078,2.106935977935791,1.2678102656815524,0.01753072740123438,,,,
108768,3399,25.219348907470703,18.563264846801758,6.537582874298096,0.11120782792568207,0.0072935824282467365,-0.0005338808987289667,1.6433905363082886,-0.00036508997436612844,0.5962363481521606,0.5407419204711914,0.526133120059967,2.493924379348755,-0.43790844082832336,2.055001974105835,1.2683433972887197,0.011223301146390285,,,,
110368,3449,22.8990535736084,16.416337966918945,6.359722137451172,0.11831100285053253,0.0046824002638459206,-8.597294799983501e-05,1.537896752357483,0.00010084477253258228,0.6482582092285156,0.6203624606132507,0.5951576232910156,2.442307949066162,-0.42278584837913513,2.028717517852783,1.268710908221922,0.01435317311577769,,,,
111968,3499,25.046628952026367,17.973026275634766,6.913052558898926,0.15542089939117432,0.005130753852427006,-0.0029519940726459026,1.5846761465072632,-0.0027619937900453806,0.6656322479248047,0.2267325520515442,0.23004011809825897,2.4608383178710938,-0.44087493419647217,2.0172524452209473,1.2692610614698228,0.008671209742146075,,,,
113568,3549,24.835969924926758,17.42917823791504,7.256618022918701,0.14491938054561615,0.005255374126136303,-0.0021646865643560886,1.5267136096954346,-0.0019878800958395004,0.6196341514587402,0.600655734539032,0.605453372001648,2.4064297676086426,-0.41089361906051636,1.9932194948196411,1.2696557411877758,0.008929240680091053,,,,
115168,3599,29.283832550048828,21.43344497680664,7.703242301940918,0.14290468394756317,0.004239458125084639,-0.003374642925336957,1.4623453617095947,-0.0031587695702910423,0.7406572103500366,0.38926979899406433,0.3996546268463135,2.3732056617736816,-0.40817081928253174,1.9620208740234375,1.2703250307250638,0.012163907805750992,,,,
116768,3649,32.53786087036133,24.460784912109375,7.956430912017822,0.11929762363433838,0.001348355202935636,0.0003982568741776049,1.5632503032684326,0.0005729248514398932,0.6061698794364929,0.30449220538139343,0.3028556704521179,2.3039066791534424,-0.4208645224571228,1.8825533390045166,1.2706614789114303,0.013102367951310031,,,,
118368,3699,22.67194175720215,16.425861358642578,6.121269702911377,0.11995647847652435,0.004854254890233278,-0.0031745603773742914,1.4978128671646118,-0.002987844171002507,0.6440548896789551,0.43000978231430054,0.38964077830314636,2.2472035884857178,-0.4102569818496704,1.8394619226455688,1.2711599277339187,0.012619464617963778,,,,
119968,3749,24.264001846313477,17.541658401489258,6.603762626647949,0.11394374072551727,0.004638426937162876,-3.270508022978902e-05,1.379562258720398,0.00019135155889671296,0.770340621471405,0.23732635378837585,0.23101221024990082,2.20858097076416,-0.38242053985595703,1.8252103328704834,1.2716157311356826,0.009402538814807423,,,,
121568,3799,25.495264053344727,18.228885650634766,7.145387649536133,0.11595534533262253,0.005035354755818844,0.0006134479772299528,1.5234616994857788,0.0007913817535154521,0.6167088747024536,0.32275381684303284,0.2996785342693329,2.2224740982055664,-0.3788585662841797,1.8441444635391235,1.2721100301921835,0.011936184944547889,,,,
123168,3849,22.128543853759766,15.396955490112305,6.595861911773682,0.13150788843631744,0.004218480084091425,0.0034413563553243876,1.5917221307754517,0.0036309866700321436,0.6600920557975769,0.3198133111000061,0.3095974922180176,2.1540727615356445,-0.3758154511451721,1.7754055261611938,1.2724672001995043,0.011899784223450068,,,,
124768,3899,21.141786575317383,14.954225540161133,6.063943862915039,0.1177174374461174,0.005899749230593443,0.003917635418474674,1.4816405773162842,0.004089057445526123,0.6073131561279297,0.2470824420452118,0.2252928763628006,2.1398074626922607,-0.3741684556007385,1.763027548789978,1.2729393974614787,0.010451770928092761,,,,
126368,3949,20.94070816040039,14.339369773864746,6.4857306480407715,0.10916567593812943,0.0064431894570589066,0.00223119230940938,1.424617052078247,0.002395140938460827,0.5707030296325684,0.43059077858924866,0.4327385425567627,2.1115407943725586,-0.3413849472999573,1.7716002464294434,1.2733011216742487,0.00777243304760082,,,,
127968,3999,25.265867233276367,17.79233741760254,7.316110610961914,0.1495930254459381,0.007825605571269989,-0.003131525358185172,1.4031970500946045,-0.0029544855933636427,0.6122474074363708,0.622685968875885,0.6109194159507751,2.2263453006744385,-0.3620891869068146,1.8644767999649048,1.2737487515763115,0.011897082065121481,,,,
129568,4049,23.177534103393555,15.851746559143066,7.181400299072266,0.13738340139389038,0.007005711551755667,0.007042510900646448,1.5608322620391846,0.007216253317892551,0.5999482274055481,0.618465006351471,0.5962768197059631,2.2000527381896973,-0.3568737506866455,1.845421314239502,1.2740659533201528,0.009664591806767863,,,,
131168,4099,25.521909713745117,18.455245971679688,6.9184675216674805,0.1445062905550003,0.003688224358484149,0.006383856758475304,1.6829109191894531,0.006551639176905155,0.5867033004760742,0.49932026863098145,0.4389288127422333,2.257746458053589,-0.36047282814979553,1.903897762298584,1.274427022194202,0.012104207160050602,,,,
132768,4149,22.933002471923828,16.72610092163086,6.079323768615723,0.12430445104837418,0.003274757880717516,-0.003428907599300146,1.4473903179168701,-0.0032327796798199415,0.6824336647987366,0.39577797055244446,0.3985980749130249,2.304438352584839,-0.3479633331298828,1.953019142150879,1.2747146026370906,0.020378928211590815,,,,
134368,4199,25.35479736328125,17.907161712646484,7.324708938598633,0.11639419943094254,0.0065329489298164845,0.0016406021313741803,1.439694881439209,0.0017986573511734605,0.5602548122406006,0.6635011434555054,0.633994460105896,2.391918182373047,-0.3459056317806244,2.049422264099121,1.2751139957148452,0.013008958227750817,,,,
135968,4249,26.37488555908203,17.960134506225586,8.274714469909668,0.13641142845153809,0.0036254804581403732,0.00040747306775301695,1.4668097496032715,0.0006116529693827033,0.7186757326126099,0.42378053069114685,0.41354867815971375,2.552968978881836,-0.35322999954223633,2.2022593021392822,1.2755362075341334,0.01135750223956069,,,,
137568,4299,24.022438049316406,16.71779441833496,7.196578025817871,0.10309022665023804,0.004976559896022081,0.0018521317979320884,1.2870562076568604,0.0020821313373744488,0.788176417350769,0.2916613221168518,0.2846803665161133,2.5991623401641846,-0.3624539375305176,2.2306439876556396,1.2758266137795524,0.009826796620340104,,,,
139168,4349,23.766355514526367,16.546249389648438,7.078242778778076,0.13812687993049622,0.0037362626753747463,0.0002650312380865216,1.4929547309875488,0.0004479807976167649,0.6425044536590576,0.4594194293022156,0.4534350335597992,2.523505210876465,-0.3451250195503235,2.1804404258728027,1.2761403863632468,0.01541744219128163,,,,
140768,4399,27.162370681762695,18.730575561523438,8.322091102600098,0.10948051512241364,0.00022519433696288615,-0.0033873803913593292,1.390681505203247,-0.003203586209565401,0.6335871815681458,0.2589048743247986,0.2644365727901459,2.4729020595550537,-0.3488590121269226,2.1194586753845215,1.27628035215841,0.019368879850255982,,,,
142368,4449,20.968873977661133,14.668296813964844,6.143082618713379,0.15333068370819092,0.004165646154433489,-0.0008299474720843136,1.5721303224563599,-0.0006756132352165878,0.5370448231697083,0.42819949984550476,0.4366189241409302,2.406648874282837,-0.34618720412254333,2.0614025592803955,1.276713479484945,0.012957615764445108,,,,
143968,4499,27.663576126098633,20.656415939331055,6.888113021850586,0.11728441715240479,0.0017629520734772086,-0.0020646837074309587,1.5232139825820923,-0.0018750608433037996,0.6595817804336548,0.5789169669151306,0.559601366519928,2.491332530975342,-0.32827484607696533,2.1632604598999023,1.2769370354428276,0.009250263097087947,,,,
145568,4549,24.860872268676758,16.666820526123047,7.989016532897949,0.19717217981815338,0.007862933911383152,-0.0009802571730688214,1.4938573837280273,-0.000834848266094923,0.5009541511535645,0.25182679295539856,0.26098617911338806,2.512624979019165,-0.3350633680820465,2.173832893371582,1.2774084654922642,0.005653389081755267,,,,
147168,4599,23.5349178314209,16.45917510986328,6.950280666351318,0.1171879917383194,0.008274258114397526,0.0016134309116750956,1.6033003330230713,0.0017557055689394474,0.5034450888633728,0.8053888082504272,0.7323005795478821,2.5956156253814697,-0.3281378448009491,2.26940655708313,1.277709852193803,0.014952437276511611,,,,
148768,4649,20.79532241821289,13.73056411743164,6.902468681335449,0.15849559009075165,0.003793406765908003,-0.001983948051929474,1.4977970123291016,-0.0018309112638235092,0.5391515493392944,0.37525442242622375,0.3631739616394043,2.6119117736816406,-0.3344169557094574,2.278517961502075,1.2779884929871832,0.007078573591658407,,,,
150368,4699,22.08087158203125,14.439297676086426,7.506985664367676,0.13184396922588348,0.0027438367251306772,-0.0023666885681450367,1.3858413696289062,-0.0021707729902118444,0.6793685555458069,0.2892918884754181,0.28953999280929565,2.491102457046509,-0.32045406103134155,2.1699869632720947,1.278222682061373,0.01075933212496868,,,,
151968,4749,22.439678192138672,15.249898910522461,7.04019021987915,0.14628416299819946,0.0033045336604118347,-0.0058495705015957355,1.4334348440170288,-0.005673848092556,0.6134447455406189,0.29569128155708313,0.31081897020339966,2.410146951675415,-0.32030922174453735,2.0849509239196777,1.2785664885658459,0.007995083810822633,,,,
153568,4799,24.607019424438477,17.575050354003906,6.89746618270874,0.12705202400684357,0.0074510471895337105,-0.00664077652618289,1.5705409049987793,-0.0064738173969089985,0.5924745798110962,0.6578288078308105,0.6793786883354187,2.325979232788086,-0.3191661834716797,2.0115864276885986,1.2786704935288942,0.015042455732943622,,,,
155168,4849,27.437458038330078,19.54530143737793,7.742774963378906,0.14204952120780945,0.00733199343085289,-0.0027504146564751863,1.2729690074920654,-0.0025052365381270647,0.8432669639587402,0.20295046269893646,0.20710976421833038,2.294156789779663,-0.29682520031929016,1.9906551837921143,1.278880910481248,0.011453015460549611,,,,
156768,4899,26.82657241821289,19.077709197998047,7.63662576675415,0.11056386679410934,0.001675082603469491,0.0016304837772622705,1.5251102447509766,0.0017904116539284587,0.5634134411811829,0.5150175094604492,0.4887070655822754,2.2062482833862305,-0.2780192494392395,1.9278106689453125,1.279333764762861,0.013635691241367324,,,,
158368,4949,20.780668258666992,13.847536087036133,6.816779613494873,0.11226503551006317,0.004088320769369602,0.0032598921097815037,1.54477858543396,0.0034222030080854893,0.5647111535072327,0.417748361825943,0.4071956276893616,2.1940059661865234,-0.2815394401550293,1.9108601808547974,1.2794595328329132,0.01749158404545458,,,,
159968,4999,19.56219482421875,13.434294700622559,6.022083282470703,0.09792722016572952,0.007888873107731342,-0.0008355373283848166,1.5104472637176514,-0.0006822020513936877,0.5394984483718872,0.3381652235984802,0.3197113573551178,2.201849937438965,-0.2796066999435425,1.9223082065582275,1.2797080395002975,0.01140698816743365,,,,
161568,5049,23.091209411621094,15.870980262756348,7.092141628265381,0.12687137722969055,0.001217461540363729,-0.0025149076245725155,1.4867451190948486,-0.0023371900897473097,0.6187330484390259,0.27031409740448,0.26577919721603394,2.2623138427734375,-0.27091923356056213,1.9898096323013306,1.2640866540276305,0.013747121359233,,,,
163168,5099,21.01734733581543,13.748215675354004,7.1299614906311035,0.13358479738235474,0.005584989208728075,0.0007252242648974061,1.4945522546768188,0.000889391521923244,0.5717294812202454,0.3786882162094116,0.3624584972858429,2.265143871307373,-0.283816933631897,1.9825096130371094,1.2643876294070284,0.010726597035742805,,,,
164768,5149,19.17359733581543,12.294548034667969,6.774104118347168,0.10490775108337402,3.5701919841812924e-05,0.00012470106594264507,1.4398019313812256,0.00027629328542388976,0.5272846221923828,0.3034532368183136,0.2928905189037323,2.341996192932129,-0.2826770544052124,2.054286241531372,1.2647165912173386,0.011689159045053894,,,,
166368,5199,20.589548110961914,13.666743278503418,6.796189308166504,0.12121425569057465,0.005401273723691702,0.001402846071869135,1.5557070970535278,0.0015980013413354754,0.6942052841186523,0.504996657371521,0.4997897446155548,2.2965729236602783,-0.28392529487609863,2.0163681507110596,1.264939758203613,0.009799443128114269,,,,
167968,5249,21.61890411376953,14.465847969055176,7.03165340423584,0.12014884501695633,0.0012528792722150683,0.0005360715440474451,1.4580378532409668,0.0007091266452334821,0.6068537831306458,0.4674421548843384,0.443841814994812,2.2597475051879883,-0.25991499423980713,1.9990174770355225,1.265410412866145,0.008234655289079285,,,,
169568,5299,18.406173706054688,11.856910705566406,6.43839693069458,0.10833191871643066,0.0025347971823066473,0.0026791496202349663,1.4535365104675293,0.0028631146997213364,0.646037757396698,0.3656567335128784,0.3505115807056427,2.3621466159820557,-0.2694093585014343,2.092515230178833,1.2656940894308042,0.013850074068610333,,,,
171168,5349,23.952754974365234,16.194805145263672,7.641414165496826,0.11592268198728561,0.0006116205477155745,0.0008666588691994548,1.4661517143249512,0.0010582094546407461,0.6613223552703857,0.687197208404541,0.6541862487792969,2.3752026557922363,-0.2869768440723419,2.0934948921203613,1.2660075030711435,0.011713747085588677,,,,
172768,5399,19.6467227935791,12.407044410705566,7.082501411437988,0.15457084774971008,0.002605465007945895,-0.0013950166758149862,1.5509824752807617,-0.0012292680330574512,0.5816735029220581,0.32499808073043823,0.31422892212867737,2.3057808876037598,-0.29847511649131775,2.0068089962005615,1.2662201973647813,0.011582515665423666,,,,
174368,5449,20.840579986572266,12.879873275756836,7.836339950561523,0.1232370138168335,0.0011296073207631707,-0.003110260237008333,1.3676753044128418,-0.0029708100482821465,0.5014921426773071,0.521616518497467,0.5352759957313538,2.347411632537842,-0.273549348115921,2.074632406234741,1.2664971569093242,0.00996696618001725,,,,
175968,5499,21.323495864868164,13.41500473022461,7.804610252380371,0.09844335168600082,0.0054362681694328785,0.0009557544253766537,1.427356243133545,0.0011182109592482448,0.5638737678527832,0.5000150203704834,0.49287983775138855,2.382202625274658,-0.27382779121398926,2.1048507690429688,1.2668963286925528,0.010692279911726374,,,,
177568,5549,21.108121871948242,13.948819160461426,7.0179314613342285,0.1362062394618988,0.005164207890629768,-0.0021589924581348896,1.5798428058624268,-0.001959512010216713,0.6863093972206116,0.4173251986503601,0.4508856534957886,2.4380671977996826,-0.28942012786865234,2.146916627883911,1.2672171697758798,0.012816805246785763,,,,
179168,5599,26.217273712158203,18.312326431274414,7.752618789672852,0.14971651136875153,0.0026110552717000246,-0.00015801867994014174,1.5436997413635254,1.8292979802936316e-05,0.6240262985229492,0.4214927554130554,0.40278351306915283,2.3815011978149414,-0.2812387943267822,2.1017637252807617,1.2674366729478765,0.007838971931266007,,,,
180768,5649,21.643938064575195,14.720891952514648,6.748898983001709,0.1663280427455902,0.00781753659248352,-0.0065535190515220165,1.4172613620758057,-0.0063798073679208755,0.6019362211227417,0.6362459659576416,0.6552155613899231,2.442455530166626,-0.2594105005264282,2.181680679321289,1.2677096007093775,0.011554465965345002,,,,
182368,5699,19.143272399902344,11.955244064331055,7.0096845626831055,0.16606363654136658,0.012281768023967743,-0.005077959503978491,1.590888500213623,-0.004901011474430561,0.6158690452575684,0.385302871465683,0.4190411865711212,2.427215576171875,-0.2572857439517975,2.169320821762085,1.2679840234425293,0.00946438736703189,,,,
183968,5749,18.257326126098633,11.305763244628906,6.839893341064453,0.10964065045118332,0.002029126277193427,-0.004218698013573885,1.4964261054992676,-0.004063902888447046,0.559252142906189,0.6699039936065674,0.6904889345169067,2.303102731704712,-0.261494904756546,2.0473756790161133,1.2682750776673755,0.010042539931773642,,,,
185568,5799,23.394502639770508,16.193445205688477,7.023201942443848,0.15918786823749542,0.018667129799723625,-0.0046059442684054375,1.364281415939331,-0.00440011965110898,0.7105162143707275,0.5328804850578308,0.54290372133255,2.301588535308838,-0.27361443638801575,2.0236830711364746,1.268529811508452,0.01703600719090438,,,,
187168,5849,24.96095085144043,17.229007720947266,7.57368803024292,0.15261143445968628,0.005643602926284075,0.007225547917187214,1.4677717685699463,0.007427012547850609,0.6952634453773499,0.7373893857002258,0.6928706169128418,2.302715301513672,-0.26508304476737976,2.0397422313690186,1.26885729319616,0.005807733120266974,,,,
188768,5899,25.715538024902344,17.952194213867188,7.604246616363525,0.1566513180732727,0.0024479669518768787,0.005790598690509796,1.417190670967102,0.005997217260301113,0.7172660231590271,0.3824731707572937,0.3559720516204834,2.3669562339782715,-0.26481711864471436,2.098099708557129,1.2690705578087005,0.012942656256621514,,,,
190368,5949,18.448823928833008,11.26843547821045,7.060416221618652,0.1167164072394371,0.0032555973157286644,-0.001682691159658134,1.3338468074798584,-0.0014651694800704718,0.7494409084320068,0.4655510187149048,0.47017356753349304,2.3755483627319336,-0.2702777087688446,2.09944748878479,1.2694274372093006,0.004186365574631848,,,,
191968,5999,20.782007217407227,13.68122673034668,6.909391403198242,0.18696226179599762,0.004426707047969103,0.0007877017487771809,1.2924429178237915,0.0009864602470770478,0.6792545914649963,0.29489660263061523,0.2885616421699524,2.4032578468322754,-0.2714935541152954,2.1247944831848145,1.269693623785839,0.014079456841136623,,,,
193568,6049,22.658058166503906,15.12512493133545,7.4302263259887695,0.09824955463409424,0.004458330105990171,-0.0031970797572284937,1.4409525394439697,-0.0030409381724894047,0.553412914276123,0.5684750080108643,0.5831605792045593,2.4146547317504883,-0.2975112497806549,2.1197216510772705,1.2699955414229227,0.00948019992826092,,,,
195168,6099,20.87683868408203,13.320416450500488,7.374517440795898,0.16944752633571625,0.012456236407160759,-9.218885679729283e-06,1.5562098026275635,0.0001674533123150468,0.6126699447631836,0.8193745613098145,0.7711130380630493,2.4023141860961914,-0.29007935523986816,2.1203057765960693,1.2702145394830489,0.020626064169355335,,,,
196768,6149,25.665285110473633,17.247764587402344,8.247458457946777,0.16546271741390228,0.004598354920744896,-0.0022390829399228096,1.5648980140686035,-0.002086782827973366,0.5357078313827515,0.6502957940101624,0.6575638055801392,2.4265401363372803,-0.28472602367401123,2.1498982906341553,1.270550468769643,0.006209363023565354,,,,
198368,6199,17.355592727661133,10.998291969299316,6.21770715713501,0.133242666721344,0.006350277923047543,-0.0026118794921785593,1.4632234573364258,-0.0024247795809060335,0.6480399370193481,0.322091668844223,0.3224317729473114,2.341386079788208,-0.26765111088752747,2.070530414581299,1.270709698025582,0.018082474068068472,,,,
199968,6249,27.060562133789062,18.881559371948242,8.041848182678223,0.13508862257003784,0.0020656243432313204,-0.00202360050752759,1.523790955543518,-0.001874235225841403,0.53848797082901,0.40095579624176025,0.40351402759552,2.31095290184021,-0.2546360492706299,2.0552546977996826,1.271030812503031,0.005062727069443319,,,,
201568,6299,19.958850860595703,12.723915100097656,7.074955463409424,0.14887697994709015,0.011103886179625988,-0.0008952787611633539,1.4631521701812744,-0.0007247129105962813,0.5850265622138977,0.35058459639549255,0.3351995050907135,2.2761008739471436,-0.2516252398490906,2.0223076343536377,1.271208488382318,0.014879438466039919,,,,
203168,6349,18.846948623657227,11.844576835632324,6.832864761352539,0.16445988416671753,0.005049325525760651,-0.0026796513702720404,1.5372295379638672,-0.002462411765009165,0.7497422099113464,0.36821433901786804,0.3776397109031677,2.318804979324341,-0.2551349401473999,2.059375047683716,1.2715414650593722,0.01143808837534019,,,,
204768,6399,15.748732566833496,9.586230278015137,6.085811138153076,0.07592038065195084,0.0007719190325587988,0.005499952472746372,1.4334694147109985,0.005730620585381985,0.7961350083351135,0.4974741041660309,0.4918062686920166,2.190584421157837,-0.24042920768260956,1.9471302032470703,1.271753709332965,0.013485975678916693,,,,
206368,6449,20.908061981201172,13.30050277709961,7.4346113204956055,0.1655590534210205,0.007387503515928984,0.00027117389254271984,1.4279680252075195,0.00047403067583218217,0.7048047780990601,0.5442423224449158,0.5328483581542969,2.2677001953125,-0.25635823607444763,2.012583017349243,1.271978046321746,0.015639992858518366,,,,
207968,6499,22.079391479492188,14.939873695373535,6.957274436950684,0.1785915046930313,0.003652706742286682,0.0018446302274242043,1.3525669574737549,0.0020385931711643934,0.6720060110092163,0.4521428644657135,0.43860000371932983,2.1952128410339355,-0.23914042115211487,1.9554505348205566,1.2722259305851662,0.01764130577838123,,,,
209568,6549,20.39293098449707,13.423293113708496,6.828333854675293,0.13774214684963226,0.0035616413224488497,-0.004145339131355286,1.4482991695404053,-0.00396562647074461,0.627652108669281,0.5293864607810974,0.5306121706962585,2.2488772869110107,-0.23818831145763397,2.0096538066864014,1.2724808253914328,0.01116562664106657,,,,
211168,6599,24.63434410095215,16.467443466186523,7.981804847717285,0.18050742149353027,0.004587691742926836,0.005938295740634203,1.3955148458480835,0.0061307488940656185,0.6739704608917236,0.7039225697517395,0.674852728843689,2.2943334579467773,-0.2381105273962021,2.0589044094085693,1.2727136681711917,0.009464501903410456,,,,
212768,6649,20.466129302978516,13.210796356201172,7.1057634353637695,0.1440868377685547,0.0054838103242218494,-0.0015184468356892467,1.5367324352264404,-0.0013550000730901957,0.5798527598381042,0.353170782327652,0.3507322371006012,2.3230679035186768,-0.2439427524805069,2.0769307613372803,1.2728629016912378,0.022388921856266387,,,,
214368,6699,20.06930160522461,12.888640403747559,7.012773513793945,0.16245387494564056,0.005433374550193548,-0.002922133542597294,1.500654697418213,-0.002738287439569831,0.6454885005950928,0.5771684646606445,0.5573033094406128,2.356614351272583,-0.24276913702487946,2.1151199340820312,1.2730117087039459,0.007503149106904259,,,,
215968,6749,21.838632583618164,14.090461730957031,7.635197639465332,0.11010189354419708,0.0028726551681756973,-0.001561446930281818,1.6280468702316284,-0.0013544725952669978,0.717827320098877,0.5349091291427612,0.5054667592048645,2.3284482955932617,-0.23493452370166779,2.093499183654785,1.2731493426803624,0.013717743294962878,,,,
217568,6799,20.9984073638916,13.763205528259277,7.08467435836792,0.14820539951324463,0.002323659136891365,-0.003516709664836526,1.5354796648025513,-0.003325097030028701,0.6672058701515198,0.5260152220726013,0.5062060356140137,2.2887730598449707,-0.22252990305423737,2.07218599319458,1.273400359912924,0.009936930464536598,,,,
219168,6849,23.920795440673828,15.25776195526123,8.422136306762695,0.23155735433101654,0.009339788928627968,-0.00020420399960130453,1.347886085510254,-1.0767900676000863e-05,0.6672917604446411,0.5200280547142029,0.5068026781082153,2.3217360973358154,-0.22257308661937714,2.0956194400787354,1.273606095144916,0.01605233255139335,,,,
220768,6899,24.728370666503906,16.363832473754883,8.163873672485352,0.1984245479106903,0.002239503897726536,0.007526987232267857,1.5785833597183228,0.007765802554786205,0.8221937417984009,0.4268762469291687,0.4043169319629669,2.45402455329895,-0.23260031640529633,2.2174251079559326,1.2737820463198737,0.016050371300431323,,,,
222368,6949,20.791873931884766,12.99068832397461,7.646335601806641,0.14973703026771545,0.005114553961902857,0.0011361294891685247,1.4784409999847412,0.0013276481768116355,0.6754161715507507,0.644260585308075,0.6149166822433472,2.519449472427368,-0.24144481122493744,2.2770543098449707,1.2739286382545938,0.01630696722134907,,,,
223968,6999,20.491073608398438,12.893684387207031,7.4589362144470215,0.13750307261943817,0.0009498732397332788,-0.0014092158526182175,1.5252764225006104,-0.0012071968521922827,0.7069867849349976,0.8765580058097839,0.8639273643493652,2.414008855819702,-0.24156984686851501,2.1843745708465576,1.2741170730349276,0.014439922241736451,,,,
225568,7049,22.167112350463867,13.489740371704102,8.45651912689209,0.21382491290569305,0.007028475403785706,-0.003185880836099386,1.4360241889953613,-0.0030054186936467886,0.6276870369911194,0.4575673043727875,0.46795469522476196,2.3795347213745117,-0.24560248851776123,2.134481906890869,1.274272427514864,0.020013481955173065,,,,
227168,7099,19.998153686523438,13.18069839477539,6.694982528686523,0.1191624328494072,0.0033120375592261553,0.0005502293934114277,1.4540050029754639,0.0007392162224277854,0.6729522943496704,0.6200532913208008,0.6116614937782288,2.3265469074249268,-0.23845022916793823,2.089827299118042,1.2744391355978248,0.010513961049774399,,,,
228768,7149,17.98517417907715,10.658767700195312,7.199460029602051,0.12187595665454865,0.005072540137916803,0.0004946734989061952,1.4019123315811157,0.000713552231900394,0.7571114301681519,0.4978584051132202,0.47664502263069153,2.3429479598999023,-0.24071674048900604,2.102740526199341,1.2745695184986332,0.015443518532381273,,,,
230368,7199,23.417024612426758,15.53611946105957,7.699234962463379,0.1772928237915039,0.004377754870802164,0.0017037016805261374,1.5483746528625488,0.001932445913553238,0.7898553013801575,0.6052095890045166,0.5774930715560913,2.374084949493408,-0.23271338641643524,2.143336296081543,1.2747759664189442,0.017849505270734953,,,,
231968,7249,20.177017211914062,12.92676067352295,7.067923069000244,0.1781311184167862,0.004201897419989109,-0.001322379568591714,1.6644847393035889,-0.0011348542757332325,0.663010835647583,0.7751411199569702,0.7807152271270752,2.4748265743255615,-0.2291967272758484,2.25112247467041,1.2749899221419811,0.020266796228705253,,,,
233568,7299,21.91365623474121,14.007401466369629,7.726269245147705,0.17312534153461456,0.006858516484498978,0.010349664837121964,1.6722095012664795,0.010560157708823681,0.7310263514518738,0.5690422058105469,0.5110030174255371,2.4409596920013428,-0.23514649271965027,2.2077624797821045,1.2751518398291084,0.013054982202484165,,,,
235168,7349,18.077302932739258,10.96056842803955,6.984055042266846,0.12891268730163574,0.0037671616300940514,-0.0024025635793805122,1.4239344596862793,-0.0022183209657669067,0.6361293792724609,0.35273537039756775,0.3692835569381714,2.5542218685150146,-0.2385624796152115,2.3095762729644775,1.2753364427584535,0.015497476605016587,,,,
236768,7399,21.374780654907227,13.650276184082031,7.5444254875183105,0.176326185464859,0.0037519880570471287,0.004587373696267605,1.5532658100128174,0.004776849877089262,0.6609007716178894,0.7859439253807068,0.7257076501846313,2.5713212490081787,-0.22474728524684906,2.3476061820983887,1.2755225206027319,0.010449587420626351,,,,
238368,7449,22.80622673034668,15.038532257080078,7.64885950088501,0.11364556849002838,0.005190368741750717,0.0002088502369588241,1.416800856590271,0.00040948265814222395,0.6934184432029724,0.5103094577789307,0.5013986229896545,2.5720221996307373,-0.2199661284685135,2.3479015827178955,1.2757249411106522,0.01806308392421825,,,,
239968,7499,18.773115158081055,11.481544494628906,7.150821685791016,0.1326269507408142,0.008121845312416553,0.0012992513366043568,1.4409120082855225,0.0015058103017508984,0.711991548538208,0.25124064087867737,0.24116632342338562,2.562570571899414,-0.22922523319721222,2.3273022174835205,1.275917942632609,0.009163024870024234,,,,
241568,7549,22.269189834594727,14.268839836120605,7.8565263748168945,0.14099617302417755,0.0028258617967367172,0.00206112302839756,1.4831242561340332,0.0022471663542091846,0.646401047706604,0.7856087684631348,0.772399365901947,2.695547580718994,-0.2211432158946991,2.4746010303497314,1.2656084463023958,0.01092035085688551,,,,
243168,7599,23.561017990112305,15.382631301879883,7.991254806518555,0.1814439594745636,0.005688357632607222,-0.0016278354451060295,1.415476679801941,-0.0014171142829582095,0.7269675731658936,0.6700196862220764,0.6764038801193237,2.742892026901245,-0.22053003311157227,2.5175600051879883,1.26582770418914,0.016239487327085463,,,,
244768,7649,19.18202781677246,11.846829414367676,7.224076271057129,0.10636278986930847,0.004758040886372328,-0.00716126523911953,1.4604793787002563,-0.006903029978275299,0.8878145813941956,0.41750335693359375,0.42685768008232117,2.7259206771850586,-0.23483233153820038,2.484360933303833,1.266072196716647,0.017822623909803863,,,,
246368,7699,18.04347038269043,11.066485404968262,6.824106216430664,0.14574085175991058,0.007139574736356735,-0.002963450038805604,1.5818612575531006,-0.00274465954862535,0.7542214393615723,0.489309161901474,0.48629215359687805,2.6893773078918457,-0.23997561633586884,2.449728488922119,1.266309497558095,0.012671029690849179,,,,
247968,7749,19.487422943115234,11.966286659240723,7.36897611618042,0.14198362827301025,0.010178400203585625,-0.003381535643711686,1.493338942527771,-0.003157268278300762,0.7730226516723633,0.5240817070007324,0.5280718207359314,2.674684524536133,-0.23399901390075684,2.4365310668945312,1.266639324785275,0.009135747895587302,,,,
249568,7799,21.190345764160156,13.337970733642578,7.7207231521606445,0.1304304599761963,0.0012218026677146554,0.0019481033086776733,1.4623312950134277,0.0021675184834748507,0.7556663751602173,0.9282413721084595,0.9282684922218323,2.6962499618530273,-0.24502934515476227,2.4611897468566895,1.2668246076384577,0.011226832823417179,,,,
251168,7849,21.084245681762695,13.627717018127441,7.289000034332275,0.16232837736606598,0.005199587903916836,-0.0018582090269774199,1.445106029510498,-0.0016161801759153605,0.8368034362792969,0.6055784821510315,0.6105725765228271,2.6911184787750244,-0.24744699895381927,2.44003963470459,1.2670751035362298,0.009251010317049254,,,,
252768,7899,23.07815170288086,14.995587348937988,7.928371906280518,0.14676910638809204,0.007422884926199913,-0.0035568918101489544,1.3776185512542725,-0.0033321159426122904,0.7811592817306519,0.38467514514923096,0.3853480815887451,2.6067888736724854,-0.2496994137763977,2.35429048538208,1.2672823825182462,0.011677913951914625,,,,
254368,7949,21.948904037475586,14.59673023223877,7.229770183563232,0.12110450863838196,0.0012989144306629896,-0.00010691938223317266,1.3999689817428589,0.00012449489440768957,0.8005901575088501,0.49727851152420044,0.4942447245121002,2.6352345943450928,-0.26061898469924927,2.370227336883545,1.2675559149889353,0.01018566152152973,,,,
255968,7999,20.919668197631836,13.613057136535645,7.141514301300049,0.16090768575668335,0.00418851338326931,-0.00016901247727219015,1.6471022367477417,2.1204468794167042e-05,0.6641780138015747,0.537352979183197,0.5402727127075195,2.5472183227539062,-0.24479369819164276,2.3069911003112793,1.2677908963102562,0.01054993826211554,,,,
257568,8049,19.602481842041016,12.186654090881348,7.279489040374756,0.13377627730369568,0.0025636758655309677,0.0007752431556582451,1.394963026046753,0.0009985779179260135,0.7719624638557434,0.7069025635719299,0.6816343069076538,2.4519402980804443,-0.23098237812519073,2.226020336151123,1.2680568003648962,0.0023202472615725406,,,,
259168,8099,17.173887252807617,10.369961738586426,6.624125957489014,0.17213234305381775,0.007666678633540869,-0.0015556022990494967,1.4318885803222656,-0.0013258103281259537,0.7926260232925415,0.3087434768676758,0.31428197026252747,2.489959716796875,-0.24531342089176178,2.2401368618011475,1.2682440693944184,0.011178630037528161,,,,
260768,8149,19.103179931640625,11.573138236999512,7.398678779602051,0.1265929639339447,0.004770723637193441,-0.0016334264073520899,1.4980897903442383,-0.001393160317093134,0.831468403339386,0.5625355839729309,0.5593279004096985,2.4331369400024414,-0.23080888390541077,2.199047327041626,1.268452616513821,0.002594921048722645,,,,
262368,8199,19.259841918945312,13.06995677947998,6.0447540283203125,0.13517199456691742,0.00995742715895176,-0.0005231748800724745,1.3792513608932495,-0.0002884907298721373,0.8078984022140503,0.47347915172576904,0.47214651107788086,2.3847129344940186,-0.23458649218082428,2.147315502166748,1.26864101634059,0.015915441542542312,,,,
263968,8249,20.63655662536621,13.588216781616211,6.898768424987793,0.14766299724578857,0.0019083539955317974,-0.006954302079975605,1.4926073551177979,-0.00673913536593318,0.7689155340194702,0.6639780402183533,0.6714720726013184,2.3795888423919678,-0.23192061483860016,2.148493766784668,1.2688733184174428,0.001375325823055339,,,,
265568,8299,19.455961227416992,12.030550003051758,7.324714660644531,0.0976857841014862,0.0030112904496490955,-0.0004164064594078809,1.4639421701431274,-0.0002415802446193993,0.6098175048828125,0.7015327215194702,0.6926459670066833,2.417901039123535,-0.2503000497817993,2.1705262660980225,1.2690794936017475,0.004456055399078728,,,,
267168,8349,25.47541046142578,16.478769302368164,8.873932838439941,0.11921584606170654,0.0034917390439659357,0.0010762092424556613,1.4308791160583496,0.0012948773801326752,0.7549956440925598,0.40219616889953613,0.38251161575317383,2.454120397567749,-0.2492118924856186,2.204932451248169,1.2692888145124577,0.011817160082562941,,,,
268768,8399,19.216768264770508,11.716397285461426,7.355584144592285,0.1363978385925293,0.008388967253267765,-0.003061925293877721,1.400947093963623,-0.002849775133654475,0.7375503778457642,0.5974712371826172,0.5993835926055908,2.544363021850586,-0.24283450841903687,2.3004255294799805,1.26947782604434,0.017292306579311578,,,,
270368,8449,23.422618865966797,14.873310089111328,8.355738639831543,0.18609553575515747,0.007472919765859842,0.0013713070657104254,1.4518548250198364,0.0015846502501517534,0.7443509101867676,0.7482513785362244,0.7348712086677551,2.6434884071350098,-0.2508159279823303,2.3949315547943115,1.2696914544680713,0.014313019763889233,,,,
271968,8499,18.285444259643555,11.592631340026855,6.57034158706665,0.12070965766906738,0.0017595811514183879,-0.002300357911735773,1.6316282749176025,-0.0020481543615460396,0.8695617914199829,0.5897328853607178,0.5913447737693787,2.6011710166931152,-0.25145456194877625,2.3488433361053467,1.269838271008842,0.020065706946894777,,,,
273568,8549,25.82982063293457,17.951282501220703,7.713564872741699,0.15818408131599426,0.0067877271212637424,-0.0023775638546794653,1.4324241876602173,-0.002133536385372281,0.8414421677589417,0.5323503017425537,0.5270065665245056,2.531646490097046,-0.2555024027824402,2.2712295055389404,1.2700284936294202,0.009908704964455096,,,,
275168,8599,24.082481384277344,15.414894104003906,8.519957542419434,0.14301298558712006,0.004615946672856808,-0.0016070588026195765,1.4863064289093018,-0.0014020263915881515,0.7150028944015503,0.5216885209083557,0.5293755531311035,2.4681365489959717,-0.2618052661418915,2.2032175064086914,1.270161624143529,0.01777478948277291,,,,
276768,8649,23.619922637939453,15.638696670532227,7.850020408630371,0.13073484599590302,0.0004711815563496202,0.0005418516229838133,1.3978686332702637,0.000777393754106015,0.818024754524231,0.6697388291358948,0.6530572772026062,2.422757387161255,-0.24109198153018951,2.1846354007720947,1.2703904331456424,0.011248516039337525,,,,
278368,8699,19.63307762145996,12.172879219055176,7.259910583496094,0.19584046304225922,0.0044472068548202515,-0.007020199671387672,1.312959909439087,-0.006715300492942333,1.0404305458068848,0.4239780604839325,0.431183785200119,2.2706189155578613,-0.233686625957489,2.031165361404419,1.2705554752829118,0.015014821500743633,,,,
279968,8749,15.533062934875488,9.21639633178711,6.212444305419922,0.10005063563585281,0.004171059001237154,-0.001417666906490922,1.568791389465332,-0.001240855548530817,0.6445986032485962,0.7040862441062927,0.6698863506317139,2.27990984916687,-0.23772966861724854,2.0480124950408936,1.2707835906403615,0.011645859857203178,,,,
281568,8799,17.68735122680664,10.703465461730957,6.84163236618042,0.13760621845722198,0.004649129696190357,-0.0029988293536007404,1.3545234203338623,-0.0027730048168450594,0.7882944941520691,0.4548916518688202,0.4585282802581787,2.3138859272003174,-0.2329453080892563,2.0797512531280518,1.2709667000796103,0.01155155206893793,,,,
283168,8849,21.917238235473633,13.904479026794434,7.849455833435059,0.16045397520065308,0.002849454525858164,-0.0027946517802774906,1.3934011459350586,-0.0025638616643846035,0.7912308573722839,0.4140152335166931,0.40964847803115845,2.392302989959717,-0.23161423206329346,2.1559014320373535,1.271199795597365,0.005781552500763725,,,,
284768,8899,18.790260314941406,12.112208366394043,6.568296432495117,0.10900254547595978,0.0007528230198659003,-0.00103704072535038,1.5029926300048828,-0.0008098474354483187,0.7807940244674683,0.5754514932632446,0.5642050504684448,2.4181673526763916,-0.23213694989681244,2.192413330078125,1.2713658217878439,0.018401316587885845,,,,
286368,8949,17.594982147216797,10.73087215423584,6.732679843902588,0.12734189629554749,0.004086543805897236,0.0006595797603949904,1.589555263519287,0.0008610493969172239,0.6959983110427856,0.6397607326507568,0.6029453277587891,2.4435176849365234,-0.23065367341041565,2.2173755168914795,1.271540610281936,0.005274541648122033,,,,
287968,8999,21.52256965637207,14.868414878845215,6.498965263366699,0.14781554043293,0.007374356500804424,0.0014273698907345533,1.4282355308532715,0.0016161365201696754,0.6546680331230164,0.5873576998710632,0.5854378342628479,2.4204726219177246,-0.21794536709785461,2.2012453079223633,1.271680782960131,0.016309015211643938,,,,
289568,9049,19.658300399780273,12.199772834777832,7.302345275878906,0.146538645029068,0.009646249003708363,9.087724902201444e-05,1.464385747909546,0.00030508069903589785,0.7436901330947876,0.7048673033714294,0.6975073218345642,2.5226919651031494,-0.23065033555030823,2.293396234512329,1.2718606349478254,0.010756642076852951,,,,
291168,9099,17.52935791015625,10.81007194519043,6.579451560974121,0.13425132632255554,0.005585612263530493,0.00570023525506258,1.6185166835784912,0.00588929932564497,0.6549242734909058,0.8840760588645935,0.7970189452171326,2.525329828262329,-0.23952491581439972,2.3019237518310547,1.2720447807156579,0.011239642586155028,,,,
292768,9149,18.44378089904785,11.704668045043945,6.5680952072143555,0.1653405874967575,0.005677919369190931,0.0009325483115389943,1.4972466230392456,0.0011360438074916601,0.7036503553390503,0.8842064738273621,0.8573375344276428,2.571484088897705,-0.23018211126327515,2.352794647216797,1.272199813648327,0.011003228347380338,,,,
294368,9199,18.217546463012695,11.217742919921875,6.866440296173096,0.13193604350090027,0.0014287594240158796,0.0030517014674842358,1.533499002456665,0.0032768752425909042,0.7775299549102783,0.6080828309059143,0.588512659072876,2.751455545425415,-0.22036707401275635,2.5311875343322754,1.2723311799035653,0.017378322616854652,,,,
295968,9249,21.222095489501953,13.337846755981445,7.736926078796387,0.14592768251895905,0.001395398285239935,-0.0018429780611768365,1.5871113538742065,-0.0016430038958787918,0.6938598155975342,0.8591443300247192,0.8589380383491516,2.9079456329345703,-0.23563966155052185,2.6722309589385986,1.272480945967804,0.015117271919000058,,,,
297568,9299,18.271093368530273,11.456418991088867,6.639796733856201,0.1693040430545807,0.005572957918047905,-0.00599944032728672,1.5342695713043213,-0.005798016674816608,0.7013314962387085,0.579261064529419,0.6144823431968689,2.8492095470428467,-0.24263015389442444,2.608553886413574,1.272689059775269,0.009063653229104475,,,,
299168,9349,20.678098678588867,12.910224914550781,7.603646755218506,0.16239938139915466,0.001826508087106049,-0.0016713899094611406,1.5194584131240845,-0.0014205726329237223,0.8604645729064941,0.3525867760181427,0.3391365706920624,2.885667562484741,-0.23956885933876038,2.6374266147613525,1.2728538371646634,0.01041650721220194,,,,
300768,9399,19.0157527923584,11.625956535339355,7.235789775848389,0.14868032932281494,0.005326857324689627,0.0002903518034145236,1.5591175556182861,0.0004983734106644988,0.7228597402572632,0.7457178235054016,0.7364809513092041,2.7986955642700195,-0.23843786120414734,2.562062978744507,1.2729403731276345,0.02136936602759281,,,,
302368,9449,16.542442321777344,10.016417503356934,6.419391632080078,0.10373876988887787,0.002893897006288171,-0.006281200330704451,1.5313572883605957,-0.006043402012437582,0.8259490728378296,0.7673414349555969,0.7850061655044556,2.7141146659851074,-0.21572086215019226,2.4948415756225586,1.273167371166217,0.004873846769826718,,,,
303968,9499,18.04998207092285,10.906768798828125,7.017639636993408,0.11615156382322311,0.00942140445113182,-0.0025126300752162933,1.5166573524475098,-0.0023211585357785225,0.6786279678344727,0.5150269865989685,0.5233882069587708,2.60860276222229,-0.23385578393936157,2.375453472137451,1.273307072655109,0.014553375339101431,,,,
305568,9549,19.878721237182617,13.099664688110352,6.627727508544922,0.14113008975982666,0.01019816379994154,-0.001036247005686164,1.428072214126587,-0.000838151725474745,0.6864264011383057,0.9844754934310913,0.950482189655304,2.674212694168091,-0.24065248668193817,2.4337193965911865,1.2734789072302368,0.008470885449969597,,,,
307168,9599,18.744396209716797,11.655378341674805,6.935578346252441,0.15084990859031677,0.0025891875848174095,-0.003185582347214222,1.5068812370300293,-0.0029609405901283026,0.7830805778503418,0.8280705809593201,0.8366191387176514,2.5693094730377197,-0.22747372090816498,2.3411569595336914,1.2736242479737794,0.008892223762436055,,,,
308768,9649,17.831083297729492,10.384622573852539,7.299877643585205,0.1415884643793106,0.004994560498744249,-0.003309753956273198,1.4463145732879639,-0.003113226965069771,0.6892279386520386,0.6820574998855591,0.6905002593994141,2.5085642337799072,-0.2270946353673935,2.287050724029541,1.2737504926638985,0.004057862047878753,,,,
310368,9699,19.19507598876953,11.737707138061523,7.303091049194336,0.15248434245586395,0.0017921891994774342,-0.000572559772990644,1.5690091848373413,-0.00034920888720080256,0.7810948491096497,0.6389118432998657,0.6130679845809937,2.532191514968872,-0.23108728229999542,2.3062241077423096,1.27396140097116,0.010254138178066459,,,,
311968,9749,16.804405212402344,10.19740104675293,6.496581554412842,0.10786402225494385,0.0025579966604709625,-0.0042391023598611355,1.4591422080993652,-0.004066138528287411,0.6083858609199524,0.6625951528549194,0.6770060062408447,2.588346242904663,-0.2348240315914154,2.3582286834716797,1.274099181370184,0.009260631643741442,,,,
313568,9799,19.695356369018555,12.289285659790039,7.274423599243164,0.13109323382377625,0.0005525235901586711,-0.0018560418393462896,1.5416966676712036,-0.0016572304302826524,0.6905697584152222,0.6407172679901123,0.6466050744056702,2.5096123218536377,-0.23442962765693665,2.2736711502075195,1.2742451989847061,0.012005852897369593,,,,
315168,9849,20.32823944091797,12.796597480773926,7.362617015838623,0.16485635936260223,0.00417020870372653,-0.005608739797025919,1.525533676147461,-0.005390390288084745,0.7690284252166748,0.5853967666625977,0.6005973815917969,2.457481622695923,-0.2486904263496399,2.2125439643859863,1.2744504675559158,0.0035110789425842046,,,,
316768,9899,20.39813995361328,12.672454833984375,7.535151481628418,0.18437477946281433,0.006159611977636814,-0.0026665085460990667,1.4409804344177246,-0.002479459624737501,0.6542199850082397,0.38259705901145935,0.39668381214141846,2.359985113143921,-0.24935218691825867,2.108729839324951,1.2746007524531833,0.012067389361938508,,,,
318368,9949,18.92986488342285,10.982245445251465,7.79045295715332,0.1538330614566803,0.0033330980222672224,-0.0023221662268042564,1.2927556037902832,-0.0020794442389160395,0.8333067893981934,0.45732197165489197,0.468195378780365,2.4215164184570312,-0.23232614994049072,2.1814663410186768,1.2747875383528757,0.006342767254499021,,,,
319968,9999,17.874942779541016,10.71614933013916,7.025408744812012,0.12547408044338226,0.007910432294011116,0.000726373924408108,1.5610885620117188,0.0009185547241941094,0.6681364178657532,0.5157052278518677,0.5088045001029968,2.3591647148132324,-0.2333512306213379,2.132194757461548,1.2749832708587152,0.014287346983066902,,,,
321568,10049,15.504732131958008,9.401127815246582,5.972995281219482,0.12582257390022278,0.004786264151334763,-0.00623915484175086,1.4746606349945068,-0.006027532275766134,0.73032546043396,0.42317184805870056,0.45207300782203674,2.3366241455078125,-0.21435610949993134,2.122027635574341,1.2668508877531046,0.011618555140688817,,,,
323168,10099,17.829395294189453,10.563121795654297,7.088682651519775,0.16758790612220764,0.010004054754972458,0.003170197596773505,1.4457123279571533,0.003383810631930828,0.7398724555969238,0.5661263465881348,0.527116596698761,2.403890609741211,-0.20943231880664825,2.192812919616699,1.267075306940589,0.008014734142605787,,,,
324768,10149,16.689973831176758,9.896845817565918,6.671424388885498,0.11692343652248383,0.004779569339007139,0.0015509455697610974,1.4611032009124756,0.0017708981176838279,0.7654930949211121,0.47115087509155273,0.4535570740699768,2.4237189292907715,-0.22245842218399048,2.2063169479370117,1.267255598840947,0.012867058983866407,,,,
326368,10199,16.781476974487305,9.91617202758789,6.677153587341309,0.17946258187294006,0.008688188157975674,0.0017739031463861465,1.485344409942627,0.0019666000735014677,0.6664986610412598,0.45269572734832764,0.43464234471321106,2.5295097827911377,-0.23012809455394745,2.294268846511841,1.2674820235056707,0.012692770398717223,,,,
327968,10249,17.972732543945312,10.418342590332031,7.42601203918457,0.12260005623102188,0.005776829086244106,-3.388026379980147e-05,1.550762414932251,0.00016077779582701623,0.6733149886131287,0.6466742753982544,0.642677366733551,2.4971888065338135,-0.23762373626232147,2.262826919555664,1.2676943595950423,0.010973596630290402,,,,
329568,10299,19.5472412109375,12.27995777130127,7.115951061248779,0.1497267633676529,0.0016054173465818167,0.0015419890405610204,1.4810101985931396,0.0018044263124465942,0.9001291394233704,0.38509243726730347,0.36707305908203125,2.610128879547119,-0.24105636775493622,2.3643360137939453,1.267927148525947,0.012319492441289694,,,,
331168,10349,17.03425407409668,10.17831039428711,6.765044212341309,0.0867815688252449,0.004115247167646885,0.005884273909032345,1.447566032409668,0.006065599154680967,0.6297574043273926,0.6581264138221741,0.6195316910743713,2.454963207244873,-0.22655004262924194,2.2360095977783203,1.268140478379132,0.009840356398237259,,,,
332768,10399,21.3275089263916,12.843172073364258,8.34789752960205,0.1340225785970688,0.002415710361674428,0.00037294806679710746,1.4951775074005127,0.0005637556314468384,0.669348955154419,0.64756840467453,0.6300500631332397,2.5621821880340576,-0.22154618799686432,2.342623233795166,1.268355619832065,0.01446830135785425,,,,
334368,10449,15.16297435760498,9.002817153930664,6.042128562927246,0.10845118761062622,0.009578147903084755,-0.002148849656805396,1.4569036960601807,-0.0019105715909972787,0.829738974571228,0.6412931680679321,0.6504884958267212,2.5739598274230957,-0.210598886013031,2.361926794052124,1.2685258338730983,0.009121797820305907,,,,
335968,10499,18.501707077026367,11.604074478149414,6.773135185241699,0.11959772557020187,0.004900066182017326,-0.0002019024977926165,1.516941785812378,8.848140714690089e-05,1.0010055303573608,0.4695214331150055,0.4657982885837555,2.5261380672454834,-0.22891083359718323,2.295595407485962,1.2687311485895314,0.014122147891452119,,,,
337568,10549,19.371612548828125,11.913768768310547,7.326498985290527,0.13000833988189697,0.001334508415311575,-0.0012236711336299777,1.4127275943756104,-0.0010162219405174255,0.7178720235824585,0.6169196963310242,0.612603485584259,2.5520098209381104,-0.23061969876289368,2.3235561847686768,1.2689307232459957,0.01244528730205976,,,,
339168,10599,17.473464965820312,10.858339309692383,6.476884841918945,0.1311860978603363,0.007055351510643959,-0.003171622985973954,1.5403454303741455,-0.002961204620078206,0.7300869226455688,0.6787229180335999,0.6923679113388062,2.565359592437744,-0.24526217579841614,2.3203060626983643,1.269143515491156,0.011308567361023012,,,,
340768,10649,20.571577072143555,13.344818115234375,7.073570728302002,0.1507909744977951,0.0023972492199391127,-0.00536092184484005,1.517463207244873,-0.005125315394252539,0.8131442070007324,0.37917447090148926,0.3967883586883545,2.602630138397217,-0.24330775439739227,2.3541932106018066,1.2693022546469246,0.017535010352011864,,,,
342368,10699,17.748414993286133,10.487467765808105,7.094858646392822,0.14885935187339783,0.01722884364426136,0.003148019313812256,1.5420575141906738,0.0033682025969028473,0.7593458890914917,0.5981985330581665,0.5807148218154907,2.511021137237549,-0.23592418432235718,2.275442600250244,1.2695420536250517,0.01029165269966065,,,,
343968,10749,23.608312606811523,15.970076560974121,7.436858177185059,0.1997329145669937,0.0016445550136268139,0.008948382921516895,1.620227336883545,0.009149840101599693,0.7012721300125122,0.4939318299293518,0.4361581802368164,2.572694778442383,-0.262453556060791,2.316028118133545,1.26971296750057,0.01393441057196171,,,,
345568,10799,21.14293670654297,13.41083812713623,7.573065280914307,0.15203352272510529,0.007000462152063847,0.001459650113247335,1.4699028730392456,0.0017055731732398272,0.8490375876426697,0.4780691862106323,0.4754127562046051,2.485572338104248,-0.25789543986320496,2.2264926433563232,1.2699548421292142,0.01096817440377611,,,,
347168,10849,20.46225357055664,12.717134475708008,7.6016740798950195,0.14273099601268768,0.0007137955981306732,0.0031961186323314905,1.3900742530822754,0.0034148399718105793,0.7552507519721985,0.3837276101112366,0.36977285146713257,2.5407519340515137,-0.247489333152771,2.2892353534698486,1.270077022210343,0.015137502871651153,,,,
348768,10899,18.629549026489258,12.138297080993652,6.371016502380371,0.11730796843767166,0.002928375033661723,-0.002349482150748372,1.5007542371749878,-0.0021329233422875404,0.7603628635406494,0.659671425819397,0.6639171838760376,2.659196376800537,-0.25075069069862366,2.4096758365631104,1.2703381051657976,0.004933547252643242,,,,
350368,10949,20.760738372802734,13.20092487335205,7.3850178718566895,0.17056375741958618,0.004230145364999771,0.01215849444270134,1.6055729389190674,0.012394405901432037,0.8093218207359314,0.6753033995628357,0.6372689008712769,2.7400286197662354,-0.24481648206710815,2.501222610473633,1.2704887677283971,0.01803716681955812,,,,
351968,10999,22.31792640686035,13.811349868774414,8.297405242919922,0.19812309741973877,0.011046679690480232,-0.002149591688066721,1.596449613571167,-0.0019086732063442469,0.8350479602813721,0.42371392250061035,0.42201995849609375,2.691096782684326,-0.253389835357666,2.432976007461548,1.2706802988363188,0.013427566071204409,,,,
353568,11049,19.590335845947266,12.51357650756836,6.926732063293457,0.1470937728881836,0.0029330886900424957,-0.0024636341258883476,1.4068474769592285,-0.0022229149471968412,0.8331763744354248,0.5658701658248901,0.569238007068634,2.566129207611084,-0.24350087344646454,2.323272705078125,1.2708646182049526,0.013231444214338587,,,,
355168,11099,20.015520095825195,12.157415390014648,7.721080780029297,0.13167054951190948,0.005354565102607012,-0.0018009382765740156,1.3512705564498901,-0.0015751993050798774,0.7816307544708252,0.47467344999313354,0.47469645738601685,2.5692789554595947,-0.244081512093544,2.321326732635498,1.271033275922129,0.01185450600610655,,,,
356768,11149,21.120891571044922,13.579385757446289,7.400814056396484,0.139893040060997,0.0007989403675310314,0.000977395218797028,1.4626874923706055,0.0011891648173332214,0.7287164330482483,0.44681528210639954,0.44262218475341797,2.6386570930480957,-0.2402598112821579,2.3963258266448975,1.2712682274063551,0.01204789534391105,,,,
358368,11199,19.49574089050293,12.101696014404297,7.187389373779297,0.20129993557929993,0.005355571396648884,-0.002993376227095723,1.4304527044296265,-0.0027438055258244276,0.8615762591362,0.31925439834594727,0.3210691809654236,2.657573938369751,-0.25761735439300537,2.39821720123291,1.2713856462896411,0.013021510185649015,,,,
359968,11249,19.98601531982422,13.25765323638916,6.564150810241699,0.1620125025510788,0.0021995301358401775,0.001588585670106113,1.5813391208648682,0.0017999911215156317,0.7399584650993347,0.43134447932243347,0.4230285882949829,2.589717388153076,-0.263483464717865,2.3256888389587402,1.2716184772062713,0.011575373871827152,,,,
361568,11299,19.236820220947266,11.615522384643555,7.491699695587158,0.12540000677108765,0.004197762347757816,0.008165178820490837,1.6588795185089111,0.008380168117582798,0.7408162355422974,1.002724289894104,0.9695149064064026,2.5646533966064453,-0.2631534934043884,2.3107662200927734,1.2717502064211557,0.021248919482253846,,,,
363168,11349,19.379676818847656,11.943239212036133,7.303401470184326,0.1276618391275406,0.005372124724090099,-0.0003996675950475037,1.4504804611206055,-0.00016340683214366436,0.8122715950012207,0.5884546637535095,0.5982331037521362,2.5716614723205566,-0.25383883714675903,2.317244052886963,1.2719687485045,0.009872585019789886,,,,
364768,11399,18.958412170410156,11.735149383544922,7.086182594299316,0.13613200187683105,0.0009499206207692623,-0.0017901440151035786,1.563746690750122,-0.0015472661470994353,0.8454945087432861,0.5712847113609314,0.5820478796958923,2.5653202533721924,-0.26017072796821594,2.304089307785034,1.2721171668628122,0.022759904525572878,,,,
366368,11449,17.203588485717773,10.317859649658203,6.742861747741699,0.1333349198102951,0.009531352669000626,-0.001733447308652103,1.4599952697753906,-0.0015279127983376384,0.715309739112854,0.5551339387893677,0.5560794472694397,2.564887285232544,-0.2581065893173218,2.304560661315918,1.27228083625874,0.010093940648260028,,,,
367968,11499,16.34202003479004,9.387913703918457,6.795173168182373,0.15059314668178558,0.008341480046510696,0.0005782554508186877,1.5181647539138794,0.0007582938414998353,0.6248638033866882,0.9371346235275269,0.9069356918334961,2.5731863975524902,-0.2657439708709717,2.3217244148254395,1.2724483279390602,0.014785470750513983,,,,
369568,11549,18.3187255859375,11.04148006439209,7.121853351593018,0.14976398646831512,0.005629145540297031,-0.0023148697800934315,1.5351359844207764,-0.002094072522595525,0.7678664326667786,0.6441212892532349,0.6448882818222046,2.610208034515381,-0.27981874346733093,2.3354876041412354,1.272617060898238,0.013577337428276026,,,,
371168,11599,18.088237762451172,11.442730903625488,6.504726409912109,0.13551005721092224,0.005271086469292641,-0.0034172488376498222,1.5734353065490723,-0.0031652445904910564,0.8666849136352539,0.36440467834472656,0.3811929523944855,2.5965700149536133,-0.2776641845703125,2.3144686222076416,1.2727935173263631,0.00783264820811484,,,,
372768,11649,18.45662498474121,11.477075576782227,6.819522857666016,0.1543990522623062,0.0056274281814694405,0.0016371110687032342,1.529618263244629,0.001854241592809558,0.7503007054328918,0.6317194104194641,0.6057045459747314,2.504091501235962,-0.2690202295780182,2.237894296646118,1.2729944132311952,0.005866098040330306,,,,
374368,11699,24.454011917114258,16.861488342285156,7.460657119750977,0.12921638786792755,0.0026501368265599012,-0.004934074357151985,1.467329978942871,-0.004726794548332691,0.7120291590690613,0.9213089942932129,0.9116081595420837,2.6210269927978516,-0.2669956088066101,2.354405164718628,1.2731378885096003,0.01723470790732822,,,,
375968,11749,23.37162971496582,14.988885879516602,8.202868461608887,0.17488370835781097,0.0049928403459489346,-0.0013931689318269491,1.3031350374221802,-0.0011246181093156338,0.92464280128479,0.47187143564224243,0.4687144160270691,2.586566686630249,-0.25333818793296814,2.3294942378997803,1.2733279628463907,0.011976772406980965,,,,
377568,11799,18.123689651489258,10.743828773498535,7.218910217285156,0.15630893409252167,0.0046418048441410065,-0.007917169481515884,1.6004120111465454,-0.007652009837329388,0.9127386808395386,0.5307360291481018,0.5225387811660767,2.5386064052581787,-0.24366331100463867,2.3000080585479736,1.2734523685451624,0.008965318307142051,,,,
379168,11849,15.221230506896973,8.702354431152344,6.4068193435668945,0.11072801798582077,0.0013280999846756458,0.006798892747610807,1.4905239343643188,0.007059058174490929,0.9071936011314392,0.522427499294281,0.4939364492893219,2.5962233543395996,-0.25184932351112366,2.3461878299713135,1.2736140949956665,0.01845514426697519,,,,
380768,11899,21.283756256103516,13.439435958862305,7.7073073387146,0.13548731803894043,0.001526707666926086,-0.0021888576447963715,1.5773587226867676,-0.0019541005603969097,0.809219479560852,0.6925754547119141,0.6663222908973694,2.7081782817840576,-0.2583725154399872,2.4548749923706055,1.2737646608683115,0.008281218897427278,,,,
382368,11949,17.571020126342773,10.10452938079834,7.289819717407227,0.1689581274986267,0.007712701801210642,0.001524522085674107,1.5736470222473145,0.0017884187400341034,0.9132238626480103,0.5217160582542419,0.49679067730903625,2.8602471351623535,-0.24026590585708618,2.6216351985931396,1.2739142155001164,0.012808317390554365,,,,
383968,11999,16.433395385742188,9.536951065063477,6.747807502746582,0.14404283463954926,0.004592040088027716,-0.0022546816617250443,1.5042119026184082,-0.0020116071682423353,0.8464794158935547,0.5718425512313843,0.5838003754615784,2.8813724517822266,-0.2314344197511673,2.6540768146514893,1.2741064705888172,0.004989818961462736,,,,
385568,12049,22.250545501708984,13.503594398498535,8.57363510131836,0.16591830551624298,0.007398536428809166,-0.008301046676933765,1.4811457395553589,-0.00799549836665392,1.050275444984436,0.5497954487800598,0.5924402475357056,2.8444974422454834,-0.2247118502855301,2.616671323776245,1.2742344987991323,0.021169544866086163,,,,
387168,12099,18.377336502075195,10.819245338439941,7.436495780944824,0.1189110279083252,0.0026844837702810764,-0.0004509901627898216,1.4546946287155151,-0.0001792025868780911,0.935060977935791,0.4506814777851105,0.4494851529598236,2.629788398742676,-0.23153090476989746,2.3966622352600098,1.2744036700306325,0.0036631381338582637,,,,
388768,12149,16.185882568359375,9.115365028381348,6.930954456329346,0.1337210237979889,0.0058429669588804245,-0.001612272928468883,1.4223384857177734,-0.0013810030650347471,0.7973981499671936,0.8297325372695923,0.7880638241767883,2.529466152191162,-0.22803238034248352,2.3033978939056396,1.274509138460208,0.010052236032215256,,,,
390368,12199,21.95077896118164,13.668608665466309,8.10290241241455,0.1779925376176834,0.0012766390573233366,-0.0035780337639153004,1.5062735080718994,-0.003322384087368846,0.8857770562171936,0.3058927655220032,0.30679360032081604,2.5348784923553467,-0.2391807585954666,2.2986819744110107,1.274750844171574,0.010999529221571172,,,,
391968,12249,18.302722930908203,11.094043731689453,7.092867851257324,0.1129060909152031,0.0029046698473393917,-0.004344632383435965,1.528560757637024,-0.004145455081015825,0.6882135272026062,0.38705384731292725,0.3966417908668518,2.654484510421753,-0.2548247277736664,2.3964600563049316,1.2748787026660937,0.012330108448736311,,,,
393568,12299,14.271599769592285,8.023683547973633,6.1205949783325195,0.1250338852405548,0.0022867845837026834,0.0008725392399355769,1.4407141208648682,0.0011058840900659561,0.8021270632743835,0.5156707763671875,0.5139053463935852,2.6580138206481934,-0.2430175542831421,2.4110324382781982,1.2750518688968178,0.012333051823098429,,,,
395168,12349,21.557409286499023,14.0056734085083,7.37905216217041,0.1690395474433899,0.0036443069111555815,-0.0002737595932558179,1.505863904953003,-6.673517054878175e-05,0.7101213335990906,0.4826289117336273,0.4914681911468506,2.7052769660949707,-0.2713375985622406,2.42903208732605,1.2751750845763112,0.006427840091910756,,,,
396768,12399,21.672077178955078,13.370955467224121,8.108604431152344,0.18629038333892822,0.006226330064237118,0.004932498559355736,1.5926593542099,0.005089718848466873,0.552233099937439,0.9324060678482056,0.8658788204193115,2.516658306121826,-0.24758101999759674,2.279160976409912,1.275368043503535,0.012234206220070803,,,,
398368,12449,19.171903610229492,11.788206100463867,7.267691135406494,0.11390708386898041,0.002099740318953991,0.0008909963071346283,1.585484504699707,0.0011240142630413175,0.8053039312362671,0.41442930698394775,0.3783780336380005,2.6245298385620117,-0.2333701103925705,2.3887834548950195,1.2755100449130072,0.012405237387089334,,,,
399968,12499,18.554956436157227,11.687433242797852,6.70082950592041,0.1568513661623001,0.009841909632086754,-0.002312451135367155,1.526390552520752,-0.002039486076682806,0.939937949180603,0.4583648443222046,0.4440644383430481,2.6625959873199463,-0.23773464560508728,2.4232096672058105,1.2756549796767453,0.008960250902246681,,,,
401568,12549,21.514392852783203,13.752091407775879,7.603003025054932,0.15668368339538574,0.0026155333034694195,-0.0014153886586427689,1.488168716430664,-0.0012036258121952415,0.7334740161895752,0.3075140118598938,0.3114086985588074,2.6235365867614746,-0.24564304947853088,2.373121500015259,1.2690045613861274,0.013923140629258037,,,,
403168,12599,13.97640609741211,7.930135250091553,5.9511189460754395,0.08942673355340958,0.005725225433707237,-0.0007197631639428437,1.482529878616333,-0.00047315278789028525,0.8494986891746521,0.5180709362030029,0.5048230290412903,2.5887575149536133,-0.24857878684997559,2.3401808738708496,1.2692030922356214,0.014930652320555715,,,,
404768,12649,21.02777671813965,13.844744682312012,7.031311988830566,0.14990654587745667,0.0018134902929887176,0.005873691290616989,1.5529632568359375,0.006081431172788143,0.7262856364250183,0.6564841866493225,0.6450935006141663,2.607940912246704,-0.25861653685569763,2.3509576320648193,1.2693020607731293,0.012532077616917792,,,,
406368,12699,17.42228126525879,10.670022010803223,6.609607219696045,0.1400097757577896,0.002644250402227044,-0.0020460805390030146,1.421295404434204,-0.0018484778702259064,0.6870639324188232,0.657703161239624,0.6704614758491516,2.5438005924224854,-0.25023549795150757,2.2928307056427,1.269506751439049,0.014836333322852974,,,,
407968,12749,16.45840835571289,9.589536666870117,6.758016586303711,0.10634980350732803,0.004506089724600315,-0.0004791942483279854,1.4135444164276123,-0.00018585665384307504,1.0122581720352173,0.3201856017112732,0.3160705864429474,2.5988941192626953,-0.24785029888153076,2.34550142288208,1.26965891435314,0.013162309136474173,,,,
409568,12799,19.214385986328125,11.583847045898438,7.454133033752441,0.17390818893909454,0.0024993401020765305,0.0033487961627542973,1.5043411254882812,0.0035671719815582037,0.7534013390541077,0.6733241677284241,0.6562323570251465,2.5925889015197754,-0.2542887330055237,2.3414647579193115,1.2698390292872535,0.008390540904452265,,,,
411168,12849,21.921688079833984,13.935380935668945,7.835977554321289,0.1462448388338089,0.004085654392838478,0.026960628107190132,1.7771949768066406,0.027163341641426086,0.7198101282119751,0.8613381385803223,0.7774749994277954,2.6303870677948,-0.2512895166873932,2.3982908725738525,1.269964674620594,0.0100441185350862,,,,
412768,12899,18.11283302307129,11.014674186706543,6.981436252593994,0.11426204442977905,0.0024606825318187475,0.002403073711320758,1.5797908306121826,0.0025999480858445168,0.6791709065437317,0.7734012007713318,0.7457746267318726,2.6635615825653076,-0.25091636180877686,2.4182491302490234,1.2701884473867298,0.004542004797940877,,,,
414368,12949,19.348377227783203,11.68342399597168,7.526849746704102,0.1255127638578415,0.012590819038450718,0.00042570329969748855,1.408265471458435,0.0006508475635200739,0.7755699753761292,0.3422945439815521,0.3367631435394287,2.544969081878662,-0.2508571445941925,2.289118766784668,1.2703066632213167,0.012227680495088116,,,,
415968,12999,17.958581924438477,10.876289367675781,6.929771900177002,0.14156131446361542,0.010959324426949024,0.001371509744785726,1.4443458318710327,0.001621020259335637,0.8554025888442993,0.6164136528968811,0.6157801151275635,2.5821633338928223,-0.2508513927459717,2.3284685611724854,1.2704513359366627,0.016597341972418057,,,,
417568,13049,17.046703338623047,9.885481834411621,6.998420715332031,0.15299002826213837,0.009809521958231926,0.002327393740415573,1.5787229537963867,0.002539506182074547,0.7333060503005981,0.7113727331161499,0.6918133497238159,2.7538349628448486,-0.24925485253334045,2.506274938583374,1.2705736603522948,0.009625379103474238,,,,
419168,13099,16.529508590698242,9.026888847351074,7.377992153167725,0.12273132801055908,0.0018957238644361496,-0.0012926205527037382,1.391371488571167,-0.0010507552651688457,0.837860107421875,0.30627939105033875,0.30529165267944336,2.7452733516693115,-0.25564706325531006,2.484015941619873,1.270743598178142,0.013105915298489266,,,,
420768,13149,20.799114227294922,13.190145492553711,7.449201583862305,0.15579304099082947,0.003974013030529022,-0.003287974977865815,1.5325453281402588,-0.0030691931024193764,0.7578911781311035,0.7157825827598572,0.7005996704101562,2.669893980026245,-0.23984751105308533,2.432154893875122,1.2709118434278945,0.01050170318864977,,,,
422368,13199,17.472463607788086,10.264640808105469,7.041369915008545,0.16044798493385315,0.006003678776323795,0.0007326024351641536,1.3897454738616943,0.000977302435785532,0.8437190651893616,0.5266023278236389,0.5111103653907776,2.6277427673339844,-0.25076884031295776,2.3732798099517822,1.2710641678769237,0.012434053272058652,,,,
423968,13249,23.359785079956055,15.609238624572754,7.624542236328125,0.12554341554641724,0.0004623298591468483,-0.0004601295804604888,1.5802416801452637,-0.0002200418384745717,0.8409766554832458,0.7026121020317078,0.7027804255485535,2.607574939727783,-0.24365779757499695,2.3757619857788086,1.271183983957418,0.013880891554845494,,,,
425568,13299,16.813573837280273,10.367791175842285,6.307201862335205,0.13833734393119812,0.00024275486066471785,-0.005308296997100115,1.4735267162322998,-0.005101421847939491,0.7138344645500183,0.5056073069572449,0.518865168094635,2.667921781539917,-0.26152196526527405,2.4049932956695557,1.2713576069993655,0.006848885664496973,,,,
427168,13349,16.12445640563965,8.990723609924316,6.976149082183838,0.15228140354156494,0.005303351208567619,0.0007846460212022066,1.5294134616851807,0.0010282964212819934,0.838161289691925,0.5086970329284668,0.5048944354057312,2.583272933959961,-0.24866846203804016,2.3327553272247314,1.2714963579702927,0.01072545651113858,,,,
428768,13399,16.89127540588379,10.11935043334961,6.614269256591797,0.15349213778972626,0.0041646650061011314,-0.0021526061464101076,1.5305464267730713,-0.0019677095115184784,0.6422602534294128,0.6230303645133972,0.6226370334625244,2.5976343154907227,-0.2515190839767456,2.3491063117980957,1.271671421524611,0.008343805184988938,,,,
430368,13449,17.546424865722656,10.753454208374023,6.663720607757568,0.12459415197372437,0.004655269905924797,-0.0014253589324653149,1.4114255905151367,-0.0011991525534540415,0.7813838720321655,0.5831590890884399,0.5822945833206177,2.6446495056152344,-0.2527785003185272,2.3887460231781006,1.2717610506818426,0.015071142375838658,,,,
431968,13499,17.718820571899414,10.867258071899414,6.67484712600708,0.1699891984462738,0.006726269610226154,-0.004069187678396702,1.4968595504760742,-0.003876212053000927,0.6656636595726013,0.5383448004722595,0.5386859774589539,2.6503026485443115,-0.2432488352060318,2.4048008918762207,1.2719115612229286,0.0028560413648173587,,,,
433568,13549,20.220233917236328,12.39360237121582,7.694388389587402,0.12925735116004944,0.0029861791990697384,0.0008139593410305679,1.6038694381713867,0.0009706020355224609,0.553709864616394,0.4717782437801361,0.4444093704223633,2.7071890830993652,-0.2545749545097351,2.451061725616455,1.2720487181965767,0.01104505999141625,,,,
435168,13599,18.051815032958984,10.909501075744629,6.986338138580322,0.15131759643554688,0.004657318349927664,-0.0003099577152170241,1.5227563381195068,-8.362502558156848e-05,0.783362627029419,0.4461578130722046,0.44128164649009705,2.600964307785034,-0.2539476156234741,2.3425676822662354,1.2721919928974519,0.008912218495160168,,,,
436768,13649,17.675487518310547,10.717734336853027,6.7851786613464355,0.1665550321340561,0.006018746178597212,0.00815114937722683,1.6644954681396484,0.00835199374705553,0.6958159804344177,0.854712188243866,0.8235020041465759,2.534088611602783,-0.2548685073852539,2.2855730056762695,1.272322419232544,0.008473403762372496,,,,
438368,13699,13.886442184448242,7.286744117736816,6.480340003967285,0.11664525419473648,0.0027136439457535744,-0.0014164033345878124,1.3935089111328125,-0.0011342639336362481,0.9659681916236877,0.37456008791923523,0.3756001889705658,2.6021385192871094,-0.25065550208091736,2.346862554550171,1.2724656644836327,0.008268993109369767,,,,
439968,13749,17.703475952148438,10.359597206115723,7.192800045013428,0.14234048128128052,0.008738791570067406,0.0012362983543425798,1.6099014282226562,0.0014889034209772944,0.8719309568405151,0.4555045962333679,0.4354245066642761,2.6312332153320312,-0.25771671533584595,2.374969720840454,1.2726319437060682,0.009643814863497593,,,,
441568,13799,17.612689971923828,10.286185264587402,7.193306922912598,0.1300312578678131,0.0031654906924813986,0.00307525135576725,1.5299105644226074,0.003318489994853735,0.831904947757721,0.33936432003974915,0.32878848910331726,2.5957372188568115,-0.2588422894477844,2.3322932720184326,1.272765266905213,0.015330957668072284,,,,
443168,13849,15.259583473205566,9.064841270446777,6.059861660003662,0.13088203966617584,0.003998893313109875,-0.00044423819053918123,1.4385182857513428,-0.00018486703629605472,0.8948467969894409,0.36090829968452454,0.3552141785621643,2.668470621109009,-0.2634051442146301,2.39886474609375,1.2728992624708644,0.012797924964332994,,,,
444768,13899,20.628746032714844,12.842392921447754,7.658850193023682,0.11842905730009079,0.009072366170585155,-0.005638576578348875,1.425992727279663,-0.0053697749972343445,0.9254592657089233,0.40525490045547485,0.42154568433761597,2.659738063812256,-0.24985165894031525,2.407296657562256,1.2730280202085842,0.013921353208502723,,,,
446368,13949,21.518245697021484,13.269428253173828,8.077095985412598,0.1667269766330719,0.0049950601533055305,-0.0038454649038612843,1.4312937259674072,-0.00364016299135983,0.7159557938575745,0.38552185893058777,0.40316230058670044,2.544916868209839,-0.2527555227279663,2.2883265018463135,1.2731974434439295,0.009476821292898343,,,,
447968,13999,16.01844596862793,9.546784400939941,6.344335079193115,0.12292890250682831,0.004399186931550503,-0.007629382889717817,1.520557165145874,-0.007414136081933975,0.7405669689178467,0.5170438885688782,0.5317968130111694,2.6308701038360596,-0.25852611660957336,2.3741791248321533,1.273332974025142,0.01598047275899777,,,,
449568,14049,14.232402801513672,8.531759262084961,5.569179058074951,0.11789710819721222,0.013566538691520691,0.005780166946351528,1.6105384826660156,0.005992204882204533,0.7324402332305908,0.6523561477661133,0.6133347749710083,2.5070364475250244,-0.24697917699813843,2.261061429977417,1.2734721546840297,0.008827946381247655,,,,
451168,14099,20.51689910888672,13.534292221069336,6.833134651184082,0.1449217051267624,0.0045488071627914906,-0.0012831592466682196,1.5031301975250244,-0.0010615144856274128,0.7690334320068359,0.7479028701782227,0.7415693402290344,2.498481273651123,-0.24497704207897186,2.2670111656188965,1.273584675048914,0.016072934231469792,,,,
452768,14149,17.488306045532227,10.510624885559082,6.8237996101379395,0.14516521990299225,0.008715804666280746,-0.0018852375214919448,1.3898842334747314,-0.0016236233059316874,0.9114753603935242,0.39540746808052063,0.3632197380065918,2.5102486610412598,-0.2644086480140686,2.24226975440979,1.2737139264438566,0.0077469583698094625,,,,
454368,14199,16.175521850585938,9.289850234985352,6.758546352386475,0.12119028717279434,0.00593330804258585,0.00017400921205990016,1.4516587257385254,0.000405346043407917,0.8061137795448303,0.4754866361618042,0.4727434515953064,2.458008289337158,-0.2519373595714569,2.203223466873169,1.2738450146551388,0.01421771122562257,,,,
455968,14249,15.686405181884766,8.861297607421875,6.681304931640625,0.1410590410232544,0.0027438593097031116,-0.0035062076058238745,1.4578890800476074,-0.003317957976832986,0.659275472164154,0.5128822922706604,0.5000731348991394,2.5351722240448,-0.2653893232345581,2.2709505558013916,1.273948697198608,0.011134912519468592,,,,
457568,14299,19.172182083129883,11.985081672668457,7.065645217895508,0.11892528086900711,0.002529639983549714,0.001095747109502554,1.579571008682251,0.0012997263111174107,0.7074154615402222,0.8131310343742371,0.7651685476303101,2.5080695152282715,-0.2619694173336029,2.260760545730591,1.2740478816982113,0.017866593723880646,,,,
459168,14349,16.770763397216797,10.45407772064209,6.2025861740112305,0.11115023493766785,0.002949386602267623,-0.004891322460025549,1.5790002346038818,-0.004663287661969662,0.7967586517333984,0.5384381413459778,0.5454262495040894,2.540635585784912,-0.2571627199649811,2.2907636165618896,1.2741856417013486,0.008699086988827575,,,,
460768,14399,16.632986068725586,10.08756160736084,6.414604663848877,0.12742361426353455,0.003394820960238576,0.008145895786583424,1.4860446453094482,0.008408797904849052,0.9070968627929688,0.7749040722846985,0.7124277949333191,2.5793042182922363,-0.2444533109664917,2.342318534851074,1.2743266498410517,0.013992137222303587,,,,
462368,14449,15.10598087310791,8.97092342376709,6.001069068908691,0.1323770433664322,0.0016113448655232787,0.0005272997077554464,1.462641716003418,0.0007655917434021831,0.825786292552948,0.6870966553688049,0.6648996472358704,2.544896364212036,-0.2473675012588501,2.304542303085327,1.2744365254104433,0.008809203312555284,,,,
463968,14499,16.328907012939453,9.450043678283691,6.717552661895752,0.1516169160604477,0.00969390757381916,-0.0013557099737226963,1.4511470794677734,-0.001085955766029656,0.9303040504455566,0.6578885912895203,0.6718199253082275,2.528801441192627,-0.26302364468574524,2.2684428691864014,1.2745670237469542,0.013380497376745407,,,,
465568,14549,20.3089542388916,12.86958122253418,7.252902984619141,0.18228881061077118,0.004180266987532377,-0.002892792224884033,1.4677808284759521,-0.002624835353344679,0.9242835640907288,0.5482426881790161,0.5571646690368652,2.5605101585388184,-0.259774774312973,2.307521343231201,1.2746674125507835,0.010019527337023965,,,,
467168,14599,16.848247528076172,10.160552024841309,6.55983829498291,0.12131883203983307,0.00653893081471324,-0.010672157630324364,1.4532164335250854,-0.010398621670901775,0.9579744935035706,0.4617323875427246,0.48401153087615967,2.5177063941955566,-0.26153072714805603,2.2566072940826416,1.2748066448718682,0.012531838455444262,,,,
468768,14649,17.285505294799805,10.099427223205566,7.035828590393066,0.14343835413455963,0.0068115610629320145,0.0005771255819126964,1.4429583549499512,0.0008086666348390281,0.8032988905906677,0.3816058933734894,0.37403130531311035,2.471008777618408,-0.2595374286174774,2.211656332015991,1.274897283055007,0.012912769174732396,,,,
470368,14699,15.582759857177734,8.833952903747559,6.601323127746582,0.14403243362903595,0.0034513541031628847,-0.0022372507955878973,1.4238406419754028,-0.0020082725677639246,0.7881028056144714,0.43845871090888977,0.43274521827697754,2.4813790321350098,-0.25030845403671265,2.2284324169158936,1.275009835817074,0.009833143268593,,,,
471968,14749,16.09878921508789,9.27500057220459,6.6908793449401855,0.12784871459007263,0.005059659481048584,-0.0036542844027280807,1.4736310243606567,-0.003418311942368746,0.8165411949157715,0.5552681088447571,0.54726243019104,2.473639488220215,-0.2559061050415039,2.2173962593078613,1.2751357975712951,0.011617360299197795,,,,
473568,14799,18.282445907592773,11.326849937438965,6.8047966957092285,0.14730919897556305,0.0034900757018476725,-0.0008075395016930997,1.5535099506378174,-0.0005812932504341006,0.7802332639694214,0.43039608001708984,0.43935438990592957,2.442911148071289,-0.2559988796710968,2.1845927238464355,1.2752642109939683,0.014742036377020177,,,,
475168,14849,17.145286560058594,9.842905044555664,7.109738349914551,0.18380752205848694,0.008834676817059517,-0.0024213017895817757,1.49074387550354,-0.002196783432736993,0.7789814472198486,0.41646379232406616,0.4092016816139221,2.5341074466705322,-0.2675238847732544,2.261554479598999,1.2753810750593986,0.008773095349402304,,,,
476768,14899,17.18543243408203,9.994233131408691,7.060626029968262,0.12339627742767334,0.007177235558629036,-0.0018982243491336703,1.289215326309204,-0.0016537175979465246,0.8423718810081482,0.4226750135421753,0.40605252981185913,2.485956907272339,-0.2589292824268341,2.221359968185425,1.275483751022594,0.00526450640323989,,,,
478368,14949,17.287975311279297,9.583548545837402,7.563788890838623,0.1368308961391449,0.0038061749655753374,-0.003985541872680187,1.521830677986145,-0.0037658221554011106,0.7706995010375977,0.5931367874145508,0.5952349901199341,2.3633010387420654,-0.2611091136932373,2.105254650115967,1.2756110483719236,0.012351343814198923,,,,
479968,14999,18.21424674987793,10.982940673828125,7.115680694580078,0.11426830291748047,0.001356142689473927,0.003976138308644295,1.4244283437728882,0.004240985028445721,0.9127182960510254,0.44888821244239807,0.4269954562187195,2.3997650146484375,-0.2542385458946228,2.1427297592163086,1.2757121813160326,0.014369365946654519,,,,
481568,15049,15.032660484313965,8.515556335449219,6.382439136505127,0.13277161121368408,0.0018944289768114686,-0.0008128047920763493,1.5840705633163452,-0.0005683191120624542,0.8444205522537231,0.5506777763366699,0.547822117805481,2.5655932426452637,-0.2624630630016327,2.3026647567749023,1.270297189938576,0.012121505514121623,,,,
483168,15099,15.915020942687988,9.122438430786133,6.696591377258301,0.09547769278287888,0.0005127634503878653,-0.0011494930367916822,1.5183377265930176,-0.0009555233409628272,0.6879370212554932,0.5853170156478882,0.5815573334693909,2.4898695945739746,-0.25340431928634644,2.2385947704315186,1.2704392560709958,0.01181851056132123,,,,
484768,15149,17.329973220825195,10.6451416015625,6.530794620513916,0.15128275752067566,0.0027549148071557283,-3.4984113881364465e-06,1.557922601699829,0.00022205233108252287,0.7792809009552002,0.7262622714042664,0.7054911851882935,2.522709369659424,-0.2681618928909302,2.2655677795410156,1.2705856559700444,0.02076083842319306,,,,
486368,15199,15.556660652160645,8.841373443603516,6.583672523498535,0.12274041026830673,0.008874315768480301,0.00021751629537902772,1.419114112854004,0.000486288801766932,0.930732786655426,0.3018590807914734,0.2865191698074341,2.478745222091675,-0.2755456566810608,2.200866222381592,1.270709109258043,0.007480346697126907,,,,
487968,15249,19.089006423950195,11.753474235534668,7.182280540466309,0.15141518414020538,0.001837463933043182,-0.002628153655678034,1.4948129653930664,-0.0024021139834076166,0.7840877175331116,0.5391839742660522,0.5374884009361267,2.4954276084899902,-0.2794097661972046,2.214012622833252,1.2708222773395383,0.012118033166832142,,,,
489568,15299,19.31450843811035,11.444099426269531,7.70717191696167,0.15546582639217377,0.007770482916384935,-0.0028414283879101276,1.5383012294769287,-0.002608720911666751,0.8116906881332397,0.7233128547668457,0.712641716003418,2.4007463455200195,-0.2820984721183777,2.1237051486968994,1.2709762568586043,0.003278381601640596,,,,
491168,15349,16.30023765563965,9.923924446105957,6.225413799285889,0.13788658380508423,0.013014402240514755,-0.003325406229123473,1.513282299041748,-0.003039357252418995,0.9848417639732361,0.41604554653167725,0.41363534331321716,2.360262870788574,-0.26050204038619995,2.1092491149902344,1.2710650195099138,0.01393895542461134,,,,
492768,15399,15.559796333312988,8.850347518920898,6.55466365814209,0.15016694366931915,0.004618276376277208,-0.003090709913522005,1.3732876777648926,-0.0028839081060141325,0.7153056859970093,0.6016716361045837,0.6092928647994995,2.3517985343933105,-0.26035794615745544,2.088815927505493,1.2712334620221546,0.01045384870485969,,,,
494368,15449,12.9902982711792,7.116433620452881,5.78436279296875,0.08375988900661469,0.005741440691053867,-0.00681674899533391,1.5611119270324707,-0.006623048800975084,0.6704671382904053,0.45099639892578125,0.46539241075515747,2.369842052459717,-0.26132655143737793,2.111086368560791,1.2713208959527602,0.007648893733147092,,,,
495968,15499,18.626285552978516,11.259477615356445,7.1909379959106445,0.16718371212482452,0.008685639128088951,-0.0005393238388933241,1.410920262336731,-0.00026733402046374977,0.9309811592102051,0.4071107506752014,0.39827868342399597,2.348212480545044,-0.2664318084716797,2.0768961906433105,1.271459296260505,0.006730187116759891,,,,
497568,15549,16.77678680419922,10.166216850280762,6.449785232543945,0.15442517399787903,0.0063618943095207214,7.60212424211204e-05,1.362748384475708,0.0003374529769644141,0.900295615196228,0.2617858350276947,0.26840853691101074,2.353583335876465,-0.2633057236671448,2.0863397121429443,1.2715916646029835,0.010983758867569074,,,,
499168,15599,15.382701873779297,8.557574272155762,6.68194580078125,0.13839571177959442,0.004786067642271519,0.002689033979550004,1.5128697156906128,0.00294362660497427,0.8781338334083557,0.457817018032074,0.44511616230010986,2.3077566623687744,-0.2688721716403961,2.040388345718384,1.271728645872025,0.008900924299527215,,,,
500768,15649,20.47355079650879,13.130245208740234,7.179387092590332,0.16127170622348785,0.0026477710343897343,0.002415322232991457,1.5887200832366943,0.0026546006556600332,0.8265020847320557,0.4974273443222046,0.46149784326553345,2.3469910621643066,-0.2883814871311188,2.0581324100494385,1.2718394045516488,0.010592005610585233,,,,
502368,15699,11.250537872314453,6.557986736297607,4.587108612060547,0.10533317923545837,0.0001088101853383705,-0.0017280949978157878,1.3968315124511719,-0.00148814229760319,0.8308743834495544,0.13999414443969727,0.14141027629375458,2.319021463394165,-0.2815541923046112,2.0327889919281006,1.2719431895073678,0.010510846627418436,,,,
503968,15749,16.39605140686035,9.78194522857666,6.487417697906494,0.12646853923797607,0.0002186104975407943,-0.0009667730191722512,1.5305118560791016,-0.0007569357985630631,0.7269163727760315,0.5658822059631348,0.5514258146286011,2.38000226020813,-0.2758098840713501,2.1114022731781006,1.2720605412851986,0.00917389334022734,,,,
505568,15799,19.54262351989746,12.360812187194824,6.988422870635986,0.1891641616821289,0.004225011449307203,-0.0010148250730708241,1.3969624042510986,-0.0007577932556159794,0.886672854423523,0.4478447437286377,0.4472429156303406,2.442216396331787,-0.26519590616226196,2.1726760864257812,1.272209409071913,0.00508855323030026,,,,
507168,15849,18.844514846801758,11.418718338012695,7.281847953796387,0.14144892990589142,0.002499791793525219,-0.0027786705177277327,1.4232242107391357,-0.0025962863583117723,0.6327877044677734,0.4991033375263214,0.504778265953064,2.285398483276367,-0.2663203477859497,2.0186593532562256,1.2722931906222448,0.011825066257210264,,,,
508768,15899,16.657482147216797,9.816781997680664,6.671566963195801,0.15661081671714783,0.012521984055638313,0.005089021287858486,1.4486443996429443,0.005325457081198692,0.8119320869445801,0.6502796411514282,0.6275038719177246,2.2787673473358154,-0.2562069594860077,2.021697759628296,1.272427102565548,0.004044347363022425,,,,
510368,15949,19.858003616333008,11.8236665725708,7.929911136627197,0.10372114926576614,0.0007032896974124014,-0.00041967659490182996,1.5079505443572998,-0.00019118946511298418,0.7876380085945129,0.491544634103775,0.48244431614875793,2.4037134647369385,-0.2514260709285736,2.1516430377960205,1.2725587082203875,0.015536991939337191,,,,
511968,15999,16.197126388549805,9.184786796569824,6.838233947753906,0.16936764121055603,0.004738287068903446,-0.006565665826201439,1.4322370290756226,-0.006310933735221624,0.8787624835968018,0.36735087633132935,0.37946340441703796,2.446422815322876,-0.25632283091545105,2.1852734088897705,1.272647623794361,0.0049555834695475835,,,,
513568,16049,16.336833953857422,9.48486042022705,6.723317623138428,0.12572233378887177,0.0029329671524465084,0.0033783179242163897,1.488661289215088,0.0036142030730843544,0.8135923147201538,0.3625846207141876,0.34484171867370605,2.395906448364258,-0.2561327815055847,2.142423391342163,1.272783373926809,0.011553480181039088,,,,
515168,16099,18.908720016479492,11.685440063476562,7.066230773925781,0.1478547304868698,0.009195961989462376,0.0007330789230763912,1.4885516166687012,0.0009992728009819984,0.9173296093940735,0.31709808111190796,0.3046882450580597,2.417497396469116,-0.246003657579422,2.1697394847869873,1.2728914659146462,0.009916681569994937,,,,
516768,16149,15.910948753356934,9.40450382232666,6.335169792175293,0.16291259229183197,0.008362359367311,0.000554520171135664,1.3657422065734863,0.0007905503734946251,0.8094382286071777,0.37434542179107666,0.3642672896385193,2.4242939949035645,-0.24234804511070251,2.1753265857696533,1.2730554030927725,0.0042493175220452185,,,,
518368,16199,14.249741554260254,7.837897777557373,6.222958564758301,0.18012678623199463,0.008758745156228542,0.004099257756024599,1.6017760038375854,0.004289813805371523,0.6663557291030884,0.6233865022659302,0.5656764507293701,2.526384115219116,-0.25629478693008423,2.2808661460876465,1.2731721387784818,0.008560807956822096,,,,
519968,16249,18.170833587646484,10.970901489257812,7.065202236175537,0.13093867897987366,0.0037903287447988987,0.0014879273949190974,1.523056983947754,0.0017479491652920842,0.894290566444397,0.3812226355075836,0.3507592976093292,2.5122623443603516,-0.26305681467056274,2.243208408355713,1.273275638453788,0.005071907894982634,,,,
521568,16299,18.283294677734375,10.448198318481445,7.664051055908203,0.16389290988445282,0.0071520013734698296,0.0041212537325918674,1.522930383682251,0.004338976927101612,0.7490220665931702,0.39275872707366943,0.3796290159225464,2.498581647872925,-0.26336178183555603,2.2316176891326904,1.2733715456944326,0.014697721331803273,,,,
523168,16349,16.663490295410156,9.924418449401855,6.532088279724121,0.19544273614883423,0.011541902087628841,-0.002074918709695339,1.4262666702270508,-0.0018384570721536875,0.8100576400756836,0.5050476789474487,0.48840418457984924,2.5753493309020996,-0.2620185613632202,2.30865478515625,1.273491157468551,0.01921377421305032,,,,
524768,16399,18.62196159362793,11.30187702178955,7.110391616821289,0.19485566020011902,0.014836784452199936,-0.0006283244001679122,1.3373939990997314,-0.00037786620669066906,0.860699474811554,0.5264990329742432,0.5133153200149536,2.530850887298584,-0.2653551399707794,2.2642953395843506,1.273619129275598,0.007551823989318082,,,,
526368,16449,15.574495315551758,9.646624565124512,5.809168815612793,0.11621120572090149,0.002491030376404524,-0.0014578747795894742,1.5005569458007812,-0.0012375690275803208,0.7615365982055664,0.6966894865036011,0.6873635053634644,2.466130018234253,-0.25900426506996155,2.2106103897094727,1.2737192861395215,0.014234787573003936,,,,
527968,16499,17.615549087524414,10.867317199707031,6.629072189331055,0.11652623116970062,0.0026349197141826153,0.001912999083288014,1.4909367561340332,0.0021483502350747585,0.8219854831695557,0.48702818155288696,0.46543174982070923,2.4676947593688965,-0.2565454840660095,2.2167234420776367,1.2738316225897717,0.010920044132255466,,,,
529568,16549,20.22955894470215,12.044604301452637,8.037392616271973,0.14376594126224518,0.0037951141130179167,0.0010363028850406408,1.5382187366485596,0.0012602886417880654,0.7713057398796082,0.5265799164772034,0.533454418182373,2.3600261211395264,-0.255606472492218,2.1015748977661133,1.273920907659086,0.017869716179663264,,,,
531168,16599,18.02226448059082,10.47867202758789,7.3806610107421875,0.1496305763721466,0.013300085440278053,0.001009979285299778,1.528670072555542,0.0012515479465946555,0.829406201839447,0.6518181562423706,0.6013620495796204,2.367137908935547,-0.2620391547679901,2.112307071685791,1.2740484128774903,0.00687093527020138,,,,
532768,16649,18.38501739501953,10.927962303161621,7.298648834228516,0.15761542320251465,0.000790166319347918,-0.0019139267969876528,1.4832820892333984,-0.0016645400319248438,0.858427107334137,0.35205715894699097,0.33047908544540405,2.4241182804107666,-0.28494173288345337,2.139516592025757,1.2741625197857276,0.011578892929408138,,,,
534368,16699,13.315110206604004,8.081918716430664,5.09361457824707,0.13432633876800537,0.005251015070825815,-0.0020675165578722954,1.4164056777954102,-0.0018033150117844343,0.9081648588180542,0.3471018671989441,0.34682875871658325,2.5032122135162354,-0.27840039134025574,2.2218589782714844,1.2742618647820256,0.013309722615635185,,,,
535968,16749,14.27338981628418,8.169342041015625,5.941268444061279,0.15577489137649536,0.007003361359238625,0.0010722061851993203,1.551682472229004,0.001325469696894288,0.871138334274292,0.37709543108940125,0.334808886051178,2.6134214401245117,-0.28639355301856995,2.324679136276245,1.274391149040508,0.013355594849141368,,,,
537568,16799,16.059223175048828,9.795832633972168,6.098516941070557,0.16002300381660461,0.004850049503147602,-0.000413313478929922,1.5058460235595703,-0.0001562327379360795,0.8892162442207336,0.3487376868724823,0.3317103087902069,2.5412144660949707,-0.27640804648399353,2.259685754776001,1.2744896123287437,0.012181288284254915,,,,
539168,16849,18.310922622680664,10.989276885986328,7.1822662353515625,0.13629671931266785,0.003082744311541319,-0.000444728066213429,1.4146244525909424,-0.00019425639766268432,0.8637458682060242,0.7246572375297546,0.6868205666542053,2.6067469120025635,-0.29597118496894836,2.312877655029297,1.2746271426358022,0.015374976538343094,,,,
540768,16899,16.285276412963867,9.468624114990234,6.642474174499512,0.17006415128707886,0.004113017115741968,0.0005956459208391607,1.4076024293899536,0.0008047286537475884,0.7248774170875549,0.547531008720398,0.5335060954093933,2.5300419330596924,-0.2906205952167511,2.2376556396484375,1.2747131580263946,0.00935186666820706,,,,
542368,16949,18.071407318115234,10.489494323730469,7.421107769012451,0.15616878867149353,0.004636463709175587,-0.0033232690766453743,1.5616329908370972,-0.00309648341499269,0.7817735075950623,0.6483432650566101,0.6426130533218384,2.510436534881592,-0.2945725619792938,2.2184641361236572,1.274804549456848,0.016757603835207698,,,,
543968,16999,17.129762649536133,10.393913269042969,6.585926055908203,0.14487825334072113,0.0050440626218914986,0.004580938257277012,1.4731171131134033,0.004827122204005718,0.8498200178146362,0.6263518333435059,0.5977544188499451,2.5198843479156494,-0.2966972887516022,2.2206757068634033,1.274937820721989,0.017783318311507316,,,,
545568,17049,15.802729606628418,9.355711936950684,6.359065055847168,0.087708480656147,0.00024406683223787695,-0.0006633885204792023,1.4898324012756348,-0.0004057609476149082,0.8871082067489624,0.5888785123825073,0.5792784094810486,2.5560262203216553,-0.2845703661441803,2.268900156021118,1.2750099816664766,0.012962307528167953,,,,
547168,17099,14.944470405578613,8.74704647064209,6.066008567810059,0.12977753579616547,0.0016374599654227495,0.00044429843546822667,1.5305540561676025,0.0006620123167522252,0.7496575117111206,0.5691084861755371,0.5317244529724121,2.4696526527404785,-0.2778259515762329,2.192814350128174,1.2751228157996168,0.01008053375865909,,,,
548768,17149,15.83423900604248,9.131048202514648,6.574343681335449,0.12735402584075928,0.001493859221227467,-0.0017153166700154543,1.5271337032318115,-0.0014547902392223477,0.8940289616584778,0.5916949510574341,0.5913761258125305,2.5172739028930664,-0.2849234342575073,2.2422611713409424,1.2752147412710984,0.016809480190247507,,,,
550368,17199,11.27502155303955,6.081119537353516,5.105261325836182,0.08446341753005981,0.004177902825176716,0.0018724710680544376,1.3219075202941895,0.0021707750856876373,1.0213614702224731,0.2849145233631134,0.2733481228351593,2.438417911529541,-0.288654625415802,2.1455540657043457,1.27533914759713,0.00835233190621177,,,,
551968,17249,14.913491249084473,7.9053425788879395,6.887942314147949,0.11810442805290222,0.002101533580571413,-0.0010401236359030008,1.4519109725952148,-0.0007929797284305096,0.860916256904602,0.41728994250297546,0.417358934879303,2.390552520751953,-0.2850552201271057,2.1074421405792236,1.2754079530841367,0.015632154684979215,,,,
553568,17299,13.909479141235352,7.333717346191406,6.493128299713135,0.08218947052955627,0.0004442303325049579,-0.00024109605874400586,1.4128817319869995,1.0278308764100075e-06,0.83388352394104,0.4117814898490906,0.4103514552116394,2.3459770679473877,-0.2804856300354004,2.0654959678649902,1.2755153160770312,0.007338721729871807,,,,
555168,17349,12.727112770080566,7.197843551635742,5.415877342224121,0.1115637794137001,0.0018283296376466751,-0.0038892808370292187,1.4420812129974365,-0.0036564122419804335,0.8135245442390442,0.19356340169906616,0.19690193235874176,2.350921154022217,-0.2847275137901306,2.0627048015594482,1.2756191311896947,0.01727488995432202,,,,
556768,17399,20.17133140563965,12.660051345825195,7.331545352935791,0.17390534281730652,0.005829832516610622,-0.0004241369606461376,1.504899024963379,-0.00013962507364340127,0.9797632694244385,0.41329285502433777,0.40810370445251465,2.434035539627075,-0.29123249650001526,2.142242431640625,1.2757435589589545,0.008045744061299842,,,,
558368,17449,17.457826614379883,10.075098037719727,7.21665620803833,0.16124385595321655,0.0048292516730725765,0.0011784496018663049,1.4893007278442383,0.0014141156570985913,0.8126046061515808,0.7972860932350159,0.7801175713539124,2.4355406761169434,-0.2966878414154053,2.140090227127075,1.2758437598971795,0.01405227040701665,,,,
559968,17499,19.418148040771484,12.288825988769531,6.97561502456665,0.1490754634141922,0.004632868338376284,0.0012143999338150024,1.432386875152588,0.0014842747477814555,0.935110330581665,0.7113227248191833,0.6944156289100647,2.578165054321289,-0.30116286873817444,2.279181718826294,1.2759517710788215,0.007741621338676231,,,,
561568,17549,15.516097068786621,8.501662254333496,6.8334221839904785,0.17389877140522003,0.007113492116332054,0.001398896798491478,1.4410440921783447,0.0016818689182400703,0.9745086431503296,0.3638635277748108,0.3549719750881195,2.5260963439941406,-0.29145878553390503,2.232029914855957,1.27178379810527,0.01034329671997731,,,,
563168,17599,17.207279205322266,9.709222793579102,7.342723369598389,0.14800558984279633,0.007325218990445137,-0.0013863719068467617,1.326812505722046,-0.0011087823659181595,0.9560415744781494,0.4504038989543915,0.45631998777389526,2.526329278945923,-0.2979223430156708,2.2255139350891113,1.2718708194131803,0.009693763199792722,,,,
564768,17649,13.680916786193848,7.6756062507629395,5.854405403137207,0.1418495923280716,0.009055165573954582,-0.0015984264900907874,1.4056429862976074,-0.0013614551862701774,0.8143710494041443,0.34904682636260986,0.34966275095939636,2.611339569091797,-0.2750699818134308,2.3317813873291016,1.2719653904733819,0.016704244755680775,,,,
566368,17699,14.23946475982666,8.356717109680176,5.733919143676758,0.14305873215198517,0.005769355222582817,-0.004960323683917522,1.440243124961853,-0.0047455159947276115,0.7448506355285645,0.36382195353507996,0.37870487570762634,2.69260835647583,-0.2826217710971832,2.4083385467529297,1.2720478984736912,0.008281078211917823,,,,
567968,17749,16.749074935913086,9.850113868713379,6.761867523193359,0.13583596050739288,0.001258153817616403,-0.0016972904559224844,1.5032436847686768,-0.0014443383552134037,0.8777327537536621,0.5171980857849121,0.521680474281311,2.721465587615967,-0.29904651641845703,2.4271039962768555,1.2721554466091232,0.014995952698520817,,,,
569568,17799,15.79800033569336,9.008081436157227,6.6141581535339355,0.1667209416627884,0.009039041586220264,-0.002552509307861328,1.4532661437988281,-0.0023201226722449064,0.7999944090843201,0.5296845436096191,0.5384160280227661,2.667037010192871,-0.27994266152381897,2.3880114555358887,1.2722218179464053,0.007149598175958495,,,,
571168,17849,14.264294624328613,7.592754364013672,6.557298183441162,0.11294666677713394,0.0012952415272593498,-0.0034809971693903208,1.4397224187850952,-0.0032296772114932537,0.865307092666626,0.45723938941955566,0.4649946987628937,2.7026803493499756,-0.29741716384887695,2.404651403427124,1.2723109162996205,0.0152121329483748,,,,
572768,17899,17.121248245239258,10.027897834777832,6.945845603942871,0.14547398686408997,0.0020313020795583725,-0.005397227592766285,1.584259033203125,-0.005164610221982002,0.8026249408721924,0.4153987169265747,0.40684688091278076,2.630887508392334,-0.2927592098712921,2.3355977535247803,1.2724223248032533,0.0036529932344169084,,,,
574368,17949,17.98103141784668,10.72192668914795,7.107789993286133,0.15070080757141113,0.0006146222003735602,-0.001246676780283451,1.5383729934692383,-0.0010467360261827707,0.6973098516464233,0.4492354393005371,0.4645916819572449,2.6174893379211426,-0.29330772161483765,2.320866107940674,1.2724893382739557,0.012285963815143176,,,,
575968,17999,15.369009971618652,8.543866157531738,6.681939601898193,0.13810160756111145,0.00510314991697669,-0.000928161374758929,1.5479235649108887,-0.0006721962708979845,0.8839120864868164,0.47100067138671875,0.4638688862323761,2.500185489654541,-0.3009561002254486,2.1998276710510254,1.2725872472053685,0.0024259639226545987,,,,
577568,18049,15.972617149353027,9.035602569580078,6.800117015838623,0.13129399716854095,0.005602467339485884,0.0036194566637277603,1.5049891471862793,0.0038460553623735905,0.780674159526825,0.39976924657821655,0.3830658495426178,2.499135732650757,-0.30731135606765747,2.1908509731292725,1.2726408168076953,0.007417688384064519,,,,
579168,18099,18.181997299194336,10.890005111694336,7.172188758850098,0.11415252089500427,0.005649428814649582,-0.0020711440593004227,1.509635090827942,-0.001819972530938685,0.8700813055038452,0.8593733310699463,0.8314159512519836,2.480344295501709,-0.30952608585357666,2.1803438663482666,1.2727783249685822,0.011714300593592847,,,,
580768,18149,13.602887153625488,7.5742387771606445,5.9151811599731445,0.1115177720785141,0.0019488651305437088,0.004495119675993919,1.6059131622314453,0.004717251751571894,0.7665720582008362,0.6129320859909058,0.5761415958404541,2.46738338470459,-0.2908133566379547,2.174178123474121,1.2728453618883602,0.006907577019258988,,,,
582368,18199,16.260034561157227,9.68154525756836,6.434255599975586,0.1331525295972824,0.011081510223448277,-0.004055825527757406,1.4289803504943848,-0.003810125170275569,0.850093424320221,0.6958466172218323,0.7059744596481323,2.4331908226013184,-0.2875664234161377,2.144873857498169,1.2729403209616104,0.012526922911879379,,,,
583968,18249,14.329469680786133,7.438826084136963,6.741548538208008,0.14081579446792603,0.008279961533844471,-0.003917733207345009,1.3764467239379883,-0.0036746275145560503,0.8329402804374695,0.33423030376434326,0.3354302942752838,2.4040775299072266,-0.281564861536026,2.1184747219085693,1.2730344635978053,0.008957743647122655,,,,
585568,18299,16.761348724365234,10.071422576904297,6.560211181640625,0.1275356262922287,0.002179514616727829,0.0037418955471366644,1.5296566486358643,0.003946088720113039,0.7057579159736633,0.8086972236633301,0.7567077279090881,2.4567923545837402,-0.28880903124809265,2.1787846088409424,1.2731245858677556,0.011320525537540252,,,,
587168,18349,14.076257705688477,7.597602367401123,6.340342044830322,0.1322316825389862,0.006081149447709322,0.0031780246645212173,1.4655799865722656,0.0034211031161248684,0.8394926190376282,0.5087113976478577,0.49789533019065857,2.4669432640075684,-0.2938244342803955,2.1716277599334717,1.2732320041634475,0.0062625130232861915,,,,
588768,18399,11.45508098602295,5.869288921356201,5.456971645355225,0.12364795804023743,0.005172584671527147,0.004518020432442427,1.4969791173934937,0.004805899690836668,0.9870331287384033,0.22147737443447113,0.20042669773101807,2.4399573802948,-0.30246201157569885,2.1338815689086914,1.2732728201207737,0.015255720710128706,,,,
590368,18449,17.260726928710938,10.52737045288086,6.603984355926514,0.12478096038103104,0.0045907339081168175,0.00016851563123054802,1.4073772430419922,0.00044854520820081234,0.9724763631820679,0.464692085981369,0.4535714387893677,2.515589475631714,-0.3068329095840454,2.204597234725952,1.2733756200807695,0.007232407317776701,,,,
591968,18499,15.731077194213867,9.739971160888672,5.838257789611816,0.1490347534418106,0.0038141519762575626,-0.00795785803347826,1.6311264038085938,-0.007696641143411398,0.8969581723213196,0.32453322410583496,0.3338697552680969,2.470632553100586,-0.3021219074726105,2.1644744873046875,1.273427969807038,0.009896711591551277,,,,
593568,18549,17.997455596923828,11.201711654663086,6.653952598571777,0.13447727262973785,0.007314634975045919,0.003410662291571498,1.6675198078155518,0.0036448375321924686,0.8091607689857483,0.46019649505615234,0.445591002702713,2.579298973083496,-0.3029959797859192,2.2748374938964844,1.2735570929319344,0.0035718264428993896,,,,
595168,18599,17.211057662963867,9.927391052246094,7.094719886779785,0.17582719027996063,0.013121171854436398,0.004543074872344732,1.4806314706802368,0.0048332600854337215,0.9977844953536987,0.32385268807411194,0.2811078429222107,2.603391170501709,-0.2931239902973175,2.30507755279541,1.2736154181344863,0.011640655391105042,,,,
596768,18649,18.29558753967285,11.123932838439941,7.0248870849609375,0.14294883608818054,0.003819843754172325,-0.003526601940393448,1.392115831375122,-0.0032688670326024294,0.894242525100708,0.46042293310165405,0.4609224200248718,2.509735584259033,-0.30495497584342957,2.2032852172851562,1.2737013838477091,0.00523024740688174,,,,
598368,18699,13.54404067993164,7.144356727600098,6.28249979019165,0.11178311705589294,0.0054007237777113914,-0.0019153231987729669,1.4593740701675415,-0.0016946843825280666,0.7634572982788086,0.5638047456741333,0.5678001046180725,2.424365758895874,-0.2939435541629791,2.1325128078460693,1.2737731000863435,0.017968008139108326,,,,
599968,18749,13.702547073364258,7.943154811859131,5.609009742736816,0.14314651489257812,0.007236815057694912,-0.009965034201741219,1.5015385150909424,-0.009625962004065514,1.169633150100708,0.18797029554843903,0.22237661480903625,2.358152389526367,-0.2975977063179016,2.0564305782318115,1.2738546474785915,0.007066555178672079,,,,
601568,18799,16.447463989257812,9.287272453308105,7.048415184020996,0.10958581417798996,0.002189883030951023,-0.002899984596297145,1.4089248180389404,-0.0026138927787542343,0.9803031086921692,0.32394012808799744,0.323114812374115,2.386897325515747,-0.3211366832256317,2.058727264404297,1.2739154569931361,0.013533949911450847,,,,
603168,18849,13.313566207885742,7.389470100402832,5.812600135803223,0.1094580739736557,0.002037739148363471,-0.0016680826665833592,1.4885307550430298,-0.0014400025829672813,0.7899720072746277,0.3761863112449646,0.3758602738380432,2.3591883182525635,-0.3205341398715973,2.034480571746826,1.273989100324962,0.008099713252253756,,,,
604768,18899,19.048826217651367,11.10671329498291,7.777780532836914,0.15837182104587555,0.005959801375865936,0.010721366852521896,1.5614664554595947,0.010962581261992455,0.8305096626281738,0.653639554977417,0.5744186639785767,2.3502933979034424,-0.29999062418937683,2.0587005615234375,1.274063051374988,0.01111725655859928,,,,
606368,18949,11.296195983886719,5.9769062995910645,5.193373680114746,0.1237444281578064,0.0021715660113841295,-0.00494721531867981,1.5357831716537476,-0.004720033146440983,0.7869483828544617,0.5119802355766296,0.5321803092956543,2.369882106781006,-0.2945561707019806,2.0759975910186768,1.2741691222173972,0.00427138493138436,,,,
607968,18999,17.923276901245117,10.850436210632324,6.9395880699157715,0.12368722259998322,0.009565177373588085,-0.004855093080550432,1.580376148223877,-0.004603749141097069,0.8748337626457214,0.4787335693836212,0.4733945429325104,2.42712664604187,-0.29775962233543396,2.1369528770446777,1.2742351529598934,0.010361821865890545,,,,
609568,19049,16.655057907104492,9.511415481567383,6.9878129959106445,0.1522900015115738,0.0035374127328395844,-0.006658406928181648,1.413330078125,-0.006367742549628019,0.9961773157119751,0.15508762001991272,0.17153166234493256,2.3084840774536133,-0.2923033833503723,2.010664701461792,1.274293234072954,0.011700468564111688,,,,
611168,19099,14.404888153076172,7.824018955230713,6.427334308624268,0.14910995960235596,0.0044250767678022385,0.0005170953227207065,1.452408790588379,0.0007628029561601579,0.8470532298088074,0.33152320981025696,0.3319118022918701,2.3350398540496826,-0.2768840193748474,2.0561444759368896,1.274378333771847,0.012223191054346723,,,,
612768,19149,17.828054428100586,9.549847602844238,8.139030456542969,0.1339409202337265,0.005236105527728796,-0.00037297647213563323,1.4768060445785522,-0.00014373086742125452,0.7864499688148499,0.2444174885749817,0.2473738193511963,2.362349510192871,-0.28500351309776306,2.0740861892700195,1.2744823336918119,0.009593478391224746,,,,
614368,19199,18.675952911376953,11.199580192565918,7.348419189453125,0.12081963568925858,0.007134424522519112,-0.00173148640897125,1.3995652198791504,-0.0014566769823431969,0.9474992752075195,0.4037759304046631,0.3996288776397705,2.365166187286377,-0.30467694997787476,2.056112766265869,1.2745348023094143,0.016340622908875727,,,,
615968,19249,17.8656063079834,10.841069221496582,6.870445251464844,0.14906176924705505,0.00503111258149147,0.00020157037943135947,1.4768409729003906,0.00044110161252319813,0.8281875848770142,0.6172492504119873,0.6081412434577942,2.3622586727142334,-0.3070664405822754,2.051574230194092,1.2746389210026237,0.009483667089432296,,,,
617568,19299,14.342726707458496,7.757233619689941,6.4250030517578125,0.1544128656387329,0.006077185273170471,0.005035658832639456,1.58223295211792,0.005305175203830004,0.9317041635513306,0.576240062713623,0.553809642791748,2.3739778995513916,-0.3098239302635193,2.0669257640838623,1.2746880249384827,0.009418528933772367,,,,
619168,19349,14.665761947631836,8.293607711791992,6.224141597747803,0.14260178804397583,0.005409896839410067,-0.0025549838319420815,1.3571267127990723,-0.002251931931823492,1.0467913150787354,0.32058441638946533,0.327609658241272,2.3594202995300293,-0.3108028471469879,2.044387102127075,1.2747668447129632,0.007480568501908974,,,,
620768,19399,17.771373748779297,10.73332691192627,6.902955532073975,0.1306486576795578,0.0044427900575101376,-0.0013934316812083125,1.382695198059082,-0.0011195538099855185,0.9416687488555908,0.4001823365688324,0.39662793278694153,2.3569908142089844,-0.3094571530818939,2.042741298675537,1.2748199678126357,0.0169978721415998,,,,
622368,19449,14.984230995178223,8.777910232543945,6.067539691925049,0.13664813339710236,0.0021332898177206516,0.003496213350445032,1.4082839488983154,0.00377455772832036,0.9621336460113525,0.656879186630249,0.6450435519218445,2.4300012588500977,-0.3243982195854187,2.109466075897217,1.2748884000453027,0.007915435680279083,,,,
623968,19499,20.397701263427734,13.007792472839355,7.209313869476318,0.17275401949882507,0.007840925827622414,-0.0017437988426536322,1.4862385988235474,-0.0015071537345647812,0.822084903717041,0.5557430982589722,0.5619679689407349,2.440812349319458,-0.32570797204971313,2.1196250915527344,1.2749594536383373,0.012556881561239462,,,,
625568,19549,13.65556812286377,7.281994342803955,6.209656715393066,0.15439853072166443,0.009517481550574303,-0.003010064596310258,1.5231983661651611,-0.0027686944231390953,0.830467164516449,0.48961371183395386,0.4697001874446869,2.3818180561065674,-0.30858543515205383,2.075709104537964,1.2750375403285075,0.013212366403974522,,,,
627168,19599,16.470211029052734,9.252967834472656,7.071061611175537,0.13501743972301483,0.011163496412336826,-0.0018330371240153909,1.56496000289917,-0.001603088341653347,0.803779125213623,0.6170125007629395,0.6238800287246704,2.337827444076538,-0.3083309829235077,2.034679651260376,1.2751124757389325,0.009554806196614743,,,,
628768,19649,13.18474292755127,7.161159992218018,5.899346351623535,0.1193276196718216,0.004908538889139891,-0.00252273166552186,1.5180100202560425,-0.0023422944359481335,0.6452345848083496,0.623656153678894,0.63310706615448,2.445814847946167,-0.29908016324043274,2.144429922103882,1.2752000376908554,0.010142002186276667,,,,
630368,19699,13.805370330810547,7.562501907348633,6.110008716583252,0.12777277827262878,0.005087852943688631,-0.0025569309946149588,1.4739973545074463,-0.0023119496181607246,0.8436880707740784,0.30091989040374756,0.3014112710952759,2.316765308380127,-0.3009412884712219,2.0117592811584473,1.275253296268431,0.00683245780879034,,,,
631968,19749,16.682178497314453,9.871302604675293,6.661679744720459,0.14652949571609497,0.0026664650067687035,0.000988609273917973,1.5304350852966309,0.0012230670545250177,0.8111725449562073,0.39956918358802795,0.3881034255027771,2.3977341651916504,-0.3157149851322174,2.078866481781006,1.2753432165190157,0.007338852452419644,,,,
633568,19799,17.493318557739258,10.38131046295166,6.94924259185791,0.15918242931365967,0.0035834063310176134,-0.004024303983896971,1.518822193145752,-0.0038376315496861935,0.6452304124832153,0.21681222319602966,0.23016905784606934,2.443225622177124,-0.3168071210384369,2.122593641281128,1.275417663601303,0.009132432833507079,,,,
635168,19849,14.410590171813965,8.340031623840332,5.893457889556885,0.16837908327579498,0.008721541613340378,0.0005523987347260118,1.3515143394470215,0.0008431716123595834,0.999050498008728,0.08383165299892426,0.08063877373933792,2.648714780807495,-0.3230995833873749,2.3138554096221924,1.2754971020061858,0.01504644299657686,,,,
636768,19899,13.728898048400879,7.676846027374268,5.914880752563477,0.13253508508205414,0.004637109115719795,-0.00518751610070467,1.4067590236663818,-0.004952230490744114,0.8143948316574097,0.45774683356285095,0.4704570174217224,2.604426860809326,-0.32232940196990967,2.2846274375915527,1.2755466218282718,0.01120267066500595,,,,
638368,19949,17.45937156677246,10.246682167053223,7.078824996948242,0.13151216506958008,0.002352115698158741,-0.00135682406835258,1.4080026149749756,-0.001125205890275538,0.7956960201263428,0.34268918633461,0.34500330686569214,2.5058486461639404,-0.32570013403892517,2.176002264022827,1.2756425578633475,0.012331906730709061,,,,
639968,19999,16.314897537231445,9.653411865234375,6.534181594848633,0.12297715991735458,0.004327814560383558,-0.0032850089482963085,1.4281237125396729,-0.0030385367572307587,0.8544876575469971,0.5244296789169312,0.5212101936340332,2.4856138229370117,-0.31286728382110596,2.1740963459014893,1.2756873423576405,0.017924996080703963,,,,
641568,20049,16.687170028686523,9.638710021972656,6.8882856369018555,0.15291202068328857,0.007260439917445183,-4.1227845940738916e-05,1.4290344715118408,0.0002042150590568781,0.8419694900512695,0.08918020874261856,0.086028091609478,2.5058984756469727,-0.3385200798511505,2.160806655883789,1.271596769450599,0.00764316080926278,,,,
643168,20099,15.21145248413086,8.73925495147705,6.353845596313477,0.11396484076976776,0.0043870629742741585,0.0005800541257485747,1.4911364316940308,0.000808302138466388,0.7943773865699768,0.5700125694274902,0.5414952635765076,2.381844997406006,-0.3167048990726471,2.069563388824463,1.2716771024428164,0.01376438537754591,,,,
644768,20149,17.907516479492188,10.6448974609375,7.12554407119751,0.12943251430988312,0.007642156444489956,0.0016266582533717155,1.4550601243972778,0.001883193152025342,0.8881869316101074,0.45781975984573364,0.43279531598091125,2.5247669219970703,-0.3158569931983948,2.2130134105682373,1.2717663828210775,0.009373080101992396,,,,
646368,20199,13.142576217651367,7.099538803100586,5.897214412689209,0.13814698159694672,0.007675261702388525,-0.006060873623937368,1.4337202310562134,-0.00585278170183301,0.7229430079460144,0.4390837848186493,0.4550721049308777,2.3998606204986572,-0.3113096356391907,2.0891013145446777,1.271835228699678,0.0064952625558406295,,,,
647968,20249,15.304097175598145,9.369115829467773,5.775079727172852,0.1523408442735672,0.007561066187918186,0.0016452018171548843,1.4262498617172241,0.0019336098339408636,0.9916849136352539,0.21883709728717804,0.21408650279045105,2.3277862071990967,-0.3087024688720703,2.0135815143585205,1.2719047192360966,0.01322593601759115,,,,
649568,20299,18.50386619567871,11.850027084350586,6.4911627769470215,0.1588304042816162,0.003844265826046467,-0.0029726128559559584,1.4273619651794434,-0.0027524293400347233,0.7615349292755127,0.6002119183540344,0.5837159156799316,2.2774314880371094,-0.3122091591358185,1.9691753387451172,1.2719636621382184,0.006751910452406506,,,,
651168,20349,16.37289810180664,9.627263069152832,6.596895217895508,0.14705470204353333,0.0016844711499288678,0.00036736176116392016,1.5932809114456177,0.0006268294528126717,0.9055669903755188,0.6579559445381165,0.6439424753189087,2.259500503540039,-0.3169306814670563,1.9492212533950806,1.2720701940878292,0.010215323437729162,,,,
652768,20399,15.329952239990234,8.260677337646484,6.94521427154541,0.12299201637506485,0.0010692514479160309,-0.004923390224575996,1.514587640762329,-0.00468969251960516,0.8140373826026917,0.29316475987434387,0.2999533414840698,2.234236717224121,-0.31874319911003113,1.9145108461380005,1.2721463735315888,0.007511167516384079,,,,
654368,20449,11.27389144897461,5.442093849182129,5.70235538482666,0.12127327173948288,0.008169642649590969,-0.0029207838233560324,1.520780086517334,-0.0027019435074180365,0.7573473453521729,0.5074294209480286,0.5101670622825623,2.212056875228882,-0.31728461384773254,1.8974554538726807,1.2722214797782723,0.009010127749672416,,,,
655968,20499,14.011567115783691,8.023536682128906,5.903497695922852,0.0837969034910202,0.0007358555449172854,0.0038716557901352644,1.4816999435424805,0.004087614361196756,0.7499088644981384,0.6119868159294128,0.5813778638839722,2.2317399978637695,-0.315120667219162,1.9221867322921753,1.2723001829696448,0.009396377147409464,,,,
657568,20549,15.531725883483887,8.997819900512695,6.392833232879639,0.13437630236148834,0.006695466116070747,0.0009081823518499732,1.6981215476989746,0.0010923556983470917,0.6334937214851379,0.40841466188430786,0.376706063747406,2.275542974472046,-0.3221544027328491,1.9589048624038696,1.2723783344451003,0.018450021021895142,,,,
659168,20599,15.560819625854492,9.34809398651123,6.0774359703063965,0.131753072142601,0.003537567565217614,0.0006459275027737021,1.4841738939285278,0.0008940043626353145,0.855942964553833,0.40687423944473267,0.4012545943260193,2.289443016052246,-0.311100572347641,1.9800269603729248,1.2724573703698525,0.013127852294156752,,,,
660768,20649,14.223604202270508,7.811374664306641,6.2480082511901855,0.15688063204288483,0.007340580224990845,0.0013298768317326903,1.5126631259918213,0.001546399900689721,0.7501428127288818,0.6435327529907227,0.6295064687728882,2.2525041103363037,-0.3081531822681427,1.9477955102920532,1.2725394887046004,0.014254492267459964,,,,
662368,20699,16.90382957458496,9.735990524291992,7.023125171661377,0.14348258078098297,0.0012321753893047571,0.003949356265366077,1.5285803079605103,0.004198804032057524,0.8600486516952515,0.34139716625213623,0.31421229243278503,2.2070279121398926,-0.3073198199272156,1.9010528326034546,1.2726094345965522,0.011424689996959,,,,
663968,20749,12.646443367004395,7.312447547912598,5.192248344421387,0.14023259282112122,0.0015148632228374481,0.0020120926201343536,1.33204984664917,0.002305133268237114,1.0113710165023804,0.22237545251846313,0.2146858274936676,2.2180285453796387,-0.30737531185150146,1.9055852890014648,1.2727129108048267,0.005446141050273999,,,,
665568,20799,16.812397003173828,9.982061386108398,6.699838161468506,0.12574712932109833,0.004748849663883448,-0.0035075247287750244,1.6095497608184814,-0.0032749040983617306,0.8029869794845581,0.6027441620826721,0.5742361545562744,2.256364107131958,-0.322414368391037,1.9464589357376099,1.2727685020302677,0.015197559085604292,,,,
667168,20849,17.962631225585938,10.08170223236084,7.7402520179748535,0.13258054852485657,0.00809723511338234,0.00030155020067468286,1.5473641157150269,0.000560642802156508,0.895969569683075,0.4191528260707855,0.40984031558036804,2.2815518379211426,-0.32107439637184143,1.9600006341934204,1.2728385787789056,0.013124590877612712,,,,
668768,20899,14.278742790222168,8.353605270385742,5.777205944061279,0.14551666378974915,0.002414332702755928,-0.003470225492492318,1.4671308994293213,-0.003250761888921261,0.7592998147010803,0.389667809009552,0.3865727484226227,2.3723349571228027,-0.33576852083206177,2.03444504737854,1.2728983770693432,0.004704097712497799,,,,
670368,20949,15.746557235717773,9.397510528564453,6.236965179443359,0.10759285092353821,0.0044886525720357895,0.0006756408838555217,1.6845152378082275,0.0008866990101523697,0.7347239255905151,0.7876402735710144,0.7732231020927429,2.2937092781066895,-0.3449248671531677,1.9518461227416992,1.272977425473234,0.0082788768222022,,,,
671968,20999,18.031339645385742,10.280885696411133,7.576434135437012,0.16879871487617493,0.005221560597419739,-0.001206849585287273,1.3942488431930542,-0.0009866192704066634,0.7658988833427429,0.4868648052215576,0.4837244153022766,2.329256296157837,-0.3426413834095001,1.985229730606079,1.273036133763004,0.01445666933471869,,,,
673568,21049,14.990135192871094,9.066601753234863,5.845942974090576,0.0749797597527504,0.0026110264007002115,-0.004296759143471718,1.4308191537857056,-0.004089586436748505,0.7163181900978088,0.3997759521007538,0.3995453119277954,2.3362526893615723,-0.33499547839164734,2.0040972232818604,1.2731007904079295,0.014997624202528509,,,,
675168,21099,16.668506622314453,9.20470905303955,7.304749965667725,0.1530834436416626,0.005964996758848429,-0.0010812249965965748,1.4494575262069702,-0.0008150247158482671,0.9156500697135925,0.20875905454158783,0.20922540128231049,2.322153091430664,-0.3230744004249573,1.9941935539245605,1.273163044030488,0.016032404399614432,,,,
676768,21149,15.393937110900879,8.552276611328125,6.729317665100098,0.11081992834806442,0.0015229518758133054,0.00699388375505805,1.6333980560302734,0.007215224672108889,0.770099401473999,0.5674678087234497,0.5573339462280273,2.3781983852386475,-0.3121703863143921,2.0722029209136963,1.2732538471906472,0.009595966145275433,,,,
678368,21199,18.999670028686523,10.867592811584473,8.009049415588379,0.12251776456832886,0.0005086114397272468,0.003888166043907404,1.5332568883895874,0.004100361838936806,0.7345647215843201,0.4274757206439972,0.4123183488845825,2.3589911460876465,-0.30840280652046204,2.0461795330047607,1.273310353932272,0.012630635563348222,,,,
679968,21249,16.019556045532227,9.421801567077637,6.450730323791504,0.1456538885831833,0.0013695459347218275,0.0010252034990116954,1.5224168300628662,0.0012464062310755253,0.7670117616653442,0.3214774429798126,0.2922738492488861,2.319263458251953,-0.3262196183204651,1.9921786785125732,1.273386826009166,0.015875003395699763,,,,
681568,21299,18.019441604614258,11.216204643249512,6.6718339920043945,0.1269737035036087,0.004428917542099953,0.0033548753708601,1.619410753250122,0.0035684525500983,0.7488276362419128,0.2592930793762207,0.259420782327652,2.376802444458008,-0.3142459988594055,2.0596811771392822,1.273448090468033,0.012459112601625574,,,,
683168,21349,15.349601745605469,8.998835563659668,6.220810413360596,0.12757228314876556,0.002382958773523569,-0.001013266621157527,1.5040535926818848,-0.0008048129384405911,0.7211433053016663,0.6086491346359253,0.6004461050033569,2.283907651901245,-0.3220277726650238,1.9611402750015259,1.2735431172196465,0.02103580846627539,,,,
684768,21399,16.77631378173828,9.487114906311035,7.1293439865112305,0.14998850226402283,0.009867111220955849,-0.000539978442247957,1.453374981880188,-0.0003137002349831164,0.7786800265312195,0.40486353635787964,0.3944910764694214,2.2884888648986816,-0.322611540555954,1.9644920825958252,1.2736203149649126,0.014493474280883642,,,,
686368,21449,15.72612190246582,9.119123458862305,6.46801233291626,0.1353796422481537,0.0036068111658096313,0.0002850604068953544,1.511948823928833,0.0005024457932449877,0.7526658773422241,0.41285431385040283,0.4001310467720032,2.3566768169403076,-0.32482442259788513,2.0330111980438232,1.2736887845798026,0.016748107496411247,,,,
687968,21499,11.752266883850098,6.022953987121582,5.6172943115234375,0.10906369984149933,0.0029540176037698984,0.004464656580239534,1.4306695461273193,0.0047426894307136536,0.9554740786552429,0.18391360342502594,0.1747257113456726,2.315031051635742,-0.3082678020000458,2.002161741256714,1.27373759561351,0.01464153903356091,,,,
689568,21549,14.149161338806152,8.164567947387695,5.827466011047363,0.14907783269882202,0.008049934171140194,-0.003214510390534997,1.438520908355713,-0.0029611140489578247,0.8774464726448059,0.5058685541152954,0.5003390312194824,2.4039125442504883,-0.31049665808677673,2.089041233062744,1.2738363699815203,0.013413673597121386,,,,
691168,21599,19.235395431518555,11.16014289855957,7.93105411529541,0.13486772775650024,0.009329186752438545,0.0011702287010848522,1.5083787441253662,0.0013866008957847953,0.7504372000694275,0.5522115230560303,0.5475062727928162,2.3991663455963135,-0.31137824058532715,2.087888717651367,1.2738773032590802,0.012655246766442547,,,,
692768,21649,15.613301277160645,9.160004615783691,6.327958583831787,0.12135365605354309,0.0039842575788497925,-0.0008090373012237251,1.5024982690811157,-0.0005737419123761356,0.8111363053321838,0.49971771240234375,0.4873189926147461,2.357571601867676,-0.31770628690719604,2.0383663177490234,1.2739817958580826,0.023960576503875224,,,,
694368,21699,15.950407028198242,8.738577842712402,7.09508752822876,0.11337807029485703,0.003362751565873623,-0.0022172476164996624,1.5029715299606323,-0.0019818414002656937,0.8152878880500793,0.5316213965415955,0.5214385390281677,2.406831741333008,-0.3293447196483612,2.078941822052002,1.2740170316311976,0.00917104801991232,,,,
695968,21749,14.669378280639648,8.445938110351562,6.086515426635742,0.13129155337810516,0.005633187480270863,0.0002515046508051455,1.5011451244354248,0.0005002885591238737,0.8533883094787598,0.1765008121728897,0.17117848992347717,2.4510338306427,-0.3190464377403259,2.1259801387786865,1.2741072837211596,0.01054181144407433,,,,
697568,21799,16.377649307250977,9.223540306091309,7.0163469314575195,0.13477328419685364,0.002988066291436553,-0.004156193695962429,1.3982384204864502,-0.0038893520832061768,0.9244077801704407,0.32578447461128235,0.33215567469596863,2.523052453994751,-0.30370792746543884,2.218353748321533,1.2741612016134527,0.008244340535203447,,,,
699168,21849,16.50082015991211,10.19566535949707,6.200954437255859,0.10300623625516891,0.0011931628687307239,-0.003594903973862529,1.4103010892868042,-0.0033433237113058567,0.8686589002609253,0.09597575664520264,0.10658876597881317,2.5871479511260986,-0.31625625491142273,2.264432668685913,1.2742393321918057,0.012557630451193617,,,,
700768,21899,17.282930374145508,9.554134368896484,7.592639923095703,0.1316034197807312,0.004553336650133133,0.0027715025935322046,1.462959885597229,0.0030615837313234806,1.0016666650772095,0.3065977692604065,0.28647172451019287,2.5031895637512207,-0.32005006074905396,2.1783313751220703,1.2742965559040949,0.019704083598181328,,,,
702368,21949,15.920541763305664,8.62142562866211,7.150827407836914,0.1405322551727295,0.007756316103041172,-0.0019462821073830128,1.4791150093078613,-0.0017373905284330249,0.7236045598983765,0.3893659710884094,0.3928174376487732,2.5098206996917725,-0.3348994851112366,2.174354314804077,1.2743724436691577,0.00602639580657656,,,,
703968,21999,14.335714340209961,7.958417892456055,6.236103057861328,0.13565059006214142,0.005542931146919727,-0.0014561110874637961,1.489457368850708,-0.001197295030578971,0.8920484781265259,0.33169791102409363,0.321906715631485,2.5101304054260254,-0.336262583732605,2.1737213134765625,1.2744336420022815,0.015026075622809495,,,,
705568,22049,16.57294273376465,10.363855361938477,6.067798614501953,0.13427449762821198,0.007012834306806326,0.0012010543141514063,1.508398175239563,0.0014557648682966828,0.8817328214645386,0.31696948409080505,0.29153406620025635,2.5093886852264404,-0.34121018648147583,2.171421766281128,1.2744998879426588,0.011939008731842516,,,,
707168,22099,15.476909637451172,8.691173553466797,6.639073371887207,0.14148691296577454,0.005175238475203514,0.0003897734568454325,1.4579304456710815,0.0006417017430067062,0.8660796284675598,0.3360867202281952,0.32721632719039917,2.4698925018310547,-0.3508492112159729,2.1176679134368896,1.2745596861023991,0.013213726624500531,,,,
708768,22149,14.533541679382324,8.167929649353027,6.185489177703857,0.17538143694400787,0.00474156579002738,-0.0020220307633280754,1.4421740770339966,-0.001784559921361506,0.8189499974250793,0.5354629158973694,0.5234037041664124,2.5155506134033203,-0.35182905197143555,2.1631104946136475,1.2746242458413932,0.021910650158374144,,,,
710368,22199,16.81375503540039,10.312606811523438,6.362422466278076,0.12725022435188293,0.011475132778286934,0.0031929772812873125,1.6107354164123535,0.0034380690194666386,0.8422276973724365,0.7369261384010315,0.6980057954788208,2.4811105728149414,-0.33965256810188293,2.1474342346191406,1.2746806567257685,0.009225795900524142,,,,
711968,22249,14.292330741882324,8.011618614196777,6.166975498199463,0.11168879270553589,0.002047959715127945,-0.00036430833279155195,1.4619202613830566,-9.632105502532795e-05,0.9222427010536194,0.40350866317749023,0.38870570063591003,2.4909698963165283,-0.32801365852355957,2.161144495010376,1.274764715363948,0.008294828407268206,,,,
713568,22299,14.078598976135254,7.683784484863281,6.212270736694336,0.17174798250198364,0.010795459151268005,-0.0008374142344109714,1.4804209470748901,-0.0005937164532952011,0.8466161489486694,0.5492681264877319,0.5143002271652222,2.5510318279266357,-0.33982980251312256,2.2186150550842285,1.2747974006736664,0.01006966561012769,,,,
715168,22349,15.744696617126465,9.247687339782715,6.358360290527344,0.13595855236053467,0.002690112218260765,-0.0006662879604846239,1.4359350204467773,-0.00036774767795577645,1.0258636474609375,0.3808027505874634,0.3742961883544922,2.6200475692749023,-0.3285035490989685,2.2878589630126953,1.2748700579959231,0.00609842780694235,,,,
716768,22399,13.835977554321289,7.861917495727539,5.835643768310547,0.13407135009765625,0.004344564862549305,-0.0038376266602426767,1.4044067859649658,-0.00355493719689548,0.9678407907485962,0.49539485573768616,0.49623212218284607,2.611937999725342,-0.3276790976524353,2.2801930904388428,1.2749423613103958,0.01245101450932533,,,,
718368,22449,15.705110549926758,9.019821166992188,6.525314807891846,0.15533708035945892,0.004637957084923983,2.3876113118603826e-05,1.6588878631591797,0.00026245162007398903,0.8291662335395813,0.6204603910446167,0.5841004848480225,2.629148483276367,-0.3369949162006378,2.294072389602661,1.275007024198924,0.004912998101909367,,,,
719968,22499,17.951936721801758,11.150083541870117,6.6311492919921875,0.16961564123630524,0.0010882227215915918,-0.005394343286752701,1.4594650268554688,-0.005150354001671076,0.8377691507339478,0.6247466802597046,0.6217402815818787,2.711246967315674,-0.3368261456489563,2.3760995864868164,1.2750537170329572,0.016454626319860985,,,,
721568,22549,13.246192932128906,7.227050304412842,5.892759799957275,0.12580738961696625,0.0005754433805122972,-0.0007057382608763874,1.5624275207519531,-0.0004867053939960897,0.7631582021713257,0.5201850533485413,0.514931321144104,2.662785530090332,-0.3250613510608673,2.3418965339660645,1.2717000168601322,0.009081764314374127,,,,
723168,22599,14.735742568969727,8.08705997467041,6.486637115478516,0.15392199158668518,0.008123391307890415,0.0018601311603561044,1.4907972812652588,0.0021395660005509853,0.9658896923065186,0.6431137919425964,0.6037735342979431,2.745086669921875,-0.3412540853023529,2.411419153213501,1.2717704859663017,0.00549020736863959,,,,
724768,22649,13.407078742980957,7.7516770362854,5.54036283493042,0.10895614326000214,0.006082708016037941,-0.007773770485073328,1.4843660593032837,-0.007544080261141062,0.7945863604545593,0.5883760452270508,0.6062781810760498,2.7026045322418213,-0.34341493248939514,2.360074281692505,1.2718483477916205,0.014405401011805432,,,,
726368,22699,17.198345184326172,9.456669807434082,7.584669589996338,0.15461793541908264,0.0023871310986578465,-0.0005813578609377146,1.4130346775054932,-0.00033097033156082034,0.866786777973175,0.755754292011261,0.7512260675430298,2.7154996395111084,-0.3414274752140045,2.3806653022766113,1.2719354876369509,0.0011657700130300102,,,,
727968,22749,12.311665534973145,6.394010543823242,5.804607391357422,0.10744859278202057,0.005598641000688076,-0.0001384288480039686,1.4031736850738525,0.00013676751405000687,0.9418193101882935,0.200686976313591,0.19611221551895142,2.6741557121276855,-0.33921635150909424,2.329200506210327,1.2720213828432405,0.011747355939456569,,,,
729568,22799,15.472878456115723,8.86391830444336,6.466094017028809,0.13726496696472168,0.005601400975137949,0.0028118554037064314,1.536233901977539,0.0030560989398509264,0.8467233180999756,0.5684145092964172,0.5297043323516846,2.7443904876708984,-0.34885233640670776,2.3978493213653564,1.2720933289792888,0.012058613335932885,,,,
731168,22849,11.8725004196167,5.832930564880371,5.926534652709961,0.10084295272827148,0.012192271649837494,0.006134211551398039,1.5835776329040527,0.006342955864965916,0.7197239995002747,0.8278446197509766,0.8053005337715149,2.661400556564331,-0.3427583575248718,2.3220818042755127,1.272166872602874,0.008880638316312148,,,,
732768,22899,17.294498443603516,10.39232349395752,6.739468574523926,0.15492047369480133,0.007784888613969088,-0.00014864426339045167,1.4624724388122559,0.00011372979497537017,0.900550365447998,0.6170206069946289,0.5973488688468933,2.7936487197875977,-0.33461201190948486,2.4589526653289795,1.2722516660268797,0.011605221938050093,,,,
734368,22949,14.782790184020996,8.499516487121582,6.156679153442383,0.12450334429740906,0.0020918247755616903,-0.0003499324375297874,1.5004212856292725,-7.593096233904362e-05,0.9534640908241272,0.7092198729515076,0.689211368560791,2.869807243347168,-0.3557800352573395,2.5194895267486572,1.2723255783104315,0.015544839643649023,,,,
735968,22999,12.195394515991211,6.176131725311279,5.919541358947754,0.0955498069524765,0.0041723051108419895,0.007230374030768871,1.5076690912246704,0.0075240470468997955,1.0096440315246582,0.4345236122608185,0.4114316701889038,2.798893690109253,-0.34624090790748596,2.4471113681793213,1.2724021451727805,0.006822713724677266,,,,
737568,23049,12.74389362335205,6.696362495422363,5.894559383392334,0.14801821112632751,0.004954613279551268,0.0011650706874206662,1.4465798139572144,0.0014219037257134914,0.8860300183296204,0.5034757852554321,0.48513931035995483,2.7971630096435547,-0.356101930141449,2.4383654594421387,1.2725091369541337,0.00933371162789528,,,,
739168,23099,10.244772911071777,5.1624016761779785,4.975370407104492,0.10176414251327515,0.005237804260104895,-0.0003091147227678448,1.4543192386627197,-5.26895746588707e-05,0.8778103590011597,0.46905356645584106,0.47326916456222534,2.737919569015503,-0.36135321855545044,2.3752801418304443,1.2725895568894339,0.009660800014394089,,,,
740768,23149,13.132662773132324,7.578052520751953,5.456730842590332,0.09702244400978088,0.0008573048980906606,-0.005513133481144905,1.575425624847412,-0.005269945599138737,0.8412355780601501,0.6342291831970215,0.6022648811340332,2.6276063919067383,-0.3569943904876709,2.2698895931243896,1.2726612984898196,0.008999165707300878,,,,
742368,23199,18.140087127685547,10.849820137023926,7.15596866607666,0.12994955480098724,0.004349628463387489,-0.0009253235766664147,1.3984324932098389,-0.0006597084575332701,0.9081476926803589,0.34324562549591064,0.34284883737564087,2.6000959873199463,-0.3412048816680908,2.2547011375427246,1.272740106957342,0.007116911975434309,,,,
743968,23249,13.928156852722168,7.393258571624756,6.411401271820068,0.11815939843654633,0.005337961483746767,-0.00018171221017837524,1.427838683128357,6.634369492530823e-05,0.8626260757446289,0.5432516932487488,0.5427180528640747,2.612197160720825,-0.3523455262184143,2.2620182037353516,1.2728140041744813,0.011795119578387553,,,,
745568,23299,15.84134578704834,9.242276191711426,6.474730491638184,0.11827661842107773,0.006062283646315336,-0.002834463957697153,1.405562162399292,-0.0025752948131412268,0.8971908688545227,0.46428200602531433,0.47374227643013,2.5851151943206787,-0.349845290184021,2.237928867340088,1.2729292293718526,0.005121589295922572,,,,
747168,23349,15.017237663269043,8.494474411010742,6.3751068115234375,0.14697329699993134,0.0006826804019510746,0.0026487165596336126,1.5057525634765625,0.0029211153741925955,0.9357305765151978,0.2914082407951355,0.2805059552192688,2.6118006706237793,-0.34623533487319946,2.2602274417877197,1.272988029009384,0.013400377064822227,,,,
748768,23399,14.02015495300293,8.186476707458496,5.700441360473633,0.1288517266511917,0.004384838975965977,-0.005057164467871189,1.4108004570007324,-0.004786542616784573,0.9294180870056152,0.35175803303718567,0.3657597601413727,2.4807708263397217,-0.3440438508987427,2.133071184158325,1.2730745826187821,0.011046864879371683,,,,
750368,23449,14.922540664672852,8.02538776397705,6.732841968536377,0.15639090538024902,0.007919132709503174,-0.007085115183144808,1.3347995281219482,-0.006774711888283491,1.0630898475646973,0.5891740322113037,0.6048182845115662,2.4590537548065186,-0.34837257862091064,2.1082253456115723,1.2731505100653395,0.010461763719810967,,,,
751968,23499,14.779620170593262,8.593120574951172,6.057136535644531,0.12552958726882935,0.003833950497210026,0.001100663561373949,1.362861156463623,0.0014105519512668252,1.0646755695343018,0.3621112108230591,0.35404083132743835,2.4074487686157227,-0.33856040239334106,2.0667617321014404,1.2732322295603162,0.011623737827868219,,,,
753568,23549,15.301549911499023,8.696337699890137,6.449055194854736,0.15166857838630676,0.00448829447850585,-0.0021271351724863052,1.4004034996032715,-0.0018944808980450034,0.8004856705665588,0.3372988998889923,0.346616268157959,2.371809244155884,-0.3301485776901245,2.0394346714019775,1.2733090215037097,0.01126332653845073,,,,
755168,23599,15.3643217086792,9.531042098999023,5.704495429992676,0.12776082754135132,0.0010236466769129038,-0.0011350489221513271,1.5659992694854736,-0.0008899110835045576,0.8476877212524414,0.5610116124153137,0.5388404130935669,2.532045841217041,-0.34189844131469727,2.1944942474365234,1.273360271963522,0.014010606628996607,,,,
756768,23649,15.894946098327637,9.380821228027344,6.357058048248291,0.15407703816890717,0.0029904537368565798,-0.0059931217692792416,1.5194543600082397,-0.005720268469303846,0.9403455853462219,0.5746250152587891,0.5913060903549194,2.4962265491485596,-0.34812867641448975,2.1508865356445312,1.2734469491667981,0.010217382196197491,,,,
758368,23699,14.998188972473145,7.9832258224487305,6.880802154541016,0.12643353641033173,0.007727770134806633,-0.0017754745204001665,1.498608112335205,-0.0015136736910790205,0.9037564992904663,0.39520028233528137,0.4014189839363098,2.5660336017608643,-0.35597851872444153,2.2086892127990723,1.2735005718870327,0.01845115258035712,,,,
759968,23749,15.82972240447998,9.11763858795166,6.592411518096924,0.11391130834817886,0.005760664585977793,-0.004447820596396923,1.49237060546875,-0.004191994667053223,0.8799969553947449,0.49105334281921387,0.5101591944694519,2.602118968963623,-0.3477669954299927,2.254194974899292,1.2736059662782067,0.011389476939537449,,,,
761568,23799,12.038336753845215,6.52498197555542,5.373200416564941,0.13140177726745605,0.008753200992941856,-0.004889418371021748,1.4995964765548706,-0.004648671019822359,0.824203372001648,0.26641708612442017,0.2827831506729126,2.688322067260742,-0.3517044484615326,2.334117889404297,1.2736711510772891,0.011326227064825393,,,,
763168,23849,14.374787330627441,8.060282707214355,6.222158432006836,0.08610689640045166,0.0062388828955590725,0.003695313585922122,1.5587878227233887,0.003947890363633633,0.8758057951927185,0.5976803302764893,0.5913756489753723,2.7058300971984863,-0.3408643901348114,2.368572473526001,1.27375383987251,0.01760847252912352,,,,
764768,23899,14.691762924194336,9.062381744384766,5.5071258544921875,0.12089165300130844,0.0013637293595820665,-0.0009871970396488905,1.4987984895706177,-0.0007334423717111349,0.8762397766113281,0.5813416838645935,0.5664089322090149,2.7680842876434326,-0.32991790771484375,2.4332892894744873,1.2738011237820819,0.01630737377590951,,,,
766368,23949,15.575233459472656,8.561139106750488,6.8507537841796875,0.1550561487674713,0.00828440859913826,0.0033377190120518208,1.6511272192001343,0.003599122865125537,0.9020868539810181,0.44907668232917786,0.4084990322589874,2.745867967605591,-0.3255169689655304,2.420652151107788,1.2738974640148903,0.00938017161849675,,,,
767968,23999,17.096099853515625,10.12914752960205,6.819832801818848,0.14146527647972107,0.005652995780110359,0.0029182168655097485,1.5206849575042725,0.0031347377225756645,0.7424793839454651,0.9837629199028015,0.9612970948219299,2.753465175628662,-0.3229728639125824,2.434443473815918,1.273947297732088,0.01674445664298227,,,,
769568,24049,15.939339637756348,9.20899486541748,6.601069927215576,0.1269586831331253,0.002316734753549099,0.006106125190854073,1.529523491859436,0.00632391357794404,0.7571188807487488,0.4842584729194641,0.4429665505886078,2.739893913269043,-0.3457413911819458,2.3947153091430664,1.2740105954491612,0.011011524112560477,,,,
771168,24099,15.367914199829102,9.363367080688477,5.861072063446045,0.13240987062454224,0.011065001599490643,-0.0029270201921463013,1.4973809719085693,-0.0026767486706376076,0.8619893193244934,0.3995712101459503,0.37426769733428955,2.7845780849456787,-0.3546783924102783,2.4289376735687256,1.2740745525391022,0.009056374109811662,,,,
772768,24149,15.163616180419922,7.81782341003418,7.200325965881348,0.14431679248809814,0.0011499245883896947,-0.0015980632742866874,1.432193398475647,-0.0013722056755796075,0.779151439666748,0.44232800602912903,0.4216565787792206,2.6704959869384766,-0.34657394886016846,2.3235065937042236,1.274161818307581,0.009889627084892204,,,,
774368,24199,12.810449600219727,7.366372585296631,5.319446563720703,0.12227052450180054,0.0023593988735228777,0.003039297414943576,1.442293643951416,0.0033266956452280283,0.9849538803100586,0.20426416397094727,0.2033424973487854,2.6834335327148438,-0.3256079852581024,2.3528378009796143,1.274217447803302,0.01387179929510181,,,,
775968,24249,13.50635814666748,7.857521057128906,5.540822982788086,0.10578348487615585,0.002231084741652012,-0.0041818767786026,1.4193832874298096,-0.0039224340580403805,0.8948583006858826,0.43624430894851685,0.44654640555381775,2.6395323276519775,-0.33700650930404663,2.3003275394439697,1.2742830809749388,0.02121721080875503,,,,
777568,24299,11.935233116149902,6.436694145202637,5.380782604217529,0.11377435177564621,0.003982177935540676,0.0009893773822113872,1.4142482280731201,0.0012426059693098068,0.8752924203872681,0.24875269830226898,0.24129647016525269,2.6886746883392334,-0.3440912663936615,2.3408453464508057,1.274349016935271,0.01559642155539239,,,,
779168,24349,10.644030570983887,5.921272277832031,4.624695777893066,0.0953594446182251,0.0027022913563996553,0.0001228465116582811,1.382772445678711,0.00041472044540569186,0.9999661445617676,0.1249314397573471,0.1277199387550354,2.528805732727051,-0.3454355001449585,2.178537368774414,1.2744422935287003,0.012428356102284986,,,,
780768,24399,15.721541404724121,9.227337837219238,6.339140892028809,0.150968998670578,0.004094527568668127,-0.0017516114749014378,1.3569921255111694,-0.0014960947446525097,0.8867782354354858,0.6786930561065674,0.6798129081726074,2.515639305114746,-0.3278959393501282,2.1961684226989746,1.274504459449483,0.016051269115452706,,,,
782368,24449,17.650135040283203,11.00461196899414,6.519601821899414,0.12273258715867996,0.0031888599041849375,-0.0029742748010903597,1.5476691722869873,-0.002733929082751274,0.8316971063613892,0.7039608359336853,0.6886004209518433,2.523181200027466,-0.3283401131629944,2.1965978145599365,1.27455860820715,0.012768606417041554,,,,
783968,24499,14.302252769470215,8.241642951965332,5.915395736694336,0.1394941657781601,0.005719778127968311,-0.0012121085310354829,1.4472858905792236,-0.000942443439271301,0.9271242618560791,0.32794806361198425,0.33646848797798157,2.6168713569641113,-0.3484470844268799,2.2654144763946533,1.2746051964340472,0.013031003587609231,,,,
785568,24549,15.149706840515137,8.13933277130127,6.8694329261779785,0.1392112672328949,0.0017289561219513416,-0.002919137477874756,1.4783108234405518,-0.0026859878562390804,0.8063029646873474,0.45976826548576355,0.46252214908599854,2.7246971130371094,-0.3615667223930359,2.362020492553711,1.274692040134741,0.009356312202174113,,,,
787168,24599,13.973785400390625,7.798544883728027,6.028387069702148,0.13902902603149414,0.007823487743735313,-0.0025954265147447586,1.4643445014953613,-0.002300969557836652,1.0112950801849365,0.46816858649253845,0.4614344835281372,2.8158199787139893,-0.3465120792388916,2.4678585529327393,1.27474652913293,0.01880024579007746,,,,
788768,24649,16.61924171447754,9.800844192504883,6.687758922576904,0.12364879995584488,0.006989351473748684,-0.002262428170070052,1.546638011932373,-0.001995145110413432,0.9210061430931091,0.689058780670166,0.6518028378486633,2.8971996307373047,-0.34606027603149414,2.5526881217956543,1.2748260713648263,0.015369274397401699,,,,
790368,24699,14.603209495544434,8.215202331542969,6.281374931335449,0.10572192072868347,0.0009106199722737074,-0.005724727641791105,1.5021330118179321,-0.005483345128595829,0.8311943411827087,0.2798474133014679,0.29837659001350403,2.990813732147217,-0.35174670815467834,2.6343228816986084,1.2748953160489334,0.015640986660275545,,,,
791968,24749,11.264891624450684,5.828215599060059,5.310221195220947,0.11965617537498474,0.006797858979552984,-0.0010884327348321676,1.4528396129608154,-0.0008370578871108592,0.8718204498291016,0.3336036503314972,0.3287302255630493,2.938418388366699,-0.3609504997730255,2.5765905380249023,1.2749647191472713,0.015085449394356675,,,,
793568,24799,13.988842964172363,7.822882175445557,6.0268330574035645,0.1354270577430725,0.003700235625728965,-0.0019990147557109594,1.5850927829742432,-0.0017495602369308472,0.8619558215141296,0.5409000515937805,0.5304885506629944,2.9305710792541504,-0.3458954989910126,2.5863208770751953,1.2750377715209185,0.007327419974239708,,,,
795168,24849,14.102063179016113,7.744180202484131,6.207633018493652,0.1443018764257431,0.005949420388787985,-0.002486061304807663,1.3988665342330933,-0.002219005487859249,0.9125871062278748,0.37325137853622437,0.3749519884586334,3.0171971321105957,-0.35100457072257996,2.6568009853363037,1.2751133168233266,0.013456378218814768,,,,
796768,24899,13.642414093017578,7.83168888092041,5.687371253967285,0.11753645539283752,0.0058175502344965935,0.0020513320341706276,1.670983076095581,0.002295868471264839,0.8424661159515381,0.5295116901397705,0.5027942657470703,3.0022778511047363,-0.3745737671852112,2.640716075897217,1.2751818032641329,0.005851575146973365,,,,
798368,24949,13.498976707458496,7.714786052703857,5.634797096252441,0.14658840000629425,0.002805870259180665,-0.004613532219082117,1.4236279726028442,-0.004402917809784412,0.7307565808296204,0.33433541655540466,0.34991249442100525,2.9238619804382324,-0.36381134390830994,2.5578501224517822,1.2752555990239445,0.011348218489539104,,,,
799968,24999,14.984781265258789,7.9983696937561035,6.8343939781188965,0.14412958920001984,0.007887664251029491,0.007858077064156532,1.5957341194152832,0.008102895691990852,0.8516435623168945,0.4893105626106262,0.4457724988460541,2.932185173034668,-0.3779095709323883,2.555008888244629,1.275337784247135,0.0047806262563221385,,,,
801568,25049,13.840795516967773,7.394041061401367,6.274330139160156,0.161148801445961,0.011275132186710835,-0.003189002862200141,1.5101721286773682,-0.0029715043492615223,0.7514764666557312,0.46741756796836853,0.48509591817855835,2.9935526847839355,-0.3829822838306427,2.610286235809326,1.2719883966918386,0.01679765485244345,,,,
803168,25099,15.180777549743652,8.149855613708496,6.900472164154053,0.12478601932525635,0.005664125084877014,-0.0009370768675580621,1.5557286739349365,-0.0007466248935088515,0.6731058359146118,0.5410197377204895,0.5250517129898071,2.947374105453491,-0.3645155131816864,2.588742733001709,1.2720686611281637,0.009798404390301045,,,,
804768,25149,13.60811996459961,7.674644947052002,5.775681018829346,0.1485728621482849,0.009220605716109276,0.00024057168047875166,1.4520655870437622,0.00048581036389805377,0.8486640453338623,0.4161336421966553,0.40096235275268555,2.8157832622528076,-0.36306849122047424,2.448861837387085,1.2721499508045226,0.010523522932733755,,,,
806368,25199,14.666647911071777,8.369353294372559,6.1765289306640625,0.1204528957605362,0.00031284382566809654,-0.001398579915985465,1.4150094985961914,-0.0011514434590935707,0.8511403799057007,0.3665924370288849,0.3674338757991791,2.6284661293029785,-0.35678648948669434,2.267535924911499,1.2722216732813132,0.010493463790132822,,,,
807968,25249,15.474895477294922,8.70087718963623,6.548858642578125,0.21654784679412842,0.008611380122601986,-0.0032337079755961895,1.4316637516021729,-0.002926645567640662,1.0507146120071411,-0.05001143366098404,-0.052403561770915985,2.7151384353637695,-0.37602314352989197,2.3236124515533447,1.2722740788591576,0.011967666321048348,,,,
809568,25299,15.967781066894531,9.144495010375977,6.714008331298828,0.10891157388687134,0.00036599571467377245,0.0016952239675447345,1.4102903604507446,0.0019633364863693714,0.917393684387207,0.29372042417526245,0.2849775552749634,2.6117501258850098,-0.3778422176837921,2.23061466217041,1.272350368318028,0.00886281852450964,,,,
811168,25349,13.61837100982666,7.700344085693359,5.812512397766113,0.10335452854633331,0.002160044154152274,0.00639843987300992,1.5359210968017578,0.006586513947695494,0.6508769392967224,0.7105543613433838,0.6736773252487183,2.5696842670440674,-0.3539266884326935,2.2227303981781006,1.2724287348072276,0.014953891208177824,,,,
812768,25399,14.884398460388184,8.59880542755127,6.114080905914307,0.1660228669643402,0.0054883770644664764,0.0012396924430504441,1.4707757234573364,0.0014679469168186188,0.7870439887046814,0.5794442892074585,0.5700356960296631,2.5530974864959717,-0.3491247296333313,2.200918436050415,1.2724951908689395,0.009445400866839317,,,,
814368,25449,15.47579574584961,9.26551628112793,6.088977813720703,0.11068189144134521,0.01062003429979086,0.001942950300872326,1.5531699657440186,0.00221112254075706,0.9265114068984985,0.5191748738288879,0.5035895109176636,2.5785305500030518,-0.3424156904220581,2.2348082065582275,1.2725675731280564,0.009134252691427291,,,,
815968,25499,14.53060531616211,8.067602157592773,6.305895805358887,0.15017405152320862,0.006933099590241909,-0.004630765877664089,1.4174892902374268,-0.004316375125199556,1.0816426277160645,0.38836607336997986,0.3897896409034729,2.5688514709472656,-0.34829145669937134,2.2166168689727783,1.2726531716988883,0.006981011720819007,,,,
817568,25549,12.593443870544434,6.51696252822876,5.963576316833496,0.11182898283004761,0.0010753331007435918,0.0012107777874916792,1.479277491569519,0.001460168743506074,0.8568239808082581,0.5463082194328308,0.5476231575012207,2.5273072719573975,-0.34741732478141785,2.1788523197174072,1.2727356017498115,0.010286157612984353,,,,
819168,25599,14.116031646728516,7.912643909454346,6.084854602813721,0.11807382106781006,0.00045942107681185007,-0.0016145781846717,1.4106749296188354,-0.001371353748254478,0.834272563457489,0.4053485691547394,0.402413934469223,2.5171966552734375,-0.3693931996822357,2.1424624919891357,1.2728128337772517,0.013933717850906262,,,,
820768,25649,10.606167793273926,5.109529495239258,5.403219223022461,0.08821140229701996,0.0052079083397984505,-0.002351492876186967,1.4408416748046875,-0.002111016074195504,0.832754373550415,0.4702076315879822,0.45339691638946533,2.6674511432647705,-0.3783203363418579,2.2910044193267822,1.2728703634749285,0.004064387222808997,,,,
822368,25699,16.46538543701172,9.754081726074219,6.5344133377075195,0.17010600864887238,0.006785249337553978,-0.00504936883226037,1.5381028652191162,-0.004803772084414959,0.8476826548576355,0.4344143867492676,0.42348846793174744,2.609311103820801,-0.3712836503982544,2.249303102493286,1.2729607975262702,0.008465780649587393,,,,
823968,25749,13.635934829711914,7.230742454528809,6.322037696838379,0.08234599232673645,0.000809011107776314,0.0012972909025847912,1.3880853652954102,0.0016039926558732986,1.0498778820037842,0.2808156907558441,0.26331791281700134,2.5651605129241943,-0.37315279245376587,2.187579393386841,1.2730238917155596,0.014509969130051413,,,,
825568,25799,17.668331146240234,10.048372268676758,7.475839614868164,0.14329223334789276,0.0008270010002888739,-0.0031393012031912804,1.4309498071670532,-0.0029052940662950277,0.8104669451713562,0.4026687741279602,0.4019911289215088,2.6010489463806152,-0.36917829513549805,2.2280678749084473,1.2731003314237759,0.007925502084791928,,,,
827168,25849,12.860321998596191,6.93532133102417,5.827959060668945,0.09425048530101776,0.0027902191504836082,-0.0015521238092333078,1.5738234519958496,-0.0013185905991122127,0.8090184926986694,0.5669918656349182,0.5714592933654785,2.5137062072753906,-0.36338895559310913,2.155789613723755,1.2731788067056349,0.00845082512366685,,,,
828768,25899,11.910417556762695,6.1428446769714355,5.637660503387451,0.12318907678127289,0.006723742466419935,0.004087092354893684,1.4417142868041992,0.004343163687735796,0.8848330974578857,0.3211910128593445,0.3039732575416565,2.4425253868103027,-0.35641413927078247,2.0881733894348145,1.2732324972522935,0.008443908726680428,,,,
830368,25949,18.219594955444336,11.092541694641113,6.956116676330566,0.16761423647403717,0.003322610631585121,-0.006983076222240925,1.5009803771972656,-0.006716304924339056,0.9234215021133423,0.3143598139286041,0.32927757501602173,2.4837934970855713,-0.36320096254348755,2.115983247756958,1.2733291991468014,0.005379988325771093,,,,
831968,25999,13.965484619140625,7.86038875579834,5.976287364959717,0.1222306564450264,0.006578818429261446,-0.005084626376628876,1.494660496711731,-0.004803093615919352,0.9663268327713013,0.3273297846317291,0.319852739572525,2.517566204071045,-0.38283026218414307,2.1336610317230225,1.2733969952978665,0.01199691048577847,,,,
833568,26049,18.24531364440918,11.07629680633545,7.0204572677612305,0.14689800143241882,0.0016615978674963117,-0.0011654153931885958,1.4244916439056396,-0.000846716808155179,1.0955837965011597,0.2777114510536194,0.26611921191215515,2.5600619316101074,-0.3742181062698364,2.185532331466675,1.2734602517645714,0.006712877049366975,,,,
835168,26099,14.46743392944336,8.3825044631958,5.925215721130371,0.15424656867980957,0.0054669673554599285,0.006330639123916626,1.545422911643982,0.006540391594171524,0.7283611297607422,0.8897874355316162,0.8528561592102051,2.560777187347412,-0.3785795569419861,2.189378499984741,1.2735272849705703,0.009476516970881855,,,,
836768,26149,13.538908958435059,7.342614650726318,6.067758560180664,0.12492939084768295,0.0036060730926692486,-0.0033367418218404055,1.439424753189087,-0.003102830145508051,0.8073739409446716,0.20863030850887299,0.21453975141048431,2.5419089794158936,-0.3703378736972809,2.166987419128418,1.2736351839774673,0.009015290409213396,,,,
838368,26199,13.933467864990234,7.8993611335754395,5.8909149169921875,0.13608185946941376,0.007110869511961937,0.0002784293028526008,1.4265291690826416,0.0005702551570720971,1.0054813623428345,0.24744386970996857,0.22214879095554352,2.547825574874878,-0.3677366077899933,2.182811975479126,1.2736946124166053,0.015368483765230066,,,,
839968,26249,14.24161148071289,8.361313819885254,5.7414116859436035,0.13405895233154297,0.0048266928642988205,0.0010204797144979239,1.5162591934204102,0.0012277954956516623,0.7231261730194092,0.4782891273498535,0.4741819500923157,2.5244674682617188,-0.3501628339290619,2.1758227348327637,1.2737796998179234,0.00835178803830586,,,,
841568,26299,14.640739440917969,8.209268569946289,6.265185832977295,0.16375066339969635,0.0025335128884762526,-0.0032463418319821358,1.391906499862671,-0.003041958436369896,0.700909435749054,0.4004279673099518,0.3968399167060852,2.451718807220459,-0.34791985154151917,2.0997025966644287,1.2738462435116666,0.017130354001644966,,,,
843168,26349,12.736982345581055,6.920694828033447,5.677973747253418,0.13166308403015137,0.006650090217590332,-0.002393042668700218,1.5474374294281006,-0.0021828915923833847,0.7375122904777527,0.4640088975429535,0.45901966094970703,2.4419426918029785,-0.3566790819168091,2.0914201736450195,1.2739131755989246,0.008278003922008906,,,,
844768,26399,13.731758117675781,7.855250358581543,5.750499248504639,0.12437814474105835,0.0016306552570313215,-0.0016266118036583066,1.485607385635376,-0.0013934520538896322,0.8024516701698303,0.4358992576599121,0.44449737668037415,2.5304813385009766,-0.3556359112262726,2.1703062057495117,1.2740002332230933,0.009600556725096332,,,,
846368,26449,13.791170120239258,7.200645446777344,6.437096118927002,0.14412853121757507,0.00930024404078722,0.000665210303850472,1.5142290592193604,0.0008688577800057828,0.7069896459579468,0.2842486500740051,0.27463141083717346,2.4845714569091797,-0.34499168395996094,2.1361470222473145,1.274076163317549,0.013636853674239731,,,,
847968,26499,14.99002742767334,8.105978965759277,6.699659824371338,0.18082483112812042,0.0035626874305307865,-0.004913118202239275,1.5209290981292725,-0.004694452043622732,0.7594791650772095,0.5951818227767944,0.6010412573814392,2.4854965209960938,-0.3393893539905548,2.1519415378570557,1.274139924900861,0.009892598525323522,,,,
849568,26549,12.793364524841309,7.172741413116455,5.530086040496826,0.08761661499738693,0.0029203728772699833,0.0041275471448898315,1.623798131942749,0.004326208494603634,0.6869698166847229,0.7072919011116028,0.6784430146217346,2.5172998905181885,-0.34381696581840515,2.177306890487671,1.2742140917391864,0.010462846794117813,,,,
851168,26599,13.97219181060791,7.41526985168457,6.451374530792236,0.10234814137220383,0.003199175465852022,-0.00627418328076601,1.4306130409240723,-0.006013520993292332,0.9027341604232788,0.15866315364837646,0.16693800687789917,2.529116153717041,-0.3708837926387787,2.1550137996673584,1.2742813947036467,0.012787343886007696,,,,
852768,26649,15.517990112304688,8.634230613708496,6.758465766906738,0.12017800658941269,0.005115657113492489,-0.0026390135753899813,1.4969947338104248,-0.0024113026447594166,0.7877724170684814,0.42475855350494385,0.4260861575603485,2.5540733337402344,-0.36729297041893005,2.18192982673645,1.2743458717580234,0.008614946357932684,,,,
854368,26699,10.5684232711792,5.4126787185668945,5.03627347946167,0.11046720296144485,0.009004884399473667,-0.0012199810007587075,1.3443818092346191,-0.0009582043858245015,0.8963742852210999,0.3543393909931183,0.35969772934913635,2.524021863937378,-0.3608361482620239,2.1584572792053223,1.274408575230059,0.013802423520956248,,,,
855968,26749,15.418354988098145,8.952081680297852,6.323240756988525,0.13784745335578918,0.005185016896575689,0.0012757088989019394,1.545640230178833,0.0014676502905786037,0.660102128982544,0.6375640630722046,0.6255302429199219,2.4780361652374268,-0.36323219537734985,2.114086151123047,1.2744770592093941,0.006990771601363305,,,,
857568,26799,13.07535171508789,7.1838812828063965,5.787256240844727,0.10346891731023788,0.0007449043914675713,0.000933043600525707,1.4894771575927734,0.0011267338413745165,0.6735260486602783,0.3110091984272003,0.2706809639930725,2.5566773414611816,-0.36548343300819397,2.194626569747925,1.2745605572111303,0.011902403996394115,,,,
859168,26849,12.929143905639648,7.238958358764648,5.563807487487793,0.12265361845493317,0.0037236635107547045,-0.0022762524895370007,1.3869624137878418,-0.0019485380034893751,1.1243761777877808,0.070489302277565,0.08144845068454742,2.6303305625915527,-0.36527884006500244,2.25703763961792,1.2746180420383373,0.009940556103566464,,,,
860768,26899,15.01251220703125,8.778327941894531,6.11224889755249,0.1191505715250969,0.0027845120057463646,-0.002092881128191948,1.4952725172042847,-0.0019060501363128424,0.654666006565094,0.3984982371330261,0.4020940959453583,2.576481342315674,-0.3645322322845459,2.211444616317749,1.274689963109568,0.009043526197194871,,,,
862368,26949,14.329703330993652,7.678922653198242,6.514583587646484,0.13260513544082642,0.003591876942664385,0.00048007481382228434,1.4314849376678467,0.0007258960977196693,0.8419177532196045,0.38920241594314575,0.38848891854286194,2.5620505809783936,-0.35873448848724365,2.202540159225464,1.2747420675121852,0.017704917093953453,,,,
863968,26999,13.110892295837402,7.662630558013916,5.3307576179504395,0.11475778371095657,0.0027467624749988317,-0.0037248556036502123,1.5278302431106567,-0.0035317193251103163,0.6776083111763,0.3110029101371765,0.33023059368133545,2.49448561668396,-0.3547120988368988,2.1378986835479736,1.274821433943218,0.005971390729281874,,,,
865568,27049,11.37260627746582,5.860444068908691,5.369748592376709,0.13620442152023315,0.0062089404091238976,-0.0020570242777466774,1.416675090789795,-0.001816919888369739,0.8264586329460144,0.3224910497665405,0.30536699295043945,2.5074996948242188,-0.3556098937988281,2.1517579555511475,1.274876684024076,0.022593019680624625,,,,
867168,27099,13.066751480102539,6.898514747619629,6.044342517852783,0.11822506785392761,0.0056684971787035465,0.008159410208463669,1.5171513557434082,0.008353149518370628,0.6680702567100525,0.4272114634513855,0.3893362283706665,2.490739345550537,-0.3552033007144928,2.139716863632202,1.2749432619984178,0.010069409795167293,,,,
868768,27149,15.349349975585938,8.651206970214844,6.5538330078125,0.13547921180725098,0.008831165730953217,-0.0010661504929885268,1.440056324005127,-0.0008611628436483443,0.7037270665168762,0.25318291783332825,0.24817435443401337,2.4431636333465576,-0.3607301115989685,2.082852363586426,1.274992499287763,0.01995896183907698,,,,
870368,27199,18.778921127319336,11.696995735168457,6.938018321990967,0.14187294244766235,0.002034831792116165,-0.002389821456745267,1.4164249897003174,-0.002161868382245302,0.7819991111755371,0.3289528489112854,0.32644376158714294,2.4837939739227295,-0.3699430227279663,2.1126363277435303,1.2750959429227273,0.0016494253965783363,,,,
871968,27249,14.354619979858398,8.0007963180542,6.236349582672119,0.10435616970062256,0.013117527589201927,-0.002897895872592926,1.399998426437378,-0.002638419158756733,0.88936847448349,0.2731293737888336,0.2893058657646179,2.456871509552002,-0.3736989498138428,2.078657627105713,1.2751273145890516,0.010791580345280829,,,,
873568,27299,15.271368980407715,8.98617935180664,6.151588439941406,0.12122907489538193,0.012371581047773361,-0.001548277330584824,1.3144290447235107,-0.001266611972823739,0.9619038701057434,0.3450935184955597,0.33406174182891846,2.360703706741333,-0.3690662682056427,1.9868741035461426,1.2751996665943934,0.005845626394051799,,,,
875168,27349,13.367794036865234,7.483821868896484,5.7232279777526855,0.15442831814289093,0.0063147637993097305,-0.001485650660470128,1.3965225219726562,-0.00126847589854151,0.7463250160217285,0.38318103551864624,0.3740926682949066,2.3708977699279785,-0.36762651801109314,2.0023345947265625,1.27526595639128,0.007813287724329647,,,,
876768,27399,13.456696510314941,7.0073957443237305,6.290408611297607,0.15322504937648773,0.00566790159791708,0.002331238007172942,1.531038522720337,0.00257850531488657,0.8477034568786621,0.41822385787963867,0.4035135507583618,2.465256929397583,-0.3763074278831482,2.0894241333007812,1.2753352211096969,0.007110331872996357,,,,
878368,27449,15.833317756652832,8.985380172729492,6.720539569854736,0.12360291928052902,0.0037954410072416067,-0.0037659506779164076,1.4899141788482666,-0.003516012104228139,0.8620254993438721,0.2797755002975464,0.28963127732276917,2.4666621685028076,-0.3831374943256378,2.083801746368408,1.2754051459349622,0.006382819370120477,,,,
879968,27499,12.343955039978027,6.702805042266846,5.538211345672607,0.0970299020409584,0.005908921826630831,0.013881468214094639,1.5278031826019287,0.014161563478410244,0.960189938545227,0.3060137629508972,0.2759183347225189,2.4539875984191895,-0.3832806944847107,2.067913293838501,1.2754620267449703,0.00552944170341952,,,,
881568,27549,14.223042488098145,7.394323348999023,6.6819868087768555,0.13054201006889343,0.016190292313694954,-0.003704426344484091,1.3757474422454834,-0.00343705085106194,0.9175202250480652,0.07991035282611847,0.0882948637008667,2.5471177101135254,-0.3923206031322479,2.14841890335083,1.2726181125643248,0.007666817136241731,,,,
883168,27599,14.20102596282959,7.281344890594482,6.802278518676758,0.11483360081911087,0.0025679306127130985,-0.0013113812310621142,1.3374849557876587,-0.001016432186588645,1.010932207107544,0.21005301177501678,0.20885974168777466,2.46903395652771,-0.40547823905944824,2.0588724613189697,1.2726823022124696,0.010801056188538966,,,,
884768,27649,15.148387908935547,8.330450057983398,6.6730875968933105,0.14069899916648865,0.004150210879743099,-0.000293541670544073,1.4682393074035645,-2.6798807084560394e-05,0.9203121066093445,0.2487626075744629,0.23981818556785583,2.4826765060424805,-0.391983300447464,2.087963581085205,1.2727247874003893,0.010065589404489914,,,,
886368,27699,15.323360443115234,8.443562507629395,6.7420196533203125,0.13235707581043243,0.005421963520348072,-0.0014403245877474546,1.4899526834487915,-0.0011745444498956203,0.9110715389251709,0.5195651054382324,0.5161718726158142,2.4589803218841553,-0.38449525833129883,2.0723958015441895,1.2727838625333676,0.010399602764529416,,,,
887968,27749,15.030028343200684,8.816812515258789,6.080517292022705,0.13072243332862854,0.001976829022169113,-0.0036930632777512074,1.538503885269165,-0.0034270305186510086,0.9167717099189758,0.3397742807865143,0.33353179693222046,2.5643136501312256,-0.37518125772476196,2.1924829483032227,1.2728477642095821,0.008251935223027774,,,,
889568,27799,13.859051704406738,7.662270545959473,6.0698723793029785,0.12070940434932709,0.006199030205607414,0.0016236392548307776,1.4912843704223633,0.0018724579131230712,0.859562337398529,0.6132875680923462,0.5998154878616333,2.4538917541503906,-0.38315659761428833,2.0737855434417725,1.2728958630845193,0.007653397319007653,,,,
891168,27849,14.073660850524902,7.8709917068481445,6.070815086364746,0.12759287655353546,0.004261091351509094,-0.00012004942982457578,1.453927755355835,0.00011303972860332578,0.8027816414833069,0.20895594358444214,0.2066362500190735,2.374861240386963,-0.3827979564666748,1.9876035451889038,1.2729577692241731,0.003500301760609601,,,,
892768,27899,14.614291191101074,8.272330284118652,6.17788028717041,0.14408442378044128,0.01999668963253498,-0.002728892955929041,1.447808027267456,-0.002465928439050913,0.9084563255310059,0.13199514150619507,0.14004957675933838,2.354355573654175,-0.37628960609436035,1.9748491048812866,1.2730219695317841,0.010443081913650828,,,,
894368,27949,13.562241554260254,8.104205131530762,5.329591751098633,0.12514761090278625,0.0032969550229609013,0.0013740075519308448,1.5005683898925781,0.0015873300144448876,0.7427161931991577,0.47311392426490784,0.4359126091003418,2.4041075706481934,-0.392151415348053,2.017571449279785,1.2730774951257657,0.006768159873971339,,,,
895968,27999,12.526538848876953,6.314455032348633,6.098857879638672,0.10915213823318481,0.0040740747936069965,-0.0014289326500147581,1.4688682556152344,-0.0011934208450838923,0.8220980167388916,0.39772963523864746,0.40093472599983215,2.4038243293762207,-0.4076564908027649,1.9973872900009155,1.2731382732570833,0.0064256603251682575,,,,
897568,28049,16.368200302124023,9.793350219726562,6.427919864654541,0.14492946863174438,0.002000324660912156,0.005082308314740658,1.5214333534240723,0.005325492937117815,0.8383046984672546,0.40163999795913696,0.3601350486278534,2.4353904724121094,-0.41295841336250305,2.0274648666381836,1.2731898341665284,0.01112310537115122,,,,
899168,28099,17.02132225036621,8.04792594909668,8.815619468688965,0.1472553014755249,0.010523277334868908,0.0026973627973347902,1.5792055130004883,0.0029652114026248455,0.9242287278175354,0.27638736367225647,0.24023665487766266,2.440445899963379,-0.41045263409614563,2.0306296348571777,1.2732473323893634,0.01240231406038013,,,,
900768,28149,16.564043045043945,9.664496421813965,6.760475158691406,0.13102714717388153,0.008042706176638603,0.0023061870597302914,1.684861183166504,0.002532203448936343,0.7798879146575928,0.342765748500824,0.3419111669063568,2.641155481338501,-0.39285269379615784,2.2448978424072266,1.273323711118695,0.003640845218376887,,,,
902368,28199,15.774626731872559,9.042972564697266,6.590703964233398,0.13990117609500885,0.0010493510635569692,0.0009564806241542101,1.4888434410095215,0.001233118586242199,0.961705207824707,0.4275190234184265,0.43479859828948975,2.4902374744415283,-0.37058913707733154,2.121293306350708,1.2733712011593084,0.011239056896717675,,,,
903968,28249,14.561233520507812,7.996437072753906,6.409046173095703,0.14610667526721954,0.009644011966884136,-0.004117829725146294,1.4212868213653564,-0.0038303942419588566,0.9928081631660461,0.33021217584609985,0.3405221402645111,2.451767921447754,-0.37077805399894714,2.0812370777130127,1.2734370482442194,0.007022565252762356,,,,
905568,28299,14.037188529968262,7.557786464691162,6.3603010177612305,0.11466386169195175,0.004437158815562725,-0.008281678892672062,1.4343757629394531,-0.007983654737472534,1.0228625535964966,0.25857844948768616,0.25843676924705505,2.4337170124053955,-0.3736262023448944,2.059664487838745,1.2734938307324242,0.012998997681964507,,,,
907168,28349,13.829343795776367,8.329566955566406,5.395386219024658,0.10241012275218964,0.0019807955250144005,0.015343526378273964,1.6335232257843018,0.01563011296093464,0.9832969903945923,0.22428488731384277,0.18348443508148193,2.4096968173980713,-0.37899649143218994,2.028660774230957,1.2735661436371357,0.005160898068169427,,,,
908768,28399,11.989827156066895,6.052403450012207,5.831568717956543,0.10225657373666763,0.0035979142412543297,-0.0008458651136606932,1.4901323318481445,-0.0005974519881419837,0.8587062358856201,0.36729127168655396,0.35600289702415466,2.320490598678589,-0.3808259963989258,1.9438742399215698,1.2736219406318068,0.010580213200589784,,,,
910368,28449,14.769752502441406,8.038309097290039,6.584782600402832,0.13788560032844543,0.008775033056735992,0.00376595719717443,1.5243315696716309,0.004007116425782442,0.8279457092285156,0.25959059596061707,0.2351018488407135,2.2935338020324707,-0.39214327931404114,1.898258924484253,1.2736789022855117,0.009175964555700357,,,,
911968,28499,12.615102767944336,7.005650043487549,5.450699806213379,0.1559702455997467,0.002781502204015851,-0.004292117897421122,1.4474482536315918,-0.004012074321508408,0.9653146266937256,0.22947809100151062,0.2324744462966919,2.3982760906219482,-0.3979225158691406,2.000562906265259,1.273730885191517,0.009263722793258048,,,,
913568,28549,12.487695693969727,7.088499546051025,5.29380464553833,0.10405511409044266,0.0013360526645556092,-0.004813716281205416,1.453643798828125,-0.004563543014228344,0.8725615739822388,0.2575516104698181,0.2665669620037079,2.4711360931396484,-0.4064999520778656,2.0662293434143066,1.2737882158374947,0.0054129938960269615,,,,
915168,28599,10.612579345703125,5.250125885009766,5.249870300292969,0.11166548728942871,0.0009177594329230487,-0.00028179847868159413,1.4880468845367432,-6.851850776001811e-05,0.7370655536651611,0.528268039226532,0.5211173295974731,2.4514784812927246,-0.4150889217853546,2.0392906665802,1.2738528885942242,0.007954055740502591,,,,
916768,28649,14.29898452758789,8.227184295654297,5.970165252685547,0.10099969804286957,0.000635551055893302,0.0023845192044973373,1.5606300830841064,0.0026435023173689842,0.9072132110595703,0.4602172076702118,0.4469311535358429,2.4874765872955322,-0.41802582144737244,2.0773279666900635,1.2738923041099028,0.007016864779520479,,,,
918368,28699,14.893835067749023,8.568302154541016,6.187462329864502,0.12831255793571472,0.009759053587913513,0.002892868360504508,1.5213838815689087,0.0030924517195671797,0.701501727104187,0.3108607232570648,0.30401358008384705,2.4097440242767334,-0.3950333297252655,2.0120913982391357,1.2739385595634063,0.01212428196698569,,,,
919968,28749,13.775186538696289,8.003252983093262,5.654425621032715,0.11618246883153915,0.001326052937656641,0.0009931001113727689,1.4765392541885376,0.001253431080840528,0.8992072343826294,0.41684624552726746,0.41956084966659546,2.337947368621826,-0.38966456055641174,1.94913649559021,1.2739934222029752,0.009263559131806091,,,,
921568,28799,13.610814094543457,7.510794162750244,5.996954917907715,0.10232359170913696,0.0007413646671921015,-0.007220508065074682,1.5798039436340332,-0.00694658188149333,0.9521420001983643,0.32145416736602783,0.3154587745666504,2.443650722503662,-0.3909967541694641,2.0595552921295166,1.2740623445821362,0.00433567255172956,,,,
923168,28849,12.530804634094238,6.186203479766846,6.247109413146973,0.09150603413581848,0.0059854513965547085,-0.004451899789273739,1.5121097564697266,-0.004209640435874462,0.8342016935348511,0.38480323553085327,0.385772168636322,2.422264814376831,-0.3950388729572296,2.0315935611724854,1.2741127111635362,0.010944964865125166,,,,
924768,28899,14.678658485412598,8.645196914672852,5.890310764312744,0.14132919907569885,0.0018225960666313767,-0.0001772459363564849,1.5044636726379395,5.866312130820006e-05,0.8239684104919434,0.3282583951950073,0.31860238313674927,2.389517307281494,-0.39203575253486633,1.9972114562988281,1.2741525324305714,0.006436736432108294,,,,
926368,28949,12.153438568115234,6.15955114364624,5.868135452270508,0.12233404815196991,0.003417325671762228,-0.002214670879766345,1.4738357067108154,-0.0019677882082760334,0.8547297716140747,0.3057442009449005,0.30099940299987793,2.3717031478881836,-0.3919594883918762,1.9789316654205322,1.2742219869791775,0.011212501263487492,,,,
927968,28999,12.717053413391113,6.868735313415527,5.700193405151367,0.13897705078125,0.009147542528808117,-0.0008420704980380833,1.5475126504898071,-0.0006404963787645102,0.7025020718574524,0.39816734194755554,0.3957267999649048,2.372450351715088,-0.38573384284973145,1.988323450088501,1.2742588715035599,0.008210696120336558,,,,
929568,29049,12.757916450500488,6.990138053894043,5.644705772399902,0.11988108605146408,0.0031922035850584507,-0.007078190799802542,1.434952735900879,-0.006844359450042248,0.8041718602180481,0.4469504952430725,0.4550832509994507,2.4311726093292236,-0.38585129380226135,2.0447072982788086,1.2743148798264663,0.00672268808461234,,,,
931168,29099,11.95830249786377,5.976876258850098,5.849676132202148,0.12755122780799866,0.004198803566396236,-0.005033483728766441,1.4380345344543457,-0.004773533437401056,0.8926283121109009,0.2267884463071823,0.2389286607503891,2.4223780632019043,-0.3941807150840759,2.0292181968688965,1.2743443980916986,0.01150095046780329,,,,
932768,29149,14.93483829498291,8.297018051147461,6.5182390213012695,0.11659499257802963,0.0029854844324290752,-0.002296310616657138,1.4068794250488281,-0.0020317628514021635,0.9072139859199524,0.075642891228199,0.07310543954372406,2.49121356010437,-0.4070454239845276,2.0770976543426514,1.2743978812415615,0.006394492867585869,,,,
934368,29199,17.242557525634766,10.239458084106445,6.872427940368652,0.12581491470336914,0.004857180640101433,0.0053570689633488655,1.5713222026824951,0.005551701411604881,0.6815528273582458,0.6676823496818542,0.6079239845275879,2.463679790496826,-0.419473797082901,2.0513689517974854,1.274460298141511,0.011806883322821832,,,,
935968,29249,15.023428916931152,8.593588829040527,6.335995197296143,0.09246385842561722,0.0013809235533699393,-0.00035343479248695076,1.4739232063293457,-8.658107253722847e-05,0.9256393909454346,0.258575975894928,0.24883714318275452,2.5164506435394287,-0.4041268825531006,2.108806848526001,1.2745112543411021,-0.0007925923773029074,,,,
937568,29299,11.937605857849121,6.296584606170654,5.54796028137207,0.0922350138425827,0.0008263347554020584,-0.004459977149963379,1.5486034154891968,-0.004210362676531076,0.8704888224601746,0.4143710136413574,0.4263914227485657,2.5594987869262695,-0.4028377830982208,2.1590774059295654,1.274543941658685,0.009161389080694146,,,,
939168,29349,12.47376823425293,6.499650478363037,5.846550941467285,0.12368009984493256,0.003887621685862541,-0.004420767072588205,1.4085867404937744,-0.0041493987664580345,0.9351630210876465,0.28565436601638794,0.308252215385437,2.6859242916107178,-0.406780868768692,2.274470090866089,1.2745942857009491,0.013768025209123378,,,,
940768,29399,11.051248550415039,5.33720588684082,5.571415424346924,0.13616295158863068,0.006465388927608728,-0.001502207131125033,1.466813564300537,-0.0012212397996336222,0.966705322265625,0.23939251899719238,0.2327861785888672,2.5107827186584473,-0.40250980854034424,2.1064510345458984,1.2746693038419832,0.01229175307794129,,,,
942368,29449,17.169361114501953,9.957868576049805,7.088772773742676,0.11937522143125534,0.003343842690810561,-0.005335544236004353,1.4385581016540527,-0.0050448705442249775,0.9971186518669128,0.30981504917144775,0.32078948616981506,2.5698022842407227,-0.4026249647140503,2.1619017124176025,1.2747067820346307,0.017459780702435413,,,,
943968,29499,12.80551528930664,7.135560035705566,5.519015312194824,0.14713919162750244,0.003800108563154936,-0.0019065998494625092,1.4490165710449219,-0.0016303868032991886,0.9486518502235413,0.2558542490005493,0.23977771401405334,2.446201801300049,-0.4100058078765869,2.037954807281494,1.2747525173610355,0.004057353896138557,,,,
945568,29549,14.367164611816406,7.350841522216797,6.909948825836182,0.10247427225112915,0.0039001156110316515,-0.003047014120966196,1.4271655082702637,-0.0027963872998952866,0.866165280342102,0.39552661776542664,0.3879552483558655,2.494774580001831,-0.4091130495071411,2.079756736755371,1.2748111067774537,0.01395715170508771,,,,
947168,29599,12.757791519165039,6.745163440704346,5.8955864906311035,0.1151510626077652,0.0018899241695180535,-0.002863731002435088,1.4093729257583618,-0.0025879826862365007,0.952186107635498,0.5298196077346802,0.5298498868942261,2.5043864250183105,-0.42654481530189514,2.081428289413452,1.2748768437560534,0.010750511876493441,,,,
948768,29649,13.765768051147461,7.0374016761779785,6.566717147827148,0.13852187991142273,0.023127416148781776,-0.00035185637534596026,1.4714239835739136,-4.154121415922418e-05,1.063235878944397,0.31987056136131287,0.31489893794059753,2.441023349761963,-0.40881749987602234,2.029327630996704,1.2749201141441087,0.012536572843666317,,,,
950368,29699,16.272207260131836,9.68288516998291,6.4566731452941895,0.13006336987018585,0.002583813853561878,-0.0016087903641164303,1.5692322254180908,-0.0013939512427896261,0.7404435276985168,0.21151527762413025,0.21281111240386963,2.406931161880493,-0.40362271666526794,2.0052778720855713,1.2749725271971788,0.0032414863623000984,,,,
951968,29749,14.507643699645996,8.549263954162598,5.848213195800781,0.10738284885883331,0.002783319214358926,-0.002360573038458824,1.457808494567871,-0.0020943940617144108,0.9113973379135132,0.30783653259277344,0.31291818618774414,2.5428199768066406,-0.39663612842559814,2.1434152126312256,1.2750233985836918,0.010138765198872112,,,,
953568,29799,14.954201698303223,8.797779083251953,6.022040367126465,0.12622122466564178,0.008160961791872978,0.004995557479560375,1.55241060256958,0.005245564505457878,0.8599526286125183,0.5642465949058533,0.5276930332183838,2.5182273387908936,-0.3813318908214569,2.1428515911102295,1.2750842866999306,0.017825335826955294,,,,
955168,29849,14.858831405639648,8.730351448059082,5.995588302612305,0.12996366620063782,0.002927574096247554,-0.002191373612731695,1.6003286838531494,-0.001976429019123316,0.740617036819458,0.6720185875892639,0.6590619683265686,2.5718562602996826,-0.36187031865119934,2.214667797088623,1.2751259848804781,0.010715149670858437,,,,
956768,29899,11.395659446716309,6.134710788726807,5.1333208084106445,0.12428086996078491,0.0033461812417954206,-0.0028042213525623083,1.519765853881836,-0.002546971198171377,0.8792072534561157,0.33711764216423035,0.33740174770355225,2.4695017337799072,-0.37543192505836487,2.0889837741851807,1.2751704269094675,0.019211050532484782,,,,
958368,29949,16.326942443847656,9.755261421203613,6.4409403800964355,0.1262989640235901,0.004442524164915085,0.001111817080527544,1.5914287567138672,0.0013712027575820684,0.8917765021324158,0.35744708776474,0.3425924479961395,2.532832622528076,-0.3838764727115631,2.14749813079834,1.275224448322828,0.005406233851028234,,,,
959968,29999,12.218222618103027,6.452359199523926,5.663325786590576,0.09886016696691513,0.0036780189257115126,0.005759257823228836,1.64394211769104,0.006043099332600832,0.9877252578735352,0.4332728385925293,0.41286104917526245,2.560709238052368,-0.3854089677333832,2.1789305210113525,1.2752766115743257,0.007601916957274229,,,,
