env_steps,iter,loss_wm,loss_recon,loss_kl,loss_reward,loss_continue,loss_actor,loss_critic,loss_pg,entropy,returns_mean,values_mean,return_scale,p5,p95,ips,env_reward_per_step,rew_pred_ach,rew_pred_zero,img_rew_max,img_rew_frac_hi
1568,49,144.49620056152344,141.61016845703125,2.2366268634796143,0.636533796787262,0.012865157797932625,1.8427823781967163,3.5326523780822754,1.8435434103012085,2.73700213432312,1.543335199356079,0.8300707936286926,1.0,0.47223275899887085,1.2123507261276245,0.7768672905191101,0.012199999999999999,,,,
3168,99,79.22602844238281,76.42793273925781,2.2528934478759766,0.5230002999305725,0.02220000885426998,0.36395424604415894,1.9877251386642456,0.36472225189208984,2.72724986076355,1.7756993770599365,1.6187533140182495,1.1733540296554565,1.035414218902588,2.2066705226898193,0.9759392452280664,0.0047,,,,
4768,149,81.0512466430664,77.3096923828125,3.1322884559631348,0.5775652527809143,0.03170220926403999,-0.002635425888001919,2.2599849700927734,-0.0018822569400072098,2.7211272716522217,1.5734258890151978,1.5893962383270264,2.3569934368133545,0.3831683397293091,2.7438504695892334,1.0685201421573962,0.0021999999999999993,,,,
6368,199,70.75897216796875,66.94558715820312,3.4151482582092285,0.3825267553329468,0.01571064628660679,0.018948202952742577,2.246213912963867,0.019716208800673485,2.7076709270477295,2.0923383235931396,2.073552131652832,3.4267985820770264,-0.03759454935789108,3.3934967517852783,1.119106833904625,0.0038000000000000004,,,,
7968,249,46.568092346191406,42.63645935058594,3.528780937194824,0.38286054134368896,0.019987473264336586,0.012588538229465485,2.309070110321045,0.013318035751581192,2.70125150680542,1.8236429691314697,1.8133999109268188,3.9330177307128906,-0.29383787512779236,3.6444270610809326,1.1547045155946305,0.0074,,,,
9568,299,45.911563873291016,41.94867706298828,3.5907320976257324,0.34654831886291504,0.0256052128970623,0.005124008748680353,2.455674171447754,0.005895434413105249,2.705233573913574,1.7643835544586182,1.756230115890503,4.271977424621582,-0.3722596764564514,3.9023685455322266,1.178838694449809,0.0044,,,,
11168,349,43.32756423950195,38.96317672729492,4.054266929626465,0.2919432520866394,0.018175875768065453,-0.0705304965376854,2.3650765419006348,-0.06975555419921875,2.7029831409454346,0.8991702795028687,1.0157808065414429,4.323487758636475,-0.4421996772289276,3.878746509552002,1.1982900840737718,0.0094,,,,
12768,399,41.8575325012207,37.49919891357422,3.993351697921753,0.3466178774833679,0.018364742398262024,-0.07305268198251724,2.373727321624756,-0.07228010892868042,2.706784963607788,1.1443507671356201,1.254729986190796,4.038999557495117,-0.4283190667629242,3.604581356048584,1.212867887356368,0.0087,,,,
14368,449,44.99195098876953,40.18827819824219,4.398954391479492,0.39699673652648926,0.007722451351583004,0.11510095000267029,2.830047845840454,0.1158771812915802,2.7091522216796875,0.9808710813522339,0.816085696220398,3.7197608947753906,-0.505113959312439,3.2212493419647217,1.2246481223518515,0.0096,,,,
15968,499,33.2110481262207,29.250167846679688,3.6845593452453613,0.25794145464897156,0.018378790467977524,-0.02619349956512451,2.3523192405700684,-0.025424640625715256,2.703418254852295,0.9263206720352173,0.9580681324005127,3.3149030208587646,-0.5642635226249695,2.747514247894287,1.2333345014758048,0.0112,,,,
17568,549,38.15876388549805,33.51949691772461,4.3004255294799805,0.3150455057621002,0.023797128349542618,-0.07010038197040558,2.257781744003296,-0.06933338195085526,2.698214054107666,0.6980610489845276,0.780888020992279,3.155531883239746,-0.6571759581565857,2.4942615032196045,1.2407014920670256,0.0039000000000000003,,,,
19168,599,36.37824630737305,31.671552658081055,4.41431999206543,0.2728499174118042,0.019523119553923607,-0.04179222136735916,2.232593059539795,-0.041019488126039505,2.702925682067871,0.4536149799823761,0.49771517515182495,3.0281484127044678,-0.7339882850646973,2.2910072803497314,1.2466129572420417,0.0063999999999999994,,,,
20768,649,34.1279411315918,29.672565460205078,4.191298961639404,0.24593298137187958,0.0181436687707901,-0.04287275671958923,2.381786346435547,-0.04210154712200165,2.7071850299835205,0.25302648544311523,0.2975924611091614,2.8960862159729004,-0.8190237283706665,2.073915719985962,1.2518803683974875,0.0070999999999999995,,,,
22368,699,31.804729461669922,27.208141326904297,4.29287576675415,0.2902853786945343,0.013427636586129665,0.005458620842546225,2.2110347747802734,0.006239902228116989,2.704482078552246,0.35441887378692627,0.34633392095565796,2.9166970252990723,-0.9281280040740967,1.9883910417556763,1.256665414074326,0.001,,,,
23968,749,37.154476165771484,32.551551818847656,4.403815269470215,0.19267655909061432,0.006433360278606415,-0.006232903804630041,2.154667377471924,-0.005518163554370403,2.6926631927490234,0.16794705390930176,0.17188222706317902,2.7604761123657227,-0.9931384921073914,1.763998031616211,1.2602056570504583,0.004900000000000001,,,,
25568,799,34.48604965209961,29.484453201293945,4.66569709777832,0.3234037160873413,0.012495887465775013,0.0997176393866539,2.669750213623047,0.10049723088741302,2.7048494815826416,0.23279030621051788,0.1307683140039444,2.696533679962158,-1.080302119255066,1.6227023601531982,1.2643499974286028,0.0086,,,,
27168,849,28.733579635620117,23.803895950317383,4.683689594268799,0.23542942106723785,0.010565238073468208,-0.003285191487520933,2.0905418395996094,-0.0025183982215821743,2.6927435398101807,0.11993418633937836,0.12145359069108963,2.6353936195373535,-1.132972002029419,1.4978455305099487,1.2673900527802129,0.0068000000000000005,,,,
28768,899,32.68575668334961,27.946731567382812,4.5203471183776855,0.21324510872364044,0.005431147292256355,-0.014400042593479156,2.4320003986358643,-0.013617676682770252,2.7012789249420166,-0.12307801097631454,-0.10780499875545502,2.508981704711914,-1.1223218441009521,1.389752984046936,1.2702630588361385,0.0017000000000000001,,,,
30368,949,27.371227264404297,22.29100799560547,4.792154788970947,0.2757047414779663,0.012360073626041412,-0.006963156163692474,2.0982861518859863,-0.006191972643136978,2.6954219341278076,-0.14782658219337463,-0.14418405294418335,2.4867143630981445,-1.1173619031906128,1.369451880455017,1.2727366313485868,0.0060999999999999995,,,,
31968,999,28.771100997924805,23.987043380737305,4.5493574142456055,0.2262350469827652,0.008465987630188465,0.004982984624803066,2.262761116027832,0.0057489462196826935,2.7023065090179443,0.029089508578181267,0.02592151053249836,2.4570839405059814,-1.0965996980667114,1.3654801845550537,1.2747376555373993,0.010400000000000003,,,,
33568,1049,29.684385299682617,24.791934967041016,4.742175579071045,0.14834469556808472,0.0019301250576972961,-0.08979856967926025,2.181595802307129,-0.08902305364608765,2.7013275623321533,-0.19618667662143707,-0.11577823013067245,2.353951930999756,-1.1107255220413208,1.2450963258743286,1.2770394982393107,0.0056,,,,
35168,1099,27.486682891845703,22.818401336669922,4.49468994140625,0.17198966443538666,0.0016028692480176687,0.0416603684425354,2.077275037765503,0.042427364736795425,2.702082872390747,-0.12118327617645264,-0.15885251760482788,2.3339481353759766,-1.1440497636795044,1.1913918256759644,1.2793818881190149,0.0060999999999999995,,,,
36768,1149,26.796310424804688,21.840713500976562,4.669449329376221,0.2803238034248352,0.005824473686516285,-0.01670992188155651,1.9293158054351807,-0.01592978835105896,2.694969892501831,-0.11803300678730011,-0.10483052581548691,2.347933769226074,-1.1394093036651611,1.2031961679458618,1.2807575544032668,0.013500000000000002,,,,
38368,1199,26.991592407226562,21.794015884399414,4.936315536499023,0.25002366304397583,0.011238218285143375,-0.012229260057210922,1.9910433292388916,-0.011483770795166492,2.6931235790252686,0.11216292530298233,0.11899799853563309,2.2931697368621826,-1.1241724491119385,1.164137840270996,1.282238846953444,0.0081,,,,
39968,1249,23.43868064880371,18.49456787109375,4.7556023597717285,0.1752447485923767,0.01326582208275795,-0.021850772202014923,2.2628936767578125,-0.021084973588585854,2.703465461730957,0.12018238008022308,0.13692954182624817,2.2391867637634277,-1.1200162172317505,1.1213877201080322,1.2837283237713348,0.0115,,,,
41568,1299,25.628740310668945,20.678733825683594,4.7029643058776855,0.24228927493095398,0.004753442946821451,-0.11778710782527924,2.337434768676758,-0.11703073233366013,2.7007460594177246,-0.43027302622795105,-0.32818105816841125,2.270434856414795,-1.1993962526321411,1.0770602226257324,1.284746480829867,0.0047,,,,
43168,1349,24.008554458618164,19.117979049682617,4.694312572479248,0.18935096263885498,0.006912550888955593,0.02910512499511242,1.7993497848510742,0.029865318909287453,2.7009072303771973,-0.052379097789525986,-0.07925938814878464,2.2668724060058594,-1.2075531482696533,1.058895230293274,1.2863237168887414,0.0104,,,,
44768,1399,28.910531997680664,23.959903717041016,4.7945404052734375,0.15542253851890564,0.0006664919783361256,0.04801506549119949,1.9356852769851685,0.04877973720431328,2.6944940090179443,0.15000925958156586,0.10572022199630737,2.286569833755493,-1.1724941730499268,1.1137617826461792,1.2872096095292014,0.007999999999999998,,,,
46368,1449,24.089885711669922,18.730581283569336,5.114499568939209,0.2379920333623886,0.006813776213675737,-0.0310366190969944,2.0369911193847656,-0.030282141640782356,2.7036333084106445,-0.1904110461473465,-0.16315171122550964,2.3361167907714844,-1.1561517715454102,1.1818363666534424,1.287936326717072,0.006600000000000001,,,,
47968,1499,23.960811614990234,18.87129783630371,4.84902286529541,0.23007164895534515,0.010418647900223732,-0.013667664490640163,2.0281033515930176,-0.012899001128971577,2.6986474990844727,-0.25960421562194824,-0.24987201392650604,2.3911125659942627,-1.191527009010315,1.1987780332565308,1.288831414146724,0.007600000000000001,,,,
49568,1549,19.957212448120117,14.978410720825195,4.793047904968262,0.1812695562839508,0.004486979451030493,-0.016506807878613472,2.082043170928955,-0.015745827928185463,2.7023611068725586,-0.037513893097639084,-0.026660624891519547,2.3017988204956055,-1.159913182258606,1.1397700309753418,1.2898044138267166,0.0067,,,,
51168,1599,21.331329345703125,16.447107315063477,4.67416524887085,0.20568914711475372,0.004368775524199009,0.025780275464057922,1.8593910932540894,0.026554718613624573,2.7048466205596924,0.004945062100887299,-0.01914828270673752,2.269794225692749,-1.1156319379806519,1.154428243637085,1.291606728208161,0.0006000000000000001,,,,
52768,1649,22.2569637298584,17.32383918762207,4.797051906585693,0.13268302381038666,0.0033891969360411167,-0.009428834542632103,1.8717613220214844,-0.008674310520291328,2.704744815826416,-0.14456315338611603,-0.13987380266189575,2.2091617584228516,-1.1393446922302246,1.066245198249817,1.2926870863895517,0.008799999999999999,,,,
54368,1699,19.823030471801758,14.803849220275879,4.829882621765137,0.18628428876399994,0.0030145258642733097,-0.023035835474729538,2.094160556793213,-0.022277316078543663,2.7081425189971924,-0.1533980816602707,-0.1386268436908722,2.0690510272979736,-1.0676647424697876,1.006914734840393,1.2937751556642656,0.005199999999999999,,,,
55968,1749,21.8485164642334,16.572017669677734,5.108490943908691,0.16542862355709076,0.0025814047548919916,-0.005136905238032341,1.79876708984375,-0.004357721656560898,2.709730625152588,-0.20565767586231232,-0.20274317264556885,2.121018171310425,-1.0655443668365479,1.052020788192749,1.294933832096483,0.011,,,,
57568,1799,20.81131935119629,15.864537239074707,4.8070783615112305,0.13515408337116241,0.004549233242869377,-0.02507069893181324,1.794931411743164,-0.02430596388876438,2.696364402770996,-0.11930930614471436,-0.10129129886627197,2.0892157554626465,-1.0720882415771484,1.0176907777786255,1.2956870448014046,0.0025,,,,
59168,1849,24.32640838623047,19.03325843811035,5.123834609985352,0.16547828912734985,0.0038374830037355423,-0.011951729655265808,1.7298096418380737,-0.011201918125152588,2.7000770568847656,-0.15884488821029663,-0.15105900168418884,2.016557216644287,-1.0545263290405273,0.9599555134773254,1.2963905080353506,0.005600000000000001,,,,
60768,1899,22.59257698059082,17.25575828552246,5.215850830078125,0.11516924947500229,0.00579766184091568,-0.03804432228207588,1.7196882963180542,-0.037289634346961975,2.6997077465057373,-0.14225339889526367,-0.11365307122468948,2.0750956535339355,-1.0655585527420044,1.0083885192871094,1.2968250760068771,0.0070999999999999995,,,,
62368,1949,18.683349609375,13.689024925231934,4.81207799911499,0.17723332345485687,0.005014008842408657,0.05545283481478691,2.000267505645752,0.05621390789747238,2.6991212368011475,-0.03833942115306854,-0.07967151701450348,2.049403190612793,-1.0879429578781128,0.9633840322494507,1.297446384935704,0.0045,,,,
63968,1999,23.429197311401367,17.50844383239746,5.692766189575195,0.21847668290138245,0.009510887786746025,0.015126229263842106,1.818843126296997,0.015889972448349,2.6995596885681152,-0.05314590409398079,-0.063963882625103,2.0123491287231445,-1.0716711282730103,0.941055417060852,1.2978640681079436,0.0066,,,,
65568,2049,22.25660514831543,16.236379623413086,5.789612293243408,0.21593044698238373,0.014682966284453869,0.0009575058938935399,2.3336405754089355,0.000980260199867189,0.07943098992109299,-0.0687657818198204,-0.07014307379722595,1.9601140022277832,-0.6290406584739685,1.3303004503250122,1.2983289935018645,-0.005600000000000001,,,,
67168,2099,17.60694122314453,12.793977737426758,4.641290664672852,0.16535092890262604,0.006321781314909458,0.0018227706896141171,2.031045436859131,0.0018458387348800898,0.07944511622190475,-0.018665965646505356,-0.0792800635099411,2.114423990249634,-0.6478761434555054,1.462445855140686,1.2990943589587218,-0.0035000000000000005,,,,
68768,2149,28.756101608276367,22.830093383789062,5.753093242645264,0.16911080479621887,0.003803495317697525,-0.0008851916645653546,1.667053461074829,-0.0008623787434771657,0.07958120107650757,-0.0969960018992424,-0.07471144199371338,1.7987985610961914,-0.639135479927063,1.1573506593704224,1.2995386691805602,-0.0018,,,,
70368,2199,25.34990882873535,19.718151092529297,5.367710590362549,0.25385966897010803,0.010187359526753426,0.0016862634802237153,1.6902413368225098,0.0017090569017454982,0.07949667423963547,0.09228156507015228,0.042594630271196365,1.7467701435089111,-0.6869726181030273,1.0637905597686768,1.2999193200919683,-0.0034000000000000002,,,,
71968,2249,29.798873901367188,24.1478214263916,5.492726802825928,0.1481938362121582,0.010131407529115677,0.0007589865708723664,1.7370021343231201,0.0007815365679562092,0.07953964918851852,-0.05713898688554764,-0.05197109282016754,1.781324863433838,-0.6583414673805237,1.1278624534606934,1.300444369933817,-0.0048000000000000004,,,,
73568,2299,27.518449783325195,21.663436889648438,5.718857765197754,0.13165396451950073,0.004501466639339924,-0.0015834136866033077,1.6060829162597656,-0.0015578673919662833,0.08826526254415512,-0.1730421930551529,-0.12399429827928543,1.6568818092346191,-0.6825668811798096,0.9741564393043518,1.3006681956663073,-0.004900000000000001,,,,
75168,2349,19.98273277282715,15.21624755859375,4.602157115936279,0.157573863863945,0.006753225810825825,0.0023457545321434736,2.1708872318267822,0.002367835957556963,0.07939687371253967,0.514832079410553,0.43022865056991577,2.660740852355957,-0.5843662023544312,2.081306219100952,1.3011762052686422,0.0024,,,,
76768,2399,18.572357177734375,14.323863983154297,4.099121570587158,0.14761388301849365,0.0017588778864592314,0.0015295229386538267,2.2300162315368652,0.0015517675783485174,0.0794004499912262,0.665806233882904,0.5403720736503601,2.935922145843506,-0.6002940535545349,2.340573310852051,1.3015304220973642,0.007199999999999999,,,,
78368,2449,17.11780548095703,12.060958862304688,4.884771347045898,0.1697058081626892,0.00236853351816535,0.001118771848268807,1.945958137512207,0.0011413800530135632,0.07956744730472565,0.42084887623786926,0.370478093624115,2.8472442626953125,-0.6117020845413208,2.2388365268707275,1.3019686432276774,0.0030999999999999995,,,,
79968,2499,19.7415771484375,14.605426788330078,4.940637588500977,0.1883375346660614,0.007174580357968807,0.0019669949542731047,1.9185688495635986,0.0019902721978724003,0.0820867121219635,0.46509474515914917,0.42144882678985596,2.7514519691467285,-0.6325388550758362,2.1131372451782227,1.3027515948062147,0.0039,,,,
81568,2549,17.43332290649414,12.778314590454102,4.492321491241455,0.15794475376605988,0.004742128774523735,0.001560795702971518,2.179137706756592,0.0015938328579068184,0.1157664805650711,1.2998993396759033,1.2265924215316772,4.333349227905273,-0.6027533411979675,3.73394775390625,1.1923454875601127,0.012100000000000001,,,,
83168,2599,18.841400146484375,14.048737525939941,4.610077381134033,0.17047595977783203,0.012107421644032001,0.0038531317841261625,2.1425228118896484,0.0038842421490699053,0.10958186537027359,2.05987811088562,1.8541165590286255,5.717442989349365,-0.6896846890449524,5.036508560180664,1.19454166083262,0.0095,,,,
84768,2649,23.790964126586914,18.039657592773438,5.559342861175537,0.18072344362735748,0.011239754967391491,0.0024979959707707167,2.032855749130249,0.002564295195043087,0.2276601344347,1.4307870864868164,1.3954321146011353,6.483151435852051,-0.7132562398910522,5.772757530212402,1.196811706633572,0.008299999999999998,,,,
86368,2699,20.72793960571289,15.863611221313477,4.7252912521362305,0.1309751719236374,0.008061752654612064,0.006242022383958101,2.203141689300537,0.0063647739589214325,0.43912291526794434,2.0328140258789062,1.903780460357666,7.207920551300049,-0.524770975112915,6.68704891204834,1.1991177581471866,0.0052,,,,
87968,2749,20.793699264526367,15.315831184387207,5.281957626342773,0.19027534127235413,0.0056338016875088215,0.0009660277864895761,2.2579572200775146,0.0010581559035927057,0.31790053844451904,2.6732161045074463,2.635321855545044,7.885230541229248,-0.24841521680355072,7.638877868652344,1.201121035984005,0.0106,,,,
89568,2799,16.26943588256836,11.371800422668457,4.702511787414551,0.18921005725860596,0.005911937914788723,0.008393733762204647,2.311985969543457,0.008471288718283176,0.2650367319583893,4.382827281951904,4.058281421661377,7.492516040802002,0.08049316704273224,7.569828987121582,1.2032069269638745,0.0095,,,,
91168,2849,24.51650047302246,18.473731994628906,5.792154312133789,0.23634368181228638,0.014270292595028877,0.0035865099634975195,2.0021677017211914,0.0036713858135044575,0.2903729975223541,3.15281343460083,2.9889912605285645,7.694021701812744,-0.05389820411801338,7.641585350036621,1.205279396312009,0.005199999999999999,,,,
92768,2899,16.368127822875977,10.928321838378906,5.294447898864746,0.1391100138425827,0.006246892735362053,0.0039528063498437405,1.9058732986450195,0.0040337820537388325,0.27962759137153625,3.664198875427246,3.53914213180542,8.140375137329102,-0.21141059696674347,7.942351341247559,1.207117261032864,0.009600000000000001,,,,
94368,2949,19.05267333984375,13.60990047454834,5.262460708618164,0.17121535539627075,0.009098745882511139,0.005522190127521753,2.386549472808838,0.005616387818008661,0.3330095708370209,2.742832660675049,2.5470871925354004,8.472753524780273,-0.24856039881706238,8.225543975830078,1.2090624428581302,0.0053,,,,
95968,2999,16.243412017822266,11.441277503967285,4.654019355773926,0.1413285881280899,0.0067862458527088165,0.00018089465447701514,2.2262916564941406,0.00026722048642113805,0.30105048418045044,2.8118038177490234,2.7523858547210693,8.392240524291992,-0.21306003630161285,8.186036109924316,1.2107346067050238,0.006999999999999999,,,,
97568,3049,17.4287166595459,12.818371772766113,4.506774425506592,0.10289826989173889,0.00067329645389691,0.0018536328570917249,2.3285012245178223,0.0019527820404618979,0.3462761342525482,2.8827831745147705,2.777205467224121,8.310930252075195,-0.2367422729730606,8.084291458129883,1.2125155817057987,0.009800000000000001,,,,
99168,3099,18.145376205444336,12.954172134399414,5.030975341796875,0.1532411277294159,0.006989012472331524,0.005270416848361492,2.860976219177246,0.005327536724507809,0.19688664376735687,2.9971985816955566,2.7400104999542236,7.872392654418945,-0.03635947033762932,7.827454566955566,1.214172268167006,0.007600000000000001,,,,
100768,3149,19.354448318481445,13.623343467712402,5.59733772277832,0.13104906678199768,0.002720384392887354,0.004777854308485985,2.100095748901367,0.0048569366335868835,0.27354663610458374,3.664956569671631,3.4961769580841064,7.254576683044434,0.04040242359042168,7.300539970397949,1.2158279546586503,0.0053,,,,
102368,3199,17.171262741088867,12.218823432922363,4.8367486000061035,0.11087305843830109,0.004818578250706196,-2.597009006422013e-05,2.1994829177856445,4.3050786189269274e-05,0.2392740100622177,3.165592670440674,3.146685838699341,6.987101078033447,-0.09360361099243164,6.9036784172058105,1.2173633575252454,0.008399999999999998,,,,
103968,3249,20.054826736450195,13.477985382080078,6.361147403717041,0.2036290466785431,0.012066357769072056,-0.002559475600719452,2.152482271194458,-0.002466972917318344,0.3191847503185272,2.693777561187744,2.709080219268799,7.458754539489746,-0.28501096367836,7.182474136352539,1.2188780269326385,0.008400000000000001,,,,
105568,3299,13.37720012664795,8.851364135742188,4.37813663482666,0.14387907087802887,0.0038206949830055237,0.0008826124249026179,2.0032520294189453,0.0009816251695156097,0.3498121201992035,3.481039047241211,3.4084982872009277,8.305524826049805,-0.3020692467689514,8.011017799377441,1.2203972245806658,0.013300000000000001,,,,
107168,3349,17.88909149169922,12.283204078674316,5.437163352966309,0.16339269280433655,0.005331019405275583,-0.002034603850916028,2.010932445526123,-0.0019342408049851656,0.34885433316230774,3.2280802726745605,3.2650604248046875,9.326924324035645,-0.37197715044021606,8.947972297668457,1.2219445788366867,0.013900000000000001,,,,
108768,3399,18.01972198486328,11.792084693908691,5.998852252960205,0.21407142281532288,0.014712797477841377,-0.0013976373011246324,1.7874860763549805,-0.0013067753752693534,0.318681925535202,2.988983154296875,2.9791758060455322,9.965422630310059,-0.4005482792854309,9.562681198120117,1.2233158238971713,0.013,,,,
110368,3449,18.338260650634766,13.563079833984375,4.694647312164307,0.07712148129940033,0.0034116129390895367,-0.0018554053967818618,1.7475240230560303,-0.001765366643667221,0.323123961687088,3.9471378326416016,3.9676263332366943,10.18799877166748,-0.4095457196235657,9.790007591247559,1.2247125706757118,0.0099,,,,
111968,3499,16.41002655029297,10.692245483398438,5.506069660186768,0.1967766433954239,0.014933730475604534,-0.003673525294288993,1.9735952615737915,-0.003583363490179181,0.32818207144737244,3.2138922214508057,3.308232545852661,9.897225379943848,-0.44977647066116333,9.445363998413086,1.2260934716658587,0.015099999999999997,,,,
113568,3549,14.405091285705566,8.824698448181152,5.289175510406494,0.2853802740573883,0.005836208816617727,0.0007705492898821831,2.240891933441162,0.0008717593736946583,0.3553294837474823,2.7849130630493164,2.6980133056640625,9.708699226379395,-0.45283496379852295,9.258317947387695,1.2274034076492808,0.011600000000000001,,,,
115168,3599,15.773543357849121,10.53787612915039,5.006143569946289,0.2179163545370102,0.011607222259044647,-0.0013734980020672083,1.9667154550552368,-0.0012633659644052386,0.3906431794166565,2.361948251724243,2.408808708190918,8.963778495788574,-0.4270675778388977,8.525965690612793,1.2286751890785064,0.0141,,,,
116768,3649,16.52588653564453,11.086034774780273,5.2413177490234375,0.19416698813438416,0.004367678426206112,-0.0018741667736321688,1.9246342182159424,-0.0017779346089810133,0.34412920475006104,2.1815831661224365,2.209881067276001,7.747938632965088,-0.4058382511138916,7.325788974761963,1.2299271767911844,0.011800000000000001,,,,
118368,3699,20.12950325012207,14.586670875549316,5.319911003112793,0.2104296237230301,0.012490564957261086,-0.00020922499243170023,2.10520339012146,-0.00010672578355297446,0.35843050479888916,1.5625009536743164,1.519836187362671,7.040389537811279,-0.40534380078315735,6.626651763916016,1.2310681974045619,0.0185,,,,
119968,3749,15.522224426269531,9.753996849060059,5.554899215698242,0.20309455692768097,0.010234354995191097,3.6321427614893764e-05,2.0845954418182373,0.00012483741738833487,0.31295880675315857,1.819295048713684,1.7705987691879272,6.39577579498291,-0.4077574908733368,5.9798712730407715,1.2322952717186653,0.0147,,,,
121568,3799,14.39223575592041,9.63226318359375,4.599303245544434,0.15380151569843292,0.0068675195798277855,-0.0006911013624630868,1.9330885410308838,-0.0005697117885574698,0.43059855699539185,1.9420995712280273,1.9091527462005615,6.20603609085083,-0.38419288396835327,5.821897029876709,1.2333691572503631,0.0147,,,,
123168,3849,16.117698669433594,10.689207077026367,5.258617877960205,0.16499827802181244,0.004875887650996447,-0.0006160233169794083,2.0961475372314453,-0.0005055497167631984,0.398244172334671,1.9933478832244873,1.9734125137329102,6.672433376312256,-0.34480389952659607,6.334155559539795,1.234528342244516,0.0097,,,,
124768,3899,15.424253463745117,9.50234603881836,5.702524662017822,0.21126338839530945,0.008119625970721245,0.006377960089594126,2.121856451034546,0.0065090227872133255,0.46504127979278564,2.2876131534576416,2.095201015472412,6.719590663909912,-0.33782827854156494,6.4069366455078125,1.2357069014815165,0.009800000000000001,,,,
126368,3949,17.363359451293945,11.72182559967041,5.440774917602539,0.19210851192474365,0.00864892452955246,-0.004960254766047001,1.8756338357925415,-0.004825865849852562,0.4864473342895508,2.236231565475464,2.2881007194519043,6.955338954925537,-0.3418580889701843,6.617068767547607,1.2367608381979225,0.013800000000000002,,,,
127968,3999,18.195812225341797,12.037201881408691,5.973305702209473,0.18070729076862335,0.004596332553774118,0.008781875483691692,1.987505316734314,0.008944546803832054,0.56451815366745,2.0363571643829346,1.8500428199768066,6.878777980804443,-0.332445353269577,6.55608606338501,1.237825572006561,0.012700000000000001,,,,
129568,4049,13.033585548400879,8.088483810424805,4.803208351135254,0.13722728192806244,0.0046659247018396854,0.002782824682071805,1.9435120820999146,0.002909343456849456,0.4569351077079773,2.9715590476989746,2.8846023082733154,7.448060512542725,-0.3307218849658966,7.123600482940674,1.2388731901737082,0.009300000000000001,,,,
131168,4099,17.465641021728516,11.132179260253906,6.155852317810059,0.17636199295520782,0.0012473254464566708,0.004849008750170469,2.17726731300354,0.00496581569314003,0.42173391580581665,3.3030388355255127,3.0682384967803955,8.036510467529297,-0.30372458696365356,7.749543190002441,1.239812597301056,0.0041,,,,
132768,4149,16.146194458007812,10.739566802978516,5.225688934326172,0.1778583973646164,0.0030799293890595436,-0.0017908628797158599,2.1643824577331543,-0.0016520225908607244,0.5490270853042603,1.6951448917388916,1.6929880380630493,8.483722686767578,-0.30411985516548157,8.17694091796875,1.2408024498403896,0.0108,,,,
134368,4199,14.568154335021973,9.234169006347656,5.210672378540039,0.12123444676399231,0.002077647252008319,-0.002256248379126191,2.0050787925720215,-0.0021288665011525154,0.4477638304233551,2.768913745880127,2.7637438774108887,8.774808883666992,-0.30850914120674133,8.462591171264648,1.2417576680740234,0.014399999999999998,,,,
135968,4249,12.931770324707031,7.7730536460876465,4.9849982261657715,0.16700582206249237,0.006712892092764378,-0.0030521417502313852,1.835432529449463,-0.002939459402114153,0.4027397036552429,2.5204763412475586,2.5462870597839355,8.941241264343262,-0.3313874900341034,8.609842300415039,1.2427177265734435,0.015400000000000002,,,,
137568,4299,16.35776138305664,10.560304641723633,5.5993971824646,0.1885933130979538,0.009465385228395462,-0.005483587738126516,2.2238998413085938,-0.005297589115798473,0.6726617813110352,1.644674301147461,1.7003698348999023,8.703245162963867,-0.37122461199760437,8.33712100982666,1.2436372199533448,0.0112,,,,
139168,4349,17.511259078979492,11.59406852722168,5.657644748687744,0.25579482316970825,0.0037513014394789934,-0.0009320807293988764,1.9719969034194946,-0.0008013614569790661,0.459278404712677,2.9641315937042236,2.992666244506836,7.774529933929443,-0.37673869729042053,7.3962273597717285,1.2445248107866522,0.01,,,,
140768,4399,16.723997116088867,10.417218208312988,6.084529876708984,0.2183133065700531,0.003936117980629206,-0.002775917761027813,1.8836671113967896,-0.0026299229357391596,0.5150008201599121,2.7956583499908447,2.7998266220092773,7.305065631866455,-0.36854538321495056,6.935917377471924,1.2454908816598658,0.0074,,,,
142368,4449,16.14374351501465,10.49916934967041,5.480312347412109,0.15881849825382233,0.005442666355520487,7.729307981207967e-05,2.182116746902466,0.00023688573855906725,0.5618611574172974,1.956218957901001,1.9385181665420532,6.7468061447143555,-0.34933605790138245,6.395671367645264,1.2464285103671777,0.012100000000000001,,,,
143968,4499,17.122209548950195,10.894392013549805,6.015905380249023,0.20099598169326782,0.010915568098425865,0.0012059203581884503,2.026034355163574,0.0013267610920593143,0.430586576461792,2.2276787757873535,2.1756045818328857,6.728521823883057,-0.3558941185474396,6.370546340942383,1.2472095739798652,0.009399999999999999,,,,
145568,4549,14.353460311889648,8.67184829711914,5.574463367462158,0.10510843992233276,0.0020407771226018667,-0.0022759120911359787,1.7792015075683594,-0.0021526231430470943,0.4518130421638489,2.249011516571045,2.285722494125366,6.3368000984191895,-0.3529440462589264,5.982189178466797,1.2480801288706935,0.010700000000000001,,,,
147168,4599,17.377918243408203,11.308514595031738,5.892568588256836,0.17329679429531097,0.0035377785097807646,0.004205914214253426,2.2846720218658447,0.004325439687818289,0.4400181174278259,2.1289031505584717,2.0183093547821045,6.329300880432129,-0.33902209997177124,5.9972333908081055,1.2488754604980892,0.016599999999999997,,,,
148768,4649,15.776982307434082,9.690116882324219,5.937039852142334,0.14461302757263184,0.005211925599724054,-0.0027982154861092567,2.098788261413574,-0.002637729048728943,0.563483715057373,1.840967059135437,1.8453677892684937,6.4275641441345215,-0.38798144459724426,6.0283355712890625,1.2496723698649768,0.013,,,,
150368,4699,13.924575805664062,8.226898193359375,5.461689472198486,0.2270798683166504,0.008909057825803757,0.0019131286535412073,2.194739818572998,0.0020373358856886625,0.43923696875572205,1.4122470617294312,1.3385822772979736,6.229758262634277,-0.3583393096923828,5.860915184020996,1.2504009842511525,0.013099999999999999,,,,
151968,4749,14.053433418273926,8.451760292053223,5.428292751312256,0.16925473511219025,0.004126163199543953,-5.7169454521499574e-05,2.005497932434082,6.633379962295294e-05,0.45330947637557983,1.560304880142212,1.5388438701629639,6.070086479187012,-0.3635689914226532,5.698684215545654,1.2511717343677229,0.0065,,,,
153568,4799,14.175756454467773,8.394229888916016,5.64705753326416,0.13056404888629913,0.0039052271749824286,0.003887656144797802,2.053525447845459,0.004021922126412392,0.48976439237594604,2.0792956352233887,1.9815579652786255,5.87882661819458,-0.3802350163459778,5.512283802032471,1.2519122871931565,0.0143,,,,
155168,4849,15.823173522949219,9.779781341552734,5.806969165802002,0.22689931094646454,0.009523885324597359,0.008195302449166775,2.2668893337249756,0.008336086757481098,0.4990552067756653,2.0312917232513428,1.928561806678772,5.723602294921875,-0.4032883942127228,5.323266506195068,1.2526805114531496,0.0104,,,,
156768,4899,14.736285209655762,9.052446365356445,5.4685869216918945,0.21168862283229828,0.0035633407533168793,-0.0032830352429300547,2.2037291526794434,-0.0031443422194570303,0.5000929832458496,1.338892936706543,1.3410999774932861,5.813432693481445,-0.39750269055366516,5.4124979972839355,1.253365419138391,0.011699999999999999,,,,
158368,4949,16.10424041748047,10.057719230651855,5.908260345458984,0.13784271478652954,0.0004178596136625856,0.008069735951721668,2.110118865966797,0.00819539837539196,0.4469350576400757,2.5130841732025146,2.347158670425415,6.105874538421631,-0.3656119108200073,5.751751899719238,1.2540739620780825,0.013099999999999999,,,,
159968,4999,15.720843315124512,9.775640487670898,5.774467945098877,0.16824060678482056,0.0024945230688899755,-1.79263370228e-05,1.9746978282928467,0.00011952786735491827,0.5028446912765503,1.8008912801742554,1.8412562608718872,6.411502838134766,-0.373035728931427,6.032861709594727,1.254800171805964,0.011899999999999999,,,,
161568,5049,17.30760383605957,10.695700645446777,6.1843581199646,0.399877667427063,0.027668846771121025,-0.001206895336508751,1.924175500869751,-0.0010495546739548445,0.5523510575294495,2.6596131324768066,2.6408162117004395,6.4894633293151855,-0.3791593313217163,6.11313533782959,1.1967866761918498,0.0175,,,,
163168,5099,12.9644193649292,7.013622283935547,5.766887187957764,0.17765960097312927,0.006249336060136557,-0.006226633209735155,1.8972115516662598,-0.006080328952521086,0.5131493806838989,1.5542097091674805,1.6407164335250854,6.664664268493652,-0.38383856415748596,6.279531478881836,1.1979071849569831,0.0128,,,,
164768,5149,12.709141731262207,7.31583309173584,5.226081371307373,0.1652330756187439,0.0019951092544943094,0.0010846207151189446,2.3012502193450928,0.001204116502776742,0.428557813167572,2.1674206256866455,1.9824446439743042,7.086725234985352,-0.3761740028858185,6.730922222137451,1.1990077648996542,0.0148,,,,
166368,5199,14.276346206665039,8.012319564819336,6.030155181884766,0.223007470369339,0.010864459909498692,-0.0016681193374097347,2.0625224113464355,-0.0015109912492334843,0.5631094574928284,1.907426357269287,1.8749961853027344,7.216378211975098,-0.3819085359573364,6.834272861480713,1.2001092384295715,0.011,,,,
167968,5249,18.273908615112305,11.404214859008789,6.6580729484558105,0.20681282877922058,0.004808362107723951,0.0012109787203371525,2.0694854259490967,0.0013734768144786358,0.5648164749145508,1.7023773193359375,1.6338536739349365,7.417553424835205,-0.3706904351711273,7.044006824493408,1.2010892788271383,0.0172,,,,
169568,5299,19.87369155883789,12.846651077270508,6.765038013458252,0.25443464517593384,0.007568370550870895,-0.002372756600379944,1.9614392518997192,-0.002225735690444708,0.5311925411224365,2.379326820373535,2.378319501876831,7.7004780769348145,-0.3492002487182617,7.358023643493652,1.2021869614694767,0.012,,,,
171168,5349,18.395671844482422,12.212258338928223,5.887077808380127,0.29084208607673645,0.005492495838552713,-0.005148883908987045,1.9293880462646484,-0.004974053241312504,0.6064850687980652,1.6426782608032227,1.6794413328170776,7.566566467285156,-0.37396711111068726,7.175973415374756,1.2032680423008921,0.0149,,,,
172768,5399,17.93053436279297,10.900028228759766,6.7647247314453125,0.25402960181236267,0.011750232428312302,0.0021938930731266737,1.9104716777801514,0.002351278206333518,0.5457764863967896,2.4717462062835693,2.444581985473633,7.465506553649902,-0.3642950654029846,7.1001081466674805,1.2042465563324682,0.017299999999999996,,,,
174368,5449,20.226131439208984,13.503703117370605,6.604084491729736,0.11819307506084442,0.00015098696167115122,0.0013099599163979292,2.2534146308898926,0.001465287758037448,0.5451555848121643,1.9741653203964233,1.9848339557647705,7.290396690368652,-0.3449961245059967,6.93526554107666,1.205261912718056,0.0105,,,,
175968,5499,17.689395904541016,10.839973449707031,6.634842872619629,0.20780402421951294,0.006776708178222179,0.00038816320011392236,2.047870635986328,0.0005669003585353494,0.6272411346435547,1.845829963684082,1.7389899492263794,6.6991801261901855,-0.3257492780685425,6.388533115386963,1.2062335152916772,0.0157,,,,
177568,5549,12.381808280944824,7.13077974319458,5.107053756713867,0.13986925780773163,0.004105749540030956,0.0026530688628554344,2.1489858627319336,0.0028069212567061186,0.5357317328453064,2.0309059619903564,1.9397927522659302,6.694877624511719,-0.32205793261528015,6.374764442443848,1.2072207154024646,0.0173,,,,
179168,5599,18.756288528442383,11.84456729888916,6.667696952819824,0.23116977512836456,0.012852923013269901,-0.0030749705620110035,1.947500467300415,-0.0029188478365540504,0.5399437546730042,2.4793620109558105,2.444021701812744,6.552125930786133,-0.35320839285850525,6.195199966430664,1.2082166425232652,0.0133,,,,
180768,5649,14.917155265808105,9.657979965209961,5.039599418640137,0.21231870353221893,0.0072571211494505405,-0.003601462347432971,2.0719194412231445,-0.0034587224945425987,0.50963294506073,2.2939507961273193,2.277824640274048,6.625215530395508,-0.3428042232990265,6.289046764373779,1.2091044657610923,0.0115,,,,
182368,5699,18.995935440063477,11.678470611572266,7.101611614227295,0.21363717317581177,0.0022166785784065723,-0.0006502122851088643,2.2607581615448,-0.0005387351266108453,0.39797908067703247,2.6494340896606445,2.4341375827789307,6.72335958480835,-0.3427360951900482,6.405756950378418,1.2100228324134676,0.0095,,,,
183968,5749,15.313887596130371,8.138105392456055,6.935157775878906,0.23407147824764252,0.006553078535944223,0.002417774870991707,2.1158065795898438,0.0025369045324623585,0.419376403093338,2.0682129859924316,1.999394416809082,7.00797700881958,-0.31916043162345886,6.696645736694336,1.2108999030115,0.0065,,,,
185568,5799,16.535036087036133,9.400144577026367,6.965623378753662,0.16129381954669952,0.007974454201757908,-0.000774947926402092,1.9419708251953125,-0.000658523989841342,0.4024147689342499,2.073277473449707,2.071580648422241,7.001201629638672,-0.3243747651576996,6.665558338165283,1.211738276701297,0.012600000000000002,,,,
187168,5849,17.8139591217041,10.780875205993652,6.82036018371582,0.20622824132442474,0.006496396381407976,-0.0016239192336797714,2.020657777786255,-0.0015002565924078226,0.45332613587379456,2.3858346939086914,2.3810532093048096,6.584846496582031,-0.3594348728656769,6.221627235412598,1.2126229726865334,0.014,,,,
188768,5899,19.656288146972656,12.443921089172363,6.983819484710693,0.22369413077831268,0.00485512288287282,0.0004340591549407691,2.1706039905548096,0.0005415452178567648,0.38247960805892944,1.9954404830932617,1.9397886991500854,6.488235950469971,-0.36412689089775085,6.12163782119751,1.2134909559843297,0.0124,,,,
190368,5949,14.985956192016602,9.040458679199219,5.719210624694824,0.2212020456790924,0.0050848377868533134,0.0016582701355218887,2.0581564903259277,0.0017747788224369287,0.4090368449687958,2.120893716812134,2.1007165908813477,6.363107681274414,-0.3571567237377167,6.003582000732422,1.214386819760974,0.004399999999999999,,,,
191968,5999,18.434335708618164,12.400760650634766,5.840459823608398,0.18567922711372375,0.007437046617269516,-0.002136377152055502,2.036438465118408,-0.002003136556595564,0.46810203790664673,1.5462509393692017,1.557489275932312,6.320266246795654,-0.38579171895980835,5.9206929206848145,1.2152013975825866,0.010700000000000001,,,,
193568,6049,14.891448974609375,8.57461166381836,6.076411247253418,0.236750528216362,0.003675696440041065,0.014746873639523983,2.3520641326904297,0.014881053939461708,0.47268274426460266,2.3357503414154053,2.072577476501465,6.282060623168945,-0.3627343773841858,5.921091556549072,1.2160223653299944,0.0078000000000000005,,,,
195168,6099,16.18499755859375,9.44727897644043,6.468473434448242,0.26221784949302673,0.0070264097303152084,0.0051006292924284935,2.247582197189331,0.005205443128943443,0.37282058596611023,2.392159938812256,2.251408815383911,6.415804862976074,-0.37046894431114197,6.048999786376953,1.2168274023577539,0.0091,,,,
196768,6149,15.229633331298828,9.207180976867676,5.809549331665039,0.20832130312919617,0.004581599496304989,-0.007984808646142483,1.818237066268921,-0.007833704352378845,0.5260757207870483,2.6848459243774414,2.748405694961548,6.504971504211426,-0.3751658797264099,6.1237874031066895,1.2176833893784942,0.009600000000000001,,,,
198368,6199,18.308122634887695,11.287958145141602,6.765225410461426,0.24720138311386108,0.00773540697991848,-0.007174596656113863,2.1057915687561035,-0.007039570715278387,0.47538211941719055,1.8344299793243408,1.8620123863220215,6.558912754058838,-0.36580875515937805,6.1864333152771,1.2184701491239514,0.0091,,,,
199968,6249,14.350178718566895,8.38827133178711,5.752993106842041,0.19654685258865356,0.012367954477667809,0.006138639058917761,2.131349802017212,0.006270460784435272,0.46743717789649963,2.552140712738037,2.3723747730255127,6.618024826049805,-0.3684825301170349,6.250488758087158,1.2192554155165831,0.0105,,,,
201568,6299,16.195682525634766,9.245087623596191,6.7405619621276855,0.20142260193824768,0.008612488396465778,-0.001763135427609086,1.9843244552612305,-0.0016061164205893874,0.5446966886520386,2.589332103729248,2.625208854675293,6.535346984863281,-0.3679058849811554,6.163351058959961,1.2200378222560768,0.004,,,,
203168,6349,12.98076343536377,7.607883453369141,5.206896781921387,0.16011942923069,0.0058646006509661674,-0.0054898131638765335,2.018747329711914,-0.0053546493873000145,0.4713456332683563,2.1376452445983887,2.140995502471924,6.61336088180542,-0.36573055386543274,6.246006488800049,1.2207780227957503,0.0040999999999999995,,,,
204768,6399,12.00037670135498,6.521250247955322,5.319426536560059,0.15848667919635773,0.0012130395043641329,-0.0006186405080370605,1.981952428817749,-0.0004931017756462097,0.4456298351287842,1.975566029548645,1.9589375257492065,6.706716060638428,-0.3625437915325165,6.336801528930664,1.2215440591737998,0.009,,,,
206368,6449,17.829750061035156,11.570934295654297,6.097331523895264,0.15797431766986847,0.003509190632030368,-0.0021771369501948357,1.8184254169464111,-0.002030951203778386,0.5131474733352661,1.6672393083572388,1.675590991973877,6.728730201721191,-0.3686760365962982,6.352665424346924,1.2221799178628552,0.0073999999999999995,,,,
207968,6499,18.63149070739746,11.364964485168457,7.123457431793213,0.1373881846666336,0.0056798080913722515,-0.003514097072184086,1.818307876586914,-0.0033753197640180588,0.4866394102573395,1.9269952774047852,1.9430865049362183,6.850633144378662,-0.3842693567276001,6.457691669464111,1.2228800619271565,0.01,,,,
209568,6549,14.572627067565918,8.66511344909668,5.701315879821777,0.2034512758255005,0.002746961545199156,-0.0010303020244464278,1.7663042545318604,-0.0008876390056684613,0.5193320512771606,2.547658920288086,2.5196328163146973,6.955779075622559,-0.40168970823287964,6.560924530029297,1.2236168097280236,0.013000000000000001,,,,
211168,6599,21.254484176635742,13.959999084472656,7.07274866104126,0.2108938843011856,0.010843619704246521,-0.0008879791712388396,1.9199488162994385,-0.0007534736068919301,0.4815588593482971,1.6495050191879272,1.644184947013855,7.2044358253479,-0.39578989148139954,6.809184551239014,1.2242409014504372,0.0091,,,,
212768,6649,14.840150833129883,9.333296775817871,5.340176582336426,0.16260583698749542,0.0040708621963858604,-0.00010014884901465848,1.9584407806396484,7.166987779783085e-05,0.6177616119384766,2.1174075603485107,2.087827444076538,7.574560165405273,-0.3899034261703491,7.1881022453308105,1.2249977948148483,0.0123,,,,
214368,6699,16.931577682495117,10.845183372497559,5.926223278045654,0.15760986506938934,0.0025621899403631687,-0.00010362424654886127,2.0343198776245117,3.716960782185197e-05,0.5169153213500977,2.6381947994232178,2.5518088340759277,7.4091477394104,-0.3973362445831299,7.012506484985352,1.2257393916981418,0.0125,,,,
215968,6749,15.95791244506836,9.938764572143555,5.856657028198242,0.16030018031597137,0.0021905230823904276,0.00040666788117960095,2.16140079498291,0.0005437922663986683,0.5067659616470337,2.1719906330108643,2.165407180786133,7.405322551727295,-0.40740689635276794,7.001638889312744,1.226412210557644,0.009699999999999999,,,,
217568,6799,17.063377380371094,10.659640312194824,6.245173454284668,0.1581714004278183,0.00039242609636858106,-0.00034595379838719964,1.9589357376098633,-0.00019113272719550878,0.5874466300010681,2.105109930038452,2.0942909717559814,7.124903202056885,-0.4179691970348358,6.705806255340576,1.2271172251700404,0.009899999999999999,,,,
219168,6849,13.787367820739746,7.473552703857422,6.117405414581299,0.19304412603378296,0.003366324584931135,0.0036598844453692436,1.8534449338912964,0.003827272914350033,0.6092660427093506,2.1419520378112793,2.082740545272827,6.788224697113037,-0.4456222653388977,6.353917598724365,1.2277142239556142,0.009699999999999999,,,,
220768,6899,13.295297622680664,8.205294609069824,4.943793296813965,0.14494100213050842,0.0012684843968600035,0.007828311063349247,1.999657154083252,0.007988715544342995,0.5858230590820312,1.4724429845809937,1.3901718854904175,6.639711856842041,-0.4549061357975006,6.17366361618042,1.228364850656391,0.0051,,,,
222368,6949,16.248300552368164,9.452021598815918,6.641841888427734,0.1509847491979599,0.0034527613315731287,-0.0004684977466240525,1.7465274333953857,-0.0002392493188381195,0.7937909960746765,1.6104563474655151,1.6114946603775024,6.775357246398926,-0.4773932099342346,6.2881693840026855,1.2289985867820161,0.012600000000000002,,,,
223968,6999,16.173969268798828,9.311103820800781,6.664944171905518,0.19191370904445648,0.006008049938827753,0.002794870175421238,2.0669867992401123,0.0030021434649825096,0.7282983660697937,1.1941564083099365,1.170454978942871,6.65076208114624,-0.4605467915534973,6.185332775115967,1.2296364923028544,0.0102,,,,
225568,7049,16.686738967895508,10.145563125610352,6.291962146759033,0.23858940601348877,0.010623983107507229,0.00040231255115941167,2.4795844554901123,0.0005219393642619252,0.41194480657577515,1.4344674348831177,1.3729796409606934,6.658619403839111,-0.4659896790981293,6.194601058959961,1.2303206919178256,0.0105,,,,
227168,7099,14.179888725280762,8.02000617980957,5.9577226638793945,0.19661003351211548,0.005549480207264423,-0.0030803452245891094,2.0485661029815674,-0.0028766572941094637,0.709247887134552,1.5022180080413818,1.5297952890396118,6.8108649253845215,-0.4633563458919525,6.334240913391113,1.2309631491895516,0.0097,,,,
228768,7149,18.251270294189453,10.515849113464355,7.402758598327637,0.3198387622833252,0.012822730466723442,0.008498399518430233,2.0036139488220215,0.008666706271469593,0.5886274576187134,1.4673112630844116,1.376326084136963,6.90957498550415,-0.4139975905418396,6.503419399261475,1.2315993826366036,0.0065,,,,
230368,7199,10.274510383605957,5.605668067932129,4.563665390014648,0.10046269744634628,0.0047138468362390995,-0.0015002961736172438,2.015928268432617,-0.0013204214628785849,0.641964852809906,1.2665131092071533,1.303025722503662,6.781639575958252,-0.41369950771331787,6.360665321350098,1.2322496997814212,0.010799999999999999,,,,
231968,7249,13.852787017822266,7.488614082336426,6.238816261291504,0.12171363085508347,0.0036433974746614695,0.0026445055846124887,2.2235350608825684,0.0028222166001796722,0.6467809677124023,1.6869524717330933,1.5949584245681763,7.184859275817871,-0.4267532229423523,6.765318870544434,1.2327860794334276,0.006900000000000001,,,,
233568,7299,14.649120330810547,8.566014289855957,5.8311357498168945,0.24823881685733795,0.0037318964023143053,0.0030170169193297625,2.1374056339263916,0.0032412437722086906,0.7828543186187744,1.224764108657837,1.1695845127105713,7.54582405090332,-0.4196867346763611,7.115108013153076,1.2334089043407688,0.014700000000000001,,,,
235168,7349,16.014307022094727,9.979050636291504,5.889621734619141,0.14397366344928741,0.0016621998511254787,0.0012761664111167192,2.005703926086426,0.001498528872616589,0.7712123394012451,1.4015611410140991,1.3698941469192505,6.727973461151123,-0.437182754278183,6.277347087860107,1.2339656284582765,0.008299999999999998,,,,
236768,7399,17.520952224731445,11.05092716217041,6.315247535705566,0.15096226334571838,0.0038141042459756136,0.0005714138969779015,1.880519986152649,0.0007544987020082772,0.6684178113937378,1.6509308815002441,1.5938796997070312,6.28468132019043,-0.44124025106430054,5.851611614227295,1.2345120254618271,0.010600000000000002,,,,
238368,7449,17.014225006103516,10.600936889648438,6.239476680755615,0.1622263640165329,0.011585100553929806,0.0044824909418821335,2.1620330810546875,0.004656313918530941,0.6207725405693054,1.45553719997406,1.3691918849945068,6.465191841125488,-0.4160873591899872,6.045921325683594,1.2351033898642638,0.008400000000000001,,,,
239968,7499,17.455123901367188,10.44610595703125,6.854687690734863,0.1535283923149109,0.0008028055890463293,-0.0009817028185352683,2.096050262451172,-0.0008087042369879782,0.6107961535453796,1.450037956237793,1.4587805271148682,6.473216533660889,-0.40789303183555603,6.0544281005859375,1.2356675001087738,0.009800000000000001,,,,
241568,7549,18.136592864990234,11.599817276000977,6.399427890777588,0.13563717901706696,0.001710620243102312,-0.004517760593444109,1.9413706064224243,-0.00433011818677187,0.6725649237632751,2.08980131149292,2.138596296310425,6.554025173187256,-0.41637104749679565,6.135705947875977,1.2008427729960032,0.0109,,,,
243168,7599,16.074142456054688,8.923216819763184,6.835948944091797,0.31135737895965576,0.003620447590947151,-0.002643501153215766,1.996050477027893,-0.0024234619922935963,0.7591041922569275,1.0332286357879639,1.0661578178405762,6.420619964599609,-0.40246084332466125,5.997744560241699,1.2015813183142665,0.0109,,,,
244768,7649,15.616114616394043,9.482490539550781,5.960785865783691,0.17187756299972534,0.0009600849007256329,0.002014494501054287,1.9414634704589844,0.0021909023635089397,0.6219544410705566,1.409082055091858,1.4127650260925293,6.320413589477539,-0.4274432063102722,5.887768268585205,1.202231693991814,0.0092,,,,
246368,7699,13.83775806427002,6.493351459503174,7.1336750984191895,0.20529866218566895,0.00543303182348609,-0.003672397695481777,1.8921453952789307,-0.003457616548985243,0.7536017298698425,1.7813233137130737,1.7574124336242676,6.320172309875488,-0.43008220195770264,5.8888630867004395,1.2029323764980064,0.012399999999999998,,,,
247968,7749,12.466779708862305,6.633301734924316,5.621767520904541,0.2084781676530838,0.0032324206549674273,-0.0005247810622677207,2.059730052947998,-0.0003505550557747483,0.6176975965499878,1.5079137086868286,1.495978832244873,6.306475639343262,-0.4089806377887726,5.895546913146973,1.203607077333135,0.0124,,,,
249568,7799,17.740568161010742,10.875035285949707,6.670066833496094,0.19427935779094696,0.0011882195249199867,0.0034113998990505934,2.105564594268799,0.0036224699579179287,0.76039057970047,1.2611746788024902,1.1882901191711426,6.645084381103516,-0.41813477873802185,6.210358142852783,1.2042501255940368,0.0085,,,,
251168,7849,15.803681373596191,9.223909378051758,6.365789890289307,0.21165183186531067,0.0023312093690037727,-0.005333306267857552,2.092219352722168,-0.005159998312592506,0.621037483215332,1.7910044193267822,1.8303630352020264,6.593616962432861,-0.40939903259277344,6.189886569976807,1.2048942395702384,0.009,,,,
252768,7899,14.371854782104492,7.702127456665039,6.462355136871338,0.20249247550964355,0.0048799230717122555,0.005464911926537752,2.2395100593566895,0.0056778742000460625,0.7585914731025696,1.25247061252594,1.1659841537475586,6.539481163024902,-0.39549338817596436,6.133490085601807,1.2055269997392617,0.008600000000000002,,,,
254368,7949,15.485295295715332,8.758586883544922,6.515020370483398,0.20935110747814178,0.002336706267669797,0.002350804628804326,2.0087711811065674,0.0025422789622098207,0.6750832200050354,1.8291232585906982,1.7687735557556152,6.164307594299316,-0.3876520097255707,5.777657508850098,1.206186829677931,0.0088,,,,
255968,7999,17.1038818359375,10.28683090209961,6.643953323364258,0.1670738309621811,0.006023048888891935,-0.004211201798170805,2.1863903999328613,-0.004068067297339439,0.5055252909660339,1.4983283281326294,1.4239699840545654,6.0859174728393555,-0.3762208819389343,5.722857475280762,1.2068333348712221,0.010199999999999999,,,,
257568,8049,14.678947448730469,8.804195404052734,5.730709075927734,0.14162515103816986,0.0024176333099603653,0.0011784688103944063,2.055659532546997,0.0013790542725473642,0.6922922730445862,1.1058611869812012,1.0966391563415527,6.2955641746521,-0.3663594722747803,5.913055896759033,1.2074271008126827,0.008700000000000001,,,,
259168,8099,15.789604187011719,10.003130912780762,5.592419624328613,0.19244888424873352,0.001605495112016797,0.006461003329604864,2.103478193283081,0.006683469284325838,0.7622784972190857,1.414905071258545,1.3273764848709106,5.938897609710693,-0.36693939566612244,5.561686992645264,1.2080522689485558,0.011899999999999999,,,,
260768,8149,15.633880615234375,9.702366828918457,5.830749988555908,0.09703555703163147,0.003727981820702553,0.006134049501270056,2.1306393146514893,0.006317195016890764,0.6449814438819885,0.9556180834770203,0.9121365547180176,5.565418720245361,-0.38366571068763733,5.17631721496582,1.2087192966184928,0.0076,,,,
262368,8199,11.410584449768066,5.603716850280762,5.577606201171875,0.22419214248657227,0.0050685955211520195,-0.008084618486464024,1.8738099336624146,-0.007871081121265888,0.7404482960700989,1.6982214450836182,1.7420835494995117,5.576242446899414,-0.4122341275215149,5.159560203552246,1.209281377894692,0.0105,,,,
263968,8249,11.343337059020996,6.205958366394043,5.015132427215576,0.11710400879383087,0.005143607035279274,-0.0012123476481065154,1.8449639081954956,-0.0010087003465741873,0.731183648109436,1.2894575595855713,1.299547791481018,5.510313510894775,-0.3920467793941498,5.112032890319824,1.209833181507678,0.0066,,,,
265568,8299,15.507951736450195,9.53973388671875,5.7364397048950195,0.22239524126052856,0.00938320904970169,-0.0007253960357047617,1.7899975776672363,-0.0005151098594069481,0.7389897108078003,1.658892273902893,1.6521098613739014,5.215699195861816,-0.4038213789463043,4.806155681610107,1.2104363347833713,0.0091,,,,
267168,8349,15.54723834991455,8.971328735351562,6.414501190185547,0.15267808735370636,0.00873031560331583,0.024961071088910103,2.0491013526916504,0.0251816026866436,0.8165693879127502,1.4022727012634277,1.2404911518096924,5.379520416259766,-0.4076138734817505,4.990739822387695,1.2110226968884044,0.0102,,,,
268768,8399,12.633406639099121,6.83090353012085,5.61984395980835,0.18207475543022156,0.0005844138213433325,-0.0016770272050052881,1.798813819885254,-0.0015126022044569254,0.5896762013435364,1.5090172290802002,1.4540646076202393,5.498073101043701,-0.4313303828239441,5.077345371246338,1.2116148467016747,0.012100000000000001,,,,
270368,8449,13.311264991760254,7.087705612182617,5.9733099937438965,0.23745131492614746,0.012797677889466286,0.006362715736031532,2.0139951705932617,0.006566732190549374,0.7170583009719849,1.5087318420410156,1.4485626220703125,5.612993240356445,-0.42822808027267456,5.18695592880249,1.2121573731995638,0.0075,,,,
271968,8499,15.42611026763916,9.012129783630371,6.211307525634766,0.1912316530942917,0.011441260576248169,-0.003519382094964385,1.805066466331482,-0.0033476322423666716,0.5997587442398071,1.4353845119476318,1.4508808851242065,5.843522548675537,-0.4600357115268707,5.378968715667725,1.212713937844839,0.0137,,,,
273568,8549,13.365504264831543,7.691036701202393,5.523989677429199,0.149034783244133,0.0014429495204240084,-0.001161293825134635,1.9166831970214844,-0.0009427578770555556,0.766002893447876,1.3560806512832642,1.344699740409851,5.7822957038879395,-0.425553560256958,5.349169731140137,1.2132643278810313,0.0105,,,,
275168,8599,13.112696647644043,7.060208320617676,5.8293046951293945,0.2211645543575287,0.002018936676904559,0.005937457084655762,2.150495767593384,0.006114928983151913,0.63539057970047,1.3450661897659302,1.2520030736923218,5.65395975112915,-0.39977067708969116,5.248062610626221,1.2137582572296948,0.008,,,,
276768,8649,14.286550521850586,7.41935920715332,6.647439956665039,0.21361184120178223,0.006139921955764294,0.002362712984904647,1.9387335777282715,0.0025329438503831625,0.613036036491394,1.7262117862701416,1.66874361038208,5.812129020690918,-0.393318772315979,5.428468227386475,1.2143468007262008,0.012,,,,
278368,8699,14.619335174560547,8.71501350402832,5.697816848754883,0.1999984234571457,0.006506015546619892,0.004676517564803362,2.129199504852295,0.00487987045198679,0.7106841802597046,1.4056220054626465,1.3120495080947876,5.509688377380371,-0.39546939730644226,5.124797821044922,1.214871867185442,0.009300000000000001,,,,
279968,8749,14.045842170715332,7.470324993133545,6.393579483032227,0.17924821376800537,0.002689036540687084,0.0016425427747890353,1.951028823852539,0.0018517805729061365,0.7371524572372437,1.5682318210601807,1.5232198238372803,5.85373592376709,-0.41459569334983826,5.4367899894714355,1.215399127088594,0.0091,,,,
281568,8799,16.027759552001953,9.459427833557129,6.446900367736816,0.11957453936338425,0.001858026022091508,0.002849143696948886,2.031933307647705,0.0030518360435962677,0.7125749588012695,1.734021544456482,1.6501684188842773,5.8926849365234375,-0.41404712200164795,5.47567081451416,1.2159325197750912,0.0095,,,,
283168,8849,15.262031555175781,9.764012336730957,5.347022533416748,0.14673808217048645,0.00425907876342535,0.0012319802772253752,2.0381789207458496,0.0013901647180318832,0.5595762729644775,1.4588310718536377,1.4346286058425903,5.903270721435547,-0.410993754863739,5.494034767150879,1.2164022591317394,0.0099,,,,
284768,8899,13.196229934692383,6.708690166473389,6.236037254333496,0.24092082679271698,0.010582122951745987,-0.0019254616927355528,1.9976685047149658,-0.0017667373176664114,0.5687945485115051,1.6904906034469604,1.7323352098464966,5.947708606719971,-0.40138861536979675,5.544280529022217,1.2169001032146436,0.009699999999999999,,,,
286368,8949,10.534845352172852,5.253573417663574,5.07425594329834,0.2054131180047989,0.0016032184939831495,0.00029092817567288876,2.1567156314849854,0.0004462880315259099,0.5493861436843872,1.6348923444747925,1.614538550376892,5.806207180023193,-0.41880789399147034,5.384515285491943,1.217444787589596,0.0143,,,,
287968,8999,15.247967720031738,9.800267219543457,5.253329753875732,0.1907964050769806,0.003574429079890251,0.003229501424357295,1.959176778793335,0.0034115142188966274,0.6356987953186035,2.408543825149536,2.3418900966644287,5.744476795196533,-0.41981133818626404,5.341431617736816,1.217948562828292,0.0093,,,,
289568,9049,15.120485305786133,9.057494163513184,5.89057731628418,0.16971448063850403,0.0026988531462848186,0.0031116993632167578,1.9883438348770142,0.003300686366856098,0.6631996631622314,1.46623694896698,1.4015488624572754,5.638467788696289,-0.42818883061408997,5.204507350921631,1.2184390657515636,0.0068,,,,
291168,9099,15.147294044494629,8.766178131103516,6.205338478088379,0.16922330856323242,0.006554296240210533,0.002925512846559286,1.9575806856155396,0.00307221757248044,0.5220502614974976,1.5370409488677979,1.508972406387329,5.369792938232422,-0.417707234621048,4.9507598876953125,1.2189411876759968,0.0114,,,,
292768,9149,16.797889709472656,10.240119934082031,6.343602657318115,0.20918819308280945,0.004978848155587912,0.001790512353181839,2.0010993480682373,0.0019382518948987126,0.5310534834861755,1.8442414999008179,1.767478108406067,5.285610198974609,-0.39653638005256653,4.891391754150391,1.2194082507521793,0.0109,,,,
294368,9199,15.450840950012207,9.529984474182129,5.772486686706543,0.14365454018115997,0.00471470644697547,0.002534971572458744,2.2197084426879883,0.0026677511632442474,0.4703390598297119,1.9130864143371582,1.8183103799819946,5.9596333503723145,-0.4034714102745056,5.554594039916992,1.2199098338585341,0.0095,,,,
295968,9249,12.060542106628418,6.401618480682373,5.54768180847168,0.11043517291545868,0.0008063229615800083,0.0006011889781802893,2.007697105407715,0.000747229962144047,0.5274608731269836,2.0827229022979736,2.0325753688812256,6.071852207183838,-0.38528817892074585,5.686042785644531,1.220378176222743,0.015099999999999999,,,,
297568,9299,15.278863906860352,8.412365913391113,6.6701202392578125,0.1942950040102005,0.002082674065604806,-0.001475800760090351,1.9992352724075317,-0.0013012667186558247,0.6119018197059631,1.9619780778884888,1.9528183937072754,6.16032075881958,-0.4112021327018738,5.747605323791504,1.2208812869753136,0.0104,,,,
299168,9349,15.864788055419922,9.32310962677002,6.377342700958252,0.15874947607517242,0.00558586185798049,-0.0032065422274172306,1.8325005769729614,-0.0030424613505601883,0.587195098400116,2.1185789108276367,2.1369948387145996,6.220570087432861,-0.4161760210990906,5.795945167541504,1.2213325171511822,0.0063,,,,
300768,9399,12.6670503616333,7.014695167541504,5.451378345489502,0.19793708622455597,0.0030395907815545797,0.0003581766504794359,1.6276922225952148,0.0005035235080868006,0.5146410465240479,2.3947691917419434,2.353693723678589,6.214377403259277,-0.4130043685436249,5.802209854125977,1.2218106127657622,0.017,,,,
302368,9449,12.550504684448242,7.149170875549316,5.171047210693359,0.22607667744159698,0.0042098951525986195,0.0018189700786024332,1.966666340827942,0.0019907630048692226,0.622351348400116,1.522291898727417,1.4833571910858154,6.20565938949585,-0.382955402135849,5.821602821350098,1.2223142007318293,0.010100000000000001,,,,
303968,9499,16.59062385559082,10.012829780578613,6.38698148727417,0.18603570759296417,0.004778245929628611,0.00013548246352002025,1.8692258596420288,0.000321577419526875,0.6527643799781799,2.0654919147491455,2.031240463256836,6.357287406921387,-0.41214054822921753,5.953656196594238,1.2228056393491924,0.011300000000000001,,,,
305568,9549,15.905837059020996,9.565792083740234,6.1223464012146,0.2136247605085373,0.0040733362548053265,0.0026507454458624125,1.9248299598693848,0.0027965481858700514,0.5130445957183838,1.9115161895751953,1.8380357027053833,6.333597660064697,-0.4337509274482727,5.899050235748291,1.2232792814851643,0.0109,,,,
307168,9599,14.688114166259766,8.87347412109375,5.653803825378418,0.1543501764535904,0.006485827267169952,-0.00018903141608461738,1.8787460327148438,-2.060100086964667e-05,0.6030038595199585,2.175541639328003,2.1290082931518555,6.83092737197876,-0.4062727391719818,6.430996894836426,1.2237615519659366,0.0127,,,,
308768,9649,14.479085922241211,8.028234481811523,6.294484615325928,0.1528320610523224,0.003534038085490465,0.002256007632240653,1.7341691255569458,0.002463962184265256,0.7426915168762207,1.8723622560501099,1.8082901239395142,7.508799076080322,-0.42397060990333557,7.09182071685791,1.2242172404094938,0.011800000000000001,,,,
310368,9699,14.3617525100708,8.07823371887207,6.071323394775391,0.20840489864349365,0.0037904733326286077,-0.0015195875894278288,1.9257447719573975,-0.00131494109518826,0.7308874726295471,2.2177937030792236,2.192593812942505,7.3332200050354,-0.432207316160202,6.908798694610596,1.2246827867684706,0.013,,,,
311968,9749,14.598730087280273,8.230146408081055,6.183283805847168,0.18334180116653442,0.0019576968625187874,-0.007620849646627903,1.7532100677490234,-0.007388007361441851,0.8227141499519348,1.9986897706985474,2.050567626953125,6.624414920806885,-0.4099128246307373,6.215502738952637,1.225131117218922,0.0106,,,,
313568,9799,13.594161987304688,7.281637191772461,6.142090797424316,0.16737012565135956,0.0030639234464615583,-0.003091764636337757,1.7252870798110962,-0.0029193582013249397,0.609437108039856,1.597785234451294,1.5941053628921509,6.478614807128906,-0.4002896547317505,6.088685512542725,1.2255995436775502,0.007500000000000001,,,,
315168,9849,11.077098846435547,5.320228576660156,5.5642781257629395,0.1875278651714325,0.005065403878688812,0.0013562937965616584,1.6906225681304932,0.0015667695552110672,0.744256854057312,1.8442890644073486,1.8272340297698975,6.344965934753418,-0.41138824820518494,5.9315505027771,1.2260873748698253,0.0095,,,,
316768,9899,12.09105396270752,7.098834991455078,4.86103630065918,0.129555806517601,0.0016273842193186283,-0.0036448524333536625,1.7844140529632568,-0.0034519643522799015,0.6934430599212646,1.6384696960449219,1.6388816833496094,6.165308475494385,-0.4142702519893646,5.759493350982666,1.2265715165057711,0.0078000000000000005,,,,
318368,9949,13.921148300170898,7.603346824645996,6.129311561584473,0.18352508544921875,0.00496480381116271,0.0031369072385132313,1.9946422576904297,0.00333729712292552,0.7177073359489441,1.826905369758606,1.7587827444076538,5.975906848907471,-0.3801737129688263,5.609272480010986,1.2270378429066648,0.0103,,,,
319968,9999,14.669058799743652,8.763849258422852,5.720688819885254,0.18257205188274384,0.001948127755895257,-0.003038025228306651,1.9017136096954346,-0.002827174961566925,0.7391148209571838,1.4210084676742554,1.4254026412963867,6.078606605529785,-0.40498676896095276,5.671187400817871,1.2274575484507293,0.0111,,,,
321568,10049,14.065145492553711,8.50497817993164,5.3533406257629395,0.1960635781288147,0.010763203725218773,0.004111677408218384,1.7636244297027588,0.0043234433978796005,0.735614001750946,1.4583747386932373,1.4145290851593018,6.081781387329102,-0.4050157070159912,5.674133777618408,1.2002207212147258,0.0094,,,,
323168,10099,13.458873748779297,6.793516159057617,6.344626426696777,0.3114458918571472,0.00928544346243143,0.00321636232547462,2.0635247230529785,0.0033787721768021584,0.5824378728866577,1.7517486810684204,1.6460411548614502,5.972477436065674,-0.4037379324436188,5.573454856872559,1.2007480925622072,0.016799999999999995,,,,
324768,10149,14.4727201461792,8.494824409484863,5.749635219573975,0.21947582066059113,0.008785667829215527,-0.0010345902992412448,2.150061845779419,-0.0008544808952137828,0.6407244801521301,1.1383122205734253,1.1227620840072632,6.125141620635986,-0.36205747723579407,5.763485908508301,1.2012999764799543,0.0136,,,,
326368,10199,15.032711029052734,8.551652908325195,6.240048408508301,0.23554930090904236,0.005460694897919893,-0.0033321036025881767,1.9414119720458984,-0.00314825726673007,0.6531981229782104,1.3883615732192993,1.3969881534576416,6.068138122558594,-0.37651288509368896,5.680355072021484,1.201820087383913,0.0060999999999999995,,,,
327968,10249,9.937284469604492,4.868590831756592,4.876894474029541,0.18228241801261902,0.009516254998743534,-0.0006453366950154305,1.766998052597046,-0.00043082149932160974,0.7491248250007629,1.4679641723632812,1.431660532951355,6.1566548347473145,-0.41574570536613464,5.7443342208862305,1.2023523671480452,0.013300000000000001,,,,
329568,10299,14.958892822265625,8.543242454528809,6.237031936645508,0.1777835339307785,0.0008340175845660269,0.0001901669893413782,1.75577712059021,0.0003661063383333385,0.6298328638076782,1.7452841997146606,1.7092759609222412,5.926066875457764,-0.39414650201797485,5.535704135894775,1.2029009337699472,0.0151,,,,
331168,10349,15.91317367553711,9.523192405700684,6.1851887702941895,0.2035379260778427,0.0012537860311567783,0.002570423064753413,1.8913997411727905,0.0027131836395710707,0.5186173915863037,2.5502474308013916,2.4440271854400635,6.14720344543457,-0.3638642430305481,5.825672149658203,1.2033826566485912,0.011800000000000001,,,,
332768,10399,11.446294784545898,5.82817268371582,5.4506072998046875,0.16498883068561554,0.002525842282921076,0.0031782418955117464,1.9295573234558105,0.003365018405020237,0.6730363965034485,1.4557209014892578,1.4010612964630127,6.198060989379883,-0.3719542324542999,5.816969394683838,1.203923292379857,0.0108,,,,
334368,10449,14.589132308959961,7.523266792297363,6.896101474761963,0.16677631437778473,0.002986919367685914,0.002033255062997341,1.827784538269043,0.0021950751543045044,0.5613183975219727,2.2038002014160156,2.1385416984558105,6.009403228759766,-0.31722915172576904,5.693178176879883,1.20441700993105,0.0105,,,,
335968,10499,12.833475112915039,6.616164207458496,6.025920391082764,0.18493790924549103,0.006453340407460928,0.0010954919271171093,1.6178474426269531,0.0012547782389447093,0.5479322671890259,2.3045201301574707,2.2690789699554443,5.99006462097168,-0.3527231812477112,5.626770973205566,1.2049263451324592,0.0089,,,,
337568,10549,14.268159866333008,7.731289863586426,6.268746376037598,0.253561407327652,0.014562238939106464,-0.002918014768511057,1.8183428049087524,-0.0027263974770903587,0.6593512892723083,1.767143964767456,1.794466257095337,6.076308250427246,-0.35807186365127563,5.704550266265869,1.2054330026967317,0.0134,,,,
339168,10599,12.604961395263672,7.12887716293335,5.326850414276123,0.14587263762950897,0.003360323840752244,0.002154737478122115,1.933058500289917,0.0023123363498598337,0.5497404932975769,1.1286343336105347,1.0693449974060059,6.201748847961426,-0.36310213804244995,5.833323955535889,1.2059702211712708,0.01,,,,
340768,10649,16.201093673706055,9.794134140014648,6.207018852233887,0.19591063261032104,0.004029849544167519,0.016812127083539963,1.9543883800506592,0.016996383666992188,0.6429975628852844,1.9689407348632812,1.8604419231414795,6.358649253845215,-0.3510194420814514,6.011475086212158,1.2064596282651354,0.009600000000000001,,,,
342368,10699,11.971928596496582,6.844793796539307,4.918908596038818,0.2026229351758957,0.005602581426501274,0.0004688905319198966,1.8925210237503052,0.000629412941634655,0.5566903948783875,2.084949016571045,2.057276725769043,6.4803080558776855,-0.36502718925476074,6.10865592956543,1.2069548808729582,0.0060999999999999995,,,,
343968,10749,12.41077995300293,6.939375877380371,5.247267723083496,0.2198966145515442,0.004239699803292751,-0.00016116884944494814,1.8364204168319702,3.812095383182168e-05,0.7236267328262329,2.3185181617736816,2.299805164337158,6.164388179779053,-0.36631807684898376,5.801578521728516,1.2074311438586434,0.0128,,,,
345568,10799,11.113340377807617,5.760366439819336,5.155618190765381,0.1935027837753296,0.0038524449337273836,0.0009794868528842926,1.8677690029144287,0.0011544383596628904,0.6150863170623779,1.75527024269104,1.7204030752182007,6.271685600280762,-0.411835253238678,5.853006839752197,1.2079116207784484,0.010999999999999998,,,,
347168,10849,12.562296867370605,6.858860969543457,5.525383949279785,0.17395460605621338,0.004096944350749254,3.253815521020442e-05,1.9257841110229492,0.00022260710829868913,0.6732831001281738,1.8434185981750488,1.8593038320541382,5.95951509475708,-0.3951317369937897,5.563024044036865,1.2084349444852884,0.006,,,,
348768,10899,13.806289672851562,7.293766498565674,6.306284427642822,0.20470678806304932,0.0015312283067032695,0.00059939717175439,1.9979970455169678,0.000815725652500987,0.7735758423805237,1.6763558387756348,1.6420255899429321,6.009416580200195,-0.4077790081501007,5.594587802886963,1.2088818077199435,0.008600000000000002,,,,
350368,10949,15.438935279846191,9.171833992004395,6.08335542678833,0.1767074018716812,0.007037770003080368,-0.0018977336585521698,1.9443720579147339,-0.001713732723146677,0.6330245137214661,1.464552879333496,1.4718148708343506,5.911667346954346,-0.37559640407562256,5.519647598266602,1.2093686107924133,0.016099999999999996,,,,
351968,10999,15.275968551635742,9.359475135803223,5.804342269897461,0.11129051446914673,0.0008600347791798413,-0.002440781332552433,1.8742291927337646,-0.0022542933002114296,0.6615988612174988,1.3500032424926758,1.3418437242507935,5.975101947784424,-0.38377508521080017,5.593947887420654,1.2098486491773246,0.010899999999999998,,,,
353568,11049,10.044988632202148,5.29296875,4.595032215118408,0.15564903616905212,0.0013385287020355463,0.0007444440270774066,1.791992425918579,0.000942179118283093,0.705868661403656,1.6947646141052246,1.6629588603973389,6.0485920906066895,-0.3802020251750946,5.668849945068359,1.2102746556993889,0.0065,,,,
355168,11099,13.04680061340332,7.1180219650268555,5.670955657958984,0.2455616295337677,0.01226135715842247,0.0020511203911155462,1.9322788715362549,0.0022335348185151815,0.6691234707832336,2.211238384246826,2.1250216960906982,5.872687816619873,-0.3956141471862793,5.48784875869751,1.2107531742290758,0.013099999999999997,,,,
356768,11149,12.178316116333008,6.998170852661133,4.931255340576172,0.2385689616203308,0.010320819914340973,-0.0009919903241097927,1.9578092098236084,-0.0007781868916936219,0.7408233880996704,1.412239670753479,1.3988633155822754,5.7623395919799805,-0.37790191173553467,5.368447780609131,1.2111987245517588,0.0169,,,,
358368,11199,12.625426292419434,6.744904041290283,5.673865795135498,0.19910801947116852,0.007548535242676735,0.0032547591254115105,2.0063235759735107,0.0034504428040236235,0.6991186738014221,2.0666465759277344,2.0269103050231934,6.092098712921143,-0.34220048785209656,5.759065628051758,1.2116337547896079,0.016900000000000002,,,,
359968,11249,13.382330894470215,7.732766628265381,5.467466354370117,0.17001834511756897,0.012079443782567978,0.0009899944998323917,2.059053421020508,0.0011760212946683168,0.6648184657096863,1.8424263000488281,1.8140417337417603,5.925836086273193,-0.37647080421447754,5.554956912994385,1.2120822746735966,0.0148,,,,
361568,11299,13.668049812316895,7.529690742492676,5.973319053649902,0.16268233954906464,0.002357815857976675,0.0005374833126552403,1.7934497594833374,0.000743828306440264,0.7417045831680298,1.4740160703659058,1.4616198539733887,6.058996200561523,-0.37214305996894836,5.673259735107422,1.212495761297494,0.011699999999999999,,,,
363168,11349,12.000444412231445,6.489132404327393,5.374436378479004,0.13640916347503662,0.00046620029024779797,-0.0032756896689534187,1.729521632194519,-0.0031211080495268106,0.5546557903289795,2.464124917984009,2.463167667388916,5.9905924797058105,-0.370868444442749,5.636599540710449,1.2129378001576516,0.0050999999999999995,,,,
364768,11399,14.719799995422363,8.907841682434082,5.624768257141113,0.18422552943229675,0.002964526414871216,0.003869111416861415,1.9973433017730713,0.004019960295408964,0.5232011079788208,1.5990781784057617,1.5442779064178467,6.062816143035889,-0.3557101786136627,5.70016622543335,1.2133787172355153,0.0103,,,,
366368,11449,11.99228572845459,5.947796821594238,5.7527852058410645,0.2804489731788635,0.01125437580049038,0.0014087666058912873,1.9289034605026245,0.00159359909594059,0.6585097312927246,1.5249111652374268,1.5148842334747314,6.244688987731934,-0.3743681311607361,5.85853385925293,1.2138195588083402,0.0064,,,,
367968,11499,12.976452827453613,7.664572715759277,5.152950286865234,0.1559048295021057,0.0030253403820097446,0.0006734805065207183,1.9785716533660889,0.0008310175035148859,0.5666424036026001,1.6258891820907593,1.584625482559204,6.060883045196533,-0.4050917625427246,5.654942989349365,1.214244426567933,0.0076,,,,
369568,11549,12.355463027954102,6.798436641693115,5.319762229919434,0.22831785678863525,0.008946849964559078,0.0016941552748903632,1.8888905048370361,0.0018861463759094477,0.6681082248687744,1.7047001123428345,1.648596167564392,6.386656761169434,-0.39611855149269104,5.9875359535217285,1.21465825018587,0.008899999999999998,,,,
371168,11599,11.673514366149902,5.5157928466796875,5.912229061126709,0.2410815805196762,0.004410902038216591,-0.0018981744069606066,1.917647123336792,-0.001737588201649487,0.5938129425048828,1.6822665929794312,1.6807869672775269,6.79793643951416,-0.40373098850250244,6.398460388183594,1.215046431154034,0.008400000000000001,,,,
372768,11649,17.25016212463379,9.25210952758789,7.777631759643555,0.21861007809638977,0.0018106796778738499,-0.0006583408103324473,1.9720749855041504,-0.0004075267643202096,0.8847493529319763,1.3973257541656494,1.3960789442062378,6.53875207901001,-0.4400251507759094,6.085422992706299,1.2154589429156952,0.0081,,,,
374368,11699,11.242406845092773,5.377799987792969,5.646701335906982,0.21152956783771515,0.006374849006533623,-0.0018412102945148945,1.9444853067398071,-0.0016895753797143698,0.5446524620056152,1.771240472793579,1.7711355686187744,6.055007457733154,-0.44076985120773315,5.607935905456543,1.2158865712059865,0.0073,,,,
375968,11749,12.727296829223633,6.825315952301025,5.713268756866455,0.1834641844034195,0.0052482495084404945,-0.00013445304648485035,1.9293140172958374,6.889266660436988e-05,0.7024402022361755,1.022323489189148,1.013456106185913,5.789031982421875,-0.40858128666877747,5.370267391204834,1.2163240863801454,0.0114,,,,
377568,11799,13.207365989685059,7.635161399841309,5.277903079986572,0.29063135385513306,0.0036697830073535442,-0.0020392555743455887,1.8733410835266113,-0.0018425466259941459,0.6982191801071167,2.1401402950286865,2.140232801437378,5.698666095733643,-0.39142459630966187,5.3215556144714355,1.216760342850799,0.007300000000000001,,,,
379168,11849,11.264839172363281,5.898216247558594,5.162900924682617,0.19928419589996338,0.004437226336449385,0.012988779693841934,1.7745931148529053,0.013182302936911583,0.6754260063171387,1.2694315910339355,1.1933938264846802,5.856934547424316,-0.42386069893836975,5.421604156494141,1.2171473621926912,0.007500000000000001,,,,
380768,11899,11.220487594604492,5.585513591766357,5.4479451179504395,0.18019326031208038,0.006835605017840862,0.005350236780941486,1.8557393550872803,0.005520702805370092,0.5916155576705933,1.770939826965332,1.6978609561920166,5.637116432189941,-0.4307807385921478,5.2240681648254395,1.2175861340634067,0.0092,,,,
382368,11949,14.129340171813965,7.962099075317383,5.913991451263428,0.24581459164619446,0.007435130886733532,-0.0026194811798632145,1.8977341651916504,-0.00244588078930974,0.6251134872436523,1.0384273529052734,1.0368683338165283,5.858897686004639,-0.42318081855773926,5.425616264343262,1.2179677456648337,0.012700000000000001,,,,
383968,11999,14.247122764587402,7.695061206817627,6.305015563964844,0.2439739853143692,0.0030729451682418585,-0.003676620777696371,1.7904647588729858,-0.0034742034040391445,0.7139426469802856,1.5330730676651,1.5599969625473022,5.979682922363281,-0.4224070906639099,5.55224084854126,1.2183560152586295,0.015,,,,
385568,12049,10.711495399475098,5.619370937347412,4.894669532775879,0.1936531960964203,0.0038023400120437145,-0.0021407161839306355,1.8095357418060303,-0.0019667446613311768,0.6262167096138,1.9376147985458374,1.9511367082595825,6.402648448944092,-0.38414686918258667,6.024101734161377,1.2187741881575622,0.011600000000000001,,,,
387168,12099,10.168471336364746,5.272261142730713,4.739076614379883,0.1554754674434662,0.0016583837568759918,3.069838567171246e-05,1.9718701839447021,0.00021207251120358706,0.6297411918640137,1.0041589736938477,1.0065056085586548,6.764366626739502,-0.40397822856903076,6.32659387588501,1.2191439945367673,0.0135,,,,
388768,12149,12.390450477600098,6.561906337738037,5.657186985015869,0.16525687277317047,0.006100475788116455,-0.0037698443047702312,1.8414793014526367,-0.0036019068211317062,0.5851762890815735,2.351410150527954,2.3443665504455566,6.593994140625,-0.3931671679019928,6.215645790100098,1.2195532012709929,0.015400000000000002,,,,
390368,12199,12.139322280883789,6.301912784576416,5.665928840637207,0.16789093613624573,0.0035894629545509815,-0.00010762026067823172,1.8792423009872437,9.703630348667502e-05,0.7244561314582825,1.7974522113800049,1.7616149187088013,6.530048370361328,-0.4066717028617859,6.125580787658691,1.2199530755530203,0.0193,,,,
391968,12249,13.635744094848633,7.44266414642334,5.95172119140625,0.2343372106552124,0.007021444384008646,-0.0003432767407502979,1.9190196990966797,-0.00021578144514933228,0.44788601994514465,1.4661295413970947,1.4479392766952515,6.266047477722168,-0.3938156068325043,5.874026775360107,1.2203374941539724,0.0134,,,,
393568,12299,13.131762504577637,6.872905254364014,6.022876739501953,0.2309338003396988,0.005046007223427296,0.002230667741969228,1.8422456979751587,0.002424743492156267,0.6700550317764282,1.7660399675369263,1.7071645259857178,6.132509231567383,-0.4088507294654846,5.718753337860107,1.2206865014332373,0.013599999999999998,,,,
395168,12349,12.830187797546387,7.167572498321533,5.435849666595459,0.2211817502975464,0.005583631806075573,0.0008143045706674457,2.065584182739258,0.000986158149316907,0.5952268242835999,1.6881377696990967,1.611981987953186,5.85755729675293,-0.38860172033309937,5.46840238571167,1.2210648141144504,0.0106,,,,
396768,12399,12.311549186706543,6.754406929016113,5.434013366699219,0.12079493701457977,0.002333603799343109,-0.002510972088202834,1.8416908979415894,-0.002347717760130763,0.6016623973846436,1.324183702468872,1.3412425518035889,5.858860015869141,-0.37562599778175354,5.480146408081055,1.2214197286230009,0.01,,,,
398368,12449,13.019782066345215,6.701177597045898,6.149823188781738,0.16673827171325684,0.002042380627244711,0.0016025177901610732,2.0139787197113037,0.0017897319048643112,0.6749206781387329,1.7887786626815796,1.738409399986267,5.938241004943848,-0.3901895582675934,5.558661937713623,1.2217883316263511,0.011399999999999999,,,,
399968,12499,11.480051040649414,5.502099990844727,5.823950290679932,0.15033085644245148,0.0036711569409817457,-0.002012543147429824,1.9934072494506836,-0.0018246975960209966,0.6525245904922485,0.9484272599220276,0.9457891583442688,6.152454853057861,-0.438118040561676,5.6966166496276855,1.2221621972193777,0.013800000000000002,,,,
401568,12549,12.387093544006348,6.123384475708008,6.0072922706604,0.2479415088891983,0.00847489945590496,0.001124797621741891,1.8299415111541748,0.0012884188909083605,0.5892904996871948,1.8241205215454102,1.769012451171875,6.272212505340576,-0.4230792820453644,5.84700870513916,1.1994738883749656,0.012700000000000003,,,,
403168,12599,12.510064125061035,6.523950576782227,5.732569694519043,0.2473134696483612,0.006230335682630539,-0.004757353104650974,1.7686958312988281,-0.004606439266353846,0.5475135445594788,1.9446369409561157,2.0051493644714355,6.310522079467773,-0.4151057004928589,5.890371322631836,1.1999274225536813,0.0176,,,,
404768,12649,12.996539115905762,7.4212422370910645,5.3421101570129395,0.2282647043466568,0.004921704065054655,0.0015544561902061105,2.1469264030456543,0.0017067305743694305,0.560083270072937,2.146028757095337,2.088345766067505,6.281491279602051,-0.4273745119571686,5.867697715759277,1.200388521425875,0.0175,,,,
406368,12699,11.599546432495117,5.780303478240967,5.609419822692871,0.2077142298221588,0.0021097587887197733,-0.0019431645050644875,1.9866957664489746,-0.0017722751945257187,0.6028041243553162,1.3021844625473022,1.2794115543365479,6.669826984405518,-0.4252910614013672,6.237492084503174,1.2008712170646505,0.0126,,,,
407968,12749,12.129905700683594,6.173542022705078,5.7266526222229,0.22418582439422607,0.005525337532162666,-0.0019578763749450445,1.890089988708496,-0.0017634956166148186,0.688068151473999,1.7231874465942383,1.7342751026153564,7.130612373352051,-0.4151265025138855,6.710070610046387,1.2012834707647184,0.0151,,,,
409568,12799,10.322400093078613,5.091871738433838,5.027280330657959,0.1978193074464798,0.005428246688097715,0.00039571127854287624,2.1170310974121094,0.0005547386826947331,0.5542945265769958,1.7724390029907227,1.7282965183258057,7.2369914054870605,-0.3821677267551422,6.851746082305908,1.201737190950701,0.013100000000000002,,,,
411168,12849,10.888445854187012,5.509500503540039,5.203256607055664,0.17217671871185303,0.0035121769178658724,-0.0019238918321207166,1.8741092681884766,-0.001745190005749464,0.624133825302124,1.9911798238754272,1.9614206552505493,7.237011909484863,-0.3881361186504364,6.849546432495117,1.2022064170482303,0.0087,,,,
412768,12899,13.448701858520508,7.150839328765869,6.130922317504883,0.16364051401615143,0.0032995142973959446,-0.0004218939575366676,2.0297088623046875,-0.0002440159732941538,0.6169777512550354,1.8377008438110352,1.7807646989822388,7.39353609085083,-0.4089001417160034,6.982522487640381,1.2026174763048294,0.0057,,,,
414368,12949,11.266975402832031,5.529160976409912,5.495768070220947,0.23782071471214294,0.004225932992994785,-0.004906333517283201,1.8675775527954102,-0.004699749872088432,0.7227485179901123,1.757032036781311,1.7644466161727905,6.997391700744629,-0.4373428225517273,6.553741455078125,1.2030659083139355,0.0088,,,,
415968,12999,9.173746109008789,4.6948723793029785,4.342039108276367,0.13660871982574463,0.00022564771643374115,-0.005774105433374643,1.7571675777435303,-0.0055787889286875725,0.6944046020507812,1.5627280473709106,1.6225937604904175,7.137371063232422,-0.4363362789154053,6.690125942230225,1.203502127138512,0.0105,,,,
417568,13049,13.878074645996094,7.429723739624023,6.258969306945801,0.1879294365644455,0.0014521143166348338,0.006441545207053423,1.9395803213119507,0.006655602250248194,0.7643924951553345,2.073932647705078,1.9741542339324951,6.920374393463135,-0.439769983291626,6.487488746643066,1.2039452505496535,0.005699999999999999,,,,
419168,13099,12.9337797164917,7.125061511993408,5.65311336517334,0.14949160814285278,0.006112868431955576,-0.0020238340366631746,1.9548673629760742,-0.001861426280811429,0.5839176177978516,1.9635593891143799,1.968745231628418,7.015883445739746,-0.43797293305397034,6.583205223083496,1.2043693801861797,0.0128,,,,
420768,13149,10.844464302062988,5.569355010986328,5.083197116851807,0.18871748447418213,0.003194699762389064,-0.00249653123319149,1.9404640197753906,-0.00230912072584033,0.6753110885620117,1.9855295419692993,1.971938133239746,7.2237677574157715,-0.4636411666870117,6.760621070861816,1.2048071586178932,0.009100000000000002,,,,
422368,13199,9.617342948913574,5.1191277503967285,4.281108856201172,0.21317531168460846,0.003930595237761736,0.0003133435966446996,2.0256171226501465,0.00048335385508835316,0.6347838640213013,2.099212408065796,2.02292537689209,6.8733086585998535,-0.430490642786026,6.4596381187438965,1.2052675419075884,0.0132,,,,
423968,13249,11.593920707702637,6.0354108810424805,5.416783809661865,0.13608257472515106,0.005643943324685097,-0.001004552817903459,2.0746090412139893,-0.0008421407546848059,0.5757728219032288,1.5464948415756226,1.5395863056182861,6.544738292694092,-0.42835235595703125,6.121912479400635,1.205693256795202,0.009899999999999999,,,,
425568,13299,10.77613639831543,4.917196273803711,5.646938323974609,0.20970527827739716,0.0022962079383432865,0.0013163689291104674,2.0112133026123047,0.0015116967260837555,0.6895385980606079,1.8247790336608887,1.7781713008880615,6.728388786315918,-0.4212052524089813,6.312703609466553,1.2060910948775114,0.0107,,,,
427168,13349,10.576095581054688,5.698172569274902,4.6945061683654785,0.17960387468338013,0.0038130716420710087,-0.006837652064859867,1.8658190965652466,-0.00664051529020071,0.7034680247306824,1.9473811388015747,1.9821040630340576,6.778578281402588,-0.39075666666030884,6.378127574920654,1.2065103896289735,0.01,,,,
428768,13399,12.62567138671875,5.739377975463867,6.575216293334961,0.3000941574573517,0.010982193052768707,-0.002938380464911461,1.8664405345916748,-0.002706341678276658,0.8279926180839539,1.379335880279541,1.3981951475143433,6.531228542327881,-0.4215351939201355,6.101754665374756,1.2069355180094623,0.0111,,,,
430368,13449,13.271042823791504,7.590555191040039,5.378595352172852,0.2940496802330017,0.007843311876058578,0.0005937633104622364,1.9535040855407715,0.0007890400011092424,0.7072348594665527,2.173933506011963,2.0962867736816406,6.514028072357178,-0.42021214962005615,6.095709323883057,1.2073366220548627,0.009,,,,
431968,13499,13.40722370147705,6.549017906188965,6.641875267028809,0.2106200009584427,0.005710190162062645,0.0018520909361541271,1.9460797309875488,0.0020458013750612736,0.6681466102600098,1.8148785829544067,1.7381302118301392,6.208436012268066,-0.4235279858112335,5.774933815002441,1.2077544517702534,0.01,,,,
433568,13549,12.254566192626953,6.305191993713379,5.734645843505859,0.20572499930858612,0.009003378450870514,0.003234863979741931,2.1125736236572266,0.0034158912021666765,0.6429005861282349,2.3634908199310303,2.298522710800171,6.389307022094727,-0.3941114544868469,5.9974141120910645,1.2081513123841252,0.0145,,,,
435168,13599,11.307921409606934,6.044610023498535,5.107520580291748,0.14826700091362,0.007524383720010519,-0.007951583713293076,2.172912120819092,-0.007795372512191534,0.5714056491851807,1.96742582321167,2.0175681114196777,5.925952911376953,-0.40289556980133057,5.537534713745117,1.208567398146272,0.007300000000000001,,,,
436768,13649,12.75892162322998,7.072109699249268,5.554668426513672,0.1317761391401291,0.00036812268081121147,-0.00039587676292285323,1.931067943572998,-0.00023700285237282515,0.5998637080192566,1.9938400983810425,1.979859471321106,6.025195121765137,-0.4045845866203308,5.61832857131958,1.2089722792734536,0.006900000000000001,,,,
438368,13699,10.873629570007324,5.462774276733398,5.291398525238037,0.11671112477779388,0.002745405538007617,0.00031158418278209865,2.0847129821777344,0.0004792838590219617,0.6086041331291199,1.6591672897338867,1.6531606912612915,5.795448303222656,-0.426797479391098,5.367621421813965,1.2093421704199163,0.007999999999999998,,,,
439968,13749,13.672041893005371,7.75496244430542,5.653841972351074,0.25735005736351013,0.005888011772185564,-0.0030025283340364695,1.8665144443511963,-0.002821981906890869,0.6524820327758789,1.7001376152038574,1.6746711730957031,6.240671634674072,-0.4178622364997864,5.811723232269287,1.2097262219400466,0.010799999999999999,,,,
441568,13799,11.782790184020996,6.14027738571167,5.473386287689209,0.16882242262363434,0.00030407530721277,0.0007633168715983629,1.8780686855316162,0.0009212737204506993,0.5626128911972046,1.8991963863372803,1.8560339212417603,6.297869682312012,-0.4180847704410553,5.8812947273254395,1.210113103110954,0.0066,,,,
443168,13849,11.668346405029297,6.527281761169434,4.900099754333496,0.23736785352230072,0.003597589675337076,0.0018485994078218937,1.881870985031128,0.002032554242759943,0.6668195724487305,2.2960758209228516,2.188856363296509,6.14388370513916,-0.39862558245658875,5.7527241706848145,1.2104972931583977,0.015899999999999997,,,,
444768,13899,11.656996726989746,6.069641590118408,5.375653266906738,0.20799918472766876,0.0037024752236902714,0.0023902207612991333,1.9123456478118896,0.002553610596805811,0.5844923853874207,1.990046501159668,1.9553322792053223,6.238876819610596,-0.4127323031425476,5.820642948150635,1.2108847892621923,0.0083,,,,
446368,13949,10.101938247680664,4.799881935119629,5.093850135803223,0.20390360057353973,0.0043032499961555,-0.0012051614467054605,1.923940896987915,-0.0010515814647078514,0.5421457886695862,2.2093417644500732,2.1703760623931885,6.468160629272461,-0.4008429944515228,6.077611446380615,1.2112313281882472,0.0077,,,,
447968,13999,11.099425315856934,5.307457447052002,5.612248420715332,0.1761203408241272,0.0035984262358397245,0.0008088397444225848,1.7230911254882812,0.001020749332383275,0.7426238656044006,1.8129301071166992,1.7745567560195923,6.688055992126465,-0.408300518989563,6.264369487762451,1.2116222987268406,0.0056,,,,
449568,14049,13.235125541687012,6.998781681060791,5.823873043060303,0.39019230008125305,0.022278770804405212,-0.004525870084762573,2.0534238815307617,-0.004350516479462385,0.6362694501876831,1.5906188488006592,1.6436657905578613,6.393170356750488,-0.4316540062427521,5.965121746063232,1.2119926774768364,0.012,,,,
451168,14099,10.511507987976074,5.293813705444336,5.010332107543945,0.20235033333301544,0.00501183420419693,0.005320732947438955,1.9715321063995361,0.005466200411319733,0.5489397644996643,2.5746045112609863,2.466259479522705,6.327093601226807,-0.4302210211753845,5.928057670593262,1.2123553677489098,0.008199999999999999,,,,
452768,14149,11.80477237701416,6.326237201690674,5.313901901245117,0.15833763778209686,0.006296634208410978,0.0007395205902867019,1.9395121335983276,0.0009243125095963478,0.6569653153419495,1.46687912940979,1.435970425605774,6.097715377807617,-0.4416965842247009,5.658364295959473,1.2127469125906487,0.0095,,,,
454368,14199,11.489232063293457,5.930428981781006,5.343527317047119,0.2100028693675995,0.005273263901472092,-7.749928045086563e-06,1.9634814262390137,0.00016358611173927784,0.6193566918373108,1.955336093902588,1.9173521995544434,6.078832626342773,-0.45037099719047546,5.635793685913086,1.2131355595121,0.0137,,,,
455968,14249,11.822382926940918,6.119652271270752,5.494655132293701,0.19266003370285034,0.015415442176163197,-0.0005333761218935251,1.9937864542007446,-0.0003442144370637834,0.7154536247253418,1.4458523988723755,1.4271478652954102,5.789304733276367,-0.4436386823654175,5.343555927276611,1.2135009764481357,0.0095,,,,
457568,14299,11.920920372009277,7.110537528991699,4.613029956817627,0.19435282051563263,0.0029988300520926714,0.0014038438675925136,1.9566541910171509,0.001577016431838274,0.6385738253593445,1.0449944734573364,1.023801326751709,5.79151725769043,-0.44653162360191345,5.330716609954834,1.213871724860963,0.0111,,,,
459168,14349,10.646289825439453,4.873828411102295,5.586692810058594,0.18169978260993958,0.004067964851856232,0.0012382935965433717,1.9838212728500366,0.00141707225702703,0.6637374758720398,1.4411576986312866,1.3664231300354004,5.920620441436768,-0.40830692648887634,5.5087995529174805,1.214236529303501,0.009200000000000002,,,,
460768,14399,10.418646812438965,4.854905605316162,5.303030967712402,0.24995563924312592,0.010755445808172226,-0.004198775161057711,1.714559555053711,-0.003975817933678627,0.8046627640724182,1.2105557918548584,1.2331695556640625,5.517627239227295,-0.41165947914123535,5.093172073364258,1.2146097940385485,0.011899999999999999,,,,
462368,14449,12.4461669921875,6.867494583129883,5.400699615478516,0.17302528023719788,0.0049480292946100235,0.001728117000311613,1.9491750001907349,0.0019231277983635664,0.7092915773391724,1.3306045532226562,1.2740216255187988,5.8642144203186035,-0.4118393361568451,5.452081203460693,1.2149710173166608,0.0105,,,,
463968,14499,12.145336151123047,6.867065906524658,5.1234130859375,0.1509946584701538,0.0038636152166873217,0.008273773826658726,1.9483273029327393,0.008470564149320126,0.7272095680236816,1.6574203968048096,1.5676952600479126,5.970552444458008,-0.4423390328884125,5.534347057342529,1.2153120766551992,0.016300000000000002,,,,
465568,14549,10.458900451660156,4.792155742645264,5.50477409362793,0.1550740748643875,0.006895985919982195,-0.002572061959654093,1.767030954360962,-0.002347310073673725,0.821916937828064,1.5870041847229004,1.5863975286483765,5.641361236572266,-0.43172988295555115,5.211138725280762,1.2156567912886689,0.015999999999999997,,,,
467168,14599,9.624126434326172,4.713773250579834,4.755897045135498,0.153370663523674,0.0010850288672372699,0.006169744301587343,1.833754062652588,0.006408350542187691,0.8583644032478333,1.6320611238479614,1.53602135181427,5.7159013748168945,-0.45092135667800903,5.2755327224731445,1.216022159929057,0.0128,,,,
468768,14649,10.986847877502441,5.690864562988281,5.130623817443848,0.1616365611553192,0.0037229626905173063,0.003781444625928998,2.000643253326416,0.00399221433326602,0.7392893433570862,1.455345630645752,1.3794766664505005,5.9313578605651855,-0.44749829173088074,5.472745418548584,1.2163518464627177,0.014,,,,
470368,14699,16.521846771240234,9.892162322998047,6.535284042358398,0.09285471588373184,0.001545124570839107,0.006404743995517492,1.9665461778640747,0.006600413005799055,0.7066705822944641,1.625687599182129,1.5516785383224487,5.8842315673828125,-0.44620856642723083,5.4540696144104,1.2167190305189177,0.015799999999999998,,,,
471968,14749,10.807372093200684,5.4011125564575195,5.199737071990967,0.2060440331697464,0.00047861735220067203,-0.0016343439929187298,1.8578637838363647,-0.0014624511823058128,0.6268752813339233,1.5986379384994507,1.6112722158432007,5.884435653686523,-0.4171161651611328,5.468411445617676,1.2170465330379303,0.011300000000000001,,,,
473568,14799,8.28593635559082,3.9924960136413574,4.120326042175293,0.17077787220478058,0.0023361090570688248,0.001702205976471305,2.0101993083953857,0.0018764272099360824,0.6274630427360535,1.6103006601333618,1.5324888229370117,6.211050033569336,-0.4192836880683899,5.793464183807373,1.2173897641728186,0.0087,,,,
475168,14849,12.683438301086426,6.781455039978027,5.69333028793335,0.2080671340227127,0.0005864810664206743,-0.0006747681181877851,1.9428110122680664,-0.0004400556499604136,0.8218187093734741,1.6511476039886475,1.6147948503494263,6.6649861335754395,-0.44076213240623474,6.224493503570557,1.2177434545323087,0.011600000000000001,,,,
476768,14899,11.003826141357422,5.59862756729126,5.209557056427002,0.1874692589044571,0.008172471076250076,0.0010814385022968054,1.83693528175354,0.0012950100935995579,0.7983080148696899,1.1300952434539795,1.107781171798706,6.342144966125488,-0.4466884732246399,5.882091999053955,1.2180606906131388,0.015899999999999997,,,,
478368,14949,10.820219993591309,5.5766377449035645,5.052823066711426,0.18890678882598877,0.0018516022246330976,0.005739192944020033,1.9610552787780762,0.005950262304395437,0.7607266306877136,1.2545626163482666,1.1586741209030151,6.056548118591309,-0.4308479130268097,5.621039390563965,1.2184127329449814,0.013600000000000001,,,,
479968,14999,11.45591926574707,5.834008693695068,5.442671775817871,0.17698153853416443,0.0022577373310923576,0.003927469719201326,2.1806674003601074,0.004090741742402315,0.6404340267181396,2.277968168258667,2.1952171325683594,6.754426002502441,-0.4241957664489746,6.339026927947998,1.2187632006565783,0.012700000000000001,,,,
481568,15049,10.568480491638184,5.384483337402344,5.011634826660156,0.16453245282173157,0.007829360663890839,-0.0034770832862704992,1.928875207901001,-0.0032978281378746033,0.65549236536026,1.5895836353302002,1.6047985553741455,7.040564060211182,-0.41877931356430054,6.616899013519287,1.199962128011428,0.008700000000000001,,,,
483168,15099,9.075533866882324,4.167951583862305,4.707705497741699,0.19430600106716156,0.005570286884903908,-0.002833903767168522,1.8829782009124756,-0.0026406848337501287,0.6865200996398926,2.146552085876465,2.1104252338409424,6.783227920532227,-0.43012845516204834,6.366637706756592,1.2003231382272121,0.015300000000000001,,,,
484768,15149,10.808605194091797,5.260832786560059,5.35805606842041,0.187798872590065,0.0019178667571395636,0.0015706797130405903,2.1111114025115967,0.0017362339422106743,0.5898042321205139,1.7549635171890259,1.7071805000305176,6.681757926940918,-0.40459901094436646,6.281822204589844,1.200707132335445,0.0161,,,,
486368,15199,8.421943664550781,3.420642137527466,4.823493957519531,0.1757136881351471,0.002093816176056862,0.0034297762904316187,2.071464776992798,0.003589988686144352,0.6110983490943909,1.920461893081665,1.8471076488494873,6.72979211807251,-0.4090743362903595,6.328415393829346,1.2011086417356949,0.016700000000000003,,,,
487968,15249,9.208250045776367,4.185184478759766,4.796308994293213,0.22314861416816711,0.0036084370221942663,-0.003160204505547881,2.1912436485290527,-0.0029733467381447554,0.690100371837616,1.6931109428405762,1.7113754749298096,7.083160877227783,-0.4420819580554962,6.6356520652771,1.2014875977873098,0.010899999999999998,,,,
489568,15299,14.37515640258789,8.15070915222168,6.036361217498779,0.18482346832752228,0.0032626022584736347,0.009810584597289562,2.2234559059143066,0.009967159479856491,0.5640861988067627,2.595581293106079,2.4580209255218506,7.304605960845947,-0.41255271434783936,6.892166614532471,1.20187099387916,0.0123,,,,
491168,15349,10.654596328735352,5.50983190536499,4.964998245239258,0.1789366602897644,0.0008284880314022303,0.0006668659625574946,1.9428269863128662,0.0008308013202622533,0.5669654011726379,2.3334109783172607,2.2909786701202393,7.557566165924072,-0.39878901839256287,7.151233196258545,1.2022312852075536,0.014100000000000001,,,,
492768,15399,11.677854537963867,6.508636474609375,4.969048500061035,0.19418708980083466,0.0059820241294801235,-0.00026411053841002285,2.1187374591827393,-0.0001334794651484117,0.49285653233528137,2.028430700302124,2.000566005706787,7.226712703704834,-0.4107350707054138,6.8207879066467285,1.2025706374039469,0.014,,,,
494368,15449,11.325904846191406,5.775341510772705,5.277314186096191,0.2698558568954468,0.003393546910956502,-0.004429683089256287,1.7561111450195312,-0.00424609798938036,0.6812652945518494,2.3796026706695557,2.384528160095215,7.280405521392822,-0.43192654848098755,6.853812217712402,1.202932264253158,0.013800000000000002,,,,
495968,15499,10.995955467224121,5.585669040679932,5.255575180053711,0.15227147936820984,0.0024405885487794876,4.980899393558502e-05,1.9119479656219482,0.00022306374739855528,0.6466193199157715,2.1963133811950684,2.1568803787231445,7.574489116668701,-0.44390037655830383,7.134789943695068,1.2032879115409434,0.016799999999999995,,,,
497568,15549,10.951931953430176,4.876955032348633,5.8440680503845215,0.2276698648929596,0.003238955046981573,-0.0001414241996826604,2.011307954788208,1.4777877368032932e-05,0.6021465063095093,2.2928895950317383,2.2830495834350586,7.532817840576172,-0.4393288493156433,7.101895809173584,1.2036275716111033,0.0154,,,,
499168,15599,9.87924575805664,5.269312858581543,4.463589668273926,0.14153192937374115,0.00481138052418828,-0.000994988135062158,1.9903197288513184,-0.0008240584866143763,0.6257802248001099,1.7438831329345703,1.7365086078643799,7.524210453033447,-0.4103541076183319,7.096565246582031,1.2040034454365214,0.011300000000000001,,,,
500768,15649,11.810209274291992,5.9026665687561035,5.700610160827637,0.20127706229686737,0.0056550572626292706,0.004741942975670099,2.0480051040649414,0.004919067956507206,0.6596152186393738,2.4050045013427734,2.34873104095459,7.505891799926758,-0.4193818271160126,7.090737342834473,1.204358042423705,0.010100000000000001,,,,
502368,15699,11.90202808380127,6.325409889221191,5.323862075805664,0.24907082319259644,0.003685200586915016,0.003423364832997322,2.1985526084899902,0.0036047252360731363,0.6667701005935669,1.8883854150772095,1.7876142263412476,7.386453151702881,-0.4309350848197937,6.949862480163574,1.2047161815175325,0.012600000000000002,,,,
503968,15749,14.634683609008789,8.147170066833496,6.20933198928833,0.2706201374530792,0.007561150938272476,-0.0006904854672029614,1.9775707721710205,-0.0005193179240450263,0.6267754435539246,1.7351322174072266,1.7208943367004395,7.5030951499938965,-0.4317353665828705,7.082948207855225,1.2050807182939876,0.0124,,,,
505568,15799,11.410726547241211,5.853476524353027,5.349091053009033,0.2025834023952484,0.00557482335716486,0.00020021898671984673,2.0545780658721924,0.00033689779229462147,0.515396237373352,2.313899278640747,2.2741260528564453,7.501291751861572,-0.4269182085990906,7.071646690368652,1.2054361982778223,0.013300000000000001,,,,
507168,15849,10.528115272521973,4.91262674331665,5.443345546722412,0.1692107915878296,0.0029322421178221703,-0.0011590933427214622,1.9375243186950684,-0.0009892877424135804,0.6555277109146118,2.376646041870117,2.3477931022644043,7.353862762451172,-0.4329077899456024,6.932485580444336,1.2057912205514272,0.015099999999999999,,,,
508768,15899,12.276139259338379,7.0876874923706055,4.996216773986816,0.18333587050437927,0.008898871950805187,1.3848504750058055e-05,1.9926345348358154,0.00017901102546602488,0.6047601699829102,2.0281243324279785,1.997644066810608,7.345505237579346,-0.4391014873981476,6.899620532989502,1.206154069291559,0.0135,,,,
510368,15949,13.053665161132812,6.670673370361328,6.194384574890137,0.1866103708744049,0.0019974373281002045,-0.004007065203040838,1.972383975982666,-0.0038283495232462883,0.6497319936752319,2.2274022102355957,2.2428340911865234,7.586025238037109,-0.4450560212135315,7.141742706298828,1.206501097068544,0.015200000000000002,,,,
511968,15999,14.687004089355469,7.673170566558838,6.609727382659912,0.40277135372161865,0.0013347030617296696,-0.0017886379500851035,1.988513708114624,-0.0016410473035648465,0.5431349277496338,2.6411802768707275,2.641828775405884,7.985645771026611,-0.46058356761932373,7.529720783233643,1.2068246683971935,0.009,,,,
513568,16049,9.80454158782959,4.683348655700684,4.944456577301025,0.17608985304832458,0.0006457485724240541,0.00012290835729800165,1.8945591449737549,0.0002819812798406929,0.6225681304931641,2.68375563621521,2.613748073577881,7.947569847106934,-0.437820702791214,7.522374629974365,1.2071812665634951,0.013,,,,
515168,16099,14.362617492675781,7.753264904022217,6.420520782470703,0.18677926063537598,0.0020521599799394608,0.0008678413578309119,1.7949020862579346,0.0010105331894010305,0.5228819847106934,2.8341410160064697,2.819179058074951,8.09650993347168,-0.44358590245246887,7.648787498474121,1.2075068214728253,0.0135,,,,
516768,16149,13.214698791503906,6.999140739440918,6.020985126495361,0.19304682314395905,0.0015261550433933735,-0.00023639552819076926,1.7423588037490845,-6.525931530632079e-05,0.597085177898407,3.28273868560791,3.227595090866089,7.970502853393555,-0.4251365065574646,7.534509181976318,1.2078609196455017,0.006199999999999999,,,,
518368,16199,13.446237564086914,7.249608993530273,5.961888313293457,0.2267412692308426,0.007999597117304802,-0.0007134473999030888,1.8256499767303467,-0.0005287961685098708,0.7022793292999268,3.4031896591186523,3.272481918334961,8.054859161376953,-0.41630613803863525,7.657351016998291,1.2081810665322006,0.011899999999999999,,,,
519968,16249,13.607087135314941,7.536139488220215,5.87135648727417,0.191261425614357,0.008330266922712326,0.0018757733050733805,2.052234172821045,0.002051764167845249,0.6392815113067627,2.756516218185425,2.626852035522461,8.504549026489258,-0.4080672860145569,8.102015495300293,1.2085083000066361,0.0153,,,,
521568,16299,9.860527992248535,5.0105462074279785,4.730422496795654,0.11804261803627014,0.0015164620708674192,1.9553452148102224e-05,1.7064893245697021,0.00018445932073518634,0.6438605189323425,3.2017054557800293,3.192373275756836,8.51060962677002,-0.43628159165382385,8.071897506713867,1.2088325071954473,0.0162,,,,
523168,16349,12.014630317687988,6.344667434692383,5.457822322845459,0.20652776956558228,0.005612570326775312,-0.0022049725521355867,1.71297025680542,-0.00204077223315835,0.5886974930763245,2.4822587966918945,2.4828310012817383,8.355123519897461,-0.42323583364486694,7.9214630126953125,1.2091472597343362,0.0101,,,,
524768,16399,11.018680572509766,5.49727201461792,5.363801956176758,0.1515236645936966,0.006082470528781414,-0.000981419230811298,1.9118643999099731,-0.0008188190404325724,0.5795738697052002,2.550469398498535,2.533726692199707,8.283839225769043,-0.4090706408023834,7.879357814788818,1.209494042354309,0.0091,,,,
526368,16449,11.966134071350098,6.858463764190674,4.948370933532715,0.15689487755298615,0.0024045235477387905,-0.0033255238085985184,1.8884468078613281,-0.0031543869990855455,0.6417621374130249,2.038428783416748,2.0523929595947266,8.292009353637695,-0.41227543354034424,7.877353191375732,1.2098006563683334,0.014099999999999998,,,,
527968,16499,13.623749732971191,7.195046424865723,6.2685089111328125,0.15902139246463776,0.0011730993865057826,-0.002472585765644908,1.882333755493164,-0.0022952870931476355,0.6320520043373108,3.1977157592773438,3.204348564147949,7.935119152069092,-0.39612823724746704,7.559564590454102,1.2101429492284088,0.015,,,,
529568,16549,9.875659942626953,4.492765426635742,5.164339065551758,0.21488256752490997,0.003672985825687647,-0.00109969568438828,1.933066964149475,-0.0009254117612726986,0.6421197652816772,2.298020124435425,2.2800793647766113,7.935848712921143,-0.42932555079460144,7.501821041107178,1.2104613667429769,0.0164,,,,
531168,16599,12.7908935546875,7.238770484924316,5.353209495544434,0.19426852464675903,0.004644940607249737,-0.0033353243488818407,1.9313734769821167,-0.0031575222965329885,0.66489177942276,2.1612062454223633,2.161220073699951,7.856638431549072,-0.4556945860385895,7.403879165649414,1.2107697377174134,0.0163,,,,
532768,16649,12.203296661376953,6.397987365722656,5.562401294708252,0.23959225416183472,0.003316239221021533,0.010273255407810211,2.0908570289611816,0.010443545877933502,0.6710106134414673,2.6174676418304443,2.5583207607269287,7.699924945831299,-0.44430580735206604,7.266119003295898,1.211076795442676,0.016399999999999998,,,,
534368,16699,11.82276439666748,5.81736946105957,5.765074729919434,0.23517803847789764,0.0051421476528048515,-0.004168019164353609,1.8657035827636719,-0.003960140515118837,0.7781384587287903,1.7579216957092285,1.7839739322662354,7.291715621948242,-0.4222705066204071,6.856871604919434,1.2114173953553662,0.009399999999999999,,,,
535968,16749,12.708751678466797,6.840882301330566,5.551401138305664,0.31356048583984375,0.0029073019977658987,-0.00347700621932745,1.7519605159759521,-0.0033012444619089365,0.6363462805747986,2.336913585662842,2.3358983993530273,7.3986496925354,-0.41409990191459656,6.990320682525635,1.2116974110304761,0.015000000000000001,,,,
537568,16799,11.267885208129883,5.883599281311035,5.208300590515137,0.1667451113462448,0.009240556508302689,-0.004415655508637428,1.795379877090454,-0.004258907865732908,0.5598565340042114,2.13724684715271,2.199469566345215,7.250682830810547,-0.4327724874019623,6.8067169189453125,1.2120074286982023,0.008400000000000001,,,,
539168,16849,9.978063583374023,5.0759992599487305,4.71572208404541,0.1854560524225235,0.0008861253736540675,-0.000461089686723426,1.7804522514343262,-0.00029962079133838415,0.5931941270828247,2.2610485553741455,2.2696917057037354,7.205523490905762,-0.4216131865978241,6.790558338165283,1.2123003104337504,0.0144,,,,
540768,16899,11.541177749633789,6.04103946685791,5.274302005767822,0.2213655263185501,0.004469902720302343,-0.004068685695528984,1.6800007820129395,-0.003884212113916874,0.6836692690849304,2.2273054122924805,2.2673254013061523,7.3643598556518555,-0.39240673184394836,6.966076374053955,1.2126236512380266,0.0112,,,,
542368,16949,10.193636894226074,4.8474321365356445,5.0912275314331055,0.2517942190170288,0.00318320095539093,-0.0059073306620121,1.7205533981323242,-0.005726258270442486,0.6459765434265137,1.9863041639328003,2.0032339096069336,6.995168685913086,-0.40410637855529785,6.578556060791016,1.2129350402229477,0.0125,,,,
543968,16999,10.712563514709473,5.521791934967041,4.976025104522705,0.20773105323314667,0.007015602197498083,-0.0033697253093123436,1.87672758102417,-0.003211062401533127,0.5981909036636353,1.588553547859192,1.6002721786499023,7.139720439910889,-0.42374488711357117,6.713952541351318,1.213236084873641,0.0176,,,,
545568,17049,8.343303680419922,3.4292526245117188,4.676126003265381,0.23511902987957,0.002805907279253006,0.0019889757968485355,2.170323371887207,0.0021647769026458263,0.6489819884300232,2.24090576171875,2.171658992767334,6.611755847930908,-0.39968469738960266,6.210174083709717,1.2135364554156602,0.012900000000000002,,,,
547168,17099,12.331482887268066,5.860095977783203,6.26603889465332,0.20260179042816162,0.0027466993778944016,0.0010080609936267138,2.1503703594207764,0.0011793302837759256,0.6293630599975586,2.042318105697632,2.0073070526123047,6.726078987121582,-0.3985290229320526,6.321596145629883,1.2138410137973228,0.0215,,,,
548768,17149,12.90761661529541,6.958333492279053,5.770634174346924,0.17669463157653809,0.001954212784767151,0.0010234109358862042,2.008622646331787,0.0011794905876740813,0.5702943801879883,2.1798624992370605,2.1207776069641113,6.854879379272461,-0.397678941488266,6.462393760681152,1.2141388265940019,0.0135,,,,
550368,17199,12.131138801574707,6.407681465148926,5.514695644378662,0.207892045378685,0.0008694350835867226,-0.0015206184471026063,1.9061285257339478,-0.0013355768751353025,0.6578704714775085,1.9809679985046387,1.9734456539154053,7.030854225158691,-0.4260796010494232,6.605072975158691,1.2144460998556144,0.009300000000000001,,,,
551968,17249,11.138026237487793,5.5488457679748535,5.323173999786377,0.2564578056335449,0.009549063630402088,0.0025749686174094677,1.8818256855010986,0.0027658059261739254,0.6850219964981079,2.065528154373169,1.9910672903060913,7.105124473571777,-0.4266771376132965,6.676979064941406,1.2147501745792628,0.0099,,,,
553568,17299,11.386613845825195,5.734281539916992,5.4285054206848145,0.22164121270179749,0.002185768447816372,0.0009918669238686562,1.8766087293624878,0.0011985929450020194,0.7458128929138184,1.6651382446289062,1.661480188369751,7.148278713226318,-0.4431792199611664,6.6962809562683105,1.2150137531591754,0.012100000000000001,,,,
555168,17349,11.43471908569336,5.581274509429932,5.6078104972839355,0.24124328792095184,0.004390663467347622,-0.003688705386593938,2.0005252361297607,-0.0035366530064493418,0.605164647102356,2.7760045528411865,2.808168888092041,7.439833641052246,-0.44486361742019653,6.997382164001465,1.2152993322756973,0.0143,,,,
556768,17399,11.89998722076416,6.494767665863037,5.1587629318237305,0.2445145696401596,0.0019422066397964954,-0.0019189533777534962,1.7933337688446045,-0.0017196033149957657,0.7238688468933105,1.9690721035003662,1.9405349493026733,7.809234619140625,-0.4379217326641083,7.36789083480835,1.2155957646513174,0.0172,,,,
558368,17449,10.82951831817627,5.7761406898498535,4.860302448272705,0.19066864252090454,0.002406219020485878,0.0018108218209818006,1.9397343397140503,0.0019459757022559643,0.507225751876831,2.053467273712158,1.9871788024902344,7.783146858215332,-0.43661051988601685,7.346149444580078,1.2159000466698553,0.013800000000000002,,,,
559968,17499,11.43543529510498,5.914981365203857,5.318082809448242,0.19419093430042267,0.00818000640720129,-0.001675785519182682,2.058529853820801,-0.0015023056184872985,0.6098566651344299,2.371016025543213,2.3411343097686768,8.286809921264648,-0.4006335139274597,7.893808364868164,1.216178787724869,0.012600000000000002,,,,
561568,17549,11.355379104614258,5.774954319000244,5.383384704589844,0.19485095143318176,0.002189866965636611,0.001267995685338974,2.2948081493377686,0.001438354724086821,0.6464406251907349,1.8170865774154663,1.7644363641738892,7.999091625213623,-0.4002532362937927,7.600773811340332,1.2002055837014698,0.015200000000000002,,,,
563168,17599,9.853286743164062,4.2972283363342285,5.343579292297363,0.2122059017419815,0.00027249500271864235,0.0006133842398412526,2.1169772148132324,0.0007933140732347965,0.6771628856658936,1.507889747619629,1.469839096069336,8.170453071594238,-0.4063399136066437,7.758382797241211,1.200529494618116,0.011399999999999999,,,,
564768,17649,12.02999210357666,6.359162330627441,5.496440887451172,0.17005597054958344,0.004332190379500389,-0.0026536104269325733,1.8995497226715088,-0.0024971580132842064,0.5881032943725586,2.4019603729248047,2.399681568145752,8.409711837768555,-0.3889695703983307,8.015040397644043,1.2008326451993938,0.0138,,,,
566368,17699,11.79317569732666,6.148345470428467,5.4607439041137695,0.1728905886411667,0.0111958347260952,-0.0028923400677740574,1.9193899631500244,-0.0027421140111982822,0.5555554032325745,1.9862794876098633,2.013216257095337,8.233175277709961,-0.4076392650604248,7.816620349884033,1.2011560890371966,0.013,,,,
567968,17749,9.596626281738281,4.284367561340332,5.223329067230225,0.08892635256052017,3.5938367091148393e-06,0.0006909233052283525,1.7371230125427246,0.000852560973726213,0.5676248669624329,2.6874468326568604,2.671112060546875,8.481364250183105,-0.410543292760849,8.050960540771484,1.2014728004381587,0.011100000000000002,,,,
569568,17799,11.698238372802734,6.990743637084961,4.509346961975098,0.1876467913389206,0.010501189157366753,0.002399503719061613,2.112766742706299,0.002533711027354002,0.49346691370010376,3.0061397552490234,2.928321123123169,8.176372528076172,-0.39128944277763367,7.790816783905029,1.201776169093663,0.0091,,,,
571168,17849,11.675128936767578,6.30723762512207,5.207482814788818,0.15475891530513763,0.005649147089570761,0.0009509370429441333,2.0255932807922363,0.0011135300155729055,0.608663022518158,2.4912400245666504,2.4192891120910645,7.73233699798584,-0.3931579887866974,7.34539794921875,1.2020820313354883,0.0114,,,,
572768,17899,9.651827812194824,4.576320171356201,4.781105995178223,0.28806042671203613,0.006341473665088415,0.002718109404668212,1.8960728645324707,0.0029168040491640568,0.7312535047531128,2.781444549560547,2.6928818225860596,7.7045087814331055,-0.4188784658908844,7.277341842651367,1.2023857389191095,0.014399999999999998,,,,
574368,17949,13.076302528381348,7.091369152069092,5.8267107009887695,0.151838481426239,0.006384382955729961,0.00034277630038559437,1.9058170318603516,0.0004910037969239056,0.5412508845329285,3.440683364868164,3.3831980228424072,7.860053062438965,-0.3983817994594574,7.473201274871826,1.20267970800363,0.010199999999999999,,,,
575968,17999,10.33698844909668,4.989761829376221,5.14757776260376,0.19684328138828278,0.002805527998134494,0.003450504271313548,2.177398204803467,0.0035770279355347157,0.4773555099964142,2.717679738998413,2.6211700439453125,7.912057876586914,-0.355227530002594,7.546259880065918,1.2029688748866436,0.014899999999999998,,,,
577568,18049,10.921049118041992,5.516142845153809,5.21763277053833,0.18425481021404266,0.0030179310124367476,0.001019880990497768,1.878923773765564,0.0011815779143944383,0.5967722535133362,3.2906112670898438,3.1782515048980713,7.977341651916504,-0.3281782567501068,7.664410591125488,1.2032683198409355,0.014399999999999998,,,,
579168,18099,9.822157859802246,4.457778453826904,5.157482624053955,0.20254723727703094,0.004349682480096817,0.0025070395786315203,2.0916805267333984,0.002655360149219632,0.5200255513191223,3.119682550430298,3.051975727081299,8.011744499206543,-0.28235986828804016,7.718051910400391,1.2035536224319474,0.01,,,,
580768,18149,10.174779891967773,5.170913219451904,4.79890775680542,0.20212264358997345,0.002835867227986455,-0.0025744119193404913,1.6650468111038208,-0.002428343053907156,0.5569292902946472,3.823018789291382,3.7875235080718994,8.182266235351562,-0.2931233048439026,7.892760753631592,1.2038612432392823,0.014199999999999999,,,,
582368,18199,10.762089729309082,5.190005302429199,5.351831436157227,0.2176106721162796,0.0026421782094985247,0.0005168472416698933,1.9546797275543213,0.000688915781211108,0.6831273436546326,3.185910701751709,3.1451687812805176,8.070231437683105,-0.3014378845691681,7.7687177658081055,1.2041604056015098,0.012899999999999998,,,,
583968,18249,10.023181915283203,4.9690632820129395,4.855690002441406,0.194770947098732,0.003658067900687456,-9.437717380933464e-05,2.104902744293213,5.835946649312973e-05,0.5804842114448547,3.373380184173584,3.3111062049865723,8.068547248840332,-0.28869548439979553,7.805785655975342,1.204461916998574,0.004300000000000001,,,,
585568,18299,10.092377662658691,4.932714462280273,4.913519859313965,0.24370476603507996,0.0024380723480135202,0.0006613252917304635,1.9078267812728882,0.000774677493609488,0.43911030888557434,3.2920119762420654,3.206941843032837,8.42572021484375,-0.285891592502594,8.148755073547363,1.2047638635879914,0.010399999999999998,,,,
587168,18349,9.580428123474121,4.796570301055908,4.635775089263916,0.14397163689136505,0.004111315589398146,0.001011733547784388,1.9457000494003296,0.0011434373445808887,0.47345060110092163,4.48229455947876,4.326916694641113,8.767221450805664,-0.23032262921333313,8.541301727294922,1.2050621076788033,0.007499999999999999,,,,
588768,18399,11.19473648071289,5.372066974639893,5.5991621017456055,0.21729260683059692,0.006214093882590532,-0.000986692844890058,1.8603684902191162,-0.000860381405800581,0.4562453329563141,3.3977580070495605,3.38855242729187,9.220452308654785,-0.2116263061761856,8.997830390930176,1.2053611479487318,0.0087,,,,
590368,18449,10.633214950561523,4.779593467712402,5.663603782653809,0.18132221698760986,0.008695746771991253,-0.001733126351609826,2.0787675380706787,-0.0016301305731758475,0.40762859582901,2.9974100589752197,3.0115537643432617,9.050041198730469,-0.23854027688503265,8.816844940185547,1.205640911126634,0.006,,,,
591968,18499,10.191217422485352,4.58087682723999,5.360271453857422,0.24769406020641327,0.002374640665948391,2.6179332053288817e-05,1.9434109926223755,0.00015074409020598978,0.46053510904312134,3.2272934913635254,3.1770498752593994,8.797216415405273,-0.21346335113048553,8.580763816833496,1.2059261959125052,0.0115,,,,
593568,18549,8.81772518157959,4.085629940032959,4.4053239822387695,0.3236921727657318,0.003079052781686187,-0.001251607551239431,2.1436362266540527,-0.0011224420741200447,0.4677637815475464,2.4167637825012207,2.3953604698181152,8.431181907653809,-0.21387620270252228,8.216292381286621,1.2062047178679758,0.0162,,,,
595168,18599,13.560186386108398,7.703597068786621,5.662070274353027,0.1870690882205963,0.007450014352798462,0.0006426526233553886,1.7305963039398193,0.0007699551060795784,0.4581369459629059,3.7978668212890625,3.735008478164673,8.482787132263184,-0.206337109208107,8.277661323547363,1.20648037354834,0.013099999999999999,,,,
596768,18649,9.769475936889648,4.605459690093994,4.980520725250244,0.18169152736663818,0.0018044934840872884,0.00012093960685888305,2.103954792022705,0.00023949192836880684,0.46343210339546204,3.330564260482788,3.2656056880950928,8.664825439453125,-0.20507018268108368,8.463205337524414,1.2067642332782864,0.0099,,,,
598368,18699,10.241659164428711,4.87712287902832,5.119379043579102,0.239364892244339,0.005792637355625629,0.005020600277930498,1.9732930660247803,0.005150755401700735,0.4991854131221771,3.6961324214935303,3.625718593597412,8.644993782043457,-0.20786698162555695,8.454089164733887,1.207049563438825,0.010899999999999998,,,,
599968,18749,11.956679344177246,6.054022789001465,5.700787544250488,0.19698907434940338,0.004880060907453299,0.00031421479070559144,1.7808592319488525,0.00044910857104696333,0.4873150587081909,3.6166677474975586,3.549657106399536,8.671967506408691,-0.19030161201953888,8.48283576965332,1.2073235363656447,0.011400000000000002,,,,
601568,18799,10.286511421203613,5.04670524597168,4.997804641723633,0.23793937265872955,0.004062104970216751,-0.0008846505079418421,1.935680866241455,-0.0007750449003651738,0.3984241485595703,3.1595635414123535,3.1831307411193848,8.509313583374023,-0.20259004831314087,8.301183700561523,1.2076221015168487,0.0104,,,,
603168,18849,10.010598182678223,4.148176670074463,5.605659484863281,0.25234320759773254,0.0044192662462592125,0.0007895099115557969,2.1182923316955566,0.0008903995621949434,0.37560248374938965,3.131662368774414,3.0163612365722656,8.103097915649414,-0.18778814375400543,7.925293445587158,1.2078871231972228,0.0101,,,,
604768,18899,13.17943286895752,7.268434524536133,5.651843070983887,0.2583411633968353,0.0008141689468175173,-0.0018177349120378494,1.703136682510376,-0.001678429776802659,0.5118717551231384,3.476569652557373,3.487888813018799,8.252668380737305,-0.2162972390651703,8.049836158752441,1.2081905102686692,0.013800000000000002,,,,
606368,18949,10.943930625915527,4.896969318389893,5.803455352783203,0.24033775925636292,0.0031686045695096254,-0.0009959338931366801,1.8662950992584229,-0.0008884721901267767,0.3830341696739197,3.4328408241271973,3.4155218601226807,8.124702453613281,-0.16313830018043518,7.969048023223877,1.2084672334666369,0.013200000000000002,,,,
607968,18999,10.173324584960938,4.131796836853027,5.766563415527344,0.26695284247398376,0.00801188312470913,-0.0015813963254913688,1.9036314487457275,-0.0014464152045547962,0.4880483150482178,2.945469617843628,2.8999252319335938,8.1307373046875,-0.18134094774723053,7.94581937789917,1.2087303254535562,0.0112,,,,
609568,19049,9.24448299407959,4.308656215667725,4.693544387817383,0.23670077323913574,0.005580919794738293,0.0021102463360875845,2.1228485107421875,0.00222224579192698,0.42629942297935486,3.105038642883301,3.0475311279296875,8.120936393737793,-0.17791086435317993,7.934451580047607,1.2090043320011843,0.012199999999999999,,,,
611168,19099,10.417692184448242,5.117774963378906,5.118601322174072,0.17813679575920105,0.0031791224610060453,0.004054419230669737,2.0849995613098145,0.0041866605170071125,0.46387580037117004,4.148289203643799,3.9902353286743164,8.19346809387207,-0.18901179730892181,8.016698837280273,1.2092846397061023,0.014600000000000002,,,,
612768,19149,10.456284523010254,4.277877330780029,5.920219898223877,0.2545328140258789,0.0036546816118061543,-0.0004276463878341019,1.8308731317520142,-0.0002961927675642073,0.473662793636322,3.169504165649414,3.1631927490234375,8.07898235321045,-0.1723853051662445,7.907914161682129,1.2095483221363532,0.0071,,,,
614368,19199,11.888413429260254,6.156352996826172,5.5143585205078125,0.21281300485134125,0.004888575058430433,0.0016694902442395687,1.8698866367340088,0.001796310767531395,0.4410456120967865,3.9057559967041016,3.854708433151245,8.225960731506348,-0.16547396779060364,8.049306869506836,1.2098295938057904,0.0227,,,,
615968,19249,8.374805450439453,3.9173460006713867,4.2319512367248535,0.22019465267658234,0.005313004367053509,-0.0014145885361358523,1.8193254470825195,-0.0012914080871269107,0.4412481486797333,3.5573689937591553,3.5439417362213135,8.230005264282227,-0.16420689225196838,8.06434154510498,1.2101004729694114,0.0176,,,,
617568,19299,11.144378662109375,5.574406623840332,5.400086879730225,0.1692817509174347,0.0006041251472197473,0.0008124810992740095,1.9169784784317017,0.0009223660454154015,0.4053689241409302,4.301573753356934,4.2334394454956055,8.629313468933105,-0.19365057349205017,8.464797019958496,1.2103884978964767,0.013800000000000002,,,,
619168,19349,12.785405158996582,7.125627517700195,5.363643169403076,0.28573253750801086,0.010402138344943523,-0.0011224538320675492,1.935668706893921,-0.0010174897033721209,0.38239750266075134,3.7816672325134277,3.754865884780884,8.8663969039917,-0.16723492741584778,8.7125883102417,1.2106762023991842,0.014899999999999998,,,,
620768,19399,10.33881664276123,5.190142631530762,4.899039268493652,0.24245409667491913,0.0071803852915763855,0.0020178058184683323,2.027770757675171,0.0021498638670891523,0.4688030481338501,4.184131622314453,4.113959312438965,8.886868476867676,-0.1502510905265808,8.742090225219727,1.2109350172095585,0.0211,,,,
622368,19449,10.743281364440918,5.218305587768555,5.3293657302856445,0.1942565143108368,0.0013536380138248205,0.0008495872025378048,1.9536117315292358,0.0009789860341697931,0.47157275676727295,4.284399032592773,4.188412666320801,8.895771026611328,-0.14383263885974884,8.758225440979004,1.21121722170477,0.018799999999999997,,,,
623968,19499,11.7449951171875,6.090505599975586,5.4416656494140625,0.206709086894989,0.006115413736552,-0.00033058656845241785,1.7044053077697754,-0.00018392264610156417,0.5231103301048279,4.151747226715088,4.172971725463867,8.738792419433594,-0.14705480635166168,8.580175399780273,1.2114860385793675,0.017900000000000003,,,,
625568,19549,10.708158493041992,5.4191789627075195,5.113802909851074,0.173058420419693,0.0021183746866881847,-5.768473056377843e-05,1.8762588500976562,6.322734407149255e-05,0.42003029584884644,3.7843804359436035,3.7156505584716797,8.980122566223145,-0.12441640347242355,8.84476089477539,1.211736122135617,0.0178,,,,
627168,19599,12.84697151184082,6.577293395996094,6.0788350105285645,0.1889186054468155,0.0019248443422839046,-0.001977674663066864,1.7043991088867188,-0.0018718321807682514,0.3708433508872986,3.5898571014404297,3.5731468200683594,8.87593936920166,-0.12987223267555237,8.719234466552734,1.212032005931556,0.0165,,,,
628768,19649,10.827345848083496,5.142699718475342,5.448085308074951,0.23392830789089203,0.002632023999467492,0.0001902014046208933,1.8386147022247314,0.00032573845237493515,0.49661827087402344,4.1874237060546875,4.131866455078125,9.157238006591797,-0.11388181149959564,9.049314498901367,1.2122892849520681,0.0165,,,,
630368,19699,10.87548542022705,4.790462970733643,5.875336647033691,0.20624487102031708,0.0034405242186039686,-0.0012063332833349705,1.8342535495758057,-0.001071401173248887,0.5010508298873901,4.23155403137207,4.224501609802246,9.426573753356934,-0.12255604565143585,9.303967475891113,1.2125353980721325,0.0167,,,,
631968,19749,10.911443710327148,5.203049659729004,5.422863483428955,0.28276047110557556,0.002769873710349202,-0.0016052437713369727,1.8080241680145264,-0.00149717356543988,0.39636853337287903,4.026254177093506,3.96511173248291,9.600567817687988,-0.15521764755249023,9.453363418579102,1.2128137795053675,0.0143,,,,
633568,19799,11.793561935424805,5.684329032897949,5.894671440124512,0.210252583026886,0.004309044685214758,0.002162177814170718,1.8706321716308594,0.002276398940011859,0.39903098344802856,4.5085954666137695,4.353516101837158,9.822453498840332,-0.14972399175167084,9.671870231628418,1.2130590693541459,0.015099999999999999,,,,
635168,19849,14.483410835266113,7.864671230316162,6.406056880950928,0.20449072122573853,0.008192298002541065,0.0035682865418493748,1.922475814819336,0.0036816217470914125,0.4075792729854584,4.920892238616943,4.786243438720703,9.606194496154785,-0.1401395946741104,9.47412395477295,1.2133217531611666,0.0199,,,,
636768,19899,11.311406135559082,5.5615715980529785,5.5453009605407715,0.20093479752540588,0.0035989524330943823,0.0012095790589228272,1.9913303852081299,0.0013575231423601508,0.5405992865562439,4.53151798248291,4.432500839233398,9.485738754272461,-0.1135668233036995,9.387502670288086,1.213582267357564,0.0195,,,,
638368,19949,12.116605758666992,6.613428592681885,5.3124871253967285,0.1852027177810669,0.005487707909196615,0.0013538998318836093,1.9155385494232178,0.001491609145887196,0.4826483726501465,4.734980583190918,4.6474385261535645,9.280618667602539,-0.10799669474363327,9.182573318481445,1.2138347688006053,0.0107,,,,
639968,19999,10.293574333190918,5.186258792877197,4.938559532165527,0.16515463590621948,0.003601034404709935,-0.0028630078304558992,1.8802111148834229,-0.0027398173697292805,0.4428410530090332,4.369224548339844,4.364541053771973,9.243430137634277,-0.0970383957028389,9.149101257324219,1.2141004207455424,0.0147,,,,
641568,20049,10.290115356445312,5.053709030151367,5.116484642028809,0.11683925241231918,0.003082380397245288,-0.0017270827665925026,1.820357084274292,-0.0016106006223708391,0.42099812626838684,4.129299163818359,4.125060081481934,9.277209281921387,-0.09357449412345886,9.185198783874512,1.1996646246748983,0.0174,,,,
643168,20099,11.49804401397705,6.796934127807617,4.508970737457275,0.18900971114635468,0.0031303244177252054,-0.0010304863099008799,1.9073622226715088,-0.0009158934699371457,0.3992435336112976,4.2533159255981445,4.230891227722168,9.387948036193848,-0.0692116990685463,9.303210258483887,1.1999406401264245,0.0142,,,,
644768,20149,11.32449722290039,5.720314025878906,5.393551826477051,0.2093420922756195,0.001289227744564414,0.000505757809150964,1.8566131591796875,0.0006305059068836272,0.4555680751800537,4.675705432891846,4.625162124633789,9.594143867492676,-0.1083579733967781,9.497037887573242,1.2002355514726373,0.0073,,,,
646368,20199,9.624350547790527,4.379168510437012,5.054271697998047,0.18954366445541382,0.00136700295843184,0.0003743991255760193,1.6030220985412598,0.0005215192213654518,0.5221074223518372,5.747038841247559,5.715146064758301,9.559233665466309,-0.06624088436365128,9.500936508178711,1.2005175591430166,0.015700000000000002,,,,
647968,20249,10.18127155303955,5.426792621612549,4.585587024688721,0.16562561690807343,0.003266529878601432,-0.002628521528095007,1.9895625114440918,-0.002525179646909237,0.36886918544769287,4.059398651123047,4.063465118408203,9.695713996887207,-0.05604984611272812,9.653911590576172,1.2007939245404882,0.0178,,,,
649568,20299,9.98507308959961,4.8665266036987305,4.899178981781006,0.2150402069091797,0.004327979404479265,0.00019181121024303138,1.9100499153137207,0.0003020062285941094,0.3860759139060974,4.866485118865967,4.811314582824707,10.052523612976074,-0.09462571889162064,9.963614463806152,1.2010768413936281,0.017900000000000003,,,,
651168,20349,11.645078659057617,5.878220081329346,5.619901657104492,0.14112812280654907,0.005828491877764463,-0.0007716376567259431,1.7918565273284912,-0.0006529259262606502,0.41359129548072815,5.03602409362793,4.976487636566162,10.018611907958984,-0.08248290419578552,9.920462608337402,1.2013392164778671,0.014600000000000002,,,,
652768,20399,10.086236000061035,4.429551124572754,5.387564659118652,0.2631298899650574,0.0059895701706409454,-0.0027730341535061598,1.5103199481964111,-0.00260731833986938,0.5757206678390503,5.922070503234863,5.944853782653809,9.82569408416748,-0.0548727884888649,9.780305862426758,1.201611978042091,0.0125,,,,
654368,20449,9.17855453491211,4.204762935638428,4.840972900390625,0.1313716024160385,0.0014469485031440854,-0.00031748463516123593,1.7849149703979492,-0.00019231782061979175,0.4320380389690399,4.946058750152588,4.878145217895508,9.946849822998047,-0.036521486937999725,9.898493766784668,1.2019026745600394,0.0155,,,,
655968,20499,14.980772018432617,7.803256988525391,6.89707088470459,0.27753567695617676,0.0029091346077620983,-0.0004348688235040754,1.9585638046264648,-0.0003172061697114259,0.41757017374038696,4.306743144989014,4.274318695068359,9.79205322265625,0.0040181404910981655,9.794917106628418,1.2021715064239316,0.0184,,,,
657568,20549,10.79892635345459,5.1181321144104,5.482730388641357,0.1884567141532898,0.009607632644474506,-0.0011896906653419137,1.8484034538269043,-0.0010776203125715256,0.3950349688529968,4.895381927490234,4.895758628845215,9.817261695861816,-0.0329766720533371,9.793574333190918,1.2024607584196632,0.019,,,,
659168,20599,12.850613594055176,6.999974250793457,5.686149597167969,0.15951651334762573,0.004973774775862694,-0.003611896652728319,1.891380786895752,-0.0035023274831473827,0.3885403871536255,4.286032676696777,4.347350597381592,9.815873146057129,0.02704177424311638,9.843730926513672,1.2027498620958887,0.0223,,,,
660768,20649,11.439255714416504,5.467373847961426,5.702801704406738,0.25840744376182556,0.01067272387444973,-0.0018460467690601945,1.494708776473999,-0.0016855130670592189,0.5502079725265503,5.859206199645996,5.852585315704346,9.520663261413574,-0.017520489171147346,9.503954887390137,1.2030178297903809,0.013300000000000001,,,,
662368,20699,9.822726249694824,5.010381698608398,4.658321857452393,0.1512272208929062,0.0027962017338722944,-0.0002538909902796149,1.9332361221313477,-0.00013920373748987913,0.4073736071586609,4.398220539093018,4.338256359100342,9.483969688415527,-0.009499582462012768,9.487722396850586,1.2033160201350843,0.0163,,,,
663968,20749,11.023719787597656,5.269012451171875,5.503338813781738,0.24235104024410248,0.009018151089549065,-0.00027727033011615276,1.8041226863861084,-0.00015558776794932783,0.42454850673675537,4.597436428070068,4.55761194229126,9.402748107910156,0.05773618817329407,9.452225685119629,1.2036036962861636,0.014700000000000001,,,,
665568,20799,12.931757926940918,6.9800262451171875,5.784886360168457,0.16324281692504883,0.0036016921512782574,-0.0012421244755387306,2.006380558013916,-0.0011285876389592886,0.40013882517814636,4.353672027587891,4.280460357666016,9.825796127319336,0.04970324784517288,9.881818771362305,1.2038568114795147,0.017,,,,
667168,20849,10.099480628967285,5.509552478790283,4.380069732666016,0.20412708818912506,0.005731171928346157,-0.0015131348045542836,1.8908499479293823,-0.001401091692969203,0.38882017135620117,4.523205280303955,4.493188858032227,9.986475944519043,0.002388162538409233,10.004593849182129,1.2041273566591713,0.0144,,,,
668768,20899,9.8782320022583,4.801310062408447,4.919936180114746,0.15690860152244568,7.651672785868868e-05,0.00044384083594195545,1.780594825744629,0.0005754745798185468,0.4564349353313446,4.916777610778809,4.816442012786865,9.852867126464844,0.003690635086968541,9.858749389648438,1.2044039404832825,0.013300000000000001,,,,
670368,20949,10.833271980285645,5.7777934074401855,4.863337516784668,0.19088812172412872,0.0012528117513284087,0.0017590004717931151,1.8644649982452393,0.001874044188298285,0.4015309810638428,4.008129596710205,3.9247753620147705,9.948948860168457,-0.0058953105472028255,9.952890396118164,1.2046729804098921,0.0176,,,,
671968,20999,10.034440994262695,4.859554290771484,4.9485344886779785,0.22296510636806488,0.003387544536963105,-0.0018255149479955435,1.7031584978103638,-0.0017057948280125856,0.41428086161613464,4.066058158874512,4.060137748718262,9.863017082214355,0.036512453109025955,9.877296447753906,1.2049501959033613,0.0166,,,,
673568,21049,12.480463027954102,6.520596504211426,5.790038585662842,0.16931769251823425,0.0005108042969368398,-0.0031561434734612703,1.907010793685913,-0.0030496930703520775,0.36712220311164856,3.9673330783843994,3.9588539600372314,9.936614990234375,-0.0035269157961010933,9.930957794189453,1.2052001215273842,0.017700000000000004,,,,
675168,21099,11.6827392578125,6.187722682952881,5.327845573425293,0.15572583675384521,0.011446258053183556,0.0009762270492501557,1.938579797744751,0.0010908787371590734,0.3967025876045227,3.9674642086029053,3.919484853744507,9.69773006439209,-0.0018346606520935893,9.677474021911621,1.2054834975125168,0.0134,,,,
676768,21149,11.760334968566895,6.5416669845581055,5.008977890014648,0.204335018992424,0.0053551397286355495,-0.002104285405948758,1.9304699897766113,-0.0019919455517083406,0.40053918957710266,4.128419399261475,4.1369853019714355,9.763055801391602,0.020283404737710953,9.788299560546875,1.2057683522035647,0.0072,,,,
678368,21199,10.574752807617188,5.383930683135986,5.06831693649292,0.12190916389226913,0.0005959810805507004,-0.0007926985854282975,1.6746071577072144,-0.0006616783794015646,0.4527548551559448,5.241804122924805,5.21315336227417,9.962043762207031,-0.009027639403939247,9.944936752319336,1.206027666775378,0.0068,,,,
679968,21249,12.909427642822266,6.52028751373291,6.124159336090088,0.2628069519996643,0.0021736854687333107,-0.004565429408103228,1.9700664281845093,-0.004446079023182392,0.42024707794189453,4.298784255981445,4.356555461883545,9.733209609985352,0.03183950483798981,9.760805130004883,1.2063012173270407,0.010400000000000003,,,,
681568,21299,12.198897361755371,6.239609718322754,5.75386381149292,0.20015789568424225,0.005265739280730486,0.00023574505758006126,1.933644413948059,0.00037671710015274584,0.490465372800827,4.1978912353515625,4.132049560546875,9.929396629333496,-0.03217187896370888,9.888160705566406,1.206575331604827,0.012,,,,
683168,21349,9.259800910949707,4.249678611755371,4.839437484741211,0.16824476420879364,0.00244077667593956,-0.0009413036750629544,1.7840077877044678,-0.000821432622615248,0.42087459564208984,4.600602149963379,4.581047534942627,9.853200912475586,-0.03939469903707504,9.814924240112305,1.2068328944166227,0.018,,,,
684768,21399,9.854866027832031,4.611442565917969,5.064350605010986,0.17501740157604218,0.004055968020111322,0.00036070134956389666,1.5973789691925049,0.0005032471381127834,0.49244242906570435,5.294029235839844,5.276413917541504,9.589637756347656,-0.04589894786477089,9.537568092346191,1.207116766409178,0.0125,,,,
686368,21449,10.838788032531738,5.098085403442383,5.464635848999023,0.27310237288475037,0.002963774371892214,-0.004912401083856821,1.623699426651001,-0.0047752875834703445,0.4729815423488617,4.427086353302002,4.465930461883545,9.55300521850586,-0.025860311463475227,9.527484893798828,1.2073494288197952,0.013200000000000002,,,,
687968,21499,10.55875015258789,4.866812705993652,5.473742485046387,0.21631385385990143,0.0018805668223649263,-0.001467459136620164,1.6719540357589722,-0.0013065356761217117,0.5666908621788025,4.606285572052002,4.5488972663879395,9.3373384475708,-0.0346565842628479,9.306879043579102,1.2075943014090824,0.014299999999999998,,,,
689568,21549,11.374481201171875,6.10910701751709,5.021324157714844,0.2413843423128128,0.0026657478883862495,-0.003964599221944809,1.9334888458251953,-0.0038472465239465237,0.4112626910209656,3.9607434272766113,3.9496617317199707,9.808940887451172,-0.02644628845155239,9.772452354431152,1.2078787823648,0.009800000000000001,,,,
691168,21599,16.056673049926758,8.675683975219727,7.1926093101501465,0.18767009675502777,0.0007097192574292421,-0.004000911023467779,1.740623116493225,-0.0038685076870024204,0.4726773798465729,4.038417339324951,4.094302177429199,9.692628860473633,-0.07141051441431046,9.609716415405273,1.2081307718207244,0.013800000000000002,,,,
692768,21649,12.635979652404785,6.994250774383545,5.400118350982666,0.23778899013996124,0.0038215345703065395,-0.0007300001452676952,1.9614735841751099,-0.0006131071131676435,0.41917920112609863,4.194799900054932,4.1381754875183105,9.541966438293457,-0.0627736896276474,9.486572265625,1.2083977429939563,0.015300000000000001,,,,
694368,21699,13.229850769042969,6.3143815994262695,6.726659774780273,0.18406498432159424,0.004744135774672031,-0.00036889698822051287,2.1190528869628906,-0.0002387425338383764,0.46302300691604614,3.94081711769104,3.8177411556243896,8.998764991760254,0.023678239434957504,9.032381057739258,1.2086662963252754,0.0174,,,,
695968,21749,9.065193176269531,4.324967384338379,4.605320930480957,0.1327980011701584,0.002106667263433337,0.0014402830274775624,1.7427140474319458,0.001550172222778201,0.3892558813095093,4.372021198272705,4.298932075500488,8.877577781677246,0.013212926685810089,8.897242546081543,1.208905743541815,0.012199999999999999,,,,
697568,21799,13.191632270812988,7.507082462310791,5.477168083190918,0.2051561027765274,0.002224786439910531,-0.0029722487088292837,1.9061944484710693,-0.0028392886742949486,0.46664634346961975,4.470953941345215,4.463345050811768,8.754925727844238,-0.0004858052416238934,8.768173217773438,1.2091732609999157,0.0106,,,,
699168,21849,12.853814125061035,6.919012069702148,5.663862228393555,0.2692227363586426,0.0017178518464788795,-0.0007322232704609632,1.7846084833145142,-0.0005780579522252083,0.5330114960670471,3.5846381187438965,3.54703688621521,8.862156867980957,0.04913792014122009,8.905672073364258,1.2094346343223565,0.0135,,,,
700768,21899,9.750454902648926,5.102503776550293,4.419660568237305,0.22526368498802185,0.0030268647242337465,-0.0034684634301811457,1.621661901473999,-0.0033423693384975195,0.4499343931674957,3.859586000442505,3.8509950637817383,8.897275924682617,0.04477502033114433,8.948309898376465,1.2096785533675531,0.0152,,,,
702368,21949,10.244122505187988,5.111276626586914,4.895258903503418,0.23607590794563293,0.0015103884506970644,-0.001631073304452002,1.850940465927124,-0.0015252321027219296,0.3660859763622284,3.4870057106018066,3.454214096069336,8.811590194702148,0.10716696828603745,8.90296459197998,1.2099369758650154,0.014099999999999998,,,,
703968,21999,11.21284008026123,4.9471235275268555,6.030787944793701,0.22939440608024597,0.005535570904612541,-0.0013249414041638374,1.7372024059295654,-0.0011730620171874762,0.5247039794921875,3.8620314598083496,3.8272485733032227,8.681269645690918,0.061381746083498,8.734325408935547,1.2101647354816543,0.0145,,,,
705568,22049,14.706072807312012,8.807605743408203,5.767518043518066,0.13077658414840698,0.0001726604241412133,-0.001571805216372013,1.5614032745361328,-0.00143027538433671,0.4849010109901428,4.030733108520508,4.020113468170166,8.740464210510254,0.14096230268478394,8.86378288269043,1.2104024453658757,0.0155,,,,
707168,22099,10.571913719177246,5.208083152770996,5.156729698181152,0.20094764232635498,0.006153418682515621,-0.0012270371662452817,1.78213632106781,-0.0011023959377780557,0.4368077516555786,4.081115245819092,4.048938274383545,8.500508308410645,0.1750578135251999,8.686505317687988,1.2106518298183742,0.0087,,,,
708768,22149,10.514610290527344,5.2943267822265625,5.046795845031738,0.16657717525959015,0.0069105601869523525,-0.00038628815673291683,1.7091095447540283,-0.00026528097805567086,0.42490383982658386,4.37564754486084,4.278785705566406,8.661177635192871,0.2264462262392044,8.892983436584473,1.2108992713469415,0.007299999999999999,,,,
710368,22199,9.861355781555176,4.428658485412598,5.250872611999512,0.17896761000156403,0.002856987761333585,-0.003516735043376684,1.6876442432403564,-0.00337587995454669,0.498348593711853,4.239429473876953,4.286441802978516,8.604839324951172,0.20307974517345428,8.805502891540527,1.21114191083345,0.016,,,,
711968,22249,12.072539329528809,5.9732255935668945,5.9258832931518555,0.17169199883937836,0.001738766790367663,0.00145410792902112,1.669672966003418,0.0015977349830791354,0.49042949080467224,4.2603678703308105,4.18513822555542,8.664180755615234,0.18616876006126404,8.820905685424805,1.2114101357021256,0.0148,,,,
713568,22299,12.855438232421875,6.630150318145752,6.030547618865967,0.18575763702392578,0.008982343599200249,0.0015558337327092886,1.6596428155899048,0.001683225971646607,0.43703794479370117,4.474218368530273,4.428966522216797,8.63106918334961,0.1855972856283188,8.799081802368164,1.2116408257655729,0.0176,,,,
715168,22349,13.032469749450684,6.7713727951049805,6.031866073608398,0.22648592293262482,0.0027444609440863132,-0.0011356626637279987,1.908494472503662,-0.0009959937306120992,0.4995443522930145,4.192727565765381,4.186576843261719,8.557149887084961,0.21247318387031555,8.771121978759766,1.2118908143167983,0.011300000000000001,,,,
716768,22399,10.778984069824219,5.572569370269775,5.0526580810546875,0.1537180244922638,3.890216612489894e-05,-0.0009622921352274716,1.6937940120697021,-0.0008478207164444029,0.3961055278778076,4.40273904800415,4.383898735046387,8.628642082214355,0.12386653572320938,8.749970436096191,1.2121353358421048,0.013300000000000001,,,,
718368,22449,12.277092933654785,6.710926055908203,5.410958766937256,0.15020354092121124,0.005004276521503925,-0.0007457016035914421,1.663846731185913,-0.0006073589320294559,0.48618751764297485,5.070308685302734,4.990249156951904,8.65474796295166,0.05851510167121887,8.740212440490723,1.2123706258340867,0.013100000000000002,,,,
719968,22499,12.6609525680542,6.482004165649414,5.924563884735107,0.25164756178855896,0.002736066235229373,-0.0026412985753268003,1.7380144596099854,-0.0025034514255821705,0.5057462453842163,3.995891571044922,4.025633335113525,8.633663177490234,0.12285170704126358,8.763050079345703,1.2126183363305603,0.010199999999999999,,,,
721568,22549,16.44593620300293,9.334589004516602,6.8991851806640625,0.20852875709533691,0.003633275628089905,-0.0018704169197008014,1.6073293685913086,-0.001741248182952404,0.44975191354751587,5.003195762634277,4.9772796630859375,8.730571746826172,0.07574509084224701,8.825218200683594,1.1980921334526142,0.0172,,,,
723168,22599,11.577075004577637,6.593863010406494,4.7387189865112305,0.24054361879825592,0.003948783036321402,-0.002857048064470291,1.6852960586547852,-0.0027338608633726835,0.42834147810935974,4.14129114151001,4.109731197357178,8.836609840393066,0.13474273681640625,8.976685523986816,1.1983541951593593,0.0066,,,,
724768,22649,9.400894165039062,4.612087249755859,4.577924728393555,0.20877301692962646,0.0021096128039062023,-0.0012739847879856825,1.532330870628357,-0.0011081648990511894,0.5688391923904419,4.1604695320129395,4.172985553741455,8.762483596801758,0.1993226855993271,8.94577407836914,1.1986118967351258,0.0182,,,,
726368,22699,10.085171699523926,5.308806419372559,4.5412468910217285,0.23023180663585663,0.004885220900177956,-0.0033294393215328455,1.8193635940551758,-0.0032256192062050104,0.3616904020309448,4.45153284072876,4.448895454406738,8.730779647827148,0.19613534212112427,8.92587947845459,1.1988771426629827,0.0161,,,,
727968,22749,11.066146850585938,5.5256757736206055,5.3610687255859375,0.17605315148830414,0.003348948433995247,0.0016295274253934622,1.714555025100708,0.0017698385054245591,0.4849834442138672,4.760546684265137,4.619018077850342,8.453296661376953,0.2152649462223053,8.685712814331055,1.199128677125295,0.016399999999999998,,,,
729568,22799,13.503205299377441,7.54816198348999,5.7832536697387695,0.16613803803920746,0.005652500782161951,-0.0005693315179087222,1.9231667518615723,-0.0004715576069429517,0.33929091691970825,4.025262355804443,3.948866367340088,8.503838539123535,0.13133828341960907,8.64844799041748,1.1993968987347332,0.0116,,,,
731168,22849,9.981523513793945,5.1906538009643555,4.60322380065918,0.18018609285354614,0.007459717337042093,-0.002507205121219158,1.9221341609954834,-0.002405929146334529,0.3612043559551239,3.6161959171295166,3.6334149837493896,8.400053024291992,0.1345348209142685,8.539213180541992,1.1996751161020212,0.016399999999999998,,,,
732768,22899,10.94994831085205,5.168691158294678,5.549076080322266,0.23074154555797577,0.0014386950060725212,0.0002487311139702797,1.7307102680206299,0.00036104931496083736,0.38477104902267456,4.233819484710693,4.0985870361328125,8.942500114440918,0.15708692371845245,9.09648323059082,1.1999233736254826,0.0116,,,,
734368,22949,11.649370193481445,6.174942970275879,5.265489101409912,0.20721913874149323,0.0017198261339217424,0.0002711321576498449,1.7495741844177246,0.0003808230394497514,0.37758854031562805,3.626329183578491,3.6033592224121094,8.742593765258789,0.11517466604709625,8.833720207214355,1.2001888127735645,0.0108,,,,
735968,22999,10.896509170532227,5.291873931884766,5.34641695022583,0.256376177072525,0.001842466532252729,-0.0007925766985863447,1.9229912757873535,-0.0006766911828890443,0.40924307703971863,4.107686519622803,4.061183929443359,8.76068115234375,0.08954311162233353,8.864436149597168,1.2004308802760975,0.0111,,,,
737568,23049,9.646721839904785,4.454970359802246,4.969029903411865,0.2192600816488266,0.0034613788593560457,0.0025527644902467728,1.888586163520813,0.002685049083083868,0.46709784865379333,4.931513786315918,4.830398082733154,8.50379753112793,0.09554237127304077,8.613439559936523,1.2006867459813764,0.0164,,,,
739168,23099,14.598736763000488,7.3979082107543945,6.985141277313232,0.2113613784313202,0.004326499067246914,-0.0014804571401327848,1.8653987646102905,-0.001362650073133409,0.42914649844169617,3.882462978363037,3.8524868488311768,8.914800643920898,0.06353870779275894,8.981184959411621,1.2009426134869614,0.0145,,,,
740768,23149,8.882855415344238,4.132004261016846,4.583340644836426,0.16127800941467285,0.006231911480426788,0.003026918275281787,1.646591305732727,0.0031650427263230085,0.4722035229206085,5.592373371124268,5.401203155517578,8.962693214416504,0.07907529175281525,9.051273345947266,1.2011772920605654,0.015099999999999999,,,,
742368,23199,8.957196235656738,4.168235778808594,4.538434028625488,0.24865806102752686,0.001868566730991006,0.003101236652582884,1.7823423147201538,0.0031909900717437267,0.32316824793815613,4.250636100769043,4.205544471740723,9.16568374633789,0.08429493010044098,9.266002655029297,1.2014317801888417,0.0173,,,,
743968,23249,8.609423637390137,3.916450262069702,4.483911514282227,0.20791804790496826,0.0011431946186348796,-0.0005785366520285606,1.9265600442886353,-0.0004766953061334789,0.362153559923172,3.7462871074676514,3.680903196334839,9.12167739868164,0.11602892726659775,9.223762512207031,1.2016859014545063,0.0173,,,,
745568,23299,11.34758472442627,5.471929550170898,5.672576427459717,0.20050840079784393,0.0025698908139020205,-0.00020127245807088912,1.8893194198608398,-9.472435340285301e-05,0.3689224421977997,4.273159980773926,4.200892448425293,8.748868942260742,0.2193894237279892,8.982771873474121,1.2019413806693047,0.016300000000000002,,,,
747168,23349,11.147806167602539,6.2861328125,4.691799640655518,0.1648620367050171,0.005012474954128265,0.0009677899070084095,1.7962573766708374,0.0010878825560212135,0.4235626459121704,4.653485298156738,4.57094144821167,8.673070907592773,0.1732729971408844,8.849273681640625,1.202187675394917,0.012399999999999998,,,,
748768,23399,10.49008846282959,5.010578155517578,5.229694843292236,0.24023237824440002,0.009583817794919014,-0.004018469713628292,1.9319899082183838,-0.003917679190635681,0.3597796559333801,3.569016218185425,3.6247591972351074,8.912065505981445,0.16357210278511047,9.072233200073242,1.2024369028871051,0.011899999999999999,,,,
750368,23449,10.505794525146484,5.234330177307129,5.138930320739746,0.1311543583869934,0.0013799706939607859,-0.0006610557902604342,1.7518811225891113,-0.0005456171929836273,0.39968517422676086,5.291602611541748,5.248607158660889,9.046744346618652,0.15281055867671967,9.210461616516113,1.2026739542930802,0.0115,,,,
751968,23499,10.038416862487793,4.744410991668701,5.081068992614746,0.20673885941505432,0.006198807153850794,-0.0024974921252578497,1.9032435417175293,-0.00239297142252326,0.36633437871932983,3.904754877090454,3.8826310634613037,9.313794136047363,0.1621306985616684,9.474085807800293,1.2029278086261006,0.006199999999999999,,,,
753568,23549,12.561356544494629,6.626809120178223,5.729123115539551,0.19958604872226715,0.005837919656187296,0.0007089197169989347,1.5435714721679688,0.0008151677902787924,0.3664923310279846,5.4494805335998535,5.402347087860107,9.138985633850098,0.18667954206466675,9.31807804107666,1.2031781916696456,0.0129,,,,
755168,23599,9.905034065246582,4.644800186157227,5.057218551635742,0.2020237296819687,0.000991396838799119,-0.0007756400154903531,1.8724514245986938,-0.0006836046813987195,0.32501018047332764,4.797852516174316,4.737659454345703,9.257508277893066,0.15530847012996674,9.416768074035645,1.2034194960629965,0.0103,,,,
756768,23649,11.210306167602539,5.346704959869385,5.670738697052002,0.19096387922763824,0.0018990013049915433,-0.00011172164522577077,1.8552167415618896,-2.9341012123040855e-05,0.289963960647583,4.692311763763428,4.591494560241699,9.401793479919434,0.1516575664281845,9.563894271850586,1.2036703155657147,0.0151,,,,
758368,23699,9.271965026855469,4.231761932373047,4.776220321655273,0.2600107789039612,0.003971665166318417,-0.0029007289558649063,1.7848252058029175,-0.002792191458866,0.3759414851665497,4.612600803375244,4.6607666015625,9.70255184173584,0.1238497644662857,9.818741798400879,1.203904224697192,0.013800000000000002,,,,
759968,23749,12.457629203796387,6.0155487060546875,6.181474685668945,0.2516157925128937,0.008990280330181122,-0.00217760493978858,1.7814019918441772,-0.0020775285083800554,0.34365350008010864,4.703433036804199,4.725214004516602,9.780242919921875,0.1771041452884674,9.946807861328125,1.204155819160339,0.011300000000000001,,,,
761568,23799,13.027634620666504,6.830825328826904,6.068591117858887,0.1280680000782013,0.00015111430548131466,-0.002973454538732767,1.6478948593139648,-0.0028834829572588205,0.3142206370830536,4.662941932678223,4.700534343719482,10.071943283081055,0.20498256385326385,10.271459579467773,1.2044078533839486,0.0128,,,,
763168,23849,11.74222469329834,5.490564346313477,6.055736541748047,0.18851523101329803,0.007407848257571459,-0.003614588640630245,1.552344799041748,-0.0034844016190618277,0.4468650817871094,5.546548366546631,5.583682537078857,9.671215057373047,0.17985770106315613,9.841034889221191,1.204644729936538,0.012100000000000001,,,,
764768,23899,12.729721069335938,6.630023002624512,5.8670334815979,0.2282225638628006,0.004441295750439167,-0.0005456240614876151,1.7526636123657227,-0.00044469127897173166,0.35800567269325256,4.695105075836182,4.652050018310547,9.624432563781738,0.14645197987556458,9.770679473876953,1.2048957524375492,0.011699999999999999,,,,
766368,23949,9.602518081665039,4.522213459014893,4.846892356872559,0.23102550208568573,0.0023857837077230215,-0.0015738281654193997,1.8919552564620972,-0.00148279860150069,0.3276391923427582,4.65584135055542,4.637880802154541,9.61343002319336,0.13347744941711426,9.77076244354248,1.2051195955445995,0.0104,,,,
767968,23999,11.565346717834473,5.741006374359131,5.558061122894287,0.2545553743839264,0.011723156087100506,-0.0008068665629252791,1.8550833463668823,-0.0007229970069602132,0.28891077637672424,4.092604160308838,4.0792036056518555,9.662788391113281,0.16540361940860748,9.813326835632324,1.2053699020150157,0.008899999999999998,,,,
769568,24049,12.025989532470703,5.834052085876465,5.957092761993408,0.23222067952156067,0.002623691689223051,-0.0015105493366718292,1.8793987035751343,-0.0014248560182750225,0.2962817847728729,3.644854784011841,3.604766845703125,9.470113754272461,0.11664632707834244,9.568209648132324,1.2056333360665314,0.012899999999999998,,,,
771168,24099,10.252842903137207,4.87957239151001,5.1858930587768555,0.1845349818468094,0.0028417236171662807,-0.0023036489728838205,1.9375078678131104,-0.0022211268078535795,0.3024199903011322,4.58780574798584,4.573539733886719,9.391833305358887,0.07424254715442657,9.4684476852417,1.2058528294506832,0.0127,,,,
772768,24149,15.2590970993042,9.212820053100586,5.834728240966797,0.21033215522766113,0.0012169665424153209,-0.0008892046753317118,1.8840665817260742,-0.0008051868062466383,0.2892179489135742,3.7502057552337646,3.756316661834717,9.191571235656738,0.056175459176301956,9.229687690734863,1.2060944986285012,0.0155,,,,
774368,24199,13.36481761932373,7.849560260772705,5.371845245361328,0.14249175786972046,0.0009208297124132514,0.0009315608185715973,1.6980775594711304,0.0010420145699754357,0.38143599033355713,4.991004467010498,4.895737171173096,9.207561492919922,0.06875808537006378,9.288704872131348,1.206333806606802,0.016399999999999998,,,,
775968,24249,9.23767375946045,4.224481582641602,4.753510475158691,0.2540779113769531,0.005603546276688576,-0.000733077758923173,1.7282079458236694,-0.0006392795476131141,0.3216695785522461,4.658996105194092,4.613039493560791,9.264094352722168,0.10531668365001678,9.351845741271973,1.206563174245644,0.016399999999999998,,,,
777568,24299,13.559854507446289,7.066305637359619,6.317455768585205,0.1750049591064453,0.0010877427412196994,-0.0002134944952558726,1.9293630123138428,-0.00013179339293856174,0.2926476299762726,3.73016619682312,3.6691269874572754,9.10993480682373,0.09121809154748917,9.1964111328125,1.2068051699174573,0.0095,,,,
779168,24349,12.854129791259766,6.654667377471924,5.962095260620117,0.23242861032485962,0.004938827827572823,-0.0018548102816566825,1.8247133493423462,-0.0017546199960634112,0.3535618185997009,5.030154705047607,5.004050254821777,9.217339515686035,0.02359013259410858,9.256123542785645,1.2070395253092263,0.0119,,,,
780768,24399,9.56644344329834,4.667474746704102,4.702235221862793,0.19646675884723663,0.0002674181596376002,-0.0022989585995674133,1.6515860557556152,-0.0022000749595463276,0.35276293754577637,4.689891815185547,4.666435718536377,8.95323657989502,0.06596864759922028,9.021121978759766,1.207259801123795,0.014400000000000001,,,,
782368,24449,11.956131935119629,6.369638442993164,5.388288497924805,0.19127775728702545,0.0069274152629077435,-0.00029842701042070985,1.9173610210418701,-0.00021586354705505073,0.288213312625885,4.280353546142578,4.187737464904785,8.71816635131836,0.050814203917980194,8.767428398132324,1.2074998449337542,0.0147,,,,
783968,24499,11.51892375946045,5.696382522583008,5.579037189483643,0.23692351579666138,0.006581517867743969,-0.0017338150646537542,1.763478398323059,-0.001648190664127469,0.2954596281051636,3.645308494567871,3.633012533187866,8.873665809631348,0.028608540073037148,8.891253471374512,1.207710348441432,0.009699999999999999,,,,
785568,24549,13.613537788391113,7.846647262573242,5.572690010070801,0.18975301086902618,0.004447668790817261,-0.002167683793231845,1.7385921478271484,-0.0020861332304775715,0.29027828574180603,4.244659900665283,4.23655366897583,8.757050514221191,0.06069796904921532,8.816317558288574,1.2079496537367773,0.011300000000000001,,,,
787168,24599,11.640926361083984,5.946335792541504,5.479927062988281,0.21268245577812195,0.0019806909840554,-0.0001963421527761966,1.865247130393982,-0.00011619286669883877,0.279901385307312,4.514516353607178,4.41474723815918,9.3690767288208,0.02094445191323757,9.38821792602539,1.2081942186507546,0.015700000000000002,,,,
788768,24649,10.913675308227539,5.772400379180908,4.94235897064209,0.1962214708328247,0.002694180002436042,-0.0006286590942181647,1.8169695138931274,-0.0005299549666233361,0.3450915217399597,3.6585896015167236,3.6492135524749756,9.391212463378906,0.052125051617622375,9.437984466552734,1.208414372615915,0.012,,,,
790368,24699,7.792537212371826,3.4288344383239746,4.120347023010254,0.24219703674316406,0.0011589204659685493,-0.0016974704340100288,1.8719229698181152,-0.0016125972615554929,0.29666614532470703,3.604475975036621,3.5944511890411377,9.132142066955566,0.06539075821638107,9.184033393859863,1.208644152459629,0.015600000000000001,,,,
791968,24749,14.139724731445312,7.566100120544434,6.400266647338867,0.17011326551437378,0.0032443231903016567,-0.002106084953993559,1.8737711906433105,-0.0020304645877331495,0.27397462725639343,3.8799703121185303,3.8647358417510986,8.980237007141113,0.028312306851148605,9.009978294372559,1.208871796106338,0.018600000000000002,,,,
793568,24799,12.942605018615723,6.7019758224487305,6.026275634765625,0.21106520295143127,0.0032887097913771868,-0.0007610076572746038,1.7125455141067505,-0.0006611479329876602,0.3447326719760895,4.285057544708252,4.260606288909912,8.962774276733398,0.033016569912433624,8.998184204101562,1.2090787114059507,0.0162,,,,
795168,24849,10.814921379089355,5.612791061401367,5.08158540725708,0.12025821208953857,0.00028718201792798936,-0.0027691249269992113,1.757375955581665,-0.002681450918316841,0.3039896488189697,4.010970115661621,4.033435821533203,8.60577392578125,0.052358269691467285,8.652339935302734,1.2093143208479387,0.014600000000000002,,,,
796768,24899,12.210240364074707,6.116066932678223,5.85692834854126,0.2251335233449936,0.012110241688787937,0.004393577575683594,2.0018749237060547,0.0044883619993925095,0.33520805835723877,4.164453983306885,3.993666172027588,8.392376899719238,0.056944359093904495,8.458374977111816,1.2095430795789444,0.0094,,,,
798368,24949,12.329243659973145,6.207411766052246,5.873569011688232,0.24145179986953735,0.006811290513724089,-0.0013743848539888859,1.7920520305633545,-0.001282657845877111,0.33035874366760254,4.102880477905273,4.092234134674072,8.7001371383667,0.07178796827793121,8.776620864868164,1.2097513113371325,0.009899999999999999,,,,
799968,24999,10.752720832824707,5.2772216796875,5.171677112579346,0.30177560448646545,0.002046724082902074,-0.0018623069627210498,1.7519124746322632,-0.0017760071204975247,0.3024110198020935,4.1873273849487305,4.1554646492004395,8.631799697875977,0.0349748358130455,8.657063484191895,1.2099839136329182,0.013600000000000001,,,,
801568,25049,13.561003684997559,7.320617198944092,6.003297805786133,0.2347138524055481,0.002374732168391347,0.0008261092007160187,1.7080895900726318,0.0009423955343663692,0.40806588530540466,4.684873580932617,4.619537830352783,8.75091552734375,0.055770743638277054,8.816370010375977,1.1969884580481673,0.012799999999999999,,,,
803168,25099,11.013044357299805,5.289568901062012,5.545772075653076,0.17590221762657166,0.0018019622657448053,-0.0007372300024144351,1.94368314743042,-0.0006518143927678466,0.3017543852329254,3.356160879135132,3.3087682723999023,8.929255485534668,0.048556841909885406,8.97004508972168,1.197212080152848,0.016399999999999998,,,,
804768,25149,9.364690780639648,4.112585067749023,5.094222068786621,0.15744197368621826,0.0004416197771206498,-0.001312103122472763,1.954585313796997,-0.0012083841720595956,0.36282527446746826,4.069315433502197,4.041983127593994,9.115997314453125,0.0398087203502655,9.147035598754883,1.1974453521440824,0.011800000000000001,,,,
806368,25199,8.483100891113281,4.052945137023926,4.221830368041992,0.20676057040691376,0.0015649222768843174,-0.0013234353391453624,1.7325050830841064,-0.001224176143296063,0.3499631881713867,4.731907844543457,4.665789604187012,9.053552627563477,0.07249493151903152,9.135159492492676,1.197686129776681,0.012400000000000001,,,,
807968,25249,9.893040657043457,4.568552494049072,5.137505531311035,0.1839248687028885,0.003057282418012619,-0.0012570805847644806,1.7209446430206299,-0.0011427074205130339,0.3941207528114319,4.704488754272461,4.6706037521362305,9.262751579284668,0.07110646367073059,9.325267791748047,1.1979040303014243,0.017400000000000002,,,,
809568,25299,10.523293495178223,5.0639753341674805,5.2610063552856445,0.193998783826828,0.004313478246331215,0.0006763159763067961,1.6729793548583984,0.0007876604795455933,0.39437592029571533,4.500760078430176,4.450915336608887,9.331648826599121,0.059160053730010986,9.38563346862793,1.1981283040658133,0.015600000000000001,,,,
811168,25349,12.217772483825684,6.179399490356445,5.838923931121826,0.19751156866550446,0.0019372780807316303,0.0010505804093554616,1.6736798286437988,0.0011557984398677945,0.36547863483428955,5.125670433044434,5.054213523864746,9.107229232788086,0.07772036641836166,9.192692756652832,1.1983623650684898,0.0166,,,,
812768,25399,9.506413459777832,4.502805709838867,4.8757004737854,0.12104691565036774,0.0068611036986112595,-0.00020350966951809824,2.0186023712158203,-0.00012125031207688153,0.29469889402389526,4.710595607757568,4.608158111572266,9.296700477600098,0.026996774598956108,9.344386100769043,1.1985892888837097,0.0144,,,,
814368,25449,11.00011920928955,5.260289669036865,5.506479263305664,0.2254244089126587,0.007925181649625301,0.0013181234244257212,1.8308982849121094,0.0014131811913102865,0.3494461178779602,5.130709171295166,5.047898292541504,9.294161796569824,0.029520869255065918,9.360819816589355,1.1988219431618805,0.014199999999999999,,,,
815968,25499,11.87984561920166,5.947826385498047,5.744830131530762,0.1819179803133011,0.005270727910101414,0.0010532133746892214,1.8017845153808594,0.0011448677396401763,0.3170679211616516,4.46818733215332,4.405519008636475,9.246086120605469,0.021158482879400253,9.251389503479004,1.1990264767263425,0.015,,,,
817568,25549,8.254817008972168,3.5749292373657227,4.483067989349365,0.19615498185157776,0.0006652437732554972,-0.0012080270098522305,1.8153074979782104,-0.0010810572421178222,0.4464046359062195,4.645713806152344,4.625066757202148,9.128496170043945,-0.010100671090185642,9.124415397644043,1.1992466103864616,0.014100000000000001,,,,
819168,25599,11.531401634216309,5.81039571762085,5.529057502746582,0.1889244019985199,0.003024499164894223,0.0028912618290632963,1.927908182144165,0.002995983464643359,0.3616134226322174,4.560677528381348,4.396977424621582,8.97750473022461,0.06652780622243881,9.03647232055664,1.1994676727765679,0.014,,,,
820768,25649,12.095800399780273,6.787412166595459,5.12142276763916,0.18401819467544556,0.0029478443320840597,0.0015472782542929053,2.2422280311584473,0.0016180898528546095,0.2534291446208954,3.3591725826263428,3.252603769302368,9.18879222869873,0.08370599895715714,9.273126602172852,1.199679763412167,0.0144,,,,
822368,25699,11.279314041137695,6.161434650421143,4.940723896026611,0.17509825527668,0.002056933706626296,-0.0013484833762049675,1.6379246711730957,-0.0012360506225377321,0.38879266381263733,4.4071125984191895,4.429801940917969,9.149374008178711,0.04372701793909073,9.185017585754395,1.1999107506263471,0.013100000000000002,,,,
823968,25749,8.296753883361816,4.060351371765137,4.0439348220825195,0.19146384298801422,0.0010046750539913774,-2.150172076653689e-05,1.8721837997436523,6.985036452533677e-05,0.3199596405029297,4.210864543914795,4.119973659515381,9.510194778442383,0.04483883082866669,9.561996459960938,1.200132927085152,0.022099999999999998,,,,
825568,25799,8.139548301696777,3.5173306465148926,4.373997688293457,0.24073071777820587,0.007489491254091263,-0.0006594389560632408,1.8189303874969482,-0.0005619526491500437,0.3398791551589966,4.435690879821777,4.407244682312012,9.34841537475586,0.029952099546790123,9.369858741760254,1.2003567287726882,0.012100000000000001,,,,
827168,25849,11.265295028686523,5.676454544067383,5.405604839324951,0.18239861726760864,0.0008359352359548211,-0.0017209288198500872,1.9532079696655273,-0.0016393742989748716,0.29259222745895386,4.205296516418457,4.1773881912231445,9.069828987121582,0.02481643110513687,9.11051082611084,1.2005808083945042,0.013399999999999999,,,,
828768,25899,10.382439613342285,5.324856758117676,4.841686725616455,0.2121722549200058,0.0037229307927191257,-0.0032313221599906683,1.824157953262329,-0.0031374869868159294,0.3329440951347351,4.064260482788086,4.098543643951416,8.863239288330078,0.06012040004134178,8.926071166992188,1.2007971681241014,0.0191,,,,
830368,25949,10.409086227416992,5.2934088706970215,4.912960052490234,0.20198261737823486,0.0007344430778175592,-0.0015688380226492882,1.8865222930908203,-0.0014875578926876187,0.28731176257133484,3.5388998985290527,3.505648612976074,8.801556587219238,0.09205251187086105,8.886390686035156,1.2010216034289687,0.0128,,,,
831968,25999,12.049843788146973,6.027786731719971,5.80209493637085,0.21928265690803528,0.0006786452140659094,-0.0005535445525310934,2.0477945804595947,-0.0004712489899247885,0.2845486104488373,3.0920093059539795,3.0390424728393555,8.93175220489502,0.029996896162629128,8.944656372070312,1.2012432686535772,0.0176,,,,
833568,26049,12.537576675415039,7.030741214752197,5.275360584259033,0.2245560735464096,0.006918980740010738,0.00019429382518865168,1.9045473337173462,0.00028697759262286127,0.333160400390625,4.359173774719238,4.277070999145508,8.897632598876953,0.04184897989034653,8.94079875946045,1.20145467645225,0.011300000000000001,,,,
835168,26099,11.536516189575195,6.510148525238037,4.7614240646362305,0.2618548572063446,0.0030893045477569103,-0.001885405508801341,1.7952587604522705,-0.0018060505390167236,0.2745915353298187,3.769123077392578,3.783442258834839,8.81389045715332,0.0794832855463028,8.8787260055542,1.20167634823711,0.0087,,,,
836768,26149,16.26481819152832,9.15205192565918,6.913651466369629,0.1980009824037552,0.001112076686695218,-0.0014513616915792227,1.8708269596099854,-0.001373227802105248,0.2795962393283844,4.020213603973389,4.02662467956543,8.955602645874023,0.033159952610731125,8.99006175994873,1.2018941995284074,0.013300000000000001,,,,
838368,26199,12.546549797058105,6.096482753753662,6.168379783630371,0.27725085616111755,0.0044363802298903465,-0.000417998613556847,1.7812738418579102,-0.000331585732055828,0.3021773397922516,4.284718990325928,4.23028564453125,8.95008373260498,0.040970321744680405,8.987784385681152,1.2020888997488628,0.013900000000000003,,,,
839968,26249,9.561346054077148,5.109018325805664,4.202648162841797,0.24510909616947174,0.004570329561829567,-0.0019186000572517514,1.810921549797058,-0.0018250320572406054,0.3297313451766968,4.7086567878723145,4.6908979415893555,8.802210807800293,0.05982707813382149,8.875218391418457,1.2022755840543358,0.0135,,,,
841568,26299,13.89461898803711,7.752702713012695,5.8747406005859375,0.2638864815235138,0.0032894141040742397,-0.0002654430572874844,1.875188946723938,-0.00017410353757441044,0.3263973593711853,4.21029806137085,4.167323112487793,8.735211372375488,0.102330282330513,8.851181983947754,1.2024878053663042,0.014900000000000002,,,,
843168,26349,13.243388175964355,7.32831335067749,5.714564800262451,0.1914830058813095,0.009027683176100254,0.0011615369003266096,1.8431740999221802,0.001266792300157249,0.36781221628189087,4.014368057250977,3.934784412384033,8.65343952178955,0.07648501545190811,8.739006996154785,1.2027021520086159,0.014,,,,
844768,26399,11.857582092285156,5.83123779296875,5.819349765777588,0.205300435423851,0.001694411039352417,-0.0005218189908191562,1.9758273363113403,-0.0004200417606625706,0.35638341307640076,3.3929283618927,3.3773345947265625,8.374529838562012,0.08673769235610962,8.451701164245605,1.2029213559032936,0.0179,,,,
846368,26449,12.5851469039917,6.714644432067871,5.649081230163574,0.2172374129295349,0.0041839866898953915,-0.0024563714396208525,1.8655648231506348,-0.002356083830818534,0.3522527515888214,3.792708396911621,3.7867324352264404,8.47182846069336,0.08608434349298477,8.5625581741333,1.203128683228892,0.0126,,,,
847968,26499,10.2247896194458,5.280613899230957,4.737067699432373,0.20661121606826782,0.0004967304412275553,0.01285677682608366,1.7715976238250732,0.012984531931579113,0.4363793432712555,5.022851943969727,4.805751323699951,8.81153678894043,0.07014884799718857,8.888056755065918,1.2033463970186011,0.0147,,,,
849568,26549,10.641545295715332,5.471302032470703,4.977138519287109,0.1918373852968216,0.001267425948753953,-0.001712471479550004,1.9127817153930664,-0.0016179026570171118,0.3302956819534302,3.922759532928467,3.914483070373535,8.668279647827148,0.03647037222981453,8.709990501403809,1.2035620446227768,0.0122,,,,
851168,26599,11.11207389831543,5.7142839431762695,5.217150688171387,0.18041126430034637,0.00022798047575633973,-0.0018178840400651097,1.80320405960083,-0.001716081751510501,0.35002225637435913,3.621581792831421,3.6340749263763428,8.990557670593262,0.04696120694279671,9.037030220031738,1.2037666212385882,0.0197,,,,
852768,26649,10.791776657104492,4.872470855712891,5.705201148986816,0.21006405353546143,0.004040581174194813,-0.0010849329410120845,1.8848191499710083,-0.000966896302998066,0.41220521926879883,4.2716522216796875,4.236230850219727,8.948141098022461,0.0384792797267437,8.996508598327637,1.2039745918235107,0.012600000000000002,,,,
854368,26699,13.506734848022461,7.200048446655273,6.1225266456604,0.18355561792850494,0.0006042750319465995,-0.000291965261567384,1.7331100702285767,-0.0001716004335321486,0.417031466960907,4.438859462738037,4.361665725708008,8.584986686706543,0.06659207493066788,8.652617454528809,1.2041948490005099,0.0145,,,,
855968,26749,12.122480392456055,6.4122724533081055,5.519739151000977,0.18714235723018646,0.0033267326653003693,-0.0010340422159060836,1.614412546157837,-0.0009284635307267308,0.36559030413627625,3.7023096084594727,3.7143211364746094,8.543428421020508,0.042574524879455566,8.579380989074707,1.2044032596619048,0.0171,,,,
857568,26799,12.488746643066406,6.790369510650635,5.569590091705322,0.128543883562088,0.00024346534337382764,-0.0017183894524350762,1.7551348209381104,-0.001612387364730239,0.3699725270271301,4.479168891906738,4.441466808319092,8.52237606048584,0.04951830953359604,8.58005142211914,1.204613952556062,0.0173,,,,
859168,26849,15.277219772338867,8.87451457977295,6.225822925567627,0.17305904626846313,0.003822609316557646,-0.0011277960147708654,1.8511178493499756,-0.001010750187560916,0.40309685468673706,3.6022017002105713,3.548689603805542,8.631662368774414,0.12171804159879684,8.743735313415527,1.2048053834470358,0.0163,,,,
860768,26899,9.469610214233398,4.7870097160339355,4.439797401428223,0.23439492285251617,0.008408882655203342,-0.0010991871822625399,1.6744660139083862,-0.0009928150102496147,0.3708573579788208,4.417858600616455,4.419405460357666,8.55134391784668,0.10467945039272308,8.678491592407227,1.2050161187957904,0.02,,,,
862368,26949,12.614583015441895,7.071358680725098,5.356705665588379,0.1833043098449707,0.0032145886216312647,-0.000227278535021469,1.7525160312652588,-0.0001157872611656785,0.38943541049957275,4.498476982116699,4.451714038848877,8.381099700927734,0.07824938744306564,8.445280075073242,1.2052321495496954,0.013099999999999999,,,,
863968,26999,11.202966690063477,5.271125316619873,5.748776912689209,0.1794540286064148,0.0036104023456573486,0.0018881765427067876,1.8677351474761963,0.001985561102628708,0.3423508107662201,4.79192590713501,4.683295726776123,8.555258750915527,0.055703774094581604,8.620813369750977,1.2054419233586218,0.010399999999999998,,,,
865568,27049,12.643345832824707,6.308194160461426,6.1192779541015625,0.2136160433292389,0.0022573438473045826,-0.0008092151838354766,1.7446215152740479,-0.0006999496836215258,0.3793897032737732,4.354270935058594,4.325623512268066,8.89275074005127,0.05692807212471962,8.94224739074707,1.2056559228766446,0.0178,,,,
867168,27099,12.79687786102295,6.422669887542725,6.187500953674316,0.18513406813144684,0.0015738570364192128,-0.00034995589521713555,2.064131259918213,-0.00027269512065686285,0.2723235487937927,3.5321226119995117,3.4846341609954834,8.860708236694336,0.13198259472846985,8.993860244750977,1.2058675572330102,0.0134,,,,
868768,27149,13.400900840759277,7.180712699890137,5.906579971313477,0.30607226490974426,0.007536306511610746,-0.0013680894626304507,1.791493535041809,-0.0012721311068162322,0.334492564201355,4.752297878265381,4.743753910064697,9.171616554260254,0.06788946688175201,9.241181373596191,1.2060515130762197,0.0127,,,,
870368,27199,10.568883895874023,5.225463390350342,5.097136497497559,0.24357381463050842,0.002710390603169799,0.0011839416110888124,1.9626290798187256,0.0012969663366675377,0.3928035497665405,4.656354904174805,4.607131004333496,9.28184700012207,0.09425624459981918,9.373788833618164,1.2062632175088928,0.016399999999999998,,,,
871968,27249,9.762551307678223,4.564141273498535,4.99636697769165,0.2020328938961029,9.701523595140316e-06,-0.0020208500791341066,1.6427195072174072,-0.0019037234596908092,0.4062281548976898,5.135939598083496,5.136338233947754,9.391180992126465,0.11410154402256012,9.500904083251953,1.2064512577512556,0.0145,,,,
873568,27299,11.342667579650879,5.478600978851318,5.571355819702148,0.27735304832458496,0.015356798656284809,0.0018023037118837237,1.7933452129364014,0.0019184742122888565,0.40066924691200256,5.199788570404053,5.147861480712891,9.486665725708008,0.10684052109718323,9.594833374023438,1.2066431845192402,0.020300000000000002,,,,
875168,27349,13.97593879699707,7.193428039550781,6.573099136352539,0.20440047979354858,0.005011604167521,-0.0006320051033981144,1.9511672258377075,-0.0005236022989265621,0.38423463702201843,4.543617248535156,4.480129718780518,9.709000587463379,0.09769917279481888,9.819723129272461,1.2068492744744057,0.0175,,,,
876768,27399,9.677801132202148,4.320972442626953,5.151198387145996,0.2047681212425232,0.0008622808963991702,-0.0017831630539149046,1.6283752918243408,-0.0016744316089898348,0.3781554698944092,5.277984619140625,5.259138107299805,9.461830139160156,0.10404549539089203,9.559569358825684,1.2070390924523684,0.013100000000000002,,,,
878368,27449,13.475845336914062,7.346198558807373,5.85288143157959,0.2723241448402405,0.00444102892652154,-0.004175116773694754,1.883476972579956,-0.004056503530591726,0.4196474552154541,4.000521659851074,3.9779627323150635,9.39810562133789,0.09371952712535858,9.500161170959473,1.2072414592197858,0.0167,,,,
879968,27499,12.122491836547852,6.294529914855957,5.643710613250732,0.1815127432346344,0.0027385796420276165,-0.0015093539841473103,1.8762208223342896,-0.0014122396241873503,0.34744393825531006,5.18400764465332,5.140811443328857,9.311972618103027,0.1196092963218689,9.45427417755127,1.2074420983644347,0.0162,,,,
881568,27549,14.411015510559082,7.484696865081787,6.708507061004639,0.21655112504959106,0.0012604928342625499,-0.0011513922363519669,1.693647027015686,-0.0010414086282253265,0.3877197802066803,5.456155300140381,5.43077278137207,9.449750900268555,0.11927329003810883,9.589376449584961,1.1961113736671958,0.0143,,,,
883168,27599,11.65798282623291,6.026142120361328,5.463921070098877,0.16132259368896484,0.006597284227609634,-0.001117752748541534,1.7507266998291016,-0.0010149931767955422,0.3543455898761749,4.75918436050415,4.787372589111328,9.344040870666504,0.10283816605806351,9.442020416259766,1.1963275618865947,0.013,,,,
884768,27649,9.052129745483398,4.3368306159973145,4.447423934936523,0.2512874901294708,0.016588151454925537,-0.0022597569040954113,1.6588373184204102,-0.0021547810174524784,0.3704889714717865,5.029818058013916,5.03113317489624,9.401823997497559,0.0438607893884182,9.44080638885498,1.1965597039742977,0.014399999999999998,,,,
886368,27699,12.239752769470215,6.410173416137695,5.6132049560546875,0.20865465700626373,0.007720436900854111,-1.3756289263255894e-05,1.9713891744613647,7.908439147286117e-05,0.32427725195884705,4.2675299644470215,4.169238090515137,9.715069770812988,0.02116221934556961,9.744073867797852,1.196765933469026,0.014400000000000001,,,,
887968,27749,11.287212371826172,5.593985080718994,5.45819616317749,0.23330314457416534,0.0017284906934946775,-0.0030080073047429323,1.7830402851104736,-0.0029010933358222246,0.37215444445610046,4.504702568054199,4.519277095794678,9.845696449279785,0.052269261330366135,9.899630546569824,1.1969772155834961,0.0198,,,,
889568,27799,14.367650985717773,7.695163249969482,6.498147487640381,0.17351776361465454,0.0008221519528888166,-0.0026196669787168503,1.9329091310501099,-0.0025117420591413975,0.3731592893600464,3.7332706451416016,3.7340824604034424,9.997889518737793,0.03699004277586937,10.024994850158691,1.1971950745440691,0.0127,,,,
891168,27849,11.741786003112793,5.872398376464844,5.636277198791504,0.2302694320678711,0.002841281471773982,-0.0005684139905497432,1.7112865447998047,-0.00045493291690945625,0.39565813541412354,4.602623462677002,4.594496726989746,9.927700996398926,0.019078033044934273,9.933905601501465,1.1974244419597786,0.0154,,,,
892768,27899,12.578786849975586,6.975040435791016,5.4085845947265625,0.19439171254634857,0.0007707161130383611,-0.0002813211176544428,1.9097907543182373,-0.00018648389959707856,0.3381715416908264,4.532520294189453,4.41268253326416,9.605074882507324,0.0568183958530426,9.670501708984375,1.1976307488612883,0.016300000000000002,,,,
894368,27949,10.546141624450684,5.196157455444336,5.166083335876465,0.17876224219799042,0.005138165783137083,0.0005762759828940034,1.6502509117126465,0.0007039057672955096,0.43701088428497314,4.884072303771973,4.808081150054932,9.568647384643555,0.13392992317676544,9.682965278625488,1.1978418473116443,0.0099,,,,
895968,27999,12.575439453125,6.5786542892456055,5.743978500366211,0.24917705357074738,0.003629769431427121,0.00010413285053800792,1.8725570440292358,0.00021838043176103383,0.3978119492530823,4.018927574157715,3.971508741378784,9.5427827835083,0.1102195754647255,9.638833999633789,1.1980707342800598,0.0171,,,,
897568,28049,9.064154624938965,4.40153169631958,4.415858268737793,0.24388425052165985,0.0028801762964576483,0.0003171800635755062,1.7754480838775635,0.00041822658386081457,0.3551529347896576,4.602865695953369,4.532198429107666,10.011545181274414,0.07354073971509933,10.088271141052246,1.1983031378450157,0.0126,,,,
899168,28099,13.011540412902832,7.153338432312012,5.679027080535889,0.17678962647914886,0.0023864174727350473,0.00023868506832513958,1.7151894569396973,0.000360682955943048,0.42370736598968506,5.15928316116333,5.113798141479492,9.784808158874512,0.08375431597232819,9.874176025390625,1.198503004516646,0.0171,,,,
900768,28149,11.841838836669922,6.132536888122559,5.562130928039551,0.14183975756168365,0.005331066437065601,0.0005897332448512316,1.7483012676239014,0.0006883081514388323,0.34293174743652344,4.899857521057129,4.829545497894287,9.747106552124023,0.12911175191402435,9.887487411499023,1.1987058110600535,0.012,,,,
902368,28199,12.016251564025879,6.436236381530762,5.411643981933594,0.16680999100208282,0.001560885924845934,-0.0007200529216788709,1.8094112873077393,-0.0006075933924876153,0.39250990748405457,5.9014573097229,5.823266506195068,10.090675354003906,0.09870894253253937,10.217584609985352,1.1989047356385851,0.009399999999999999,,,,
903968,28249,10.621524810791016,5.169922828674316,5.13325309753418,0.3090790808200836,0.00926926638931036,0.0011717128800228238,1.8328466415405273,0.0012936522252857685,0.4188200533390045,4.544172763824463,4.461738586425781,10.320089340209961,0.07141613960266113,10.386608123779297,1.1991108459488289,0.012400000000000001,,,,
905568,28299,11.67263412475586,5.623356819152832,5.8354291915893555,0.21005770564079285,0.0037904151249676943,0.0020254042465239763,1.9215092658996582,0.002128331921994686,0.3582640290260315,4.297419548034668,4.185853004455566,10.633172988891602,0.07976602017879486,10.701913833618164,1.1993218287229648,0.0127,,,,
907168,28349,12.327674865722656,6.8353753089904785,5.286627292633057,0.19801317155361176,0.007659217808395624,0.00033111870288848877,2.101738929748535,0.00042436382500454783,0.32865723967552185,3.7336673736572266,3.667509078979492,10.483742713928223,0.1104792132973671,10.5936861038208,1.1995250404768272,0.0147,,,,
908768,28399,11.536125183105469,5.566023826599121,5.824282646179199,0.1436249017715454,0.00219334801658988,-0.0025121166836470366,1.8233625888824463,-0.002417247276753187,0.3286179006099701,4.556954860687256,4.552372455596924,10.890018463134766,0.07664446532726288,10.957324028015137,1.1997166759980071,0.015,,,,
910368,28449,11.146882057189941,4.707334518432617,6.189969062805176,0.24384848773479462,0.005729238968342543,-0.00325589906424284,1.6895804405212402,-0.00314498133957386,0.39538171887397766,5.54450798034668,5.559027194976807,10.85252571105957,0.05904741585254669,10.917783737182617,1.1999256196068961,0.018,,,,
911968,28499,11.334592819213867,5.5092620849609375,5.625399589538574,0.1983959823846817,0.0015357513912022114,0.0018142990302294493,1.8250203132629395,0.0019208018202334642,0.3690246045589447,4.706607818603516,4.594829559326172,11.026756286621094,0.050386808812618256,11.070831298828125,1.2001207129900282,0.0127,,,,
913568,28549,14.38700008392334,7.515758514404297,6.654108047485352,0.21525424718856812,0.0018794211791828275,-0.0017382646910846233,1.9546005725860596,-0.00163114198949188,0.37279418110847473,4.411473274230957,4.4533820152282715,11.038201332092285,0.04803740233182907,11.079330444335938,1.2003185492182462,0.013900000000000001,,,,
915168,28599,11.102103233337402,5.745701789855957,5.144772052764893,0.2072921097278595,0.004336323123425245,-0.0016348686767742038,1.8407057523727417,-0.001537057221867144,0.34364333748817444,4.430100440979004,4.42348051071167,10.882939338684082,0.08075247704982758,10.96176528930664,1.2005302192319498,0.0172,,,,
916768,28649,10.463313102722168,4.857235431671143,5.310633659362793,0.2867274880409241,0.008715693838894367,-0.0019859217572957277,1.9191535711288452,-0.0018987744115293026,0.31478169560432434,4.564093112945557,4.522071838378906,11.018939971923828,0.09215499460697174,11.119321823120117,1.200714350004733,0.016,,,,
918368,28699,9.452237129211426,3.923989772796631,5.303975582122803,0.22399450838565826,0.000277407409157604,-0.0015002763830125332,1.6746492385864258,-0.001397513085976243,0.35437458753585815,5.054771900177002,5.059957504272461,10.813655853271484,0.09358816593885422,10.910170555114746,1.2009088630556537,0.0161,,,,
919968,28749,13.433465003967285,7.279775142669678,5.985787391662598,0.16522972285747528,0.0026733623817563057,-0.0025023403577506542,1.826168417930603,-0.002425119513645768,0.27445119619369507,4.833334922790527,4.870087146759033,10.818851470947266,0.05643920600414276,10.888439178466797,1.2011047604214515,0.016,,,,
921568,28799,13.58132553100586,7.331063270568848,6.025141716003418,0.2238537222146988,0.0012663045199587941,-0.0013190690660849214,1.7432329654693604,-0.001223499421030283,0.3335195779800415,4.719179630279541,4.696376323699951,10.20773696899414,0.05131281539797783,10.25761604309082,1.2013017680497369,0.015399999999999999,,,,
923168,28849,10.679108619689941,5.508494853973389,4.969550132751465,0.19315065443515778,0.007913975976407528,0.00011311480920994654,1.7623395919799805,0.00020805308304261416,0.33188480138778687,4.160463809967041,4.088203430175781,9.644981384277344,0.07055584341287613,9.717994689941406,1.201495037925136,0.0115,,,,
924768,28899,11.789219856262207,5.802206516265869,5.789738655090332,0.19394904375076294,0.003325385507196188,-0.0009935398120433092,1.8605501651763916,-0.0009027143241837621,0.31955045461654663,4.341306686401367,4.312843322753906,9.796512603759766,0.0491461455821991,9.85547161102295,1.2016975499715548,0.0108,,,,
926368,28949,11.930916786193848,5.660885334014893,6.067525863647461,0.20080344378948212,0.0017026095883920789,-0.0012078506406396627,1.6957920789718628,-0.0011287655215710402,0.2749011218547821,4.083638668060303,4.050062656402588,9.801189422607422,0.1006707102060318,9.913437843322754,1.2019042667709645,0.013900000000000001,,,,
927968,28999,9.40254020690918,4.836264133453369,4.384954452514648,0.1801823228597641,0.0011398146161809564,-0.002639616373926401,1.8881604671478271,-0.002553504891693592,0.3072912395000458,3.878876209259033,3.9060752391815186,9.711365699768066,0.051768142729997635,9.758146286010742,1.2020875646244031,0.012,,,,
929568,29049,10.616272926330566,5.362971305847168,5.099803924560547,0.15226441621780396,0.0012328719021752477,0.00029241814627312124,2.014920473098755,0.000389354070648551,0.3396025002002716,2.8126816749572754,2.788332939147949,9.487371444702148,0.03777730464935303,9.507973670959473,1.2022866530115592,0.011899999999999999,,,,
931168,29099,10.422551155090332,5.165456771850586,5.024245738983154,0.2317933738231659,0.0010545396944507957,0.0004920442006550729,1.8151657581329346,0.0005844422266818583,0.3229958713054657,4.041207313537598,3.9305098056793213,9.521679878234863,0.07051431387662888,9.595532417297363,1.2024773341840742,0.013900000000000001,,,,
932768,29149,10.603303909301758,5.83592414855957,4.6280999183654785,0.13402105867862701,0.005259879399091005,-0.0015558088198304176,1.754704475402832,-0.0014570869971066713,0.3504800796508789,4.048334121704102,4.023506164550781,9.491080284118652,0.05763426795601845,9.538596153259277,1.2026632673655606,0.011500000000000002,,,,
934368,29199,13.837451934814453,6.578899383544922,7.074325084686279,0.1800810843706131,0.0041455733589828014,-0.0025199975352734327,2.0682055950164795,-0.002428209874778986,0.3236660063266754,3.629127025604248,3.6215927600860596,9.413389205932617,0.04048096761107445,9.462276458740234,1.2028481122661678,0.010899999999999998,,,,
935968,29249,14.283783912658691,7.328396320343018,6.751636028289795,0.19752836227416992,0.006222669966518879,-0.0011751531856134534,1.7875134944915771,-0.0010722775477916002,0.3579101264476776,4.516812801361084,4.445404529571533,9.371541976928711,0.0737130418419838,9.451068878173828,1.203033219621425,0.014100000000000001,,,,
937568,29299,10.979238510131836,5.330065727233887,5.469277858734131,0.17371654510498047,0.006178996525704861,-0.0009679614449851215,1.9365296363830566,-0.0008774565067142248,0.3223302662372589,3.5939409732818604,3.585413932800293,9.419005393981934,0.052299629896879196,9.477428436279297,1.203217199363998,0.0104,,,,
939168,29349,11.59394359588623,5.3613152503967285,6.0486955642700195,0.18366268277168274,0.0002702843339648098,0.0008151402580551803,1.7716540098190308,0.0009066647617146373,0.32975828647613525,4.341273784637451,4.277935028076172,9.273801803588867,0.07092393934726715,9.35586166381836,1.2034093258701746,0.014199999999999999,,,,
940768,29399,10.719433784484863,4.665689945220947,5.811017036437988,0.23622193932533264,0.006503876764327288,-0.0012215451570227742,1.7782832384109497,-0.0011261142790317535,0.33106791973114014,3.7920963764190674,3.789437770843506,9.095348358154297,0.02836698666214943,9.10667896270752,1.2036078763369404,0.0041,,,,
942368,29449,8.898696899414062,4.1298747062683105,4.5874152183532715,0.18033546209335327,0.0010716482065618038,-0.0001088741046260111,1.9875000715255737,-2.9315058782231063e-05,0.28757333755493164,3.568347454071045,3.499164342880249,8.890152931213379,0.054441437125205994,8.954385757446289,1.203780293336938,0.012199999999999999,,,,
943968,29499,12.692273139953613,6.872580528259277,5.544389724731445,0.2740117907524109,0.00129087851382792,0.00492670014500618,1.639960527420044,0.00504196435213089,0.39957112073898315,5.177981376647949,5.045100688934326,8.591401100158691,0.05770592764019966,8.652752876281738,1.2039741162882955,0.0089,,,,
945568,29549,12.000509262084961,6.258537292480469,5.445398330688477,0.2854273319244385,0.011146355420351028,-0.0025319629348814487,1.6708860397338867,-0.002430860185995698,0.3510226607322693,4.256192684173584,4.237038612365723,8.808379173278809,0.059448499232530594,8.862998008728027,1.2041654415432181,0.0108,,,,
947168,29599,10.242600440979004,5.227822303771973,4.868598937988281,0.14258253574371338,0.0035958695225417614,-0.0030298505444079638,1.690649390220642,-0.0029177300166338682,0.39460575580596924,3.981572151184082,3.9859392642974854,8.97673225402832,0.04449814185500145,9.0257568359375,1.204358644559731,0.011,,,,
948768,29649,9.243243217468262,4.396097660064697,4.709932327270508,0.1345193088054657,0.0026944929268211126,-0.0016910190461203456,1.9208312034606934,-0.0015988933155313134,0.32001328468322754,3.8282456398010254,3.8038063049316406,8.81262493133545,0.062295492738485336,8.86798095703125,1.204556237103233,0.006699999999999999,,,,
950368,29699,10.799468994140625,5.84719705581665,4.736881732940674,0.20927898585796356,0.006111140362918377,-0.0008237608126364648,1.743190050125122,-0.000735449546482414,0.3190743923187256,3.924557685852051,3.900529384613037,8.669817924499512,0.034690991044044495,8.717599868774414,1.2047597925629985,0.011699999999999999,,,,
951968,29749,9.81987190246582,5.191874980926514,4.450435161590576,0.1737169772386551,0.0038456434849649668,-0.0016949322307482362,1.7646496295928955,-0.0015841652639210224,0.38642632961273193,4.04141092300415,4.008673667907715,8.590887069702148,0.02367383986711502,8.627594947814941,1.2049458488538662,0.008,,,,
953568,29799,12.783251762390137,5.950868606567383,6.562617778778076,0.26302698254585266,0.006737874820828438,5.681074981112033e-05,1.7622387409210205,0.00016323401359841228,0.37242797017097473,4.55283784866333,4.44189977645874,8.784842491149902,0.06044410914182663,8.844120979309082,1.2051324043747942,0.011300000000000001,,,,
955168,29849,9.855595588684082,4.378948211669922,5.26193380355835,0.21279014647006989,0.0019223821582272649,0.0004704833263531327,2.0239977836608887,0.0005525244050659239,0.28990888595581055,3.816958427429199,3.7460484504699707,8.702227592468262,0.08836819976568222,8.795616149902344,1.205319884327363,0.006499999999999999,,,,
956768,29899,13.251108169555664,6.768330097198486,6.179161071777344,0.2998819947242737,0.003735980950295925,0.0006513488478958607,1.922824501991272,0.0007371349493041635,0.2977258563041687,3.6371021270751953,3.5804076194763184,8.665923118591309,0.09133675694465637,8.771913528442383,1.2055034874751656,0.014000000000000002,,,,
958368,29949,10.298898696899414,5.044340133666992,5.0880327224731445,0.16323699057102203,0.0032894695177674294,-0.002111786277964711,1.9115872383117676,-0.002016525948420167,0.32924526929855347,3.3198084831237793,3.365428924560547,8.811237335205078,0.06218460202217102,8.865653038024902,1.2056859268888853,0.013,,,,
959968,29999,13.411280632019043,6.486859321594238,6.750481605529785,0.1685592383146286,0.005380917340517044,-0.002916135359555483,1.789278507232666,-0.002812459599226713,0.36581534147262573,3.71779727935791,3.689624071121216,8.815988540649414,0.05696266144514084,8.867635726928711,1.2058579986590026,0.0123,,,,
961568,30049,12.348112106323242,6.148593902587891,6.064801216125488,0.1327992081642151,0.0019173818873241544,-4.495464963838458e-06,1.8350038528442383,9.166341624222696e-05,0.342878520488739,3.3512449264526367,3.322126865386963,8.929232597351074,0.02760610543191433,8.952877044677734,1.1955290948271924,0.014500000000000002,,,,
963168,30099,12.481217384338379,6.7188215255737305,5.571887016296387,0.18973344564437866,0.0007758135907351971,0.00184895028360188,1.8072569370269775,0.001947460463270545,0.34698912501335144,4.31196403503418,4.254605770111084,8.982654571533203,0.00824698805809021,8.993863105773926,1.1957311072070729,0.0134,,,,
964768,30149,11.493583679199219,5.586950778961182,5.650829315185547,0.23714984953403473,0.01865352690219879,-0.0018598985625430942,1.868910789489746,-0.001775291166268289,0.291083425283432,3.7840170860290527,3.7484889030456543,8.818857192993164,0.09929443150758743,8.903342247009277,1.1959257152576617,0.015300000000000001,,,,
966368,30199,11.4205961227417,5.4618120193481445,5.788268089294434,0.16948571801185608,0.0010298095876350999,-0.002267205622047186,1.8660862445831299,-0.002174983499571681,0.3266891837120056,3.73587703704834,3.75390362739563,8.907583236694336,0.11947724223136902,9.028608322143555,1.1961230706145893,0.015,,,,
967968,30249,11.119277954101562,5.667137145996094,5.235811233520508,0.21201536059379578,0.00431411387398839,-0.0005370174767449498,1.9675865173339844,-0.000442085467511788,0.33561286330223083,3.798924684524536,3.7420034408569336,8.785186767578125,0.06300652772188187,8.85316276550293,1.1963196769985012,0.0134,,,,
969568,30299,11.843809127807617,6.067267894744873,5.55234432220459,0.21883773803710938,0.005360029637813568,-0.0022129721473902464,1.7689182758331299,-0.002100420417264104,0.38982710242271423,3.639760732650757,3.636831760406494,8.718328475952148,0.04742390662431717,8.750967025756836,1.1965171417403904,0.0082,,,,
971168,30349,11.305298805236816,5.789647102355957,5.3904337882995605,0.12488224357366562,0.0003359389666002244,-0.004405598156154156,1.6438779830932617,-0.004283839371055365,0.4317743182182312,3.943810224533081,3.9834015369415283,8.3018798828125,0.04902578890323639,8.366008758544922,1.1967193203103854,0.007,,,,
972768,30399,13.168848991394043,7.196444988250732,5.793898582458496,0.1759117692708969,0.0025937247555702925,-0.004627961665391922,1.944507122039795,-0.004525499884039164,0.3630037009716034,3.780097723007202,3.7052433490753174,8.27042007446289,0.033739473670721054,8.312423706054688,1.1969140806849132,0.0121,,,,
974368,30449,10.425612449645996,5.131488800048828,5.065497398376465,0.2229573279619217,0.005668186116963625,0.0013723685406148434,2.0606918334960938,0.0014737218152731657,0.35802963376045227,3.1839377880096436,3.1250219345092773,8.436788558959961,0.011097412556409836,8.449569702148438,1.1971057467934783,0.0128,,,,
975968,30499,9.378273010253906,4.4162116050720215,4.770116329193115,0.18958529829978943,0.002359025413170457,-0.001530165201984346,1.8813657760620117,-0.0014399189967662096,0.31311070919036865,3.0338730812072754,3.004582405090332,8.249213218688965,0.07570166140794754,8.29947566986084,1.197298517134324,0.0135,,,,
977568,30549,12.651297569274902,6.8380513191223145,5.621533393859863,0.1900535225868225,0.001658459659665823,0.0026577350217849016,2.0009846687316895,0.002770762424916029,0.407609224319458,3.5101561546325684,3.3992061614990234,8.316399574279785,0.08386600762605667,8.419797897338867,1.1974836590433555,0.0135,,,,
979168,30599,13.538137435913086,6.869760513305664,6.476771354675293,0.1860434114933014,0.0055618202313780785,0.0007006226805970073,1.7424356937408447,0.0008119298727251589,0.37933143973350525,3.5858747959136963,3.518195629119873,8.226486206054688,0.04527975246310234,8.249714851379395,1.1976697729684114,0.0158,,,,
980768,30649,9.10039234161377,4.410241603851318,4.515308380126953,0.17425066232681274,0.0005908265593461692,-0.0007505312096327543,1.7710340023040771,-0.0006358876707963645,0.4022923707962036,3.487725257873535,3.472141981124878,8.205482482910156,0.04027293249964714,8.2536039352417,1.197861765630702,0.0112,,,,
982368,30699,11.483684539794922,5.500672817230225,5.776376247406006,0.19807063043117523,0.008565006777644157,0.0024285842664539814,1.9236854314804077,0.002547439420595765,0.41359251737594604,3.4299776554107666,3.372697353363037,8.412099838256836,0.04284290969371796,8.45647144317627,1.1980340040309159,0.0195,,,,
983968,30749,11.97119140625,6.003242492675781,5.733169078826904,0.23058699071407318,0.004191962070763111,-0.0012658527120947838,1.9443713426589966,-0.0011606153566390276,0.36598294973373413,3.392648220062256,3.3724305629730225,8.399829864501953,0.06385606527328491,8.455901145935059,1.1982207727605731,0.0145,,,,
985568,30799,10.823457717895508,5.6043596267700195,5.06209135055542,0.14876645803451538,0.008240294642746449,-0.0035728304646909237,1.632493019104004,-0.0034515138249844313,0.4256612956523895,3.995163917541504,4.015023231506348,8.211832046508789,0.04162892326712608,8.254548072814941,1.198417986111827,0.0109,,,,
987168,30849,11.280830383300781,5.7971320152282715,5.296694278717041,0.18534478545188904,0.0016596271889284253,0.000294546305667609,1.9119843244552612,0.0004112235037609935,0.421331524848938,3.6495847702026367,3.576472520828247,8.076457977294922,0.04294382035732269,8.120173454284668,1.1985933176059236,0.0143,,,,
988768,30899,13.063551902770996,7.109619617462158,5.754303455352783,0.19678907096385956,0.0028399780858308077,2.1501604351215065e-05,1.963122844696045,0.0001235214585904032,0.36212876439094543,2.990130662918091,2.908787965774536,8.43566608428955,0.05676291510462761,8.495696067810059,1.198779880441799,0.0145,,,,
990368,30949,12.110087394714355,6.303825855255127,5.557327747344971,0.24277237057685852,0.006161363795399666,-0.0008887914009392262,1.6805100440979004,-0.000762015173677355,0.4398926794528961,4.0386176109313965,4.083938121795654,8.476149559020996,0.07021307945251465,8.561988830566406,1.198971870852343,0.0124,,,,
991968,30999,9.681323051452637,4.796471118927002,4.679705619812012,0.20302313566207886,0.0021225525997579098,-0.0010369825176894665,1.901944875717163,-0.0009375334484502673,0.3442205786705017,3.1923062801361084,3.166109561920166,8.501138687133789,0.028992909938097,8.509723663330078,1.1991517640535416,0.013399999999999999,,,,
993568,31049,11.990171432495117,5.855296611785889,5.925818920135498,0.20657925307750702,0.002476547146216035,-0.0011616633273661137,1.6923606395721436,-0.0010317792184650898,0.45045486092567444,3.837441921234131,3.8128738403320312,8.471693992614746,0.005092115141451359,8.479618072509766,1.1993345161321434,0.0125,,,,
995168,31099,14.026145935058594,7.700179576873779,6.041614532470703,0.27895060181617737,0.005400940775871277,-0.0014923210255801678,1.7793006896972656,-0.001388999749906361,0.3577995002269745,3.0511531829833984,3.0184733867645264,8.392662048339844,0.02816103957593441,8.394693374633789,1.1995130081290235,0.018200000000000004,,,,
996768,31149,12.304427146911621,6.4873833656311035,5.658402442932129,0.15802232921123505,0.0006188531406223774,-0.0027365058194845915,1.5987595319747925,-0.0026106019504368305,0.43850332498550415,3.877906322479248,3.8875420093536377,8.317388534545898,0.09504719823598862,8.41370964050293,1.1996982367367268,0.0134,,,,
998368,31199,12.661852836608887,6.142343997955322,6.305612087249756,0.20600327849388123,0.007893878035247326,0.0008752880967222154,1.857858657836914,0.0010038925101980567,0.44173309206962585,3.6711339950561523,3.629333972930908,8.246602058410645,0.11299727857112885,8.350274085998535,1.1998803239464466,0.013300000000000001,,,,
999968,31249,15.107327461242676,8.140222549438477,6.809045791625977,0.15707927942276,0.0009794537909328938,-0.001279466669075191,2.0731136798858643,-0.00118662987370044,0.32749059796333313,4.025604248046875,3.9370765686035156,8.140239715576172,0.07596036046743393,8.222169876098633,1.200059379379764,0.0107,,,,
1001568,31299,12.867270469665527,6.9594197273254395,5.710644245147705,0.19554965198040009,0.001656512962654233,-0.0008482206612825394,1.8374321460723877,-0.0007419484318234026,0.36618486046791077,4.562246322631836,4.520340919494629,8.451703071594238,0.07089237123727798,8.544474601745605,1.2002487627915868,0.019799999999999998,,,,
1003168,31349,12.909768104553223,6.908442974090576,5.714543342590332,0.2818402349948883,0.00494221318513155,-0.0010195377981290221,1.9078383445739746,-0.0009073089458979666,0.38512367010116577,3.1982669830322266,3.2075281143188477,8.540077209472656,0.06229005008935928,8.58495044708252,1.2004311396711556,0.0146,,,,
1004768,31399,14.879358291625977,8.926361083984375,5.76807975769043,0.1845054030418396,0.0004121538659092039,0.001434352365322411,2.0271010398864746,0.001532696420326829,0.359779953956604,3.363786458969116,3.3482666015625,8.884586334228516,0.06704244762659073,8.948060035705566,1.2006113052824283,0.016200000000000003,,,,
1006368,31449,10.987812042236328,5.544904708862305,5.218285083770752,0.220531165599823,0.004091209731996059,-0.0007409164682030678,1.7111449241638184,-0.0006186720565892756,0.43477267026901245,4.119760990142822,4.076108932495117,8.559948921203613,0.06832290440797806,8.644468307495117,1.2008008287153398,0.0148,,,,
1007968,31499,10.307385444641113,5.198330402374268,4.934839248657227,0.168879896402359,0.005336926784366369,0.00042780215153470635,1.8397302627563477,0.0005323583027347922,0.3613055646419525,4.237652778625488,4.177928924560547,8.6021089553833,0.06875868141651154,8.653605461120605,1.2009790863396217,0.0125,,,,
1009568,31549,12.921679496765137,6.294524669647217,6.4005632400512695,0.22300392389297485,0.0035879015922546387,-0.00316434889100492,1.9465545415878296,-0.0030524409376084805,0.3902781903743744,3.3517353534698486,3.3705263137817383,8.87951374053955,0.009288934990763664,8.8859281539917,1.2011392387527986,0.014299999999999998,,,,
1011168,31599,12.209009170532227,6.572164535522461,5.372474193572998,0.25831615924835205,0.006053871009498835,-0.0016594841144979,1.8028802871704102,-0.001545057981275022,0.3991936445236206,3.486771583557129,3.4914586544036865,8.807820320129395,0.036216720938682556,8.853082656860352,1.2013381009036077,0.015600000000000001,,,,
1012768,31649,13.94637393951416,7.780594825744629,5.942759037017822,0.21615010499954224,0.006869601085782051,-0.003786428365856409,1.891911506652832,-0.003672420745715499,0.4027145504951477,3.830900192260742,3.816995859146118,8.80905818939209,-0.001860576681792736,8.805233001708984,1.2015020343440261,0.0101,,,,
1014368,31699,11.148630142211914,5.48386287689209,5.400240421295166,0.2562716007232666,0.008254828862845898,-0.002941855927929282,1.959065556526184,-0.0028209935408085585,0.4245799481868744,4.457713603973389,4.416606426239014,8.912981033325195,0.016349975019693375,8.949913024902344,1.2016852717956845,0.0171,,,,
1015968,31749,10.64664077758789,5.3666791915893555,5.0572404861450195,0.22045987844467163,0.002260754117742181,-0.0022650323808193207,1.8688874244689941,-0.0021688847336918116,0.33363574743270874,3.291670322418213,3.279338836669922,8.756115913391113,0.020701130852103233,8.752514839172363,1.201857818860384,0.012899999999999998,,,,
1017568,31799,12.59283447265625,6.4242401123046875,6.021311283111572,0.14379312098026276,0.003490007948130369,-0.004535413812845945,1.901505708694458,-0.004443133715540171,0.3248516917228699,4.123836517333984,4.168771266937256,8.572722434997559,0.04075074940919876,8.649589538574219,1.2020284309150582,0.0144,,,,
1019168,31849,11.723003387451172,6.049057483673096,5.417929649353027,0.2537475824356079,0.002268081996589899,0.0006137386080808938,1.7525744438171387,0.0007158416556194425,0.36655181646347046,4.187304496765137,4.116699695587158,8.724120140075684,0.015030696988105774,8.756659507751465,1.202201385041538,0.017200000000000003,,,,
1020768,31899,11.829806327819824,5.701828956604004,5.877165794372559,0.24656812846660614,0.0042441291734576225,-0.0016638231463730335,1.9916512966156006,-0.0015577217563986778,0.3794877231121063,2.855166435241699,2.8590402603149414,8.663246154785156,0.006456867791712284,8.65172290802002,1.2023960436839316,0.0174,,,,
1022368,31949,8.779687881469727,3.9108164310455322,4.71102237701416,0.15782298147678375,2.633939584484324e-05,-0.001562312594614923,1.871086597442627,-0.0014672271208837628,0.334602952003479,3.4505996704101562,3.3951919078826904,8.540125846862793,0.037170782685279846,8.569151878356934,1.2025775896267938,0.0158,,,,
1023968,31999,15.196124076843262,8.727924346923828,6.30180549621582,0.16599588096141815,0.00039909439510665834,0.0003619980998337269,1.95225191116333,0.00046694587217643857,0.3741517663002014,3.403533697128296,3.3408379554748535,8.555737495422363,0.060336820781230927,8.61725902557373,1.2027786386892665,0.0164,,,,
1025568,32049,12.094120979309082,6.636064052581787,5.235996246337891,0.22006133198738098,0.0019985162653028965,0.002222413429990411,2.12418532371521,0.0023162851575762033,0.32747191190719604,3.7317020893096924,3.5875911712646484,8.734601974487305,0.037416208535432816,8.797622680664062,1.2029558288253799,0.0143,,,,
1027168,32099,13.013412475585938,6.730718612670898,6.106378555297852,0.1756799817085266,0.0006351325428113341,0.0004283253219909966,1.8920823335647583,0.0005342034855857491,0.36749938130378723,4.450104713439941,4.35362434387207,8.167559623718262,0.059067223221063614,8.272385597229004,1.2031319733080852,0.0155,,,,
1028768,32149,13.247343063354492,6.462400913238525,6.544885635375977,0.2391052097082138,0.0009519026498310268,-0.0005521290586329997,1.9067933559417725,-0.00044582318514585495,0.36477696895599365,3.322540760040283,3.2723090648651123,8.207771301269531,0.09732522070407867,8.293764114379883,1.2033057590389167,0.0153,,,,
1030368,32199,13.288020133972168,6.257976531982422,6.821469306945801,0.20770660042762756,0.0008681404870003462,-0.0021529418881982565,1.9835679531097412,-0.0020484093111008406,0.36390209197998047,4.117950439453125,4.109370231628418,8.32036018371582,0.05045498535037041,8.38997745513916,1.2034706717400268,0.0128,,,,
1031968,32249,10.794921875,5.556506156921387,5.0412516593933105,0.1940264254808426,0.0031387435737997293,-0.00023689921363256872,1.6826171875,-0.0001309478684561327,0.36649733781814575,3.965116262435913,3.9249789714813232,8.53304386138916,0.03874840959906578,8.566609382629395,1.2036443921801807,0.0157,,,,
1033568,32299,10.74055290222168,5.208437919616699,5.3808488845825195,0.14760655164718628,0.0036590418312698603,-0.0026441491208970547,1.8945016860961914,-0.0025380412116646767,0.36962395906448364,3.8822877407073975,3.9231553077697754,9.011181831359863,0.024410204961895943,9.05215835571289,1.2038581269785167,0.0165,,,,
1035168,32349,13.463536262512207,7.006507396697998,6.266721248626709,0.18609149754047394,0.004216410685330629,0.001541645498946309,1.9670851230621338,0.0016267913160845637,0.3165743947029114,3.857732057571411,3.761888027191162,9.05545425415039,0.012363703921437263,9.082318305969238,1.2040378560752987,0.0135,,,,
1036768,32399,11.670137405395508,5.940744400024414,5.500582695007324,0.22434763610363007,0.004461953416466713,-0.0014503791462630033,1.8688397407531738,-0.0013462314382195473,0.36364567279815674,3.3544411659240723,3.3211774826049805,8.70379638671875,0.019304972141981125,8.731893539428711,1.204224818291627,0.012299999999999998,,,,
1038368,32449,12.612733840942383,6.429019927978516,6.033477306365967,0.14409680664539337,0.006140102632343769,-0.0022555727045983076,1.9459004402160645,-0.002164018340408802,0.32986074686050415,4.050486087799072,4.080772876739502,8.572405815124512,0.06655406951904297,8.661447525024414,1.204408813927212,0.0112,,,,
1039968,32499,11.173763275146484,5.641361236572266,5.3568830490112305,0.16962940990924835,0.005889683961868286,0.001085943658836186,1.93855619430542,0.0011805753456428647,0.3339024484157562,3.5997314453125,3.502702236175537,8.335601806640625,0.11658633500337601,8.444753646850586,1.2045688488390665,0.0145,,,,
1041568,32549,11.180946350097656,5.72614860534668,5.249179363250732,0.1988283097743988,0.006788755767047405,-0.0015045072650536895,1.9316771030426025,-0.0014091434422880411,0.33372101187705994,3.665120840072632,3.6090428829193115,8.421256065368652,0.07163187861442566,8.496227264404297,1.1950926496853578,0.018699999999999998,,,,
1043168,32599,9.610174179077148,4.526062965393066,4.895293235778809,0.18215453624725342,0.006663761101663113,-0.0031847255304455757,1.7855679988861084,-0.0030689227860420942,0.3979623317718506,4.607626438140869,4.5202956199646,8.680418014526367,0.0642944723367691,8.7451753616333,1.1952784896001314,0.019,,,,
1044768,32649,15.35300350189209,8.530622482299805,6.538055896759033,0.2791830897331238,0.0051423413679003716,-0.0004513845779001713,1.9520113468170166,-0.00035172514617443085,0.3559226989746094,4.001091957092285,3.9518120288848877,8.682646751403809,0.06638722866773605,8.758776664733887,1.1954580975206859,0.0166,,,,
1046368,32699,13.253639221191406,6.896744251251221,6.1920013427734375,0.1605864316225052,0.004307772032916546,-0.0031198596116155386,1.7829731702804565,-0.0030087041668593884,0.38195130228996277,4.050942420959473,4.047529220581055,8.855302810668945,0.11116325110197067,8.955168724060059,1.1956321286113651,0.0174,,,,
1047968,32749,11.995972633361816,5.936164855957031,5.825608253479004,0.23222213983535767,0.0019770008511841297,0.00044763978803530335,1.5598087310791016,0.0005665741628035903,0.4112634062767029,4.694546699523926,4.642723560333252,8.769046783447266,0.05706806480884552,8.834439277648926,1.1958131084368504,0.0152,,,,
1049568,32799,11.21451473236084,5.244442939758301,5.7442240715026855,0.22198407351970673,0.003864383092150092,0.0014238854637369514,2.0299177169799805,0.0015217714244499803,0.3367815911769867,3.7668652534484863,3.6892924308776855,8.63615894317627,0.07994388043880463,8.694879531860352,1.1959927955071437,0.0152,,,,
1051168,32849,11.206656455993652,5.8642377853393555,5.168632507324219,0.17160466313362122,0.0021812438499182463,0.00017057338845916092,2.0084023475646973,0.00026410160353407264,0.32535672187805176,3.725980281829834,3.6607182025909424,8.864229202270508,0.06296998262405396,8.921154975891113,1.1961586296719988,0.014100000000000001,,,,
1052768,32899,14.11442756652832,6.9114484786987305,7.0038275718688965,0.1910390853881836,0.008112829178571701,-0.0012925687478855252,2.1911425590515137,-0.0012102671898901463,0.2955961525440216,3.145146369934082,3.0866878032684326,8.778618812561035,0.07837889343500137,8.872292518615723,1.1963231103200265,0.0173,,,,
1054368,32949,12.520991325378418,6.25650691986084,6.0017242431640625,0.25590118765830994,0.006858592852950096,0.0008415994816459715,1.8059208393096924,0.000966280116699636,0.4345777630805969,4.029814720153809,3.9540352821350098,8.91025447845459,0.0737808346748352,8.987317085266113,1.1965132543853902,0.0156,,,,
1055968,32999,10.856169700622559,5.124068260192871,5.518191814422607,0.2107914835214615,0.003118172287940979,-0.0001678590488154441,1.8113147020339966,-5.931535270065069e-05,0.3782143294811249,3.4644598960876465,3.440516471862793,9.258437156677246,0.02544519305229187,9.292290687561035,1.1966877067936155,0.0167,,,,
1057568,33049,12.346516609191895,6.642277240753174,5.503382682800293,0.196729376912117,0.004126093816012144,-0.0021479828283190727,1.7296252250671387,-0.0020303514320403337,0.4092915654182434,4.513162136077881,4.518712043762207,9.425832748413086,0.05453195795416832,9.488577842712402,1.1968601344401042,0.0145,,,,
1059168,33099,11.775728225708008,5.884580135345459,5.664949417114258,0.22253519296646118,0.003663410199806094,-0.0006679187063127756,1.6897087097167969,-0.0005366337718442082,0.45728954672813416,4.536686897277832,4.518248081207275,9.435437202453613,0.03239324316382408,9.475603103637695,1.1970543266605809,0.0136,,,,
1060768,33149,9.02499771118164,3.8308820724487305,4.959343910217285,0.23189938068389893,0.002872056793421507,0.002013239311054349,1.9515292644500732,0.0021181937772780657,0.36256006360054016,3.9534013271331787,3.8543996810913086,9.114860534667969,0.08169778436422348,9.208045959472656,1.1972239870844013,0.013800000000000002,,,,
1062368,33199,12.55114459991455,6.3807454109191895,5.933953762054443,0.23325768113136292,0.00318793929181993,-0.001563704339787364,1.9050917625427246,-0.0014709904789924622,0.3332284390926361,3.6490235328674316,3.6203227043151855,9.10867977142334,0.07982098311185837,9.188446044921875,1.1973979096756455,0.0106,,,,
1063968,33249,8.944684982299805,3.877629518508911,4.875164985656738,0.19159798324108124,0.0002924084255937487,-0.002953190356492996,1.933803677558899,-0.002868163399398327,0.306237131357193,3.5043067932128906,3.490156412124634,9.343932151794434,0.05089143291115761,9.399502754211426,1.1975828721105766,0.011800000000000001,,,,
1065568,33299,13.252488136291504,6.755581855773926,6.300006866455078,0.1812581717967987,0.01564091444015503,-0.004395416937768459,2.1663553714752197,-0.004302854649722576,0.32840996980667114,3.3807902336120605,3.3541269302368164,9.455526351928711,0.06726697087287903,9.516371726989746,1.197742891322711,0.011200000000000002,,,,
1067168,33349,10.938382148742676,5.521342754364014,5.1935343742370605,0.2212473452091217,0.002256980398669839,-0.00011468058073660359,2.1293816566467285,-2.8463167836889625e-05,0.31011682748794556,3.6492068767547607,3.5599050521850586,9.29926872253418,0.10467492043972015,9.398162841796875,1.19791735180245,0.0104,,,,
1068768,33399,9.346041679382324,4.415775299072266,4.729430198669434,0.19877547025680542,0.002061115112155676,-0.0020702790934592485,1.9467284679412842,-0.001980265136808157,0.31178563833236694,3.573197364807129,3.5935559272766113,9.37839412689209,0.0699368566274643,9.4424409866333,1.1980803352120122,0.015200000000000002,,,,
1070368,33449,9.468132972717285,4.338715553283691,4.921875,0.20324228703975677,0.00430056918412447,0.0011775065213441849,1.5990052223205566,0.0013109836727380753,0.4580245614051819,4.67417049407959,4.614075660705566,9.451167106628418,0.1075328141450882,9.546845436096191,1.198242217413466,0.013600000000000001,,,,
1071968,33499,10.87749195098877,5.276462554931641,5.3813982009887695,0.2132456749677658,0.006386134773492813,-0.0005403506220318377,2.00700044631958,-0.00044046706170774996,0.34823569655418396,3.4846200942993164,3.458984375,9.57835578918457,0.06984689086675644,9.642606735229492,1.1984163992998644,0.0162,,,,
1073568,33549,13.45976734161377,6.7731804847717285,6.445613384246826,0.24063046276569366,0.0003431887598708272,-0.0005314554437063634,1.945733666419983,-0.00043564208317548037,0.33488425612449646,3.929269313812256,3.8657286167144775,9.519522666931152,0.0414375439286232,9.564884185791016,1.1985972437533614,0.0146,,,,
1075168,33599,14.768097877502441,7.728845596313477,6.840213298797607,0.19421899318695068,0.004820271860808134,-0.0026898360811173916,1.7525713443756104,-0.002556753344833851,0.4551430940628052,4.461548805236816,4.4552483558654785,9.363768577575684,0.04191984608769417,9.400416374206543,1.1987580538235585,0.009800000000000001,,,,
1076768,33649,10.049436569213867,4.085263729095459,5.72218656539917,0.23443534970283508,0.007551566697657108,0.0011431535240262747,2.0311925411224365,0.0012354971840977669,0.318755567073822,3.633577585220337,3.5410757064819336,9.557229042053223,-0.02309061959385872,9.509403228759766,1.1989401468844485,0.015,,,,
1078368,33699,12.45023250579834,6.532749652862549,5.704224586486816,0.2086043804883957,0.0046532596461474895,-0.0033465104643255472,1.9666532278060913,-0.003261878155171871,0.2958730459213257,3.729374408721924,3.741046905517578,9.07179069519043,-0.0031274305656552315,9.067381858825684,1.199108881945041,0.019600000000000003,,,,
1079968,33749,10.883512496948242,5.739959716796875,4.922527313232422,0.21684767305850983,0.004178237169981003,0.00038728988147340715,1.7550685405731201,0.0004949921276420355,0.3706199824810028,3.9412646293640137,3.886293649673462,9.126306533813477,0.052327681332826614,9.184164047241211,1.199273883850442,0.012399999999999998,,,,
1081568,33799,11.581393241882324,5.728018283843994,5.628499984741211,0.2234688550233841,0.0014069650787860155,-0.0033688570838421583,1.8235092163085938,-0.0032804817892611027,0.3269915282726288,4.281248092651367,4.312429428100586,9.282984733581543,0.0466158427298069,9.336502075195312,1.1994606669988717,0.012700000000000001,,,,
1083168,33849,15.781033515930176,8.144776344299316,7.4064836502075195,0.22800582647323608,0.001768128015100956,0.0005371899460442364,2.0978736877441406,0.0006435917457565665,0.375064879655838,3.7452425956726074,3.5754990577697754,9.155943870544434,0.0534554086625576,9.209434509277344,1.199620116933674,0.019,,,,
1084768,33899,12.998540878295898,6.118470191955566,6.674065113067627,0.20110008120536804,0.004905046429485083,-0.0037557801697403193,1.9259991645812988,-0.0036544527392834425,0.3532635271549225,4.04245138168335,4.065378665924072,8.892367362976074,0.06210579723119736,8.965344429016113,1.1997969399385642,0.0198,,,,
1086368,33949,13.242725372314453,6.803595066070557,6.206396102905273,0.2304733246564865,0.0022608027793467045,-0.00016453750140499324,1.863450288772583,-5.4819611250422895e-05,0.38357818126678467,3.9655656814575195,3.9161863327026367,8.968345642089844,0.10912184417247772,9.065348625183105,1.1999668790630278,0.016700000000000003,,,,
1087968,33999,14.182771682739258,7.276413917541504,6.740952968597412,0.16420364379882812,0.001201704959385097,-0.0004997590440325439,1.8972365856170654,-0.0003945069620385766,0.37127161026000977,3.5810928344726562,3.5446531772613525,9.125090599060059,0.06796203553676605,9.183979988098145,1.2001264877016058,0.0126,,,,
1089568,34049,17.028118133544922,10.46369743347168,6.390280723571777,0.17216090857982635,0.0019795966800302267,-0.00019631189934443682,1.6731981039047241,-6.243214011192322e-05,0.4719542860984802,4.28947114944458,4.238704681396484,8.941967010498047,0.05395559221506119,9.003762245178223,1.2003111956572072,0.0129,,,,
1091168,34099,12.458002090454102,5.884634494781494,6.360517978668213,0.20907151699066162,0.003778626909479499,-0.00015033311501611024,1.8754019737243652,-4.9417722038924694e-05,0.35140934586524963,3.886934757232666,3.8325603008270264,9.039190292358398,0.06322254985570908,9.084616661071777,1.200473506120358,0.0081,,,,
1092768,34149,13.236577987670898,7.183631420135498,5.886834144592285,0.15804429352283478,0.008069448173046112,-0.002009771764278412,1.711553692817688,-0.0018837605603039265,0.4377848207950592,4.489765644073486,4.481968879699707,9.11122989654541,0.1352682113647461,9.228047370910645,1.2006404889475055,0.0161,,,,
1094368,34199,12.748200416564941,6.818511486053467,5.782004356384277,0.14264817535877228,0.005037121940404177,-0.001708441530354321,1.8601853847503662,-0.0016188735608011484,0.3158230781555176,3.9799327850341797,3.9855988025665283,9.039117813110352,0.14003753662109375,9.188074111938477,1.2008103485855295,0.0094,,,,
1095968,34249,13.370139122009277,6.505696773529053,6.577286243438721,0.282930850982666,0.004226049408316612,-0.0015118516748771071,1.7477740049362183,-0.0013922168873250484,0.4191788136959076,4.003018856048584,4.0314226150512695,8.886445045471191,0.0366080142557621,8.916419982910156,1.2009816210812934,0.0107,,,,
1097568,34299,9.433083534240723,4.176407814025879,5.0449724197387695,0.20915596187114716,0.0025470410473644733,-0.0017639860743656754,1.7750433683395386,-0.0016658154781907797,0.350673645734787,4.354194641113281,4.354384422302246,9.17905330657959,0.07511458545923233,9.258820533752441,1.2011471192791563,0.0107,,,,
1099168,34349,12.187735557556152,5.839587688446045,6.068408012390137,0.27181193232536316,0.007928554899990559,-0.0014469745801761746,1.8553707599639893,-0.001342428382486105,0.3726195693016052,3.812269687652588,3.816723346710205,9.191884994506836,0.035440195351839066,9.232961654663086,1.2013309657173077,0.0158,,,,
1100768,34399,11.371715545654297,5.5808916091918945,5.571080207824707,0.21769747138023376,0.0020461378153413534,-0.0013688663020730019,1.8657989501953125,-0.0012563872151076794,0.3990209698677063,3.835026741027832,3.799351692199707,8.897836685180664,0.027959119528532028,8.915054321289062,1.2014955597802084,0.019799999999999998,,,,
1102368,34449,10.876895904541016,5.531946659088135,5.097014904022217,0.2405216246843338,0.007412439212203026,-0.0019873897545039654,1.9388118982315063,-0.0018910192884504795,0.33311551809310913,3.826476573944092,3.7599642276763916,8.846312522888184,0.061493005603551865,8.902053833007812,1.2016480984205762,0.0196,,,,
1103968,34499,13.804877281188965,7.026078224182129,6.432225227355957,0.34375134110450745,0.0028224471025168896,6.654052413068712e-05,1.990591049194336,0.0001539394143037498,0.3113503158092499,3.4259400367736816,3.382239580154419,8.693734169006348,0.046159978955984116,8.73637580871582,1.201821889909021,0.015099999999999999,,,,
1105568,34549,11.562275886535645,5.396678447723389,5.8879289627075195,0.2744766175746918,0.003191625000908971,-0.0019841566681861877,1.753854751586914,-0.0018948017386719584,0.3110660910606384,3.571239709854126,3.573148012161255,8.558101654052734,0.050650812685489655,8.604031562805176,1.201968503049301,0.0185,,,,
1107168,34599,10.612167358398438,5.439061641693115,4.979089736938477,0.19371700286865234,0.00029879616340622306,-0.001697580679319799,1.9285959005355835,-0.0015940922312438488,0.36145859956741333,4.109651565551758,4.058909893035889,8.48277473449707,0.06550366431474686,8.567584037780762,1.2021364792088376,0.016800000000000002,,,,
1108768,34649,13.39046573638916,7.538402080535889,5.658211708068848,0.18685421347618103,0.006998222786933184,-0.0016600419767200947,1.708431363105774,-0.001554423593915999,0.3644612431526184,3.564706563949585,3.5485951900482178,8.309483528137207,0.05117937922477722,8.348548889160156,1.2022992991711914,0.016200000000000003,,,,
1110368,34699,13.926047325134277,7.52542781829834,6.216187477111816,0.18167158961296082,0.0027611502446234226,-0.00019439635798335075,1.8357142210006714,-0.00010563971591182053,0.3058456480503082,3.598020076751709,3.5583229064941406,8.31455135345459,0.05252048745751381,8.358487129211426,1.202460331692542,0.0094,,,,
1111968,34749,10.258618354797363,4.410070419311523,5.614262104034424,0.22774335741996765,0.006543619092553854,-0.001371563645079732,1.7335056066513062,-0.0012930890079587698,0.2820819020271301,4.215610027313232,4.188511848449707,8.635076522827148,0.08405157923698425,8.730582237243652,1.2026271097301005,0.009300000000000001,,,,
1113568,34799,13.975395202636719,7.225150108337402,6.463077068328857,0.28641000390052795,0.0007580140372738242,0.0039068483747541904,2.0596089363098145,0.003993806429207325,0.30642959475517273,3.392514705657959,3.268153190612793,8.840165138244629,0.061122193932533264,8.897432327270508,1.202784963468226,0.0145,,,,
1115168,34849,12.972491264343262,6.518657207489014,6.2317376136779785,0.2174290418624878,0.004667133092880249,-0.001181305618956685,1.8022053241729736,-0.0010921827051788568,0.3127460777759552,3.6744136810302734,3.633358955383301,8.460771560668945,0.07322090864181519,8.520724296569824,1.2029446569303512,0.013900000000000001,,,,
1116768,34899,16.447154998779297,8.886581420898438,7.420528411865234,0.13868826627731323,0.0013569657457992435,0.0016415980644524097,1.811107873916626,0.001760476385243237,0.4163423180580139,4.120882987976074,4.045366287231445,8.601310729980469,0.06912621110677719,8.673734664916992,1.2030960838392373,0.0166,,,,
1118368,34949,13.317976951599121,6.349112033843994,6.658733367919922,0.30545952916145325,0.004671656060963869,0.00015540662570856512,2.060183525085449,0.00024453960941173136,0.3118865191936493,3.5210018157958984,3.432749032974243,8.313373565673828,0.05720381811261177,8.364289283752441,1.2032565977691412,0.011800000000000001,,,,
1119968,34999,13.385889053344727,6.908758163452148,6.308835506439209,0.16393353044986725,0.004361310973763466,-0.0014239365700632334,1.7976994514465332,-0.0013247416354715824,0.34839189052581787,3.6883671283721924,3.6710267066955566,8.569908142089844,0.02138851024210453,8.592470169067383,1.2034170285124581,0.0138,,,,
1121568,35049,15.372198104858398,8.770543098449707,6.471256256103516,0.13037152588367462,2.7459143893793225e-05,0.0005114764207974076,1.7994880676269531,0.0006074018310755491,0.33345896005630493,3.6769139766693115,3.618586301803589,8.295343399047852,0.03259335085749626,8.325498580932617,1.1947564927942291,0.0154,,,,
1123168,35099,11.700091361999512,5.90132999420166,5.6063714027404785,0.19193851947784424,0.00045129956561140716,-5.189471994526684e-05,1.8646717071533203,5.305316881276667e-05,0.36241579055786133,3.4377012252807617,3.402188539505005,8.519495010375977,0.0846661776304245,8.59742546081543,1.1949316733682165,0.012700000000000001,,,,
1124768,35149,9.433806419372559,4.459903717041016,4.764448642730713,0.20529012382030487,0.004164880607277155,-0.002227582735940814,1.9412841796875,-0.0021494037937372923,0.27236437797546387,3.2600173950195312,3.24873948097229,8.540657043457031,0.06942728906869888,8.597906112670898,1.1950935487337224,0.0116,,,,
1126368,35199,15.715746879577637,8.286373138427734,7.133575439453125,0.2946368157863617,0.001161728985607624,-0.0010675705270841718,1.9011883735656738,-0.0009643278317525983,0.3568319082260132,3.6002187728881836,3.5715959072113037,8.488669395446777,0.052222613245248795,8.533681869506836,1.1952754191770447,0.0158,,,,
1127968,35249,15.746312141418457,9.481966972351074,6.021026134490967,0.2414155900478363,0.0019036298617720604,-0.003403897862881422,1.8848326206207275,-0.003313988447189331,0.31470009684562683,3.804703950881958,3.8009090423583984,8.488487243652344,0.08578089624643326,8.581849098205566,1.1954446332799895,0.012100000000000001,,,,
1129568,35299,12.788763046264648,6.137828826904297,6.337677001953125,0.30962079763412476,0.003635883331298828,-0.0003817473480012268,1.8433597087860107,-0.00028037503943778574,0.35800912976264954,3.6976890563964844,3.615908145904541,8.555584907531738,0.05148027837276459,8.598630905151367,1.1956059778172172,0.016300000000000002,,,,
1131168,35349,12.72321605682373,6.209731101989746,6.281604290008545,0.23014751076698303,0.0017334617441520095,0.00015971669927239418,1.825317144393921,0.0002530562924221158,0.3211626708507538,3.5277185440063477,3.47331166267395,8.420607566833496,0.06979776918888092,8.482784271240234,1.1957770790143387,0.015,,,,
1132768,35399,13.957158088684082,8.043254852294922,5.671313762664795,0.23628808557987213,0.006300478707998991,-0.0008415821357630193,1.8675832748413086,-0.000753039144910872,0.31301820278167725,3.669738292694092,3.642451047897339,8.634371757507324,0.08847147226333618,8.723034858703613,1.1959530800652791,0.0161,,,,
1134368,35449,11.362091064453125,5.424426078796387,5.725959300994873,0.20947077870368958,0.0022356687113642693,0.00012574261927511543,1.9879858493804932,0.00020367244724184275,0.27301886677742004,3.3739235401153564,3.3173987865448,8.782369613647461,0.037557750940322876,8.820856094360352,1.1961094370993537,0.0195,,,,
1135968,35499,12.226096153259277,6.414847373962402,5.627259731292725,0.18308337032794952,0.000905754859559238,-0.0022453046403825283,1.8763463497161865,-0.002164154313504696,0.28028160333633423,3.01466703414917,3.0341641902923584,8.606587409973145,0.03864220529794693,8.637367248535156,1.1962776180603891,0.0196,,,,
1137568,35549,10.798417091369629,5.077023506164551,5.427825927734375,0.2874186336994171,0.006149717606604099,-0.0021194114815443754,1.8463377952575684,-0.002023794688284397,0.33817118406295776,3.8472182750701904,3.846454620361328,8.688215255737305,0.025816122069954872,8.705648422241211,1.196444687202812,0.0109,,,,
1139168,35599,13.560938835144043,6.761226654052734,6.645941734313965,0.15082325041294098,0.002947120228782296,-0.00036727188853546977,2.03092622756958,-0.00028921483317390084,0.28002142906188965,3.6243016719818115,3.537294864654541,8.734335899353027,0.03876202553510666,8.7776517868042,1.1966148527407496,0.0156,,,,
1140768,35649,15.537729263305664,7.577920913696289,7.762221813201904,0.1965426653623581,0.0010434179566800594,-0.00042194666457362473,1.8335838317871094,-0.0003432997618801892,0.2753918170928955,3.7712738513946533,3.7206859588623047,8.764020919799805,0.006871354300528765,8.754589080810547,1.1967766823594175,0.0184,,,,
1142368,35699,11.656839370727539,5.78392219543457,5.651979446411133,0.21396790444850922,0.006969336420297623,-0.0006309718010015786,2.0722413063049316,-0.0005510745104402304,0.28579312562942505,3.0229859352111816,2.9716622829437256,8.684571266174316,0.012010224163532257,8.701616287231445,1.1969336116045757,0.017,,,,
1143968,35749,11.295418739318848,5.355065822601318,5.742591857910156,0.19631211459636688,0.0014483279082924128,8.86106863617897e-05,1.9472209215164185,0.00017241958994418383,0.2953486442565918,3.2398858070373535,3.2170166969299316,8.737865447998047,0.04951456934213638,8.780596733093262,1.197096529700166,0.0148,,,,
1145568,35799,12.969982147216797,6.859485149383545,5.925925254821777,0.18075862526893616,0.00381398550234735,-0.0011503654532134533,1.9126156568527222,-0.0010617104126140475,0.3143555521965027,3.904841899871826,3.879956007003784,8.803730964660645,0.049410488456487656,8.865229606628418,1.197282164985702,0.0124,,,,
1147168,35849,11.502418518066406,5.121132850646973,6.167428016662598,0.21283793449401855,0.001019902527332306,0.0009055616101250052,1.771630048751831,0.0009990280959755182,0.33042407035827637,4.192259311676025,4.1081743240356445,9.243449211120605,0.004740436095744371,9.262636184692383,1.1974394776211856,0.016200000000000003,,,,
1148768,35899,11.327351570129395,5.6658477783203125,5.458665370941162,0.20162656903266907,0.0012110834941267967,-0.0005169041687622666,1.8224960565567017,-0.0004252744256518781,0.3234565854072571,3.4588236808776855,3.435046434402466,9.070955276489258,-0.0062122708186507225,9.063596725463867,1.1976084398178566,0.012899999999999998,,,,
1150368,35949,13.957632064819336,7.103390693664551,6.616830348968506,0.2265034317970276,0.010908002033829689,0.00023630898795090616,2.009107828140259,0.00032944692065939307,0.32332900166511536,3.7088000774383545,3.6135051250457764,9.156085014343262,0.030038105323910713,9.180363655090332,1.197770213202443,0.0173,,,,
1151968,35999,13.518871307373047,7.531050205230713,5.7565155029296875,0.22602927684783936,0.0052764881402254105,-0.0002841625828295946,1.8446537256240845,-0.00017455796478316188,0.38224005699157715,4.556276321411133,4.539919376373291,9.171672821044922,0.028177974745631218,9.214059829711914,1.197928926332316,0.0138,,,,
1153568,36049,12.174116134643555,5.937632083892822,5.986545085906982,0.2492726892232895,0.0006669581634923816,-0.0014761111233383417,2.0344479084014893,-0.0014007058925926685,0.2664320766925812,3.9263267517089844,3.891726016998291,9.248384475708008,-0.004592256620526314,9.253992080688477,1.1980891990768465,0.0146,,,,
1155168,36099,11.434059143066406,5.319642066955566,5.871974468231201,0.23596343398094177,0.006479446776211262,-0.00036131375236436725,2.017347812652588,-0.00027146690990775824,0.3185482621192932,4.0850653648376465,4.0278472900390625,9.069040298461914,0.032762788236141205,9.100810050964355,1.1982384349660038,0.014700000000000001,,,,
1156768,36149,13.825859069824219,7.210835933685303,6.386340618133545,0.22617588937282562,0.002506428398191929,-0.0022110948339104652,2.0691587924957275,-0.002145036356523633,0.2397952526807785,3.9441800117492676,3.905895233154297,9.41906452178955,-0.006505557335913181,9.425430297851562,1.1984092010272023,0.016700000000000003,,,,
1158368,36199,10.484383583068848,5.1825432777404785,5.070536136627197,0.22868786752223969,0.0026162834838032722,-0.001741726533509791,1.8853871822357178,-0.0016362011665478349,0.3697212040424347,3.7434170246124268,3.7242865562438965,9.416679382324219,-0.0013225425500422716,9.411810874938965,1.1985789012523362,0.0129,,,,
1159968,36249,13.320769309997559,6.725426197052002,6.434159278869629,0.15951046347618103,0.0016729878261685371,-0.0007947338162921369,2.0066025257110596,-0.0007251482456922531,0.24587415158748627,3.7736916542053223,3.691483736038208,9.395496368408203,-0.0009319003438577056,9.403461456298828,1.1987428349298634,0.0189,,,,
1161568,36299,11.727276802062988,5.762538909912109,5.666207790374756,0.2916419804096222,0.006887443363666534,-0.000872866134159267,1.9856475591659546,-0.0008032533805817366,0.24433466792106628,3.967592477798462,3.932049512863159,9.699623107910156,0.02327631786465645,9.732952117919922,1.1989085203961942,0.023,,,,
1163168,36349,11.782644271850586,5.829017162322998,5.7961015701293945,0.1563982218503952,0.0011282472405582666,0.0020845052786171436,2.106951951980591,0.0021707124542444944,0.30117255449295044,3.7186055183410645,3.607945203781128,9.595138549804688,0.04742511361837387,9.626934051513672,1.1990849222063449,0.0173,,,,
1164768,36399,14.678629875183105,7.862834453582764,6.48715877532959,0.3241097629070282,0.004527300596237183,-0.0007386962533928454,2.084338665008545,-0.0006622624350711703,0.26582178473472595,3.432156562805176,3.370270252227783,9.755362510681152,0.05998004972934723,9.818975448608398,1.1992431369635341,0.0183,,,,
1166368,36449,11.967774391174316,6.228838920593262,5.562135696411133,0.1761881411075592,0.0006115837022662163,0.0002649179077707231,1.7183053493499756,0.0003610350249800831,0.33343052864074707,4.495975017547607,4.452254295349121,9.623045921325684,0.05569498986005783,9.676675796508789,1.1994043589555008,0.015099999999999999,,,,
1167968,36499,11.383244514465332,5.907941818237305,5.226675987243652,0.2434592843055725,0.005166690796613693,0.0010564400581642985,1.8955363035202026,0.0011458464432507753,0.3117651045322418,4.026649475097656,3.953782558441162,9.783036231994629,0.03943862020969391,9.822149276733398,1.1995690584913248,0.0152,,,,
1169568,36549,11.133071899414062,5.29444694519043,5.658760070800781,0.17350512742996216,0.006360464729368687,-0.0011936421506106853,1.8418413400650024,-0.0011010223533958197,0.32460686564445496,4.698466777801514,4.687000274658203,9.901679992675781,-0.002252129605039954,9.91557788848877,1.1997258712990213,0.0099,,,,
1171168,36599,11.688337326049805,5.595016956329346,5.785205364227295,0.29402872920036316,0.014086698181927204,0.0004817577137146145,2.0202817916870117,0.0005644058110192418,0.29310527443885803,4.244767189025879,4.172658443450928,9.774639129638672,0.029160460457205772,9.815865516662598,1.199883925372774,0.0189,,,,
1172768,36649,14.667632102966309,7.740213394165039,6.797420501708984,0.12976641952991486,0.00023126802989281714,-0.0012345153372734785,1.7361074686050415,-0.0011417246423661709,0.32383283972740173,4.44716215133667,4.445171356201172,9.984757423400879,0.030541716143488884,10.019171714782715,1.2000352126988818,0.013099999999999999,,,,
1174368,36699,12.7295560836792,6.458281517028809,6.082940101623535,0.18521635234355927,0.0031183501705527306,0.0007998297805897892,2.1607890129089355,0.0008710462134331465,0.251939594745636,3.232663154602051,3.071143865585327,9.823197364807129,0.058053676038980484,9.864570617675781,1.200206566549665,0.0133,,,,
1175968,36749,12.452001571655273,6.998060703277588,5.165874004364014,0.2855685353279114,0.0024982509203255177,-0.002235196763649583,1.6282225847244263,-0.0021349461749196053,0.3450332581996918,4.605734825134277,4.634561538696289,9.892945289611816,-0.0013523423112928867,9.87352180480957,1.2003692105407144,0.0113,,,,
1177568,36799,12.327853202819824,6.379927158355713,5.73471212387085,0.20492249727249146,0.008290906436741352,-0.0024425063747912645,1.8587448596954346,-0.002364870859310031,0.2744300365447998,4.231314659118652,4.217902183532715,9.545074462890625,0.03284421190619469,9.589378356933594,1.2005295307633408,0.0144,,,,
1179168,36849,11.600240707397461,5.6837286949157715,5.673806667327881,0.23286159336566925,0.009843438863754272,-0.001953922910615802,1.9313884973526,-0.0018693525344133377,0.29279106855392456,3.8648931980133057,3.855409622192383,9.8244047164917,0.04493094980716705,9.855982780456543,1.200685981009945,0.011699999999999999,,,,
1180768,36899,12.890775680541992,6.366465091705322,6.32617712020874,0.19720017910003662,0.0009335550712421536,-0.00394629267975688,1.876568078994751,-0.0038668017368763685,0.27868521213531494,3.7899656295776367,3.828895330429077,9.640493392944336,0.012236484326422215,9.652873992919922,1.200838463962768,0.0132,,,,
1182368,36949,12.159780502319336,5.645890235900879,6.318446159362793,0.19350756704807281,0.0019367592176422477,-0.0027645353693515062,2.1016664505004883,-0.00268569216132164,0.2800998091697693,3.656062364578247,3.6734282970428467,9.55363941192627,-0.00184397934935987,9.555110931396484,1.2009750305137847,0.0128,,,,
1183968,36999,14.426431655883789,7.524519920349121,6.634158134460449,0.2658171057701111,0.0019365240586921573,0.0006254106992855668,1.8153400421142578,0.0007138413493521512,0.3117196261882782,4.582200050354004,4.49727201461792,9.745576858520508,0.0011639243457466364,9.75361442565918,1.2011401954351213,0.0145,,,,
1185568,37049,10.843658447265625,5.46893310546875,5.106161117553711,0.2656024396419525,0.0029620034620165825,-0.0011595137184485793,1.8273297548294067,-0.0010752344969660044,0.29817837476730347,4.8887505531311035,4.8592729568481445,9.669557571411133,0.03723312169313431,9.717245101928711,1.2012939773667062,0.017900000000000003,,,,
1187168,37099,11.905198097229004,5.866561412811279,5.836916446685791,0.19879509508609772,0.002925393171608448,-0.002142135053873062,1.9687665700912476,-0.0020462058018893003,0.33287501335144043,3.559955596923828,3.543534755706787,9.640411376953125,0.0020121634006500244,9.629088401794434,1.2014425748006903,0.0138,,,,
1188768,37149,14.965328216552734,7.511218070983887,7.269670486450195,0.1834949404001236,0.0009451418300159276,-0.0018154395511373878,1.8659948110580444,-0.0017147560138255358,0.34982526302337646,3.841440439224243,3.8333981037139893,9.526269912719727,-0.008291348814964294,9.50245475769043,1.2016067431780384,0.0193,,,,
1190368,37199,13.32515811920166,6.914268493652344,6.179962158203125,0.22876191139221191,0.0021661710925400257,-0.0006710763555020094,1.8040416240692139,-0.0005783155793324113,0.31927603483200073,3.6122612953186035,3.574235677719116,9.6508207321167,-0.0044073727913200855,9.618701934814453,1.2017603871715952,0.013200000000000002,,,,
1191968,37249,13.776777267456055,7.587246417999268,5.998238563537598,0.1886424422264099,0.002648887224495411,-0.0006467291968874633,2.105128765106201,-0.0005603041499853134,0.3023701310157776,3.273472785949707,3.2115864753723145,9.930498123168945,-0.02024983987212181,9.896719932556152,1.2019189087410478,0.013200000000000002,,,,
1193568,37299,13.227334976196289,6.957015514373779,6.112122535705566,0.1556333750486374,0.0025648795999586582,-0.0015784567221999168,1.9997327327728271,-0.001497536082752049,0.28506767749786377,3.512376308441162,3.508673906326294,9.61862564086914,-0.03145240619778633,9.580639839172363,1.2020735195147392,0.0107,,,,
1195168,37349,13.316001892089844,7.346782684326172,5.754822254180908,0.21244043111801147,0.001957349479198456,-0.0009899516589939594,2.068716287612915,-0.0009146297816187143,0.26716071367263794,3.6238253116607666,3.544071674346924,9.648024559020996,-0.02457619458436966,9.642074584960938,1.2022196149153088,0.014199999999999999,,,,
1196768,37399,12.367520332336426,5.875199317932129,6.309320449829102,0.17555880546569824,0.007441603112965822,3.3550204534549266e-05,1.8449840545654297,0.00012464872270356864,0.3183102607727051,4.024587154388428,3.9403295516967773,9.397865295410156,0.04006468504667282,9.452217102050781,1.2023781629445558,0.0189,,,,
1198368,37449,10.333857536315918,5.5172882080078125,4.629430770874023,0.18690690398216248,0.0002318678016308695,-0.0006704691331833601,1.836944818496704,-0.0005868247826583683,0.29082098603248596,3.716923713684082,3.6805014610290527,9.292608261108398,0.0014940641121938825,9.286356925964355,1.2025267600065255,0.016399999999999998,,,,
1199968,37499,9.995206832885742,4.912015438079834,4.878081798553467,0.20276948809623718,0.0023405018728226423,-0.0012600485933944583,1.9313052892684937,-0.0011797056067734957,0.2815183699131012,4.224301815032959,4.132181167602539,9.478708267211914,0.015369742177426815,9.49543285369873,1.2026708060696494,0.0112,,,,
