env_steps,iter,loss_wm,loss_recon,loss_kl,loss_reward,loss_continue,loss_actor,loss_critic,loss_pg,entropy,returns_mean,values_mean,return_scale,p5,p95,ips,env_reward_per_step,rew_pred_ach,rew_pred_zero,img_rew_max,img_rew_frac_hi
1568,49,132.7119140625,130.08120727539062,2.407233238220215,0.20507338643074036,0.018403884023427963,0.09560471028089523,2.577578544616699,0.09624895453453064,2.3079588413238525,0.07762754708528519,0.032938629388809204,1.0,-0.02361510694026947,0.053298380225896835,0.945639214050493,0.010199999999999999,,,,
3168,99,70.81341552734375,68.16605377197266,2.3932337760925293,0.21623046696186066,0.0378945916891098,0.011513350531458855,3.4896764755249023,0.011539444327354431,0.093142569065094,0.18895354866981506,0.04353168606758118,1.0,-0.016725316643714905,0.10275544226169586,1.2533595198155747,0.0007999999999999996,,,,
4768,149,53.26631164550781,50.3360481262207,2.7215826511383057,0.18299293518066406,0.025687510147690773,-0.009947394952178001,1.7018496990203857,-0.009828277863562107,0.4264134168624878,0.03485780954360962,0.0470440499484539,1.0,-0.044558458030223846,0.14848236739635468,1.4076403111286528,0.0028000000000000004,,,,
6368,199,51.86540222167969,49.09608840942383,2.5695674419403076,0.1759161651134491,0.02383146435022354,0.0011189867509528995,1.9787315130233765,0.0011410287115722895,0.07994578033685684,0.06636454164981842,0.05708823353052139,1.0,-0.0686941146850586,0.1577409952878952,1.4976957439300442,0.0032,,,,
7968,249,31.961284637451172,29.221826553344727,2.587984561920166,0.13008393347263336,0.021391691640019417,0.0001266068429686129,1.6342427730560303,0.0001497521880082786,0.07998912036418915,0.05310599505901337,0.05108041688799858,1.0,-0.08959659934043884,0.16598130762577057,1.557489288102199,0.0015999999999999996,,,,
9568,299,32.171478271484375,29.1522216796875,2.826775312423706,0.16509462893009186,0.027386333793401718,0.0019147947896271944,1.9193506240844727,0.001937531284056604,0.08029551804065704,0.08704821765422821,0.043648410588502884,1.0,-0.12084507942199707,0.1791614443063736,1.604192311761192,0.0036999999999999997,,,,
11168,349,32.603271484375,29.390005111694336,3.0223920345306396,0.16428402066230774,0.02659119851887226,0.0025290967896580696,1.6955540180206299,0.0025518671609461308,0.08008389174938202,0.08471440523862839,0.050863392651081085,1.0,-0.16173546016216278,0.2389301061630249,1.638018378280771,0.0034000000000000002,,,,
12768,399,24.870019912719727,21.836299896240234,2.8713409900665283,0.14831310510635376,0.014065652154386044,0.00018400517001282424,1.5808742046356201,0.00020643073366954923,0.08039576560258865,0.035663675516843796,0.04552597180008888,1.0,-0.19577562808990479,0.27141863107681274,1.6628249828521213,0.0034999999999999996,,,,
14368,449,25.914377212524414,22.60747528076172,3.191190719604492,0.10680680721998215,0.008904114365577698,0.01994682289659977,2.0006508827209473,0.02004271000623703,0.32835888862609863,0.20580586791038513,0.0857357531785965,1.0,-0.2247166931629181,0.36965179443359375,1.6840617692212583,0.0085,,,,
15968,499,32.96884536743164,29.02838897705078,3.7583374977111816,0.15782667696475983,0.024291250854730606,0.01577676832675934,2.1265296936035156,0.01583356410264969,0.1996290534734726,0.3400340974330902,0.21196335554122925,1.0,-0.2513636350631714,0.6371591091156006,1.7023936392364223,0.0087,,,,
17568,549,27.72476577758789,23.909696578979492,3.674679756164551,0.12148773670196533,0.01890086941421032,0.013938667252659798,2.0075278282165527,0.01399550773203373,0.2035067230463028,0.25779989361763,0.18935495615005493,1.096878170967102,-0.274728387594223,0.8274653553962708,1.718010848584355,0.0113,,,,
19168,599,33.34400939941406,29.69826889038086,3.469203472137451,0.15570931136608124,0.02082941308617592,0.011197356507182121,1.86432683467865,0.011252078227698803,0.19008734822273254,0.3038952350616455,0.2538389563560486,1.2729004621505737,-0.30899667739868164,0.9682157039642334,1.7303972633403304,0.009300000000000001,,,,
20768,649,32.56498718261719,28.765857696533203,3.66812801361084,0.1168094128370285,0.014190666377544403,0.005524615291506052,1.8287343978881836,0.00558919832110405,0.22795921564102173,0.26212891936302185,0.22273756563663483,1.4608170986175537,-0.33758533000946045,1.1253679990768433,1.7391207896483654,0.010899999999999998,,,,
22368,699,38.36600875854492,34.47287368774414,3.7404110431671143,0.13606953620910645,0.016656601801514626,-0.002933693118393421,1.7933279275894165,-0.0028637447394430637,0.25141486525535583,0.06043145805597305,0.0714709535241127,1.5945059061050415,-0.36488011479377747,1.2305539846420288,1.7487117235549354,0.0104,,,,
23968,749,28.20151138305664,24.34299087524414,3.6905202865600586,0.1434253603219986,0.024574240669608116,0.006001446861773729,2.044220447540283,0.006055079400539398,0.19074860215187073,0.3178148865699768,0.2833685278892517,1.7354487180709839,-0.3912505507469177,1.3471986055374146,1.7565194189977975,0.0070999999999999995,,,,
25568,799,25.00773811340332,21.338903427124023,3.5118279457092285,0.14321351051330566,0.013793704099953175,-0.003149231430143118,1.8045170307159424,-0.0030881278216838837,0.21352624893188477,0.2232096642255783,0.2390415370464325,1.8059288263320923,-0.4130033850669861,1.3948885202407837,1.7620057920817778,0.0103,,,,
27168,849,31.635997772216797,28.228036880493164,3.3472893238067627,0.056129083037376404,0.004542193841189146,-0.0043824780732393265,1.9155147075653076,-0.004316383507102728,0.2344205528497696,0.07126154005527496,0.08852853626012802,1.880786418914795,-0.4385819733142853,1.443277359008789,1.7672602032951137,0.0017999999999999997,,,,
28768,899,32.1552848815918,27.915897369384766,4.100597381591797,0.12417849898338318,0.014609035104513168,0.0024204719811677933,2.074265956878662,0.0024728341959416866,0.18578371405601501,0.2920222878456116,0.23087388277053833,1.9752105474472046,-0.4732314348220825,1.5036722421646118,1.7723155049345871,0.006300000000000001,,,,
30368,949,21.579954147338867,17.688339233398438,3.7340621948242188,0.14724200963974,0.010310681536793709,-0.004716111347079277,1.9766089916229248,-0.004644413478672504,0.25073662400245667,0.18640628457069397,0.20026136934757233,2.0200746059417725,-0.4946863353252411,1.525954246520996,1.778022021753962,0.011,,,,
31968,999,25.523025512695312,21.862354278564453,3.51375150680542,0.13205775618553162,0.01486204843968153,-0.0010431403061375022,1.632996916770935,-0.0009590050904080272,0.302443265914917,0.28118449449539185,0.271393358707428,2.0497992038726807,-0.5107386112213135,1.5395736694335938,1.782607192459004,0.0103,,,,
33568,1049,25.474079132080078,21.405445098876953,3.856476068496704,0.19013917446136475,0.022018861025571823,-0.0019245935836806893,1.75663161277771,-0.0018472028896212578,0.27242693305015564,0.11270628869533539,0.11400057375431061,2.116981029510498,-0.5362165570259094,1.5822128057479858,1.7853801618276037,0.0108,,,,
35168,1099,27.27519416809082,23.52374267578125,3.6164255142211914,0.12561947107315063,0.00940741691738367,0.0032397748436778784,1.9418330192565918,0.0033400654792785645,0.34513819217681885,0.2582027018070221,0.2296479195356369,2.200441837310791,-0.5608962774276733,1.6402380466461182,1.7884949988512058,0.0078,,,,
36768,1149,23.215951919555664,19.76028060913086,3.336751937866211,0.10577291995286942,0.013147530145943165,-0.004982560873031616,1.6839172840118408,-0.00490966159850359,0.2604406177997589,0.26302674412727356,0.29915302991867065,2.288362741470337,-0.5974029898643494,1.6915042400360107,1.7919889057344458,0.013399999999999999,,,,
38368,1199,23.76888084411621,19.878873825073242,3.7940151691436768,0.09215731918811798,0.003832962131127715,-0.0008450077730230987,1.7183520793914795,-0.0007717508706264198,0.2555648386478424,0.33606481552124023,0.35010838508605957,2.4094643592834473,-0.6272885799407959,1.7833962440490723,1.794705350628403,0.017599999999999998,,,,
39968,1249,17.92868995666504,14.202107429504395,3.5876264572143555,0.12170625478029251,0.017249228432774544,-0.0015679803909733891,1.5270073413848877,-0.0014935361687093973,0.26185858249664307,0.20654280483722687,0.203199565410614,2.507864475250244,-0.6393733620643616,1.8691970109939575,1.7977051465805092,0.0146,,,,
41568,1299,23.45302963256836,19.521617889404297,3.7894649505615234,0.13234326243400574,0.00960372295230627,0.0009512952528893948,1.8222863674163818,0.0010083928937092423,0.20321528613567352,0.43857017159461975,0.386038601398468,2.5517196655273438,-0.6595532298088074,1.8996553421020508,1.7997596039777042,0.0141,,,,
43168,1349,20.276878356933594,16.799938201904297,3.391512632369995,0.08129893243312836,0.004128714092075825,-0.0014547723112627864,1.6201695203781128,-0.0013874167343601584,0.2371472865343094,0.15342175960540771,0.1574423462152481,2.5725486278533936,-0.6794070601463318,1.8927825689315796,1.8023442843391175,0.0135,,,,
44768,1399,21.651262283325195,18.014240264892578,3.512718439102173,0.11574613302946091,0.008557938039302826,0.00010809148079715669,1.7461787462234497,0.00018604390788823366,0.27985048294067383,0.37761786580085754,0.38142961263656616,2.5765902996063232,-0.6975905299186707,1.8814895153045654,1.805016494048623,0.0207,,,,
46368,1449,26.826766967773438,22.58619499206543,4.124230861663818,0.11243358254432678,0.003906816244125366,-0.0023042222019284964,1.795661211013794,-0.0022470224648714066,0.20769698917865753,0.07173746824264526,0.08445098996162415,2.5647976398468018,-0.7005787491798401,1.8650833368301392,1.8065351817909874,0.009699999999999999,,,,
47968,1499,17.288135528564453,14.152463912963867,3.0912628173828125,0.044189877808094025,0.00022020074538886547,-0.0007920618518255651,1.771855354309082,-0.0007238762336783111,0.24499784409999847,0.20559728145599365,0.18482758104801178,2.5398807525634766,-0.7086053490638733,1.8318430185317993,1.8082379254341125,0.0143,,,,
49568,1549,19.263235092163086,15.764997482299805,3.3646414279937744,0.12072352319955826,0.012872152961790562,-0.0023388173431158066,1.6369309425354004,-0.002251717494800687,0.31645262241363525,0.12968845665454865,0.13058625161647797,2.5126259326934814,-0.7265499830245972,1.7840996980667114,1.8098475196320163,0.0123,,,,
51168,1599,16.24171257019043,12.913193702697754,3.1931865215301514,0.12256120145320892,0.012772440910339355,-0.0030829336028546095,1.7775499820709229,-0.002998113865032792,0.30336663126945496,0.15268312394618988,0.17072798311710358,2.48831844329834,-0.7408445477485657,1.7467716932296753,1.811205662415188,0.015600000000000001,,,,
52768,1649,16.219785690307617,12.909832000732422,3.2148659229278564,0.0838632583618164,0.011224882677197456,-0.0049592494033277035,1.7646656036376953,-0.004873486235737801,0.3036557137966156,0.10107530653476715,0.12098828703165054,2.451364040374756,-0.7456546425819397,1.7064037322998047,1.8136013253388497,0.0126,,,,
54368,1699,19.008649826049805,15.76515007019043,3.1523196697235107,0.08748737722635269,0.0036933019291609526,0.0009614567388780415,1.7643473148345947,0.001081532915122807,0.4198678135871887,0.21030132472515106,0.1917448788881302,2.411336898803711,-0.7325466871261597,1.677215337753296,1.8153795563391006,0.0116,,,,
55968,1749,18.40950584411621,14.36671257019043,3.8636512756347656,0.1444578915834427,0.03468310460448265,-0.0014847171260043979,1.5594851970672607,-0.0014183217426761985,0.24316932260990143,0.03282417356967926,0.04250422865152359,2.363070487976074,-0.7281084656715393,1.6336116790771484,1.8167040895269773,0.014399999999999998,,,,
57568,1799,22.772705078125,18.566829681396484,4.089016437530518,0.10570300370454788,0.011156795546412468,-0.00010918005864368752,1.8169550895690918,-1.3884215150028467e-05,0.33288830518722534,0.2025609165430069,0.2048206925392151,2.3347911834716797,-0.7181583046913147,1.6156762838363647,1.8183681728938805,0.013100000000000002,,,,
59168,1849,18.108875274658203,14.413572311401367,3.5602524280548096,0.12861618399620056,0.0064330268651247025,0.0031653251498937607,1.720377802848816,0.003275889903306961,0.4007147550582886,0.18967631459236145,0.1817048192024231,2.3119444847106934,-0.7176306247711182,1.5947860479354858,1.8198848810790105,0.016599999999999997,,,,
60768,1899,16.3634090423584,13.099723815917969,3.1668753623962402,0.08692953735589981,0.009879766032099724,-0.0003160977503284812,1.8372774124145508,-0.00018854020163416862,0.4458323121070862,0.13894842565059662,0.11561968922615051,2.32110333442688,-0.7129272818565369,1.6069086790084839,1.8210249023718812,0.011699999999999999,,,,
62368,1949,24.017396926879883,19.640836715698242,4.236299514770508,0.1297181248664856,0.0105416439473629,-0.0034707444719970226,1.7221038341522217,-0.003395004663616419,0.26456570625305176,0.1309836506843567,0.13779541850090027,2.2413570880889893,-0.642271876335144,1.5969927310943604,1.8221036253684708,0.014500000000000002,,,,
63968,1999,21.667842864990234,18.5115966796875,3.0773932933807373,0.07132763415575027,0.007526800502091646,0.0029599431436508894,1.6980981826782227,0.0030401870608329773,0.2903679311275482,0.10816304385662079,0.07736922800540924,2.2109944820404053,-0.6181859970092773,1.5936486721038818,1.8233480978003775,0.01,,,,
65568,2049,20.142850875854492,16.447795867919922,3.6131646633148193,0.07161194831132889,0.010279322974383831,0.0013327444903552532,1.5274779796600342,0.0014197872951626778,0.30194124579429626,0.17800752818584442,0.15080180764198303,2.19347882270813,-0.6120565533638,1.5822482109069824,1.8243728388377056,0.0081,,,,
67168,2099,21.583457946777344,17.329538345336914,4.077569007873535,0.1650848388671875,0.011265337467193604,-0.004719825927168131,1.486267328262329,-0.0046002427116036415,0.4163193702697754,0.015188980847597122,0.045363496989011765,2.1646697521209717,-0.6071395874023438,1.557037591934204,1.8249977531108108,0.010700000000000001,,,,
68768,2149,21.278078079223633,16.900955200195312,4.2744879722595215,0.09574449807405472,0.006889297626912594,-0.0021115990821272135,1.2533352375030518,-0.0019698734395205975,0.4889218211174011,0.14885938167572021,0.1531381458044052,2.125540018081665,-0.6056803464889526,1.518297553062439,1.826105470567928,0.011100000000000002,,,,
70368,2199,21.69631004333496,17.294361114501953,4.252684116363525,0.1411016583442688,0.00816251989454031,0.002489401027560234,1.762209177017212,0.0026407598052173853,0.5568857192993164,0.02724286913871765,0.022678352892398834,2.094486713409424,-0.6066555976867676,1.486488938331604,1.827038430080038,0.006300000000000001,,,,
71968,2249,17.093975067138672,12.757169723510742,4.207639217376709,0.12172835320234299,0.0074376193806529045,-0.00372283230535686,1.3743336200714111,-0.003580691758543253,0.4938805103302002,-0.00995272770524025,0.004056818783283234,2.05651593208313,-0.6202006340026855,1.4348945617675781,1.8279628592105404,0.0055,,,,
73568,2299,16.96802520751953,13.025054931640625,3.861405372619629,0.07860735803842545,0.00295830680988729,-0.005388826597481966,1.4337449073791504,-0.005256342701613903,0.46395012736320496,0.268788605928421,0.2857828140258789,2.004169225692749,-0.6257089376449585,1.3782485723495483,1.8296003432866044,0.0072,,,,
75168,2349,16.561046600341797,12.627574920654297,3.827408790588379,0.09378036856651306,0.0122830243781209,-0.002800507703796029,1.6045626401901245,-0.0026846379041671753,0.40729647874832153,0.0616660937666893,0.04279929772019386,1.9845678806304932,-0.6341854333877563,1.3508697748184204,1.8305538569691038,0.007299999999999999,,,,
76768,2399,20.716629028320312,16.307748794555664,4.282016277313232,0.12025462090969086,0.006608191411942244,-0.002828618511557579,1.5299699306488037,-0.0026942971162497997,0.4687129259109497,0.21999548375606537,0.2175278514623642,1.9626834392547607,-0.6364239454269409,1.3270691633224487,1.831507462299586,0.011,,,,
78368,2449,21.352928161621094,16.497196197509766,4.781177520751953,0.07102400064468384,0.0035297772847115993,-0.0005936213419772685,1.73152494430542,-0.0004928663838654757,0.35511595010757446,0.167125403881073,0.14486104249954224,1.9626480340957642,-0.6596876978874207,1.306882381439209,1.8323399327687275,0.0069,,,,
79968,2499,15.908252716064453,11.741573333740234,4.055868625640869,0.1053231954574585,0.0054884739220142365,-0.006451508961617947,1.6920454502105713,-0.006354509852826595,0.3632722496986389,0.03313161060214043,0.07529270648956299,1.9564530849456787,-0.678871214389801,1.2804359197616577,1.8324735494008824,0.008400000000000001,,,,
81568,2549,26.451648712158203,21.570972442626953,4.785069465637207,0.09131655097007751,0.004291835241019726,-0.0024863833095878363,1.6121225357055664,-0.0023773887660354376,0.3842298686504364,0.24865661561489105,0.2549072802066803,1.979616641998291,-0.6945887804031372,1.2875429391860962,1.6142385833127653,0.006,,,,
83168,2599,27.184877395629883,21.716394424438477,5.354223728179932,0.10572107881307602,0.008539124391973019,-0.0011454070918262005,1.529364824295044,-0.0010077031329274178,0.4859534502029419,0.04765623062849045,0.05120439827442169,2.0093867778778076,-0.7068229913711548,1.3023474216461182,1.619558343407434,0.009800000000000001,,,,
84768,2649,20.81138038635254,15.60236644744873,5.112541198730469,0.09253767132759094,0.003934708423912525,-0.006978639867156744,1.602832555770874,-0.006855330429971218,0.4434051513671875,0.1850128173828125,0.2122470587491989,2.013735294342041,-0.7272078990936279,1.2890405654907227,1.6248060325460532,0.008,,,,
86368,2699,19.068389892578125,14.351154327392578,4.612683296203613,0.10004394501447678,0.004509866237640381,-0.002037696074694395,1.5833489894866943,-0.0019056347664445639,0.4652300179004669,0.12052637338638306,0.1445305049419403,2.034947156906128,-0.7467201948165894,1.288346290588379,1.6298014333762534,0.0115,,,,
87968,2749,20.821083068847656,15.563161849975586,5.144737243652344,0.10653486102819443,0.006648105103522539,-0.005076515022665262,1.4797639846801758,-0.004919016733765602,0.553722620010376,-0.17669962346553802,-0.16331613063812256,2.0215446949005127,-0.7566075325012207,1.2633217573165894,1.6345657603215136,0.0062,,,,
89568,2799,24.005971908569336,18.698543548583984,5.220345497131348,0.08278825134038925,0.004295805003494024,-0.0014455401105806231,1.587687373161316,-0.0013045419473201036,0.52077317237854,-0.1111050471663475,-0.11057586222887039,2.0267488956451416,-0.7535783648490906,1.2725111246109009,1.6393285506365887,0.013399999999999999,,,,
91168,2849,20.051532745361328,15.250480651855469,4.739629745483398,0.05778193473815918,0.0036412393674254417,-0.0024871465284377337,1.442183256149292,-0.0023574968799948692,0.4631885588169098,-0.25815945863723755,-0.24815529584884644,2.0430431365966797,-0.7621693015098572,1.2793185710906982,1.6440859240207328,0.009699999999999999,,,,
92768,2899,19.505495071411133,14.679567337036133,4.727562427520752,0.08799374848604202,0.010372912511229515,3.4596509067341685e-05,1.457867980003357,0.0001949294237419963,0.5657545328140259,-0.01465992908924818,-0.005028311163187027,2.024305820465088,-0.7653496265411377,1.2603566646575928,1.6485650378113774,0.0108,,,,
94368,2949,22.546703338623047,16.951900482177734,5.449073791503906,0.13602828979492188,0.009701356291770935,-0.009252005256712437,1.5155540704727173,-0.00906300451606512,0.6723994016647339,-0.10686853528022766,-0.09887214004993439,2.0126383304595947,-0.7633075714111328,1.2498536109924316,1.6530913213639644,0.0108,,,,
95968,2999,20.068727493286133,14.925098419189453,5.043087482452393,0.09683079272508621,0.0037121358327567577,-0.00416911207139492,1.3179795742034912,-0.004006820730865002,0.572746753692627,-0.1909203976392746,-0.18326354026794434,2.0353007316589355,-0.7639383673667908,1.26835036277771,1.6573863317710467,0.007199999999999999,,,,
97568,3049,21.86956024169922,17.416950225830078,4.391495227813721,0.05545904114842415,0.005655686836689711,-0.0010673011420294642,1.4072606563568115,-0.0008889940218068659,0.6210373640060425,-0.15166731178760529,-0.15186625719070435,2.0634331703186035,-0.7626708149909973,1.2959798574447632,1.661428766229076,0.0096,,,,
99168,3099,21.106224060058594,15.927865028381348,5.063663959503174,0.10733747482299805,0.007356774061918259,-0.0045761168003082275,1.5251858234405518,-0.0044234455563127995,0.5335299968719482,-0.09361159801483154,-0.06831683218479156,2.0795693397521973,-0.7634096741676331,1.3148882389068604,1.6653711405768632,0.009,,,,
100768,3149,30.374568939208984,23.055561065673828,7.158433437347412,0.15088751912117004,0.009685048833489418,-0.004744678270071745,1.4321262836456299,-0.004599138628691435,0.5167994499206543,-0.07641953974962234,-0.06497488915920258,2.0642335414886475,-0.7466083765029907,1.3149470090866089,1.669203886362418,0.011,,,,
102368,3199,23.255937576293945,17.088443756103516,6.03593635559082,0.11756712943315506,0.013991227373480797,-0.0018963172333315015,1.457224726676941,-0.001776261837221682,0.42188704013824463,0.27262604236602783,0.2811753749847412,2.0711214542388916,-0.7359954118728638,1.3377933502197266,1.6729605871287931,0.0054,,,,
103968,3249,20.982072830200195,15.277986526489258,5.614565372467041,0.08085459470748901,0.008666670881211758,0.00550320977345109,1.5088858604431152,0.005648659076541662,0.5194307565689087,-0.11948531866073608,-0.1543969362974167,2.0862722396850586,-0.7312158346176147,1.3541648387908936,1.6769203928223044,0.0112,,,,
105568,3299,22.940584182739258,17.46001434326172,5.394975662231445,0.08381205797195435,0.0017821089131757617,-0.004168539308011532,1.6907823085784912,-0.004023072775453329,0.5238782167434692,-0.03817449510097504,-0.029272809624671936,2.0928730964660645,-0.7160241007804871,1.375247836112976,1.68033279520635,0.009300000000000001,,,,
107168,3349,23.547279357910156,18.053625106811523,5.387432098388672,0.1024380773305893,0.003784567816182971,0.0016363159520551562,1.5609729290008545,0.00176562974229455,0.45823684334754944,0.23886695504188538,0.23769865930080414,2.127462863922119,-0.7080217003822327,1.420506477355957,1.6838432371200105,0.0065,,,,
108768,3399,23.94965362548828,18.385435104370117,5.463475227355957,0.09296221286058426,0.007780398707836866,-0.0006954096024855971,1.6076005697250366,-0.0005583365564234555,0.4732394218444824,-0.12944643199443817,-0.14690613746643066,2.1418187618255615,-0.7065275311470032,1.4311919212341309,1.6872586418898214,0.0075,,,,
110368,3449,26.23970603942871,19.874813079833984,6.258828163146973,0.09807656705379486,0.007989337667822838,0.0005757610779255629,1.5278472900390625,0.0006977755110710859,0.4217085540294647,0.07240363955497742,0.07297287881374359,2.1313838958740234,-0.7006971836090088,1.4292628765106201,1.6903592470475182,0.009699999999999999,,,,
111968,3499,24.151790618896484,18.662574768066406,5.40921688079834,0.07283008098602295,0.0071668787859380245,-0.0005616526468656957,1.365741491317749,-0.0004275543033145368,0.46516796946525574,-0.22397947311401367,-0.2335328757762909,2.130175828933716,-0.7086095213890076,1.4197193384170532,1.6936299638030883,0.0058000000000000005,,,,
113568,3549,21.55729866027832,16.4216251373291,5.03643274307251,0.09404273331165314,0.00519980676472187,0.002206638688221574,1.595850944519043,0.0023316575679928064,0.44835180044174194,0.031063474714756012,-0.0007425621151924133,2.1661057472229004,-0.7071070671081543,1.4570380449295044,1.6969320137937158,0.006,,,,
115168,3599,23.544261932373047,17.3433895111084,6.065515041351318,0.12631382048130035,0.009042800404131413,-0.00041364505887031555,1.6214118003845215,-0.00025291036581620574,0.5688232779502869,0.23311898112297058,0.20113646984100342,2.176894426345825,-0.7071785926818848,1.474722146987915,1.7000925492693268,0.0060999999999999995,,,,
116768,3649,23.140323638916016,16.77902603149414,6.263218879699707,0.08964162319898605,0.008437863551080227,0.0029007636476308107,1.585223913192749,0.00305215478874743,0.5350715517997742,0.017786115407943726,-0.022979751229286194,2.1734323501586914,-0.6989365220069885,1.4724229574203491,1.7030471321971896,0.0075,,,,
118368,3699,20.74449348449707,15.494829177856445,5.191790580749512,0.054222796112298965,0.0036524117458611727,0.003266926622018218,1.4707598686218262,0.003429449163377285,0.5657175183296204,0.03108201175928116,0.009989134967327118,2.1647324562072754,-0.6838096976280212,1.4808303117752075,1.7058798668356792,0.015499999999999998,,,,
119968,3749,17.523757934570312,12.64480972290039,4.764316558837891,0.10952358692884445,0.005107830744236708,-0.0023682252503931522,1.6369978189468384,-0.0022278493270277977,0.49431055784225464,0.16087552905082703,0.14975807070732117,2.176978588104248,-0.6864464282989502,1.4945030212402344,1.7088845676093976,0.0124,,,,
121568,3799,20.85613250732422,15.058483123779297,5.719013690948486,0.07390937954187393,0.004726551007479429,-9.03952750377357e-05,1.5724612474441528,8.806254481896758e-05,0.6218360662460327,0.22114455699920654,0.20153695344924927,2.1706175804138184,-0.6882741451263428,1.485321044921875,1.7117421143358473,0.011899999999999999,,,,
123168,3849,17.686521530151367,12.388749122619629,5.184039115905762,0.10914004594087601,0.004592495039105415,0.006299412343651056,1.6846799850463867,0.006523013114929199,0.7807360887527466,0.07636740058660507,0.07305324822664261,2.1625521183013916,-0.6897605061531067,1.4736049175262451,1.7144802700303232,0.015399999999999999,,,,
124768,3899,19.695907592773438,14.05685806274414,5.530714988708496,0.10499797761440277,0.003336312947794795,-0.0017425351543352008,1.323549509048462,-0.0015568234957754612,0.6479329466819763,-0.3261874318122864,-0.32601481676101685,2.169376850128174,-0.6945042014122009,1.470898151397705,1.7171816231912078,0.0126,,,,
126368,3949,21.776798248291016,15.729430198669434,5.948251724243164,0.08579616248607635,0.013320139609277248,-0.001457068370655179,1.3955992460250854,-0.001274768845178187,0.6363270282745361,-0.08383016288280487,-0.08334629237651825,2.143162250518799,-0.698022186756134,1.4414547681808472,1.7201736196552049,0.0172,,,,
127968,3999,17.960535049438477,12.590112686157227,5.263766765594482,0.09238912165164948,0.014264361932873726,2.709467662498355e-05,1.6712346076965332,0.00019191496539860964,0.5802390575408936,0.2506271302700043,0.26143962144851685,2.164426565170288,-0.6955864429473877,1.469847321510315,1.7225446224668033,0.012399999999999998,,,,
129568,4049,16.774517059326172,11.847286224365234,4.828049659729004,0.09328240156173706,0.005900246091187,0.00044415012234821916,1.3442566394805908,0.0006120503530837595,0.5927637815475464,0.05833030492067337,0.037874430418014526,2.2032630443573,-0.6847900152206421,1.5177854299545288,1.7250939365589522,0.016200000000000003,,,,
131168,4099,18.869281768798828,13.06225299835205,5.709314346313477,0.09302128106355667,0.0046922992914915085,-0.0016388136427849531,1.3942569494247437,-0.0014641821617260575,0.6084586977958679,-0.08381322771310806,-0.07879500836133957,2.225536346435547,-0.6810930967330933,1.5407627820968628,1.7277430577175568,0.012199999999999999,,,,
132768,4149,16.408977508544922,11.325599670410156,4.967270374298096,0.10806714743375778,0.008042032830417156,-0.0006639849161729217,1.3790912628173828,-0.00048075657105073333,0.662843644618988,-0.1150115355849266,-0.13598743081092834,2.240330457687378,-0.6809043884277344,1.5561110973358154,1.7300359744045173,0.008799999999999999,,,,
134368,4199,18.89803695678711,13.00363540649414,5.810920715332031,0.0789978951215744,0.004481918178498745,-0.002314741490408778,1.4350175857543945,-0.0021420533303171396,0.5987811088562012,-0.04561373591423035,-0.023468017578125,2.198518753051758,-0.6744024157524109,1.5220775604248047,1.7324999694955057,0.0087,,,,
135968,4249,22.210205078125,16.34905433654785,5.729084014892578,0.12256947159767151,0.009496249258518219,0.0068171583116054535,1.5755085945129395,0.007001902908086777,0.6521120667457581,0.206312358379364,0.15653365850448608,2.214994192123413,-0.6753499507904053,1.5439002513885498,1.7348469654793772,0.0105,,,,
137568,4299,18.868085861206055,12.95236873626709,5.811959743499756,0.09797006845474243,0.005786253605037928,0.004012146033346653,1.5002893209457397,0.004182148724794388,0.5973770618438721,0.035191431641578674,0.000615093857049942,2.2064738273620605,-0.672731339931488,1.5344325304031372,1.7373072330761057,0.0105,,,,
139168,4349,17.316667556762695,11.125809669494629,6.048937797546387,0.1347552090883255,0.0071631381288170815,-0.002599970204755664,1.4049042463302612,-0.002417613286525011,0.6345046162605286,-0.06128625199198723,-0.0533185675740242,2.2219488620758057,-0.6755166053771973,1.5425854921340942,1.7395135227778686,0.014,,,,
140768,4399,23.003664016723633,16.477611541748047,6.451512813568115,0.07244914025068283,0.0020912052132189274,-0.002064393600448966,1.4625871181488037,-0.001895957626402378,0.6123191714286804,-0.028756439685821533,-0.030516358092427254,2.240446090698242,-0.6725344061851501,1.5650869607925415,1.741583029361243,0.0145,,,,
142368,4449,19.840923309326172,14.66705322265625,5.065301418304443,0.10064338892698288,0.007925321348011494,0.0021336760837584734,1.6142845153808594,0.002278200350701809,0.5077551603317261,0.35613736510276794,0.32511186599731445,2.2411210536956787,-0.67865389585495,1.5668776035308838,1.7437424263689763,0.016,,,,
143968,4499,21.706209182739258,15.255541801452637,6.334593296051025,0.10834924876689911,0.007724077440798283,-0.0010001162299886346,1.3876101970672607,-0.0008299994515255094,0.5973393321037292,-0.20853856205940247,-0.20828570425510406,2.2774658203125,-0.6736357808113098,1.600206971168518,1.746010259676881,0.0078,,,,
145568,4549,21.376501083374023,14.515921592712402,6.725570201873779,0.12808355689048767,0.006926439702510834,-0.0040396517142653465,1.4370787143707275,-0.0038597797974944115,0.6340610384941101,0.018061703070998192,0.029342226684093475,2.26920485496521,-0.6676921248435974,1.6014331579208374,1.7479907979611067,0.0101,,,,
147168,4599,17.535078048706055,11.852392196655273,5.58775520324707,0.08343136310577393,0.011499319225549698,0.0038919004146009684,1.5586888790130615,0.00405831728130579,0.595731258392334,0.04529333487153053,0.025279659777879715,2.2889416217803955,-0.6651495099067688,1.6242579221725464,1.750009139888753,0.011699999999999999,,,,
148768,4649,15.393359184265137,10.028940200805664,5.30208158493042,0.0583510585129261,0.003985497634857893,0.006502612493932247,1.352879524230957,0.00666563818231225,0.5787860155105591,-0.03223491832613945,-0.039745207875967026,2.269458293914795,-0.6676212549209595,1.6004177331924438,1.751936424462453,0.014100000000000001,,,,
150368,4699,15.301957130432129,9.5370454788208,5.691707611083984,0.07065683603286743,0.0025471982080489397,-0.002540434245020151,1.4526387453079224,-0.002374885603785515,0.5811237096786499,0.10499289631843567,0.09495539218187332,2.2408316135406494,-0.6677567362785339,1.575268268585205,1.7538141579990827,0.0107,,,,
151968,4749,20.405834197998047,14.57029914855957,5.773307800292969,0.05957721173763275,0.0026493589393794537,-0.0037696664221584797,1.4267091751098633,-0.003623764030635357,0.5135700106620789,0.07951699197292328,0.09604527056217194,2.2643091678619385,-0.6503951549530029,1.612756371498108,1.7558272343536858,0.014500000000000002,,,,
153568,4799,16.50684928894043,10.832832336425781,5.565614700317383,0.1030290424823761,0.005372216925024986,-0.0013699480332434177,1.2573864459991455,-0.0011846943525597453,0.6455233097076416,-0.04556936025619507,-0.03845614939928055,2.2584095001220703,-0.6519887447357178,1.6026828289031982,1.7575258473976054,0.0155,,,,
155168,4849,17.683063507080078,11.431339263916016,6.162928581237793,0.08314491808414459,0.005648659076541662,-0.0038310980889946222,1.4612175226211548,-0.0036562555469572544,0.6065883636474609,0.07046990841627121,0.07187104225158691,2.2546870708465576,-0.6506765484809875,1.6029993295669556,1.759341060310864,0.0112,,,,
156768,4899,19.076656341552734,12.492982864379883,6.428574562072754,0.14613628387451172,0.008959824219346046,-0.003244496416300535,1.4290435314178467,-0.0030608675442636013,0.6392395496368408,-0.044542063027620316,-0.0448022298514843,2.2071075439453125,-0.6509156823158264,1.554421305656433,1.761287894178974,0.011699999999999999,,,,
158368,4949,16.913667678833008,10.910361289978027,5.904921531677246,0.08799334615468979,0.010390419512987137,-0.002302693435922265,1.39015531539917,-0.0021495004184544086,0.5441595315933228,-0.03741598129272461,-0.014384322799742222,2.218707323074341,-0.6535470485687256,1.5651476383209229,1.7630623492140962,0.0095,,,,
159968,4999,16.852632522583008,11.772026062011719,5.024716854095459,0.049698323011398315,0.006190781481564045,-0.0012443047016859055,1.2566076517105103,-0.0010813010158017278,0.5614486932754517,-0.1995510756969452,-0.20534029603004456,2.243198871612549,-0.6538634896278381,1.5847529172897339,1.7649966949920302,0.013,,,,
161568,5049,17.71930503845215,11.487475395202637,6.128009796142578,0.09442664682865143,0.00939128827303648,0.0008243552874773741,1.3645164966583252,0.001005411148071289,0.6319752931594849,-0.046943020075559616,-0.0505976527929306,2.2918806076049805,-0.6576175689697266,1.6327123641967773,1.6494130759918717,0.010700000000000001,,,,
163168,5099,23.92881202697754,17.246070861816406,6.598416805267334,0.07581597566604614,0.00850958377122879,-0.005032357294112444,1.4986989498138428,-0.0048675015568733215,0.5809102654457092,0.10282637923955917,0.09564116597175598,2.2886600494384766,-0.6530575752258301,1.6395363807678223,1.6517069127286346,0.014,,,,
164768,5149,20.95484161376953,13.726015090942383,7.125094413757324,0.08816304057836533,0.015568794682621956,-0.0033067038748413324,1.4448798894882202,-0.0031346017494797707,0.6043238043785095,0.3240629732608795,0.3022443354129791,2.2594175338745117,-0.6489718556404114,1.6121081113815308,1.654040942993896,0.013599999999999998,,,,
166368,5199,21.058216094970703,14.508005142211914,6.483506202697754,0.061278700828552246,0.005425117444247007,-0.0004742128658108413,1.377533197402954,-0.0002983486047014594,0.6058324575424194,-0.07164682447910309,-0.07351090013980865,2.2520852088928223,-0.638610303401947,1.6073322296142578,1.6564363034164473,0.0147,,,,
167968,5249,27.741331100463867,20.097753524780273,7.526893138885498,0.11291087418794632,0.0037719556130468845,-0.003963987808674574,1.5093501806259155,-0.003822691971436143,0.494804322719574,0.10227416455745697,0.1310408115386963,2.282461404800415,-0.6300829648971558,1.653995394706726,1.6585749444977205,0.0139,,,,
169568,5299,17.28474998474121,10.470749855041504,6.732061386108398,0.07699258625507355,0.004945159889757633,0.0009157258900813758,1.5098509788513184,0.0010634302161633968,0.5204755663871765,0.24772413074970245,0.22629107534885406,2.318321943283081,-0.6183235049247742,1.7076929807662964,1.6608556616470982,0.0087,,,,
171168,5349,15.809775352478027,10.751052856445312,5.000155448913574,0.052585799247026443,0.005980979651212692,0.002797789638862014,1.4575738906860352,0.0029360426124185324,0.48943251371383667,0.09946253895759583,0.0715530589222908,2.322922468185425,-0.6094973087310791,1.7158626317977905,1.6630319491449015,0.0135,,,,
172768,5399,16.45822525024414,10.604331016540527,5.737366199493408,0.11039397865533829,0.006133456248790026,-0.0012569306418299675,1.445770263671875,-0.0010985033586621284,0.5496054887771606,-0.005654533393681049,0.0056693898513913155,2.3040170669555664,-0.6078746914863586,1.6923567056655884,1.6650818887620706,0.0087,,,,
174368,5449,19.057811737060547,13.04548168182373,5.927281856536865,0.08194497227668762,0.003102491144090891,0.0024804589338600636,1.5875561237335205,0.0026041497476398945,0.4377124011516571,0.22326837480068207,0.20201128721237183,2.3025450706481934,-0.6006996035575867,1.7086894512176514,1.6673138568536223,0.004900000000000001,,,,
175968,5499,15.657995223999023,9.408272743225098,6.1705193519592285,0.07512310892343521,0.004079377744346857,-0.0021728959400206804,1.5454180240631104,-0.0020190721843391657,0.5345261096954346,0.08090146631002426,0.04810579866170883,2.3110527992248535,-0.5905379056930542,1.719584345817566,1.6694331831982188,0.008400000000000001,,,,
177568,5549,16.37761116027832,9.70649242401123,6.565936088562012,0.10128965228796005,0.0038936403580009937,-0.002352530136704445,1.3455700874328613,-0.0022068354301154613,0.5132254362106323,0.09870768338441849,0.1064738780260086,2.3033857345581055,-0.5863641500473022,1.7152166366577148,1.671435006123722,0.012400000000000001,,,,
179168,5599,16.73040199279785,10.925982475280762,5.7219319343566895,0.07552012801170349,0.006967728957533836,-0.0010401963954791427,1.4971401691436768,-0.0009123017662204802,0.46345603466033936,0.24993681907653809,0.24245242774486542,2.30330228805542,-0.5788844227790833,1.7330741882324219,1.6734220207424686,0.0103,,,,
180768,5649,24.239402770996094,16.440486907958984,7.746448993682861,0.048290908336639404,0.004177086055278778,-0.001856971881352365,1.4238462448120117,-0.0017107786843553185,0.515399694442749,0.0986597016453743,0.0943690687417984,2.344331979751587,-0.5744621753692627,1.7678959369659424,1.675347594977574,0.006300000000000001,,,,
182368,5699,15.37013053894043,9.061487197875977,6.199896335601807,0.10698176175355911,0.0017653029644861817,0.0008932774653658271,1.3414684534072876,0.0010394990677013993,0.5107215642929077,-0.01137600839138031,-0.00805396493524313,2.292997360229492,-0.5744365453720093,1.712768793106079,1.677334008955085,0.0092,,,,
183968,5749,24.034727096557617,16.769630432128906,7.171579837799072,0.0829925537109375,0.010525362566113472,0.0022928828839212656,1.5820422172546387,0.0024281905498355627,0.4916421175003052,0.33608198165893555,0.3169526159763336,2.3416051864624023,-0.579781174659729,1.7694820165634155,1.6792894409293568,0.011600000000000001,,,,
185568,5799,15.59926986694336,9.666125297546387,5.816201686859131,0.10262829065322876,0.014314296655356884,-0.003972082398831844,1.4656541347503662,-0.0038348727393895388,0.4816094934940338,-0.2248857319355011,-0.21234802901744843,2.40498685836792,-0.582695484161377,1.8135685920715332,1.68111917373341,0.011899999999999999,,,,
187168,5849,17.275741577148438,11.102651596069336,6.0772905349731445,0.08058375120162964,0.015214773826301098,-0.0027018897235393524,1.4355554580688477,-0.002547735348343849,0.5425118207931519,0.21818256378173828,0.21793612837791443,2.4308149814605713,-0.5866221785545349,1.843782901763916,1.6830214468495168,0.009300000000000001,,,,
188768,5899,14.280400276184082,8.650070190429688,5.52793025970459,0.09566520154476166,0.006735250819474459,0.0020089452154934406,1.4907524585723877,0.0021797106601297855,0.605453610420227,0.13139142096042633,0.1075078472495079,2.4090347290039062,-0.5828091502189636,1.8255810737609863,1.6849055055594127,0.009800000000000001,,,,
190368,5949,17.25168228149414,10.914653778076172,6.225188732147217,0.10235115140676498,0.009488273411989212,-0.004710074048489332,1.5307886600494385,-0.004555737134069204,0.5494654178619385,0.28137490153312683,0.3011573255062103,2.4078876972198486,-0.5792004466056824,1.8287527561187744,1.6866707323558106,0.0104,,,,
191968,5999,15.713447570800781,10.72434139251709,4.916962146759033,0.06491153687238693,0.0072313882410526276,-0.002045108936727047,1.483816146850586,-0.0019008475355803967,0.514693021774292,0.19790197908878326,0.2006421983242035,2.4280130863189697,-0.5854587554931641,1.844043493270874,1.6884197357511632,0.0125,,,,
193568,6049,21.436447143554688,14.01150894165039,7.349661350250244,0.07160262763500214,0.00367474602535367,-0.0024933984968811274,1.5344455242156982,-0.002332082251086831,0.5589956045150757,0.016504105180501938,0.009102258831262589,2.3680782318115234,-0.5869269967079163,1.7831066846847534,1.6900969450684826,0.008400000000000001,,,,
195168,6099,21.790983200073242,15.070480346679688,6.646458625793457,0.07193182408809662,0.0021132424008101225,0.0015548105584457517,1.5127050876617432,0.0017311780247837305,0.6121165156364441,0.15489564836025238,0.1382077932357788,2.3746771812438965,-0.583604097366333,1.790475845336914,1.6917012358475758,0.0109,,,,
196768,6149,19.785335540771484,12.260886192321777,7.420603275299072,0.0949864387512207,0.008859810419380665,-0.002683771075680852,1.4752811193466187,-0.0025019145105034113,0.6390131115913391,0.006901409476995468,0.016644764691591263,2.3915750980377197,-0.584231436252594,1.8048337697982788,1.693425806759921,0.011,,,,
198368,6199,17.239587783813477,10.85993766784668,6.304713726043701,0.06435923278331757,0.010575618594884872,0.004779720213264227,1.5774552822113037,0.004965512547641993,0.6560333967208862,0.19657522439956665,0.18276561796665192,2.30063796043396,-0.5864406824111938,1.7133179903030396,1.6950537694269245,0.0081,,,,
199968,6249,19.764123916625977,12.74609375,6.945856094360352,0.06762438267469406,0.0045494940131902695,-0.0027037053368985653,1.4833275079727173,-0.002519461326301098,0.6450302004814148,0.1073988825082779,0.10663340985774994,2.32666015625,-0.5893105864524841,1.738974690437317,1.6968034463885717,0.0096,,,,
201568,6299,15.828472137451172,9.67718505859375,6.027111053466797,0.11585384607315063,0.00832164566963911,-0.0006315139471553266,1.5254759788513184,-0.00045359908835962415,0.6244531273841858,0.1404552012681961,0.15159834921360016,2.300787925720215,-0.5969329476356506,1.7044833898544312,1.6985145878213914,0.013300000000000001,,,,
203168,6349,18.769145965576172,11.439332962036133,7.238974571228027,0.08417350798845291,0.006665294989943504,0.007784223649650812,1.69281005859375,0.007991038262844086,0.7186437845230103,0.0756925567984581,0.03393937647342682,2.335437774658203,-0.5943163633346558,1.7405115365982056,1.7000105846279334,0.012,,,,
204768,6399,17.499462127685547,10.93427848815918,6.4750075340271,0.08058087527751923,0.009594457224011421,-0.00040567637188360095,1.3105382919311523,-0.0002090158814098686,0.6796835660934448,-0.034720927476882935,-0.042953845113515854,2.3213412761688232,-0.5918763279914856,1.7247434854507446,1.7016902123064406,0.007899999999999999,,,,
206368,6449,15.583621978759766,9.336859703063965,6.169918060302734,0.069984570145607,0.0068593695759773254,-0.004454057198017836,1.6300785541534424,-0.004293161444365978,0.5612426400184631,0.06919089704751968,0.04810205101966858,2.3574368953704834,-0.5940142869949341,1.7605366706848145,1.7032702312692802,0.0075,,,,
207968,6499,20.069570541381836,11.867605209350586,8.12636947631836,0.07326473295688629,0.0023313777055591345,-0.0008055913494899869,1.5084503889083862,-0.0006657480262219906,0.5045250654220581,0.1382780373096466,0.11458587646484375,2.332451820373535,-0.6053469777107239,1.727224588394165,1.7048043674635325,0.0079,,,,
209568,6549,17.69697380065918,10.639582633972168,6.983834266662598,0.06988745927810669,0.0036694169975817204,-0.003952957224100828,1.519076943397522,-0.00383913260884583,0.3991267681121826,0.15610983967781067,0.1776406615972519,2.336276054382324,-0.6016668677330017,1.730155110359192,1.706401311514454,0.010700000000000001,,,,
211168,6599,16.728750228881836,9.975253105163574,6.679625034332275,0.07030656188726425,0.0035653910599648952,-0.0013166158460080624,1.569422721862793,-0.001167298061773181,0.5299409031867981,0.10147321224212646,0.09672801196575165,2.35979962348938,-0.5993883609771729,1.7568254470825195,1.707981095418014,0.011,,,,
212768,6649,17.824743270874023,10.419973373413086,7.290616989135742,0.10716509819030762,0.006989363580942154,-0.0038366063963621855,1.45637047290802,-0.0036862497217953205,0.5203709006309509,-0.15593379735946655,-0.13622179627418518,2.2981112003326416,-0.600771963596344,1.690950632095337,1.7093677038935036,0.0145,,,,
214368,6699,19.467710494995117,12.147092819213867,7.255603313446045,0.06365755200386047,0.001355996704660356,0.000367152679245919,1.586936116218567,0.0004804288619197905,0.4042944610118866,0.19502627849578857,0.17033037543296814,2.2633373737335205,-0.6009612679481506,1.6672003269195557,1.7108495282049545,0.0099,,,,
215968,6749,17.74647331237793,11.311652183532715,6.331699371337891,0.09731877595186234,0.005802852567285299,-0.0008261313778348267,1.290644645690918,-0.0006872440571896732,0.48123398423194885,0.15187853574752808,0.13617947697639465,2.2639384269714355,-0.6037883758544922,1.660980463027954,1.712286581708983,0.015399999999999999,,,,
217568,6799,19.120744705200195,12.431760787963867,6.570474147796631,0.10939137637615204,0.009116975590586662,-0.001023471588268876,1.3940911293029785,-0.0008740362245589495,0.5306806564331055,-0.004672445356845856,-0.035434555262327194,2.2470083236694336,-0.6028956174850464,1.6425634622573853,1.7137811102700882,0.0092,,,,
219168,6849,14.824681282043457,9.73973274230957,5.00903844833374,0.07266294211149216,0.003246100852265954,0.0011756726307794452,1.4113030433654785,0.0013263539876788855,0.5239729285240173,0.02663647010922432,0.016057807952165604,2.2241039276123047,-0.5986681580543518,1.620725393295288,1.7151935143358839,0.014099999999999998,,,,
220768,6899,17.094707489013672,11.19523811340332,5.819389343261719,0.07879260927438736,0.0012877994449809194,0.0016526769613847136,1.4696667194366455,0.0018235016614198685,0.5987471342086792,0.013929776847362518,0.008815445005893707,2.273344039916992,-0.5949338674545288,1.6783653497695923,1.7165813604600442,0.014600000000000002,,,,
222368,6949,20.72803497314453,13.649468421936035,6.99509334564209,0.07806742191314697,0.0054062060080468655,-0.001733024837449193,1.5590656995773315,-0.001567833824083209,0.593661367893219,0.19472631812095642,0.1618998646736145,2.290837526321411,-0.5924534797668457,1.7071572542190552,1.7180026428194954,0.0089,,,,
223968,6999,17.443920135498047,11.121429443359375,6.248600482940674,0.06882254779338837,0.005068509373813868,0.00026503531262278557,1.60188889503479,0.0004014756123069674,0.4874987304210663,0.21338997781276703,0.18011516332626343,2.321307420730591,-0.5887301564216614,1.7369154691696167,1.7193711083012049,0.0081,,,,
225568,7049,16.961135864257812,10.532350540161133,6.355608940124512,0.06835716217756271,0.004820012487471104,-0.004078294150531292,1.4751038551330566,-0.003915473353117704,0.5745749473571777,0.239748015999794,0.24983130395412445,2.3002824783325195,-0.5859250426292419,1.7118067741394043,1.7207212018795457,0.0125,,,,
227168,7099,19.677345275878906,12.687881469726562,6.904022216796875,0.08167789876461029,0.0037624055985361338,-0.0008509205654263496,1.3933231830596924,-0.0006813445361331105,0.6043314933776855,0.26613256335258484,0.23476794362068176,2.2491555213928223,-0.5884202718734741,1.661148190498352,1.7221347388961674,0.0099,,,,
228768,7149,20.72591209411621,13.037099838256836,7.567206382751465,0.11820153146982193,0.0034045891370624304,-0.003273996990174055,1.7146800756454468,-0.003096600528806448,0.6271593570709229,0.28592509031295776,0.26673194766044617,2.263606071472168,-0.5872923135757446,1.6875736713409424,1.7234389286426037,0.007300000000000001,,,,
230368,7199,20.645118713378906,13.370368003845215,7.173877239227295,0.09455258399248123,0.006320927292108536,-0.0012202478246763349,1.4593360424041748,-0.0010416493751108646,0.62945556640625,0.1118045449256897,0.10831275582313538,2.240016460418701,-0.5892282128334045,1.648247480392456,1.7245596625127075,0.0137,,,,
231968,7249,19.638988494873047,12.55866813659668,7.017308712005615,0.06062639132142067,0.0023843960370868444,-0.002529179910197854,1.5631437301635742,-0.0023337439633905888,0.6851925253868103,0.3421459197998047,0.3454028367996216,2.2921557426452637,-0.5957385301589966,1.7035350799560547,1.7258586194979102,0.0138,,,,
233568,7299,16.034786224365234,9.396862030029297,6.527209758758545,0.10720082372426987,0.0035127406008541584,-0.01048746332526207,1.7577780485153198,-0.010284547694027424,0.7164887189865112,0.3706260323524475,0.3853520154953003,2.348407030105591,-0.598576009273529,1.7562514543533325,1.7271166037675671,0.0136,,,,
235168,7349,15.825514793395996,9.889372825622559,5.839421272277832,0.09186053276062012,0.004859902895987034,0.002892189659178257,1.613945722579956,0.0030735954642295837,0.6329437494277954,0.05051364004611969,0.03216860443353653,2.3336849212646484,-0.5992906093597412,1.734387755393982,1.7284599248691759,0.015500000000000002,,,,
236768,7399,15.644635200500488,8.918636322021484,6.635467529296875,0.08566257357597351,0.004868730902671814,0.00216599996201694,1.7753891944885254,0.002314685843884945,0.5217847228050232,0.1757124662399292,0.13701632618904114,2.286250591278076,-0.5909692645072937,1.6992114782333374,1.7296880423719543,0.013300000000000001,,,,
238368,7449,16.863037109375,9.925787925720215,6.8436503410339355,0.08914444595575333,0.004456458613276482,0.006640101317316294,1.709334373474121,0.0068053812719881535,0.5703474879264832,0.29238590598106384,0.2500019073486328,2.299917221069336,-0.5917290449142456,1.7053548097610474,1.7308747256430284,0.013,,,,
239968,7499,18.69339942932129,11.953543663024902,6.668295860290527,0.06878454983234406,0.002775336615741253,0.0014035350177437067,1.7331082820892334,0.0015766546130180359,0.6157659292221069,0.015549367293715477,0.01836390420794487,2.2413477897644043,-0.5860853791236877,1.6503641605377197,1.732171858945076,0.0123,,,,
241568,7549,17.083423614501953,10.813037872314453,6.190480709075928,0.07541118562221527,0.004493639338761568,-0.00023533760395366699,1.455175518989563,-6.888509960845113e-05,0.5750035047531128,-0.040600672364234924,-0.03886941820383072,2.2533645629882812,-0.5892460346221924,1.6595261096954346,1.6591484021411869,0.013900000000000001,,,,
243168,7599,13.837261199951172,8.671229362487793,5.100776672363281,0.0632786899805069,0.001976486062631011,-0.00019804629846476018,1.5344537496566772,-3.463996108621359e-05,0.5805992484092712,0.3539474904537201,0.3311730921268463,2.2757105827331543,-0.5855330228805542,1.694154143333435,1.6607391292888372,0.0116,,,,
244768,7649,17.30156135559082,9.986982345581055,7.154433727264404,0.14902088046073914,0.011124136857688427,0.002494585933163762,1.6878998279571533,0.002630559029057622,0.4964228570461273,0.17290793359279633,0.15163280069828033,2.27468204498291,-0.5910606384277344,1.6834086179733276,1.6623350325881303,0.0174,,,,
246368,7699,15.938878059387207,9.641140937805176,6.214800834655762,0.07942980527877808,0.0035062995739281178,0.0012502059107646346,1.5771777629852295,0.0014093485660851002,0.5654544830322266,0.24864688515663147,0.21111470460891724,2.313416004180908,-0.5881280899047852,1.7249013185501099,1.6637668566983252,0.014199999999999999,,,,
247968,7749,16.064422607421875,9.55341911315918,6.41902494430542,0.08464355766773224,0.007334230467677116,3.9449543692171574e-05,1.572981834411621,0.00017382760415785015,0.4836905598640442,0.24246758222579956,0.22241565585136414,2.3385655879974365,-0.5887492895126343,1.7472786903381348,1.6652504227799134,0.014399999999999998,,,,
249568,7799,25.841569900512695,17.540878295898438,8.221597671508789,0.07035968452692032,0.00873371958732605,0.004258632659912109,1.5923209190368652,0.004394336603581905,0.47938859462738037,0.27096158266067505,0.22848662734031677,2.3020358085632324,-0.5812817811965942,1.7199785709381104,1.66680009733588,0.0162,,,,
251168,7849,17.130733489990234,10.60435962677002,6.443057537078857,0.07411681860685349,0.009199593216180801,0.0007046468672342598,1.5453702211380005,0.000900335144251585,0.6740763783454895,0.05161714926362038,0.05606571212410927,2.3195297718048096,-0.5823194980621338,1.7337578535079956,1.6681630433569659,0.016200000000000003,,,,
252768,7899,17.244314193725586,10.87094497680664,6.24069881439209,0.1265602707862854,0.006110074929893017,0.0035708576906472445,1.6153168678283691,0.0037195405457168818,0.5183603763580322,0.504059910774231,0.4683850407600403,2.3766019344329834,-0.5841078162193298,1.797021508216858,1.6696527008412927,0.0195,,,,
254368,7949,22.765357971191406,15.64439582824707,7.010561466217041,0.10538988560438156,0.005011472851037979,0.008253070525825024,1.7126808166503906,0.008383434265851974,0.4606062173843384,0.2591133713722229,0.2295933961868286,2.389228582382202,-0.581774890422821,1.807482123374939,1.671064081958657,0.016399999999999998,,,,
255968,7999,18.105152130126953,10.959897994995117,7.054759502410889,0.08522272855043411,0.0052711088210344315,0.002998229581862688,1.6669594049453735,0.0031481729820370674,0.5226815938949585,0.15477457642555237,0.13482987880706787,2.3898675441741943,-0.5781776905059814,1.8131725788116455,1.6724171963017695,0.015700000000000002,,,,
257568,8049,17.536211013793945,10.784445762634277,6.668057918548584,0.0804029032588005,0.003305274061858654,0.0027926419861614704,1.6311218738555908,0.002928342903032899,0.4731137156486511,0.3069390654563904,0.29390814900398254,2.480198860168457,-0.5793288350105286,1.9007339477539062,1.6738089267919718,0.0112,,,,
259168,8099,15.93753719329834,10.055511474609375,5.808849334716797,0.06733325868844986,0.005842962302267551,0.003054520580917597,1.7070766687393188,0.003197585931047797,0.5080801248550415,0.23692049086093903,0.2174966186285019,2.4922049045562744,-0.5815775990486145,1.9088584184646606,1.675249953343614,0.0216,,,,
260768,8149,17.792495727539062,10.532154083251953,7.185665607452393,0.07269227504730225,0.001984325237572193,0.0057382904924452305,1.5784087181091309,0.005893605761229992,0.5445568561553955,0.607123076915741,0.5805181264877319,2.492032527923584,-0.5805517435073853,1.913117527961731,1.6766233349406656,0.0107,,,,
262368,8199,22.177433013916016,14.18332576751709,7.899778842926025,0.09098434448242188,0.0033440319821238518,0.0026792949065566063,1.741389513015747,0.002817007713019848,0.48812028765678406,0.5458143353462219,0.49740180373191833,2.5387778282165527,-0.5826736688613892,1.956789255142212,1.6779439774242224,0.0145,,,,
263968,8249,15.028122901916504,8.988189697265625,5.974122524261475,0.06359105557203293,0.002218980574980378,0.0012756144860759377,1.6786413192749023,0.0014433781616389751,0.6070215702056885,0.34841784834861755,0.3359699845314026,2.5866715908050537,-0.5805923342704773,2.01497220993042,1.6792633548497444,0.0077,,,,
265568,8299,13.409429550170898,7.109177112579346,6.228206157684326,0.07015863060951233,0.001886930433101952,0.0044031464494764805,1.7551041841506958,0.004535669460892677,0.47947049140930176,0.39978569746017456,0.3768996596336365,2.5968079566955566,-0.5808436274528503,2.0153391361236572,1.6806014072978475,0.0044,,,,
267168,8349,17.069442749023438,10.021488189697266,6.937146186828613,0.10568214952945709,0.005127571057528257,0.004087487235665321,1.558323860168457,0.004261500667780638,0.6155876517295837,0.3173604905605316,0.2838033437728882,2.5964572429656982,-0.5814551115036011,2.0148563385009766,1.681987959356799,0.0192,,,,
268768,8399,16.972503662109375,10.393526077270508,6.496555805206299,0.07849416136741638,0.003926951438188553,-0.005356356967240572,1.4544270038604736,-0.005207536742091179,0.5302179455757141,0.1828518658876419,0.19185081124305725,2.6352922916412354,-0.5809564590454102,2.0542492866516113,1.6832729464870093,0.0101,,,,
270368,8449,15.756303787231445,9.503561973571777,6.181403160095215,0.0686011016368866,0.0027379365637898445,0.0006010969518683851,1.7008256912231445,0.0007320827571675181,0.45810598134994507,0.35619816184043884,0.33727213740348816,2.670274257659912,-0.5851842164993286,2.082491636276245,1.6846310094987815,0.0149,,,,
271968,8499,19.02777862548828,12.37775993347168,6.590681552886963,0.0570126473903656,0.0023252391256392,0.0032897982746362686,1.598752737045288,0.0034253026824444532,0.48889267444610596,0.6328341960906982,0.5918620824813843,2.654813289642334,-0.5799944400787354,2.0751900672912598,1.6858922121854403,0.013399999999999999,,,,
273568,8549,18.690189361572266,11.15257453918457,7.461588382720947,0.07289135456085205,0.003135210834443569,-0.004939897917211056,1.68662691116333,-0.0047739287838339806,0.5817603468894958,0.3360203206539154,0.347358763217926,2.697946310043335,-0.5829647779464722,2.112887382507324,1.6871272788550857,0.0094,,,,
275168,8599,18.211654663085938,10.576622009277344,7.532633304595947,0.09988576173782349,0.0025142477825284004,0.006671147886663675,1.628134846687317,0.006824815645813942,0.5495339035987854,0.5496140718460083,0.5464705228805542,2.7409348487854004,-0.5885552763938904,2.1574714183807373,1.688342084155253,0.014100000000000001,,,,
276768,8649,17.443220138549805,10.305803298950195,7.056734085083008,0.0744021087884903,0.006281436420977116,0.00396597757935524,1.8170874118804932,0.00408339174464345,0.42416131496429443,0.7412173748016357,0.6480841636657715,2.7549374103546143,-0.5829083919525146,2.178687572479248,1.6895275045856835,0.012199999999999999,,,,
278368,8699,16.094711303710938,8.961280822753906,7.04649543762207,0.07667404413223267,0.01026172935962677,0.0012753360206261277,1.721958875656128,0.001404875423759222,0.4637339115142822,0.5047116875648499,0.45061203837394714,2.800670623779297,-0.582646369934082,2.2186529636383057,1.6906594655373717,0.011200000000000002,,,,
279968,8749,19.931732177734375,12.179479598999023,7.666439533233643,0.08391669392585754,0.0018953258404508233,0.012431974522769451,1.899000883102417,0.012566780671477318,0.48132461309432983,0.3499513864517212,0.26310306787490845,2.775207757949829,-0.5886844396591187,2.1890554428100586,1.691867230839288,0.010399999999999998,,,,
281568,8799,16.720386505126953,9.38094425201416,7.205880165100098,0.126463383436203,0.0070989555679261684,-0.004969627130776644,1.6498966217041016,-0.004836859181523323,0.4888710379600525,0.2567988932132721,0.2515532374382019,2.784599542617798,-0.5805140733718872,2.213142156600952,1.6930437579038307,0.0145,,,,
283168,8849,20.096006393432617,12.601664543151855,7.355088233947754,0.13034296035766602,0.00891052931547165,-0.004484908655285835,1.6968815326690674,-0.004334873985499144,0.5280861854553223,0.26559221744537354,0.27088117599487305,2.7993483543395996,-0.5828976035118103,2.213186264038086,1.6942302960934112,0.012799999999999999,,,,
284768,8899,18.63426399230957,11.368730545043945,7.169265270233154,0.08841784298419952,0.00784972682595253,0.0025984877720475197,1.6179966926574707,0.0027542607858777046,0.5554815530776978,0.6446084976196289,0.6187608242034912,2.817990779876709,-0.5802161693572998,2.2398176193237305,1.6954118048190177,0.013800000000000002,,,,
286368,8949,20.32779884338379,13.318816184997559,6.9006757736206055,0.10180382430553436,0.006502024829387665,0.0006442010635510087,1.7068208456039429,0.0007896502502262592,0.5262423157691956,0.5891717672348022,0.535008430480957,2.819582223892212,-0.5739184021949768,2.248473644256592,1.6964950720150644,0.0085,,,,
287968,8999,14.952746391296387,8.641814231872559,6.241155624389648,0.06673987209796906,0.003036585869267583,-0.0027111403178423643,1.689826488494873,-0.0025575950276106596,0.5400742292404175,0.4676244556903839,0.46813639998435974,2.860934257507324,-0.5798909664154053,2.282411575317383,1.697677683158061,0.0087,,,,
289568,9049,19.888843536376953,11.664177894592285,8.096017837524414,0.12208367139101028,0.006562890950590372,-0.004040053579956293,1.6444151401519775,-0.0038999798707664013,0.5088425874710083,0.5856804847717285,0.5871186852455139,2.8621487617492676,-0.585198700428009,2.284677743911743,1.698814475402412,0.0144,,,,
291168,9099,19.43132781982422,10.992579460144043,8.296873092651367,0.13133776187896729,0.010538678616285324,-0.00316807022318244,1.706460952758789,-0.003044124925509095,0.4395737648010254,0.31975993514060974,0.3221111595630646,2.9012606143951416,-0.5862494707107544,2.311967611312866,1.6999162708305577,0.0076,,,,
292768,9149,19.757450103759766,12.829331398010254,6.817793846130371,0.10169501602649689,0.008630415424704552,-0.0034823452588170767,1.5797169208526611,-0.0033607857767492533,0.4513532519340515,0.37143373489379883,0.3562678098678589,2.9043376445770264,-0.5877154469490051,2.314365863800049,1.7010389664561694,0.010399999999999998,,,,
294368,9199,19.08803939819336,11.909271240234375,7.103045463562012,0.07180915772914886,0.003911234438419342,-0.0026097549125552177,1.5062174797058105,-0.002458448987454176,0.5335673093795776,0.40716618299484253,0.41602468490600586,2.8921990394592285,-0.5837706923484802,2.3094985485076904,1.7021162694678529,0.0143,,,,
295968,9249,19.136674880981445,11.665157318115234,7.386297225952148,0.07787647843360901,0.00734349898993969,-0.0033328619319945574,1.6655124425888062,-0.0031732236966490746,0.5775735974311829,0.3564402461051941,0.3629426062107086,2.9411540031433105,-0.5802291035652161,2.3580217361450195,1.7031732249123017,0.010600000000000002,,,,
297568,9299,17.63368034362793,10.222979545593262,7.326287269592285,0.07899556308984756,0.005419500637799501,0.00026671335217542946,1.5534131526947021,0.00045341497752815485,0.6745964884757996,0.24142789840698242,0.21549782156944275,2.905691146850586,-0.5822117328643799,2.3268609046936035,1.7043224281254723,0.0158,,,,
299168,9349,15.470664024353027,9.113789558410645,6.308629035949707,0.04761556535959244,0.0006298248190432787,0.00016835441056173295,1.5401489734649658,0.00034122835495509207,0.60830157995224,0.4728282392024994,0.456904798746109,2.911341667175293,-0.5828795433044434,2.3276150226593018,1.7053637544228348,0.011700000000000002,,,,
300768,9399,15.401172637939453,8.642729759216309,6.687381267547607,0.06486907601356506,0.006192844361066818,0.002001849701628089,1.6467548608779907,0.0021823467686772346,0.6274247169494629,0.17046193778514862,0.14617688953876495,2.9648313522338867,-0.5846683979034424,2.3760931491851807,1.7064407836680526,0.0101,,,,
302368,9449,19.779020309448242,12.398494720458984,7.271044731140137,0.10650809109210968,0.002971460111439228,-0.0016017613233998418,1.5659643411636353,-0.0014435488265007734,0.5603235960006714,0.3250043988227844,0.3302246630191803,3.0029385089874268,-0.5948000550270081,2.40474009513855,1.7074618270206632,0.0115,,,,
303968,9499,21.713254928588867,12.882055282592773,8.710789680480957,0.1162823960185051,0.004127104766666889,-0.004704097285866737,1.619218349456787,-0.0045466348528862,0.5597521066665649,0.34846869111061096,0.3559952974319458,2.9462668895721436,-0.6043620109558105,2.341266632080078,1.7083274465732918,0.014,,,,
305568,9549,19.19808006286621,12.435080528259277,6.704123497009277,0.05596410483121872,0.0029122703708708286,-0.007174864411354065,1.765777826309204,-0.007020503748208284,0.54701828956604,0.3812572956085205,0.3870794475078583,2.950207471847534,-0.6062272191047668,2.343433141708374,1.7094858722537627,0.007200000000000001,,,,
307168,9599,17.006914138793945,9.690799713134766,7.261200904846191,0.05343201756477356,0.0014827292179688811,-0.0026625448372215033,1.5553388595581055,-0.0025047052185982466,0.5496768951416016,0.1372241973876953,0.14620080590248108,2.8725857734680176,-0.604837954044342,2.2630083560943604,1.7105673183699122,0.014799999999999999,,,,
308768,9649,18.516714096069336,10.403106689453125,8.01651382446289,0.09105101227760315,0.006043191067874432,-0.0028162000235170126,1.6226552724838257,-0.002667860360816121,0.5452944040298462,0.41949987411499023,0.4584501385688782,2.8384172916412354,-0.5967282652854919,2.2485835552215576,1.711561370154004,0.016,,,,
310368,9699,18.35151481628418,10.85011100769043,7.411535263061523,0.08765814453363419,0.0022106512915343046,-0.0025605999398976564,1.6248252391815186,-0.0024099834263324738,0.5384016036987305,0.5569268465042114,0.5489261746406555,2.8003668785095215,-0.6011664271354675,2.209059953689575,1.7126319058600585,0.0109,,,,
311968,9749,17.505823135375977,10.293962478637695,7.122827529907227,0.08302655816078186,0.006006404757499695,-0.003412421327084303,1.5426315069198608,-0.003241789061576128,0.5876532793045044,0.0769265741109848,0.08634313195943832,2.769357204437256,-0.6042566895484924,2.161553144454956,1.713676422540626,0.0111,,,,
313568,9799,18.771289825439453,11.05434799194336,7.640569686889648,0.07048505544662476,0.005888195708394051,-0.0031926962547004223,1.4802777767181396,-0.003012485569342971,0.6227497458457947,0.14793458580970764,0.15965476632118225,2.79323148727417,-0.6067371964454651,2.183558225631714,1.714584296831736,0.0162,,,,
315168,9849,17.902599334716797,10.025726318359375,7.791894912719727,0.07809574156999588,0.006882488261908293,-0.0014251790707930923,1.6647906303405762,-0.0012422074796631932,0.6551764011383057,0.2731744647026062,0.2723343074321747,2.825455665588379,-0.602608859539032,2.218536376953125,1.715588036000648,0.017,,,,
316768,9899,16.426027297973633,9.40726089477539,6.931687355041504,0.07968956977128983,0.007390153128653765,-0.004989967215806246,1.6209355592727661,-0.004817744717001915,0.6241517663002014,0.434396892786026,0.45281603932380676,2.7672500610351562,-0.6019168496131897,2.1650378704071045,1.7164469029157423,0.013099999999999999,,,,
318368,9949,19.573299407958984,11.28882884979248,8.20206069946289,0.08103609085083008,0.0013723606243729591,-0.005880686454474926,1.6572502851486206,-0.005662256386131048,0.7819795608520508,0.15520599484443665,0.166642963886261,2.7631256580352783,-0.5991798639297485,2.1597278118133545,1.7174143992281108,0.014399999999999998,,,,
319968,9999,15.182228088378906,8.548567771911621,6.545300006866455,0.08470843732357025,0.003652010578662157,-0.002265824005007744,1.6235849857330322,-0.0020957854576408863,0.6269643902778625,0.30256718397140503,0.2901630401611328,2.714860200881958,-0.5960338115692139,2.119399070739746,1.7183477188356662,0.014000000000000002,,,,
321568,10049,15.760272979736328,8.9110689163208,6.722591400146484,0.12135691195726395,0.00525572057813406,-0.0021215102169662714,1.4831571578979492,-0.0019218309316784143,0.6966553330421448,0.2974325120449066,0.29437610507011414,2.6898341178894043,-0.5996391773223877,2.0877113342285156,1.6636180222016972,0.011,,,,
323168,10099,16.980802536010742,9.354707717895508,7.502645969390869,0.11525410413742065,0.008195205591619015,0.002333872253075242,1.644553542137146,0.0025551430881023407,0.763267993927002,0.2285291850566864,0.2118789553642273,2.7042598724365234,-0.5945851802825928,2.1066644191741943,1.6644123160316424,0.0123,,,,
324768,10149,18.333038330078125,10.480234146118164,7.713868141174316,0.119938924908638,0.018994895741343498,0.000559166248422116,1.7038180828094482,0.0007445747614838183,0.6695648431777954,0.41402143239974976,0.4072189927101135,2.6603870391845703,-0.5870526432991028,2.0720889568328857,1.665167794346397,0.0141,,,,
326368,10199,15.80476188659668,9.366052627563477,6.361534118652344,0.07680124789476395,0.0003740670217666775,-0.002486097626388073,1.661847472190857,-0.0023055970668792725,0.6423001885414124,0.35448944568634033,0.3727918267250061,2.634507894515991,-0.5861315727233887,2.0466105937957764,1.6658920730166158,0.0145,,,,
327968,10249,20.778825759887695,11.623462677001953,9.080390930175781,0.06724119931459427,0.007730341982096434,-0.0059563713148236275,1.5796600580215454,-0.005791720002889633,0.5823644399642944,0.2855979800224304,0.31127145886421204,2.6570045948028564,-0.5805323719978333,2.0748507976531982,1.6667432420912676,0.0073,,,,
329568,10299,17.65183448791504,11.047920227050781,6.51589298248291,0.08408672362565994,0.003935121465474367,-0.0019442940829321742,1.5593186616897583,-0.001770163420587778,0.6004028916358948,0.4634982943534851,0.46230149269104004,2.711256980895996,-0.5745595693588257,2.1309549808502197,1.6674923208262655,0.0165,,,,
331168,10349,17.43726348876953,10.112689018249512,7.247490882873535,0.07607793062925339,0.0010043671354651451,-0.002853060606867075,1.6178739070892334,-0.0026878579519689083,0.6021894216537476,0.2768624722957611,0.2643638849258423,2.6499416828155518,-0.5663359761238098,2.0829787254333496,1.6683123843688483,0.0083,,,,
332768,10399,18.165327072143555,10.375662803649902,7.700867176055908,0.07936970144510269,0.009426342323422432,-0.002371086971834302,1.5803289413452148,-0.0022142548114061356,0.5549038648605347,0.29208630323410034,0.29430511593818665,2.690579891204834,-0.5691958665847778,2.116886615753174,1.6691077810358161,0.015200000000000002,,,,
334368,10449,13.795754432678223,7.047342300415039,6.667812347412109,0.07663089036941528,0.003969233483076096,0.003608403028920293,1.6450004577636719,0.003761430736631155,0.5542857050895691,0.4343363344669342,0.3847295045852661,2.639031410217285,-0.5711583495140076,2.0671379566192627,1.6699138918706986,0.020399999999999998,,,,
335968,10499,22.472225189208984,13.890851974487305,8.483996391296387,0.0945059135556221,0.0028719671536237,-0.001311972620896995,1.67172372341156,-0.0011606417829170823,0.5341660380363464,0.3639242649078369,0.35709822177886963,2.659034013748169,-0.5670841336250305,2.0946643352508545,1.6706635968268395,0.0149,,,,
337568,10549,17.259357452392578,10.129658699035645,7.018733501434326,0.10256888717412949,0.00839559081941843,0.0017744991928339005,1.4575620889663696,0.0019406410865485668,0.5804147124290466,-0.1102074608206749,-0.1115150973200798,2.646218776702881,-0.5617178678512573,2.0784008502960205,1.6713782334310936,0.0104,,,,
339168,10599,17.06822967529297,10.264695167541504,6.737631797790527,0.06319430470466614,0.0027080164290964603,-0.000925904605537653,1.5532610416412354,-0.0007540570804849267,0.5966622233390808,0.4166240394115448,0.42345231771469116,2.6741130352020264,-0.5585169792175293,2.1107165813446045,1.6721514445809118,0.010600000000000002,,,,
340768,10649,16.301565170288086,9.623265266418457,6.579771518707275,0.0906887948513031,0.007838267832994461,-0.00033737532794475555,1.5204566717147827,-0.00016232702182605863,0.6096000671386719,0.27474135160446167,0.27882784605026245,2.6555275917053223,-0.5528593063354492,2.0971081256866455,1.6728419821395473,0.018799999999999997,,,,
342368,10699,17.07619857788086,9.807294845581055,7.150509357452393,0.11202260106801987,0.006372055504471064,0.0013633468188345432,1.6372976303100586,0.0015267916023731232,0.5762988328933716,0.3248826265335083,0.30365151166915894,2.6990575790405273,-0.5623490214347839,2.1378250122070312,1.6735739550776383,0.0097,,,,
343968,10749,17.51414680480957,10.042179107666016,7.405539512634277,0.06211075931787491,0.004315687343478203,-0.0012875486863777041,1.5602643489837646,-0.0010955651523545384,0.6857072114944458,0.11871170997619629,0.12675099074840546,2.7210850715637207,-0.5631095767021179,2.154104709625244,1.6742427876283101,0.0096,,,,
345568,10799,17.7972354888916,10.437403678894043,7.26092529296875,0.09109233319759369,0.007812186144292355,0.0008970405906438828,1.6493666172027588,0.0010543379466980696,0.5473103523254395,0.1304602175951004,0.12179703265428543,2.721625804901123,-0.5618439316749573,2.1544110774993896,1.674995085804757,0.009699999999999999,,,,
347168,10849,18.423105239868164,11.023015975952148,7.2811713218688965,0.10898084193468094,0.009937380440533161,0.005538220051676035,1.7354514598846436,0.005715773440897465,0.6341716647148132,0.4480915069580078,0.38237953186035156,2.7669289112091064,-0.5744460821151733,2.198781967163086,1.675592083689109,0.0088,,,,
348768,10899,13.056458473205566,6.881087303161621,6.115540504455566,0.05296351760625839,0.00686722993850708,0.0024737617932260036,1.5944981575012207,0.0026353239081799984,0.6025432348251343,0.5304100513458252,0.5197768211364746,2.776381492614746,-0.5710269212722778,2.204345464706421,1.676319998767545,0.0025999999999999994,,,,
350368,10949,14.988680839538574,8.640869140625,6.239107131958008,0.09812554717063904,0.010579106397926807,-0.0002239208115497604,1.604459285736084,-7.299224671442062e-05,0.5438556671142578,0.056052327156066895,0.04035784304141998,2.7365520000457764,-0.5736403465270996,2.1595184803009033,1.6770331208388234,0.014,,,,
351968,10999,21.249479293823242,13.232804298400879,7.906669616699219,0.09846484661102295,0.01154140755534172,0.0031497059389948845,1.699998378753662,0.0033350863959640265,0.6525266170501709,0.21499934792518616,0.18053275346755981,2.7638027667999268,-0.56812983751297,2.191270112991333,1.6777192332567297,0.0105,,,,
353568,11049,18.745080947875977,10.804147720336914,7.847551345825195,0.08983521163463593,0.0035448637790977955,0.0023529627360403538,1.5302120447158813,0.002521389164030552,0.6160874366760254,0.36984971165657043,0.34665876626968384,2.769373893737793,-0.5726355910301208,2.1975815296173096,1.6784359318214732,0.0085,,,,
355168,11099,18.450529098510742,10.728620529174805,7.582404136657715,0.13061752915382385,0.008887626230716705,0.00010148657020181417,1.7019069194793701,0.00024508664500899613,0.5230847597122192,0.5277025103569031,0.47667717933654785,2.7266387939453125,-0.5729976892471313,2.1619691848754883,1.6792404797308784,0.0092,,,,
356768,11149,17.688039779663086,10.547135353088379,7.042758941650391,0.09110895544290543,0.00703788036480546,-0.0013808256480842829,1.6474993228912354,-0.001160448882728815,0.7659070491790771,0.14599758386611938,0.1385684609413147,2.768874168395996,-0.5712749361991882,2.1960415840148926,1.6798256323759624,0.013,,,,
358368,11199,16.08353042602539,8.944538116455078,7.0098748207092285,0.1232854500412941,0.005833116360008717,0.002754536923021078,1.5259721279144287,0.002955957781523466,0.7228611707687378,0.4984908699989319,0.49050354957580566,2.8808300495147705,-0.5725898742675781,2.3118059635162354,1.6805183094477694,0.0098,,,,
359968,11249,15.970404624938965,8.997942924499512,6.8597025871276855,0.1076297014951706,0.005130100529640913,0.0014154762029647827,1.617067575454712,0.0016066839452832937,0.6965904831886292,0.6282659769058228,0.597459077835083,2.8744068145751953,-0.5666558146476746,2.318615674972534,1.6811261059492557,0.0162,,,,
361568,11299,21.36140251159668,12.906604766845703,8.346478462219238,0.10599622875452042,0.0023224197793751955,-0.002355926437303424,1.6656670570373535,-0.0021577475126832724,0.70146644115448,0.3045850694179535,0.3116070330142975,2.9034435749053955,-0.5736351609230042,2.3309834003448486,1.6818316006508764,0.011,,,,
363168,11349,20.26272964477539,11.685869216918945,8.490653991699219,0.08001847565174103,0.0061866058968007565,0.0009963602060452104,1.689179539680481,0.001205333275720477,0.7546323537826538,0.8103476762771606,0.783750057220459,2.959810733795166,-0.5744513273239136,2.393726348876953,1.682572501528869,0.0145,,,,
364768,11399,19.815340042114258,11.454837799072266,8.287135124206543,0.06945362687110901,0.003912567626684904,0.005411949008703232,1.5897375345230103,0.005632125772535801,0.7819456458091736,0.5065698623657227,0.47133705019950867,2.9479498863220215,-0.5709748864173889,2.3722994327545166,1.6832777209307115,0.0111,,,,
366368,11449,21.18897247314453,11.93734073638916,9.170693397521973,0.0762404128909111,0.0046978844329714775,0.0005703216302208602,1.4459571838378906,0.0007612821063958108,0.6680872440338135,0.47019892930984497,0.47121769189834595,2.914313316345215,-0.5808225870132446,2.3283815383911133,1.6839136978621008,0.017900000000000003,,,,
367968,11499,15.772015571594238,9.803459167480469,5.854188919067383,0.10552366077899933,0.008843530900776386,0.0026454865001142025,1.690259337425232,0.0028707527089864016,0.780742347240448,0.3983132243156433,0.3637346923351288,2.8290212154388428,-0.5850520730018616,2.240023374557495,1.6846296069323314,0.0185,,,,
369568,11549,18.188743591308594,10.054166793823242,8.051492691040039,0.07717648148536682,0.005907003302127123,-0.005043085664510727,1.629831314086914,-0.004798233509063721,0.8610575199127197,0.6424615979194641,0.6376774907112122,2.7544403076171875,-0.5948565006256104,2.162503719329834,1.6852870714231358,0.0101,,,,
371168,11599,17.918262481689453,10.502449035644531,7.34610652923584,0.06743770092725754,0.002268576994538307,-0.004153878893703222,1.5652704238891602,-0.003949297592043877,0.7374119162559509,0.32792308926582336,0.32723575830459595,2.745846748352051,-0.5932521820068359,2.1557300090789795,1.6859269289267185,0.0093,,,,
372768,11649,13.81786060333252,7.043581962585449,6.692734718322754,0.07398824393749237,0.007556180004030466,-0.0027470961213111877,1.5071790218353271,-0.0025309561751782894,0.794907808303833,0.35145074129104614,0.35598868131637573,2.7917845249176025,-0.6034417748451233,2.1879172325134277,1.6865439647541507,0.0148,,,,
374368,11699,20.16597557067871,12.04110336303711,8.040815353393555,0.08091208338737488,0.003144489834085107,-0.0005010204622521996,1.462392807006836,-0.0002817399217747152,0.779752254486084,0.3257891833782196,0.325601190328598,2.8170461654663086,-0.6069477200508118,2.2099735736846924,1.6871900445420929,0.0174,,,,
375968,11749,18.39351463317871,10.77305793762207,7.564207077026367,0.05411454290151596,0.0021346495486795902,-0.0021219749469310045,1.5767956972122192,-0.0019226477015763521,0.7134637832641602,0.269949346780777,0.268738329410553,2.8170504570007324,-0.613124430179596,2.199276924133301,1.687875676370713,0.016799999999999995,,,,
377568,11799,15.318796157836914,8.557557106018066,6.675019264221191,0.08366017043590546,0.002559981308877468,-0.004839663859456778,1.5486876964569092,-0.004606479778885841,0.8140382766723633,0.3668258488178253,0.36724939942359924,2.83013916015625,-0.6170985102653503,2.2116212844848633,1.6885556199015614,0.010199999999999999,,,,
379168,11849,16.747051239013672,9.880827903747559,6.782331943511963,0.0801878347992897,0.0037021185271441936,0.009455668739974499,1.6591466665267944,0.00968115497380495,0.7945058345794678,0.21405628323554993,0.18123839795589447,2.8148276805877686,-0.616773784160614,2.199726104736328,1.6891598419164489,0.0126,,,,
380768,11899,24.25387191772461,13.300352096557617,10.818706512451172,0.1296393871307373,0.005174101796001196,-0.0030624736100435257,1.5156872272491455,-0.002878215629607439,0.652795672416687,0.09645358473062515,0.10558944195508957,2.7765440940856934,-0.6139563322067261,2.1555960178375244,1.6897661373275896,0.018200000000000004,,,,
382368,11949,16.451900482177734,8.5183744430542,7.837934494018555,0.09226197004318237,0.0033302418887615204,-0.003466387977823615,1.630608081817627,-0.0032796922605484724,0.6451334953308105,0.33288487792015076,0.3341229259967804,2.6266586780548096,-0.6154794096946716,2.007960557937622,1.6903958460134798,0.014599999999999998,,,,
383968,11999,17.978357315063477,10.426773071289062,7.441709518432617,0.1031917929649353,0.0066826604306697845,0.0075604417361319065,1.566044569015503,0.00777314230799675,0.7622294425964355,0.365353524684906,0.33778902888298035,2.5924673080444336,-0.6137392520904541,1.9877833127975464,1.690974024005226,0.011100000000000002,,,,
385568,12049,16.118379592895508,9.293170928955078,6.732231140136719,0.09083002805709839,0.0021479539573192596,-0.004594734869897366,1.477588415145874,-0.004433905240148306,0.5793580412864685,0.09606582671403885,0.12556293606758118,2.6555421352386475,-0.6208158135414124,2.03452730178833,1.6916256674305354,0.0129,,,,
387168,12099,17.090051651000977,9.185050964355469,7.759787559509277,0.12778668105602264,0.017426172271370888,-0.010144422762095928,1.6130332946777344,-0.009996549226343632,0.5268939733505249,0.11122078448534012,0.1349191814661026,2.67098331451416,-0.6204754114151001,2.0469279289245605,1.6921676089214694,0.014600000000000002,,,,
388768,12149,15.2044677734375,8.562728881835938,6.559293746948242,0.07723851501941681,0.005207078531384468,-0.00018504040781408548,1.4528710842132568,1.9396873540244997e-05,0.7103793025016785,0.17843097448349,0.18207663297653198,2.6393556594848633,-0.6180860996246338,2.0181100368499756,1.692749807433982,0.0135,,,,
390368,12199,15.7204008102417,8.824955940246582,6.7976484298706055,0.09455946087837219,0.003237083088606596,-0.004752269480377436,1.5962409973144531,-0.004549783654510975,0.7335366606712341,0.31411853432655334,0.3226257860660553,2.7029902935028076,-0.6169313192367554,2.0817856788635254,1.693427066966171,0.0134,,,,
391968,12249,17.137292861938477,10.12479305267334,6.898927211761475,0.10659237951040268,0.006980608683079481,-0.0010987826390191913,1.5550905466079712,-0.0008950998308137059,0.7010602951049805,0.16505201160907745,0.15361717343330383,2.716801881790161,-0.6208735108375549,2.0905890464782715,1.6940436335201288,0.0136,,,,
393568,12299,17.664161682128906,10.353474617004395,7.211077690124512,0.09714378416538239,0.0024668944533914328,9.072956163436174e-05,1.5121992826461792,0.00027648077229969203,0.6507139205932617,0.10109603404998779,0.08684547990560532,2.7134196758270264,-0.6228102445602417,2.08473801612854,1.694703694884618,0.0045000000000000005,,,,
395168,12349,16.054969787597656,9.56693172454834,6.387545108795166,0.09830215573310852,0.0021896385587751865,-0.0018531512469053268,1.5164999961853027,-0.0017012254102155566,0.5354903340339661,0.1433747559785843,0.14374057948589325,2.746448516845703,-0.6275318264961243,2.114635705947876,1.6952815979265632,0.007699999999999999,,,,
396768,12399,17.075130462646484,9.427878379821777,7.594510078430176,0.05164925009012222,0.0010924657108262181,-0.001106399460695684,1.4529919624328613,-0.0009134737774729729,0.6781291961669922,0.0109051913022995,0.008816495537757874,2.778757095336914,-0.6268724799156189,2.146953821182251,1.6958472619815264,0.008599999999999998,,,,
398368,12449,20.047922134399414,11.642210960388184,8.283378601074219,0.1166505217552185,0.005681339185684919,-0.0027503061573952436,1.5304502248764038,-0.002560124034062028,0.6805281639099121,0.07377195358276367,0.065241239964962,2.74336314201355,-0.6213638782501221,2.1223509311676025,1.6964812913736345,0.014199999999999999,,,,
399968,12499,14.702142715454102,7.844313144683838,6.771792411804199,0.07784493267536163,0.008191815577447414,-0.004228606820106506,1.55014169216156,-0.004047160968184471,0.6504858136177063,0.057533688843250275,0.06896945834159851,2.7689528465270996,-0.6223174333572388,2.14521861076355,1.697091852815555,0.0165,,,,
401568,12549,14.444591522216797,7.568417549133301,6.755404472351074,0.11685004830360413,0.003919885493814945,-0.006381508428603411,1.518500804901123,-0.006208882667124271,0.6095598340034485,0.16966858506202698,0.19052359461784363,2.7367796897888184,-0.6223487854003906,2.1080520153045654,1.6537284254008586,0.013200000000000002,,,,
403168,12599,16.967769622802734,9.145623207092285,7.751600742340088,0.06422002613544464,0.0063239773735404015,-0.004080942831933498,1.5757114887237549,-0.003929703030735254,0.5389100313186646,0.019908830523490906,0.03524251654744148,2.681878089904785,-0.6200085282325745,2.0564451217651367,1.654756003663554,0.0125,,,,
404768,12649,20.402843475341797,12.098343849182129,8.265777587890625,0.03846536949276924,0.00025808336795307696,0.0011230921372771263,1.5632965564727783,0.0012867242330685258,0.5810054540634155,0.18820887804031372,0.18214133381843567,2.6933703422546387,-0.6246328949928284,2.0660204887390137,1.6557504171444375,0.013099999999999997,,,,
406368,12699,17.407913208007812,9.78809928894043,7.472282409667969,0.13467925786972046,0.012850981205701828,-0.0013661818811669946,1.3602036237716675,-0.0011927714804187417,0.6112288236618042,-0.014672799035906792,-0.005289250984787941,2.683576822280884,-0.6235963106155396,2.054511070251465,1.656768923032399,0.0185,,,,
407968,12749,20.209672927856445,11.59891414642334,8.5308256149292,0.07626007497310638,0.003673993283882737,-0.00300615094602108,1.6328067779541016,-0.0028325298335403204,0.6377586722373962,0.2141454517841339,0.22256237268447876,2.708763599395752,-0.6251386404037476,2.0871691703796387,1.6577354750229174,0.0132,,,,
409568,12799,16.285619735717773,9.194681167602539,6.989830493927002,0.09332014620304108,0.0077868797816336155,-0.00019019507453776896,1.6469686031341553,-2.8206268325448036e-05,0.5671994090080261,0.239082932472229,0.22728107869625092,2.679918050765991,-0.6175382137298584,2.058474063873291,1.658726702415529,0.0135,,,,
411168,12849,16.489912033081055,10.157317161560059,6.275170803070068,0.05617411062121391,0.0012515285052359104,-0.0031074488069862127,1.821040391921997,-0.0029424880631268024,0.610691249370575,0.3543103039264679,0.349306583404541,2.731379985809326,-0.6166344285011292,2.1237311363220215,1.6596963987808053,0.015300000000000001,,,,
412768,12899,13.955077171325684,7.639044761657715,6.242115020751953,0.06934817135334015,0.004568871110677719,-0.0008640869054943323,1.7223749160766602,-0.0007022470235824585,0.5784285664558411,0.32034242153167725,0.29223716259002686,2.716447353363037,-0.6275018453598022,2.0973336696624756,1.660358579575781,0.011600000000000001,,,,
414368,12949,17.052318572998047,9.732808113098145,7.249598503112793,0.06771453469991684,0.002196349436417222,0.0018512234091758728,1.5455946922302246,0.0020644483156502247,0.7385785579681396,0.4213825762271881,0.4044111669063568,2.681267738342285,-0.624119758605957,2.0503311157226562,1.6609646944142908,0.0125,,,,
415968,12999,16.95830726623535,8.894978523254395,7.973498344421387,0.08254795521497726,0.007281809579581022,-0.0036526431795209646,1.4393562078475952,-0.00347121711820364,0.6421001553535461,0.28638190031051636,0.3033604025840759,2.6422390937805176,-0.6263842582702637,2.010817527770996,1.661584791074576,0.0179,,,,
417568,13049,15.385380744934082,8.305617332458496,6.988858699798584,0.08826074749231339,0.00264437566511333,0.0029685564804822206,1.6024169921875,0.003148876829072833,0.6431453824043274,0.16425839066505432,0.13554033637046814,2.573523759841919,-0.6278722882270813,1.945481538772583,1.6621467470811415,0.0125,,,,
419168,13099,14.963047981262207,8.709376335144043,6.181619644165039,0.07133378088474274,0.000718258204869926,-0.005165983457118273,1.5073672533035278,-0.004980410449206829,0.6549778580665588,0.17592616379261017,0.20320755243301392,2.546759605407715,-0.6257694959640503,1.9175058603286743,1.6628194249560488,0.009300000000000001,,,,
420768,13149,18.451276779174805,11.961383819580078,6.409759521484375,0.0787835568189621,0.001349552650935948,0.0008008715813048184,1.6905546188354492,0.0009718382498249412,0.6094692945480347,0.34336143732070923,0.3307361602783203,2.572978973388672,-0.6286946535110474,1.9483177661895752,1.6633903713192988,0.007,,,,
422368,13199,14.78807544708252,7.900472640991211,6.81218147277832,0.06904377043247223,0.006377372890710831,-0.00041207391768693924,1.4998366832733154,-0.00022935058223083615,0.636080265045166,0.06734014302492142,0.06586267799139023,2.5619726181030273,-0.6310043334960938,1.9311766624450684,1.6639875099836658,0.013,,,,
423968,13249,15.835596084594727,8.868317604064941,6.890870571136475,0.07502056658267975,0.0013875467702746391,0.0015682009980082512,1.4907708168029785,0.0017382067162543535,0.5908139944076538,0.27023249864578247,0.2542401850223541,2.537336826324463,-0.6391007900238037,1.8998905420303345,1.6645568882117707,0.009899999999999999,,,,
425568,13299,14.089539527893066,7.340631008148193,6.6621575355529785,0.08278021961450577,0.0039709266275167465,-0.0024548673536628485,1.557759404182434,-0.0022689756006002426,0.6593998074531555,0.08343811333179474,0.06811527907848358,2.4984779357910156,-0.6406066417694092,1.8542592525482178,1.6651677120169508,0.014899999999999998,,,,
427168,13349,14.80606460571289,8.133947372436523,6.575194358825684,0.08823763579130173,0.008684833534061909,-0.0005878963274881244,1.5219706296920776,-0.00039464409928768873,0.6764134168624878,0.07112723588943481,0.0567057803273201,2.491197347640991,-0.6406112909317017,1.853804349899292,1.6657232642160908,0.0125,,,,
428768,13399,15.113191604614258,8.423162460327148,6.66645622253418,0.023571286350488663,1.7998644352701376e-06,-0.0032971305772662163,1.5758424997329712,-0.003106834599748254,0.6858975291252136,0.48464739322662354,0.4910062849521637,2.4906606674194336,-0.6355983018875122,1.8610507249832153,1.6663866854528324,0.009699999999999999,,,,
430368,13449,16.033842086791992,9.72568130493164,6.214304447174072,0.08757155388593674,0.006284327711910009,0.005122771020978689,1.6885240077972412,0.005295508541166782,0.6103923320770264,0.3872252404689789,0.34556442499160767,2.5041086673736572,-0.6344850659370422,1.874258041381836,1.6668872313143424,0.0136,,,,
431968,13499,15.339011192321777,9.076711654663086,6.183210372924805,0.07325347512960434,0.005835298448801041,0.0009725171839818358,1.4857945442199707,0.0011796340113505721,0.7376623153686523,0.12307789921760559,0.11395666003227234,2.488469123840332,-0.6332299113273621,1.855487585067749,1.6674787212459548,0.006600000000000002,,,,
433568,13549,17.458982467651367,10.33616828918457,7.039766788482666,0.08191583305597305,0.0011333058355376124,0.001965458272024989,1.4930753707885742,0.002181374467909336,0.7716107368469238,0.2572809159755707,0.22698581218719482,2.48140811920166,-0.6293972134590149,1.8531041145324707,1.6682224229486498,0.011600000000000001,,,,
435168,13599,16.757640838623047,9.590127944946289,7.03524112701416,0.1251443773508072,0.0071259853430092335,0.0011281587649136782,1.4453649520874023,0.0013163307448849082,0.674274206161499,0.09602923691272736,0.08868686854839325,2.5266449451446533,-0.6333913803100586,1.8922789096832275,1.6687718774727576,0.0066,,,,
436768,13649,16.59421157836914,9.620058059692383,6.899191379547119,0.07251377403736115,0.0024483499582856894,0.0027658024337142706,1.644152045249939,0.002968250773847103,0.7163875102996826,0.06566816568374634,0.03484184667468071,2.5264732837677,-0.6330853700637817,1.8906346559524536,1.6693510722965483,0.0118,,,,
438368,13699,17.466039657592773,9.334090232849121,8.04934024810791,0.0815691202878952,0.001038731075823307,0.0004930945578962564,1.57333505153656,0.0006679812213405967,0.6300535202026367,0.3112265467643738,0.3034481704235077,2.5347414016723633,-0.6379857063293457,1.8957477807998657,1.66998740721454,0.0162,,,,
439968,13749,15.532791137695312,8.797767639160156,6.639625072479248,0.08980906754732132,0.005588700994849205,-0.0023547420278191566,1.4958988428115845,-0.002176795620471239,0.6185851097106934,-0.04526185244321823,-0.046042121946811676,2.5105390548706055,-0.634501576423645,1.8705073595046997,1.6704688844001172,0.016300000000000002,,,,
441568,13799,19.058185577392578,11.265914916992188,7.714796543121338,0.07492339611053467,0.0025519581977277994,-0.0072785005904734135,1.5537556409835815,-0.00709692295640707,0.6435479521751404,0.21438097953796387,0.25195038318634033,2.4883296489715576,-0.6357386112213135,1.8543363809585571,1.6710067541939593,0.009,,,,
443168,13849,15.994833946228027,9.720476150512695,6.202921390533447,0.06742606312036514,0.004011534154415131,-0.004525160416960716,1.4692343473434448,-0.004328856244683266,0.6921476125717163,0.06471908092498779,0.0925925001502037,2.495323657989502,-0.6355970501899719,1.857988953590393,1.6716743092305295,0.0152,,,,
444768,13899,17.365806579589844,9.236166000366211,8.08362865447998,0.04405693709850311,0.001955948304384947,-0.003740252461284399,1.5600371360778809,-0.0035645042080432177,0.6128588318824768,0.3645365834236145,0.36884623765945435,2.489637851715088,-0.6342819333076477,1.8567842245101929,1.6721785343059081,0.012399999999999998,,,,
446368,13949,13.589533805847168,7.530954837799072,6.00633430480957,0.04921799898147583,0.003026803722605109,-0.0027087260968983173,1.5856924057006836,-0.002563412068411708,0.5157036185264587,0.13425174355506897,0.13793399930000305,2.474515914916992,-0.6332083940505981,1.8442543745040894,1.6727765519628437,0.0095,,,,
447968,13999,16.75703239440918,9.251992225646973,7.425736427307129,0.06704186648130417,0.01226290687918663,0.004573504906147718,1.6989805698394775,0.004743076860904694,0.5987508296966553,0.029444433748722076,-0.013491367921233177,2.538154363632202,-0.6391535401344299,1.8973909616470337,1.6733213374452713,0.0105,,,,
449568,14049,14.641048431396484,8.584017753601074,5.994873046875,0.05985797569155693,0.0022996298503130674,-0.0005290241679176688,1.451387643814087,-0.0003781452542170882,0.5420911312103271,0.10752087086439133,0.10555103421211243,2.527587413787842,-0.6393918395042419,1.8844361305236816,1.6739603068386002,0.0106,,,,
451168,14099,18.755741119384766,11.199661254882812,7.475710868835449,0.07431323081254959,0.00605460349470377,-0.008404557593166828,1.6086832284927368,-0.008240029215812683,0.5875830054283142,0.4424366056919098,0.4843571186065674,2.556061029434204,-0.637016773223877,1.9213299751281738,1.6744337435109033,0.009300000000000001,,,,
452768,14149,20.90247917175293,13.333839416503906,7.489047050476074,0.07602006942033768,0.003571772016584873,0.00025071765412576497,1.6088882684707642,0.0004019106854684651,0.5334893465042114,0.33950191736221313,0.3048743009567261,2.5548300743103027,-0.6357795000076294,1.916346788406372,1.6749208934449307,0.018299999999999997,,,,
454368,14199,16.306926727294922,8.85657787322998,7.3604021072387695,0.07978708297014236,0.010159559547901154,-0.0024977209977805614,1.4430961608886719,-0.002323400927707553,0.6120116114616394,0.15120282769203186,0.15953469276428223,2.5548787117004395,-0.6401572227478027,1.910452127456665,1.6755737283872536,0.0088,,,,
455968,14249,13.102927207946777,6.494811058044434,6.5145697593688965,0.08729781210422516,0.006249563302844763,0.008867179974913597,1.7118096351623535,0.009036979638040066,0.5965015292167664,0.3649308681488037,0.32416775822639465,2.4899511337280273,-0.6360411643981934,1.8535525798797607,1.6761220055143684,0.0162,,,,
457568,14299,18.485666275024414,11.14204216003418,7.216367721557617,0.12008459120988846,0.007171800825744867,-0.0004789152299053967,1.5410537719726562,-0.00031810704967938364,0.5857420563697815,0.4638359546661377,0.4428957998752594,2.5500330924987793,-0.6241275668144226,1.930912733078003,1.6766374405982314,0.0167,,,,
459168,14349,19.837392807006836,9.850345611572266,9.86534595489502,0.11172176152467728,0.00998080987483263,0.004255195148289204,1.6267260313034058,0.004428080283105373,0.604951024055481,0.25875067710876465,0.22258125245571136,2.5521435737609863,-0.6155523657798767,1.9423564672470093,1.6772132805777753,0.009899999999999999,,,,
460768,14399,13.928574562072754,8.193516731262207,5.656829357147217,0.07614467293024063,0.002084922743961215,-0.002264665672555566,1.5092437267303467,-0.002094244584441185,0.6083326935768127,0.2242594212293625,0.22183291614055634,2.557431936264038,-0.6199718713760376,1.9388937950134277,1.6778421455942982,0.013699999999999999,,,,
462368,14449,15.657246589660645,7.886435031890869,7.691007137298584,0.07822749018669128,0.001577140181325376,0.004097735974937677,1.6852376461029053,0.0042573316022753716,0.5699968934059143,0.5019700527191162,0.4673398733139038,2.5257811546325684,-0.6146944165229797,1.9181904792785645,1.6783897570894164,0.0139,,,,
463968,14499,15.839073181152344,8.71175479888916,7.007754325866699,0.11121388524770737,0.008350458927452564,0.003667613258585334,1.669433355331421,0.0038583334535360336,0.6819186210632324,0.4387264549732208,0.42253392934799194,2.4786911010742188,-0.6068970561027527,1.8701980113983154,1.67900088719038,0.019200000000000002,,,,
465568,14549,15.6444730758667,8.3624849319458,7.22695255279541,0.05315016582608223,0.0018851611530408263,0.003129402408376336,1.4140489101409912,0.003341453382745385,0.7397595047950745,0.09780092537403107,0.0906425267457962,2.454695701599121,-0.6029731035232544,1.851178765296936,1.6795182897504894,0.0121,,,,
467168,14599,17.92022705078125,10.30874252319336,7.52400016784668,0.08390773087739944,0.0035763094201684,-0.002186758443713188,1.4906983375549316,-0.002026320667937398,0.564637303352356,0.2767419219017029,0.27375608682632446,2.4655911922454834,-0.6066399812698364,1.8591591119766235,1.680022045533685,0.011600000000000001,,,,
468768,14649,15.427392959594727,8.759634017944336,6.553734302520752,0.1066858246922493,0.00733915064483881,-0.0013687261380255222,1.5527030229568481,-0.0012128036469221115,0.5468814373016357,0.03578706458210945,0.034541502594947815,2.532196044921875,-0.6103628277778625,1.9200830459594727,1.6806078836884466,0.0129,,,,
470368,14699,18.826799392700195,11.336962699890137,7.415619373321533,0.0718824714422226,0.0023352515418082476,0.001040254021063447,1.5074868202209473,0.0012013902887701988,0.5671871900558472,0.38462215662002563,0.3727073669433594,2.519671678543091,-0.6083627343177795,1.9110679626464844,1.6811207935370116,0.0135,,,,
471968,14749,16.036754608154297,8.65915584564209,7.291129112243652,0.0838608369231224,0.0026100336108356714,-0.0027215408626943827,1.5748205184936523,-0.0025608271826058626,0.5621349811553955,0.32135945558547974,0.3344998061656952,2.524911642074585,-0.6059167981147766,1.9161460399627686,1.681704323502043,0.0176,,,,
473568,14799,12.89832878112793,6.553342819213867,6.286977767944336,0.056012704968452454,0.0019949835259467363,0.00461527518928051,1.5572863817214966,0.004775776527822018,0.568708062171936,0.2577284574508667,0.2109735757112503,2.5567455291748047,-0.6071920990943909,1.9498370885849,1.6823290465756522,0.015400000000000002,,,,
475168,14849,14.522619247436523,7.774286270141602,6.642343044281006,0.09955823421478271,0.006431386806070805,-0.004259875975549221,1.4588768482208252,-0.004105002619326115,0.5558741688728333,0.27719342708587646,0.29532408714294434,2.609347343444824,-0.6131742596626282,1.9940030574798584,1.6827685077715984,0.0143,,,,
476768,14899,16.475963592529297,9.718934059143066,6.669893264770508,0.08219054341316223,0.004943257197737694,-0.0038520321249961853,1.5249965190887451,-0.0037019585724920034,0.5376721024513245,0.21332639455795288,0.23421397805213928,2.6183085441589355,-0.6091967821121216,2.0097174644470215,1.6832429318018094,0.008199999999999999,,,,
478368,14949,13.186721801757812,7.450211048126221,5.638784408569336,0.09319324791431427,0.004533916711807251,0.006708784960210323,1.608403205871582,0.006871423684060574,0.5698877573013306,0.2567412257194519,0.18884588778018951,2.606313705444336,-0.6137014627456665,2.0000016689300537,1.6837630041891456,0.0086,,,,
479968,14999,16.4397029876709,9.261364936828613,7.0888848304748535,0.08574025332927704,0.0037119220942258835,0.0027718041092157364,1.526585578918457,0.00295270886272192,0.6274937391281128,0.3017958700656891,0.3021841049194336,2.580996513366699,-0.6121785044670105,1.9695981740951538,1.6841716389710377,0.0178,,,,
481568,15049,17.677560806274414,9.453980445861816,8.077871322631836,0.13107827305793762,0.014630232006311417,0.004270882811397314,1.5724411010742188,0.004410448484122753,0.4938141703605652,0.5047950744628906,0.44541993737220764,2.5722455978393555,-0.615873396396637,1.9612308740615845,1.647815646317566,0.011300000000000001,,,,
483168,15099,13.909236907958984,7.195322513580322,6.624979496002197,0.08274737000465393,0.006187353748828173,-0.0015666979597881436,1.6307646036148071,-0.0014200564473867416,0.5263868570327759,0.29534998536109924,0.2790386974811554,2.5658187866210938,-0.6129053235054016,1.9528614282608032,1.648693351011881,0.0124,,,,
484768,15149,16.949996948242188,9.46226692199707,7.386100769042969,0.09660042077302933,0.005028899293392897,-0.003364404197782278,1.5610696077346802,-0.003224562853574753,0.4904325008392334,0.14059439301490784,0.15542535483837128,2.5935044288635254,-0.6070361733436584,1.9833898544311523,1.6495129888901814,0.0125,,,,
486368,15199,14.85771656036377,7.718331813812256,7.026675224304199,0.10665825009346008,0.006051735952496529,0.007113530766218901,1.725722312927246,0.007273147348314524,0.5888729691505432,0.6324853301048279,0.5867913961410522,2.573824405670166,-0.6012317538261414,1.980309247970581,1.6503708582671655,0.009600000000000001,,,,
487968,15249,13.316669464111328,6.773211479187012,6.467281818389893,0.06890086829662323,0.007274724077433348,-0.0007968508871272206,1.5383124351501465,-0.0006207863334566355,0.6281830668449402,0.02044054865837097,0.0063105858862400055,2.6296534538269043,-0.6061655879020691,2.0206470489501953,1.6512119524969295,0.0145,,,,
489568,15299,15.208002090454102,8.187616348266602,6.910135269165039,0.10383341461420059,0.006417288910597563,0.0008081977139227092,1.6759626865386963,0.0009757002699188888,0.6045817732810974,0.09544356167316437,0.06652355194091797,2.657853126525879,-0.6002101302146912,2.0590360164642334,1.652071025110118,0.0091,,,,
491168,15349,13.58763313293457,7.283203601837158,6.20485782623291,0.09009499102830887,0.009476426057517529,-0.00140685576479882,1.4926891326904297,-0.0012415256351232529,0.5999358296394348,0.2194005697965622,0.21986958384513855,2.617635726928711,-0.6082993745803833,2.006192207336426,1.6529101603008243,0.0096,,,,
492768,15399,16.845611572265625,9.620227813720703,7.124180793762207,0.09535270929336548,0.005850962363183498,0.003377204528078437,1.6491100788116455,0.003562006400898099,0.6473390460014343,0.20693719387054443,0.16142776608467102,2.617251396179199,-0.6087861061096191,2.007786512374878,1.6537491359817065,0.012399999999999998,,,,
494368,15449,16.32012367248535,9.200098037719727,7.043203830718994,0.07589074224233627,0.0009310377645306289,-0.0028067089151591063,1.5840033292770386,-0.002627468202263117,0.6409823894500732,0.23272694647312164,0.2411116361618042,2.6340980529785156,-0.6050968170166016,2.0349254608154297,1.6545586234077538,0.011,,,,
495968,15499,15.876802444458008,8.45099925994873,7.31099271774292,0.10349257290363312,0.011318604461848736,0.00013959681382402778,1.5065245628356934,0.0003669261932373047,0.7972372770309448,-0.07986631989479065,-0.07844039052724838,2.628735065460205,-0.5973815321922302,2.0249030590057373,1.6554084697078246,0.014400000000000001,,,,
497568,15549,14.106169700622559,8.017333984375,6.014221668243408,0.07151184976100922,0.003101829206570983,-0.0008927778690122068,1.5528638362884521,-0.0007345975609496236,0.5688766241073608,0.0025578029453754425,0.009938430041074753,2.6775739192962646,-0.6010027527809143,2.0707199573516846,1.6562163592675059,0.0172,,,,
499168,15599,14.14725112915039,7.323821067810059,6.721126556396484,0.09162785112857819,0.010674959048628807,-0.008304630406200886,1.6825511455535889,-0.008124521002173424,0.6427493691444397,0.25225815176963806,0.2813994288444519,2.607569932937622,-0.6035099029541016,2.0060625076293945,1.6570486047017787,0.0176,,,,
500768,15649,15.539237022399902,8.115242958068848,7.328680992126465,0.09198407828807831,0.0033289468847215176,9.315520583186299e-05,1.6132924556732178,0.0002628998481668532,0.5958048701286316,0.3068404495716095,0.2923828065395355,2.6161909103393555,-0.6091246008872986,2.006073236465454,1.6578174985407146,0.013,,,,
502368,15699,14.654562950134277,7.856692790985107,6.723142623901367,0.06697539985179901,0.007751266937702894,-0.005225285887718201,1.4536025524139404,-0.005073224194347858,0.5342245101928711,0.058781761676073074,0.07555973529815674,2.5853264331817627,-0.6031646728515625,1.977852463722229,1.6585768540931511,0.013300000000000001,,,,
503968,15749,13.793590545654297,7.3194475173950195,6.3483991622924805,0.11889361590147018,0.006849983707070351,-0.0029767986852675676,1.6082830429077148,-0.0028190372977405787,0.5519152879714966,0.451750785112381,0.46910035610198975,2.5714824199676514,-0.5992348790168762,1.976953387260437,1.6593659760965973,0.0125,,,,
505568,15799,15.923311233520508,8.538249969482422,7.302913188934326,0.07526376843452454,0.0068839010782539845,0.0010676427045837045,1.5194408893585205,0.001245159306563437,0.6152157187461853,0.24232137203216553,0.2322969287633896,2.5448145866394043,-0.5996469855308533,1.9420790672302246,1.6601399118002402,0.011800000000000001,,,,
507168,15849,16.51753044128418,9.583483695983887,6.8453145027160645,0.0784037634730339,0.010329151526093483,0.002019084058701992,1.6696689128875732,0.0022120445501059294,0.6730538606643677,0.13157789409160614,0.11168525367975235,2.5010623931884766,-0.598579466342926,1.8981873989105225,1.6608965392464645,0.013800000000000002,,,,
508768,15899,14.200465202331543,7.618103981018066,6.435484886169434,0.13816243410110474,0.008714074268937111,-0.00033712098957039416,1.7025874853134155,-0.00018481093866284937,0.5465345978736877,0.40713784098625183,0.3823017477989197,2.4605071544647217,-0.5897322297096252,1.8792129755020142,1.6616974569213003,0.0144,,,,
510368,15949,19.36790657043457,11.16208267211914,8.128079414367676,0.07238968461751938,0.005355911795049906,-0.002058246871456504,1.690349817276001,-0.0019091999856755137,0.5442763566970825,0.4083736836910248,0.4100886583328247,2.486276626586914,-0.5852257609367371,1.9061139822006226,1.6624821728004004,0.0102,,,,
511968,15999,18.36825942993164,10.705577850341797,7.571145534515381,0.09011474251747131,0.0014203747268766165,-0.0028821874875575304,1.4507304430007935,-0.002718705218285322,0.5688899159431458,0.3071581721305847,0.29442235827445984,2.4901552200317383,-0.5867694020271301,1.9030787944793701,1.6632021953131984,0.0125,,,,
513568,16049,17.347599029541016,9.449231147766113,7.839712619781494,0.05806993693113327,0.0005857391515746713,0.0005757260951213539,1.5461814403533936,0.0007854673895053566,0.7362512350082397,0.18027399480342865,0.15411891043186188,2.5097360610961914,-0.5802043676376343,1.9263091087341309,1.6639817370323662,0.0111,,,,
515168,16099,15.3564453125,8.353811264038086,6.914886474609375,0.08348865807056427,0.004258889704942703,0.0001575805654283613,1.4568912982940674,0.00035571411717683077,0.7069303393363953,0.3699871301651001,0.3508259952068329,2.4945523738861084,-0.5803873538970947,1.9219034910202026,1.664719992349646,0.007899999999999999,,,,
516768,16149,13.115483283996582,6.51903772354126,6.540344715118408,0.05486667901277542,0.0012337720254436135,0.00026590307243168354,1.5906943082809448,0.000460579467471689,0.6833654642105103,0.2064788043498993,0.1913726031780243,2.482508659362793,-0.5860416889190674,1.8938277959823608,1.6655404066167419,0.014600000000000002,,,,
518368,16199,15.43869400024414,8.680736541748047,6.666198253631592,0.08885224163532257,0.0029064740519970655,-0.0004759600851684809,1.5054593086242676,-0.0002968227490782738,0.6180270910263062,-0.05546644702553749,-0.0757056400179863,2.4896326065063477,-0.582672119140625,1.902176856994629,1.6663257762922237,0.011600000000000001,,,,
519968,16249,15.380455017089844,8.892247200012207,6.408990859985352,0.0759560689330101,0.003260265802964568,-0.002412155270576477,1.6270883083343506,-0.002231116872280836,0.6318897604942322,0.05698532238602638,0.043842777609825134,2.4882519245147705,-0.5749244093894958,1.9093631505966187,1.6670774812780242,0.011100000000000002,,,,
521568,16299,16.534311294555664,8.796713829040527,7.65674352645874,0.07896564900875092,0.0018888217164203525,0.005185239017009735,1.624163031578064,0.005349267739802599,0.581049919128418,0.2643166482448578,0.23867645859718323,2.422844171524048,-0.5690262913703918,1.854852318763733,1.667692311738123,0.011300000000000001,,,,
523168,16349,18.452919006347656,10.2211332321167,8.160249710083008,0.06984533369541168,0.0016915308078750968,-0.0013187918812036514,1.4490686655044556,-0.0011547172907739878,0.5905666947364807,0.4288840889930725,0.41885262727737427,2.433375835418701,-0.5630948543548584,1.8654451370239258,1.6681862851085716,0.010299999999999998,,,,
524768,16399,14.831210136413574,7.5867228507995605,7.185726165771484,0.05614359676837921,0.002616706769913435,-0.0011247089132666588,1.4112496376037598,-0.0008799459901638329,0.854716420173645,0.07252831757068634,0.08191923797130585,2.4009618759155273,-0.5601109862327576,1.8349183797836304,1.6686758436179874,0.007000000000000001,,,,
526368,16449,13.358997344970703,6.75227689743042,6.516216278076172,0.08433631807565689,0.006167686078697443,-0.001431983313523233,1.549900770187378,-0.0012719322694465518,0.5646348595619202,0.2029585838317871,0.20483766496181488,2.446624279022217,-0.5571607947349548,1.8858833312988281,1.6692394045936116,0.009,,,,
527968,16499,14.60539722442627,7.95378303527832,6.575305461883545,0.07508540898561478,0.00122233503498137,-0.0004425852675922215,1.6450401544570923,-0.00026798807084560394,0.6188941597938538,-0.08061275631189346,-0.07551534473896027,2.430874824523926,-0.5665683746337891,1.8595342636108398,1.6696896652919342,0.0163,,,,
529568,16549,13.737701416015625,7.169344902038574,6.49961519241333,0.06446743756532669,0.004273587372153997,-0.0006130097899585962,1.5734333992004395,-0.000424403406213969,0.6564314961433411,0.28557151556015015,0.2596874535083771,2.432086944580078,-0.5670581459999084,1.863510251045227,1.670175795688793,0.011,,,,
531168,16599,17.7590389251709,9.536955833435059,8.134486198425293,0.08061280846595764,0.006983881816267967,-0.004885954782366753,1.6106822490692139,-0.004706547129899263,0.6477975249290466,0.4789724051952362,0.46560749411582947,2.4845566749572754,-0.5708610415458679,1.9247475862503052,1.6706071565496992,0.0137,,,,
532768,16649,16.46003532409668,9.487120628356934,6.859369277954102,0.1029696986079216,0.010575818829238415,0.0024494268000125885,1.6343106031417847,0.0026380992494523525,0.6593583822250366,0.2619376480579376,0.23474256694316864,2.4917819499969482,-0.5668107867240906,1.9338220357894897,1.6710316575773487,0.013,,,,
534368,16699,17.766094207763672,9.548236846923828,8.116806030273438,0.0939321517944336,0.007118571549654007,-0.003086570417508483,1.6008626222610474,-0.002909631235525012,0.634416401386261,0.09874765574932098,0.10632208734750748,2.564552068710327,-0.5699928402900696,1.9912762641906738,1.6715349017295131,0.005600000000000001,,,,
535968,16749,15.744532585144043,8.920258522033691,6.734041213989258,0.08903778344392776,0.001195164630189538,-0.0029617545660585165,1.6008052825927734,-0.0027954583056271076,0.5943858027458191,0.438334196805954,0.42888155579566956,2.609736442565918,-0.5736316442489624,2.0455470085144043,1.6720094911163843,0.0103,,,,
537568,16799,13.251510620117188,6.480870246887207,6.657436370849609,0.10835063457489014,0.004853478167206049,0.002724705496802926,1.6980488300323486,0.0029075792990624905,0.6512294411659241,0.48776426911354065,0.4789290130138397,2.668140411376953,-0.5678341388702393,2.099292755126953,1.672429713787715,0.0075,,,,
539168,16849,16.828720092773438,9.802801132202148,6.913693904876709,0.10281229764223099,0.009413504041731358,-0.0016211718320846558,1.4873440265655518,-0.0014505048748105764,0.61285001039505,0.19163164496421814,0.18839964270591736,2.6693553924560547,-0.5739369988441467,2.089772939682007,1.6728468419013418,0.0107,,,,
540768,16899,14.429530143737793,7.785726547241211,6.538424015045166,0.09726335108280182,0.008116339333355427,-0.000269709387794137,1.6032122373580933,-9.922671597450972e-05,0.5956863164901733,0.30806800723075867,0.2844526171684265,2.5859880447387695,-0.5734168291091919,2.0092506408691406,1.6733237796308031,0.008999999999999998,,,,
542368,16949,13.071867942810059,6.578639984130859,6.4170379638671875,0.06859336048364639,0.007596903946250677,0.006052318494766951,1.6625573635101318,0.006237613502889872,0.6554328203201294,0.2037675827741623,0.17361538112163544,2.5472564697265625,-0.5787948369979858,1.9643467664718628,1.673749596728809,0.013300000000000001,,,,
543968,16999,12.871699333190918,6.523410320281982,6.304164409637451,0.041600778698921204,0.0025236711371690035,-0.0024920727591961622,1.6069376468658447,-0.002325538545846939,0.5855225324630737,0.4854474663734436,0.4979041814804077,2.6205766201019287,-0.571355938911438,2.05082631111145,1.6741755975247403,0.0127,,,,
545568,17049,12.788186073303223,6.7969160079956055,5.915102958679199,0.0727444663643837,0.0034225184936076403,0.006437605246901512,1.6332287788391113,0.006630913354456425,0.6766443848609924,0.08811084926128387,0.06735902279615402,2.642540693283081,-0.5638872981071472,2.0745391845703125,1.6746089008557714,0.012399999999999998,,,,
547168,17099,15.082830429077148,8.297669410705566,6.68546199798584,0.09177854657173157,0.007920213975012302,-0.0012624647933989763,1.5056562423706055,-0.001049818005412817,0.7462531924247742,0.2757619023323059,0.2810538113117218,2.64182448387146,-0.5612004399299622,2.0748894214630127,1.6750459107355027,0.008799999999999999,,,,
548768,17149,14.5897798538208,7.624444007873535,6.882863521575928,0.07895448803901672,0.0035179825499653816,-6.147651583887637e-05,1.670605182647705,0.00012014899402856827,0.6493102312088013,0.33109188079833984,0.31463947892189026,2.6224005222320557,-0.5608826875686646,2.0619900226593018,1.6755488754232861,0.016,,,,
550368,17199,16.6478214263916,9.864730834960938,6.668629169464111,0.10610387474298477,0.008357521146535873,-0.004591997247189283,1.4878687858581543,-0.004400340840220451,0.6762035489082336,-0.001264883205294609,0.008043428882956505,2.5847105979919434,-0.5563348531723022,2.02201771736145,1.6759972841818354,0.011300000000000001,,,,
551968,17249,17.14215850830078,10.000711441040039,7.072781562805176,0.06797471642494202,0.0006904288893565536,-0.003016330534592271,1.623277187347412,-0.0028316557873040438,0.6774818301200867,0.33229100704193115,0.33397117257118225,2.5899498462677,-0.5556482672691345,2.035905122756958,1.6764204256739308,0.0127,,,,
553568,17299,15.812179565429688,8.529473304748535,7.195441246032715,0.0833393782377243,0.003925674594938755,-0.0018486673943698406,1.5305577516555786,-0.0016907169483602047,0.5556744933128357,0.4384632706642151,0.44602784514427185,2.598315715789795,-0.563468873500824,2.035126209259033,1.6768944763552627,0.014,,,,
555168,17349,16.643117904663086,9.112621307373047,7.424474239349365,0.10129907727241516,0.004723503254354,7.428627577610314e-05,1.5303492546081543,0.000268181087449193,0.6834564805030823,0.14926689863204956,0.13361364603042603,2.5583698749542236,-0.5638739466667175,1.9915783405303955,1.6773004938251053,0.0072,,,,
556768,17399,15.68274974822998,7.908805847167969,7.646640777587891,0.11576581746339798,0.011537987738847733,-0.002550377743318677,1.4272875785827637,-0.0023302375338971615,0.7714454531669617,-0.022454671561717987,-0.02303895354270935,2.537785768508911,-0.5646698474884033,1.967654824256897,1.6776616213215887,0.015300000000000001,,,,
558368,17449,13.719551086425781,6.817283630371094,6.815426826477051,0.0848187729716301,0.002021599793806672,-0.0026845259126275778,1.4688562154769897,-0.0024595719296485186,0.8038403987884521,0.09519067406654358,0.09121035039424896,2.5433521270751953,-0.5734111666679382,1.9694795608520508,1.678200294776085,0.006600000000000001,,,,
559968,17499,14.776575088500977,7.816012382507324,6.912088394165039,0.047868385910987854,0.0006059684092178941,-0.012522175908088684,1.6467738151550293,-0.012302445247769356,0.7921944856643677,0.22308585047721863,0.26066815853118896,2.530339002609253,-0.5785826444625854,1.9557077884674072,1.6787244240794157,0.014299999999999998,,,,
561568,17549,14.012028694152832,7.303548812866211,6.622170448303223,0.08385249227285385,0.002456607762724161,-0.0038539262022823095,1.7211297750473022,-0.0036526001058518887,0.7179918885231018,0.4115214943885803,0.400169312953949,2.479862689971924,-0.5813329219818115,1.9097784757614136,1.6495142836893488,0.005399999999999999,,,,
563168,17599,18.35053825378418,10.560797691345215,7.700571060180664,0.08638137578964233,0.0027883206494152546,-0.0067100017331540585,1.5510952472686768,-0.00651580048725009,0.6864199638366699,0.09128840267658234,0.12131541967391968,2.486989974975586,-0.575378954410553,1.9089516401290894,1.6502438857074833,0.009,,,,
564768,17649,15.192255973815918,7.8885626792907715,7.207490921020508,0.09212171286344528,0.004079955164343119,-0.004050365183502436,1.4428000450134277,-0.0038587553426623344,0.6706568598747253,0.1030556857585907,0.10967794060707092,2.427741289138794,-0.5758099555969238,1.8464999198913574,1.650912121716366,0.011899999999999999,,,,
566368,17699,17.21367835998535,10.332357406616211,6.8022918701171875,0.07398341596126556,0.005045350641012192,0.0013991913292557001,1.509377121925354,0.001604421529918909,0.7093442678451538,0.33695465326309204,0.31825536489486694,2.4612274169921875,-0.5723341107368469,1.8852555751800537,1.6516750673026015,0.0054,,,,
567968,17749,14.981806755065918,8.39474105834961,6.48560094833374,0.09764615446329117,0.0038188404869288206,0.00428659375756979,1.7055513858795166,0.00449038902297616,0.7223706245422363,0.3278225362300873,0.29428982734680176,2.4327166080474854,-0.5736762285232544,1.8587599992752075,1.652413220606168,0.0146,,,,
569568,17799,13.581926345825195,7.106667518615723,6.351556777954102,0.11557083576917648,0.008131240494549274,-5.457211227621883e-05,1.500838279724121,0.00013285304885357618,0.6538042426109314,0.12211677432060242,0.11112228035926819,2.528747081756592,-0.576927661895752,1.9484142065048218,1.653097246812406,0.0115,,,,
571168,17849,13.032878875732422,6.7096943855285645,6.249002933502197,0.07020152360200882,0.0039800358936190605,0.003350434359163046,1.4890494346618652,0.003547294996678829,0.6770858764648438,0.29288727045059204,0.2786423861980438,2.5030431747436523,-0.5705558061599731,1.927583932876587,1.6538741888280915,0.012199999999999999,,,,
572768,17899,12.350900650024414,6.384061813354492,5.873067378997803,0.09165631234645844,0.00211412669159472,-0.0015284979017451406,1.6526130437850952,-0.001350013306364417,0.6223354935646057,0.3641759753227234,0.35196805000305176,2.5084152221679688,-0.5764889121055603,1.9301259517669678,1.654621487536855,0.014199999999999999,,,,
574368,17949,17.114967346191406,9.853612899780273,7.193087577819824,0.0670563206076622,0.0012112893164157867,-0.001065674121491611,1.5794252157211304,-0.0008972153882496059,0.5979280471801758,0.260703980922699,0.25236523151397705,2.526907444000244,-0.5805671811103821,1.9472798109054565,1.65531324590614,0.017799999999999996,,,,
575968,17999,14.503238677978516,7.804820537567139,6.596047401428223,0.09653692692518234,0.005834309849888086,-0.003108441364020109,1.5661437511444092,-0.002940971637144685,0.5794752836227417,0.06144023686647415,0.05712907761335373,2.5154008865356445,-0.579554557800293,1.9310846328735352,1.656022654128249,0.0172,,,,
577568,18049,17.196426391601562,9.5718412399292,7.533982276916504,0.08576907962560654,0.004834044724702835,-0.0021723350510001183,1.5283585786819458,-0.00199159630574286,0.6317490935325623,0.2263963520526886,0.2251804620027542,2.521009922027588,-0.5806556940078735,1.9390289783477783,1.656725703792516,0.012700000000000001,,,,
579168,18099,12.725543975830078,6.307682514190674,6.325850963592529,0.0866842046380043,0.0053262594155967236,0.0001659242989262566,1.5567207336425781,0.0003525595529936254,0.6593256592750549,0.3304651379585266,0.3166404366493225,2.478031873703003,-0.576706051826477,1.9079259634017944,1.6573870302177474,0.0166,,,,
580768,18149,13.033647537231445,7.105654716491699,5.852876663208008,0.06989382952451706,0.005222536623477936,-0.004464835859835148,1.6974393129348755,-0.004290956538170576,0.6436406970024109,0.30110830068588257,0.3203054368495941,2.4787447452545166,-0.5755161046981812,1.9080097675323486,1.6581169040262926,0.014199999999999999,,,,
582368,18199,12.50901985168457,6.665724754333496,5.733964443206787,0.10498271137475967,0.004348606336861849,-0.0031059819739311934,1.644429087638855,-0.002912771888077259,0.6890963315963745,0.3413500189781189,0.33622223138809204,2.5122063159942627,-0.5724539160728455,1.9466314315795898,1.658783162894349,0.0148,,,,
583968,18249,15.636003494262695,8.626606941223145,6.9436564445495605,0.05858376994729042,0.007156371138989925,-0.00020778112229891121,1.6665229797363281,4.109449218958616e-05,0.8905822038650513,-0.0013327524065971375,-0.014192285016179085,2.4848382472991943,-0.5631546378135681,1.9244807958602905,1.6594816863646433,0.015399999999999999,,,,
585568,18299,14.614513397216797,7.595434188842773,6.9074530601501465,0.10672811418771744,0.004897479433566332,-0.003279489930719137,1.563133716583252,-0.003092771163210273,0.6542353630065918,0.43665483593940735,0.442168653011322,2.4732728004455566,-0.5614531636238098,1.9126676321029663,1.6601753318930441,0.0137,,,,
587168,18349,16.11393165588379,9.419000625610352,6.627231597900391,0.06285502761602402,0.00484452722594142,-0.003921576775610447,1.58263099193573,-0.0037291378248482943,0.6681474447250366,0.19452282786369324,0.20952951908111572,2.45034122467041,-0.5535482168197632,1.8931604623794556,1.6606401069722123,0.0101,,,,
588768,18399,13.248833656311035,7.0009379386901855,6.188915252685547,0.05872960388660431,0.0002512663195375353,-0.0022816138807684183,1.5263751745224,-0.0021296818740665913,0.5450942516326904,0.38785237073898315,0.3783627450466156,2.398101329803467,-0.5445894002914429,1.8601908683776855,1.661098883339052,0.0111,,,,
590368,18449,12.621377944946289,6.611833572387695,5.8913445472717285,0.10851895809173584,0.009681567549705505,-0.004377463366836309,1.5200605392456055,-0.004201419651508331,0.6149296760559082,0.12768787145614624,0.15571236610412598,2.3415846824645996,-0.5371929407119751,1.799481749534607,1.6615745991347255,0.013300000000000001,,,,
591968,18499,10.98976993560791,5.617496490478516,5.272286415100098,0.08933398872613907,0.010653073899447918,0.0016551744192838669,1.6296939849853516,0.0018584139179438353,0.7044150829315186,0.20882031321525574,0.17965616285800934,2.43404483795166,-0.5369200110435486,1.8928554058074951,1.6619606402618656,0.014,,,,
593568,18549,14.119592666625977,8.420628547668457,5.6230149269104,0.07092130929231644,0.005027458071708679,0.0036732663866132498,1.510155200958252,0.003862027544528246,0.658751368522644,0.12780651450157166,0.0961470976471901,2.517117500305176,-0.5351746082305908,1.9761204719543457,1.6624126755024116,0.017400000000000002,,,,
595168,18599,11.698451042175293,6.353847503662109,5.234252452850342,0.101900614798069,0.008449637331068516,-0.003917046822607517,1.5624499320983887,-0.0037250870373100042,0.6847439408302307,0.06842441856861115,0.0775037631392479,2.5116021633148193,-0.5380796194076538,1.9734069108963013,1.66284494514645,0.0174,,,,
596768,18649,12.104421615600586,6.657037734985352,5.37550163269043,0.06848777830600739,0.0033936952240765095,-0.00388751900754869,1.644502878189087,-0.0036622402258217335,0.7853574752807617,0.03445902466773987,0.03458482027053833,2.471141815185547,-0.5391589403152466,1.9267709255218506,1.6632267253101838,0.0152,,,,
598368,18699,12.036552429199219,6.156702518463135,5.79800271987915,0.08031409233808517,0.0015335001517087221,-0.0024806857109069824,1.5069444179534912,-0.002289791125804186,0.6830176115036011,0.31878775358200073,0.32242608070373535,2.4737915992736816,-0.5375828146934509,1.9380642175674438,1.663671749021536,0.010900000000000002,,,,
599968,18749,14.178327560424805,7.513410568237305,6.612298011779785,0.050782814621925354,0.0018359324894845486,-0.003596316557377577,1.5458405017852783,-0.0033960705623030663,0.6952667236328125,0.2971772849559784,0.3083339035511017,2.50677490234375,-0.5408534407615662,1.9663642644882202,1.6641086343957021,0.016399999999999998,,,,
601568,18799,13.954051971435547,7.457940578460693,6.3737592697143555,0.11492344737052917,0.007429438177496195,-0.00583606818690896,1.4322876930236816,-0.005620768293738365,0.7504985332489014,0.24483144283294678,0.25920188426971436,2.4905178546905518,-0.5450728535652161,1.9429066181182861,1.6645404664204178,0.012,,,,
603168,18849,18.649364471435547,10.481220245361328,8.083976745605469,0.08008524775505066,0.004081248305737972,-0.00593324052169919,1.5796141624450684,-0.0057006413117051125,0.804128885269165,0.1621486097574234,0.18656325340270996,2.415992021560669,-0.5540335774421692,1.861717700958252,1.6650206322133136,0.010399999999999998,,,,
604768,18899,15.240279197692871,8.391550064086914,6.747066497802734,0.0979456901550293,0.0037163319066166878,0.004691558424383402,1.5655267238616943,0.004897513892501593,0.7453584671020508,0.36848965287208557,0.3294137418270111,2.4181206226348877,-0.5561535954475403,1.8662744760513306,1.6653985013770785,0.0136,,,,
606368,18949,12.164114952087402,6.117264747619629,5.952192783355713,0.08654022961854935,0.008117007091641426,-0.00046217336785048246,1.5113306045532227,-0.0002708429819904268,0.6923195719718933,0.3062921166419983,0.3073968291282654,2.4658191204071045,-0.5602596998214722,1.9024019241333008,1.6658774950270863,0.0113,,,,
607968,18999,10.967555046081543,5.074861526489258,5.830447673797607,0.06190120428800583,0.00034398221760056913,-0.006108969449996948,1.6271440982818604,-0.005914668552577496,0.7049143314361572,0.546965479850769,0.5729208588600159,2.4530770778656006,-0.566604733467102,1.8911043405532837,1.6662746053875934,0.013600000000000001,,,,
609568,19049,12.023369789123535,5.580905914306641,6.383958339691162,0.05637185275554657,0.0021338171791285276,-0.0017033630283549428,1.628598690032959,-0.0015215848106890917,0.6586476564407349,0.15210512280464172,0.1396283507347107,2.437821865081787,-0.5681121349334717,1.8695993423461914,1.6666641301791374,0.007600000000000001,,,,
611168,19099,12.778188705444336,6.4571967124938965,6.1861958503723145,0.11850111186504364,0.016295822337269783,0.0004282188310753554,1.5359413623809814,0.0006120007019490004,0.6494486927986145,0.30870360136032104,0.2968829572200775,2.480024814605713,-0.5723767280578613,1.9102634191513062,1.6670587348308399,0.0109,,,,
612768,19149,11.69794750213623,6.044860363006592,5.548370361328125,0.10422410815954208,0.0004916305770166218,0.0038061104714870453,1.5972537994384766,0.004007264971733093,0.7167060375213623,0.1354801207780838,0.1161535233259201,2.465681552886963,-0.5756146907806396,1.888811707496643,1.667470542320203,0.0111,,,,
614368,19199,15.566442489624023,7.815616607666016,7.643699645996094,0.09928885847330093,0.007837696000933647,0.0006152420537546277,1.6277432441711426,0.000814858649391681,0.703062117099762,0.15216895937919617,0.13573049008846283,2.4704864025115967,-0.5730710029602051,1.900237798690796,1.6678454028211374,0.012,,,,
615968,19249,14.592659950256348,7.6014556884765625,6.920100212097168,0.06563807278871536,0.005465294700115919,0.02211451716721058,1.6655611991882324,0.02232593670487404,0.7401998043060303,0.3188585937023163,0.26113462448120117,2.406708002090454,-0.5759319067001343,1.8327807188034058,1.6682436221739763,0.0141,,,,
617568,19299,12.59592056274414,6.5486555099487305,5.980127811431885,0.06479985266923904,0.0023368438705801964,-0.0013988746795803308,1.5491678714752197,-0.0012053156970068812,0.68015456199646,0.31489771604537964,0.28405141830444336,2.445791482925415,-0.582150399684906,1.8616784811019897,1.668651937563205,0.0145,,,,
619168,19349,11.872241020202637,5.930423736572266,5.858582496643066,0.08126077055931091,0.001974112819880247,-0.002346551511436701,1.4590106010437012,-0.002159174531698227,0.6570696234703064,0.10202687978744507,0.09839017689228058,2.4664463996887207,-0.5874292254447937,1.8732218742370605,1.669024955656854,0.0106,,,,
620768,19399,13.721020698547363,7.248921871185303,6.379541397094727,0.08847822993993759,0.004078775644302368,0.0006645242683589458,1.6504206657409668,0.0008304037619382143,0.5866885185241699,0.15191739797592163,0.14064206182956696,2.478909969329834,-0.5881133675575256,1.89093017578125,1.6693917168491657,0.010899999999999998,,,,
622368,19449,13.389227867126465,7.101686954498291,6.201416015625,0.08166676759719849,0.004458647221326828,-0.004261949099600315,1.4969558715820312,-0.004091077484190464,0.5956626534461975,0.19349825382232666,0.2060554325580597,2.4809231758117676,-0.5932518839836121,1.8834257125854492,1.6697543728989235,0.009100000000000002,,,,
623968,19499,16.55729866027832,9.03053092956543,7.422431945800781,0.0960540920495987,0.008282377384603024,0.0020554272923618555,1.6540594100952148,0.002240972826257348,0.6653228402137756,0.14623889327049255,0.12617354094982147,2.4049925804138184,-0.5940470695495605,1.807405710220337,1.6701377618473516,0.008,,,,
625568,19549,15.089234352111816,8.338601112365723,6.689852714538574,0.057412244379520416,0.003368654754012823,-0.003239687532186508,1.4613444805145264,-0.003043665084987879,0.6844073534011841,0.1747734099626541,0.17744483053684235,2.4559645652770996,-0.5880956649780273,1.8609588146209717,1.6705599069785428,0.010799999999999999,,,,
627168,19599,16.623769760131836,9.482247352600098,7.058380603790283,0.07617918401956558,0.006962111219763756,0.003840809687972069,1.6302599906921387,0.004035846795886755,0.6781092882156372,-0.0036668628454208374,-0.02364884316921234,2.4677257537841797,-0.5905423164367676,1.8739979267120361,1.670935812359494,0.0107,,,,
628768,19649,15.256756782531738,8.777769088745117,6.396596908569336,0.07727339118719101,0.005117087624967098,-0.004549162462353706,1.4165303707122803,-0.004370945040136576,0.615977942943573,-0.0015213042497634888,0.010132625699043274,2.429316759109497,-0.5940983295440674,1.8325070142745972,1.6713805493847238,0.013,,,,
630368,19699,10.651704788208008,4.80360221862793,5.784101486206055,0.06318628787994385,0.0008146360050886869,-0.001071303035132587,1.5592905282974243,-0.0009177151368930936,0.5646088719367981,0.09733625501394272,0.07286998629570007,2.420973300933838,-0.6021739840507507,1.8198750019073486,1.6718168110840168,0.0073999999999999995,,,,
631968,19749,12.905681610107422,6.868802070617676,5.950486183166504,0.0819612443447113,0.004431817680597305,-0.006751259323209524,1.5172250270843506,-0.006570890545845032,0.6317597031593323,0.2699882686138153,0.2874286472797394,2.3984522819519043,-0.5935804843902588,1.8077188730239868,1.6721693735500036,0.008199999999999999,,,,
633568,19799,13.257559776306152,7.2853899002075195,5.874597549438477,0.09267181158065796,0.004900502040982246,-0.002068272791802883,1.602579116821289,-0.0018906061304733157,0.6158825159072876,0.2015906572341919,0.20220725238323212,2.4361929893493652,-0.5928797721862793,1.8403314352035522,1.6726085888831332,0.013300000000000001,,,,
635168,19849,18.853857040405273,11.308719635009766,7.437119960784912,0.10307043790817261,0.004945856984704733,-0.00279488624073565,1.5808265209197998,-0.002614628989249468,0.6506902575492859,0.1556849479675293,0.15115542709827423,2.450249195098877,-0.5881686210632324,1.8606946468353271,1.6730379011827956,0.0137,,,,
636768,19899,16.001384735107422,8.654523849487305,7.282416820526123,0.0642905905842781,0.0001525440311525017,-0.009224471636116505,1.589767336845398,-0.009045755490660667,0.6442990303039551,0.16916786134243011,0.20443092286586761,2.5232300758361816,-0.5861284136772156,1.9382530450820923,1.6733836317087356,0.012,,,,
638368,19949,13.938145637512207,7.225661754608154,6.6640238761901855,0.04753311350941658,0.0009268243447877467,-0.008545979857444763,1.5372812747955322,-0.008369680494070053,0.6227084994316101,0.3641921579837799,0.40367788076400757,2.528282642364502,-0.5894910097122192,1.939839482307434,1.6737314500296354,0.009399999999999999,,,,
639968,19999,13.390721321105957,7.171762466430664,6.14085578918457,0.07085119932889938,0.007251590956002474,-0.0025538494810462,1.6760635375976562,-0.0023594871163368225,0.684702455997467,0.21623152494430542,0.2302173674106598,2.4259302616119385,-0.5942957997322083,1.8314971923828125,1.6740587293002716,0.009600000000000001,,,,
