env_steps,iter,loss_wm,loss_recon,loss_kl,loss_reward,loss_continue,loss_actor,loss_critic,loss_pg,entropy,returns_mean,values_mean,return_scale,p5,p95,ips,env_reward_per_step,rew_pred_ach,rew_pred_zero,img_rew_max,img_rew_frac_hi
1568,49,127.54873657226562,124.08056640625,3.2245962619781494,0.22037433087825775,0.02320191077888012,0.054613128304481506,1.3309433460235596,0.0553215928375721,2.5250775814056396,0.1278633177280426,0.10448795557022095,1.0,0.061027541756629944,0.11384660750627518,0.7994253246105337,0.006700000000000001,,,,
3168,99,83.28040313720703,80.6900634765625,2.3678293228149414,0.1945112943649292,0.028002552688121796,0.0029274679254740477,1.390805959701538,0.0029515817295759916,0.08482921868562698,0.2086513191461563,0.17269834876060486,1.0,0.09692733734846115,0.23690222203731537,1.0042335624238115,0.0109,,,,
4768,149,83.34286499023438,80.39541625976562,2.766700267791748,0.16074031591415405,0.020002035424113274,0.0009834044612944126,1.6694040298461914,0.0010061732027679682,0.07976855337619781,0.25279802083969116,0.220775306224823,1.0,0.05300632864236832,0.4687666594982147,1.1006270084035816,0.0017000000000000001,,,,
6368,199,80.34005737304688,77.47312927246094,2.7220215797424316,0.11548630893230438,0.029416469857096672,-0.0007668874459341168,1.4718105792999268,-0.0007441729540005326,0.07961960881948471,0.3016047477722168,0.30976805090904236,1.0,-0.007101287599653006,0.7893536686897278,1.156147719637381,0.004900000000000001,,,,
7968,249,34.29808044433594,31.774377822875977,2.3555140495300293,0.14097385108470917,0.027216773480176926,0.008848150260746479,2.2750778198242188,0.008871186524629593,0.07960043102502823,0.6450976133346558,0.4870145618915558,1.3112009763717651,-0.10209280997514725,1.2198572158813477,1.1912488272019786,0.0036,,,,
9568,299,37.08124542236328,33.912025451660156,3.003364324569702,0.14206227660179138,0.023792481049895287,0.0030509410426020622,2.4395742416381836,0.003080325899645686,0.10282259434461594,0.5483275651931763,0.4714217185974121,1.7878369092941284,-0.19344399869441986,1.5910189151763916,1.2167466580769664,0.003,,,,
11168,349,34.11826705932617,30.978933334350586,2.9919333457946777,0.1183934137225151,0.02900679036974907,0.027538713067770004,2.402463674545288,0.027610786259174347,0.2645161747932434,1.0689948797225952,0.832595705986023,2.4251089096069336,-0.05081461742520332,2.384953737258911,1.2342245373714877,0.016,,,,
12768,399,34.447288513183594,31.06840705871582,3.257201671600342,0.11153833568096161,0.010143006220459938,0.0032627920154482126,1.9593456983566284,0.003311470616608858,0.17095141112804413,0.9822670817375183,0.8979345560073853,2.987826108932495,-0.0341118723154068,2.956848382949829,1.2487667833151816,0.0172,,,,
14368,449,25.189437866210938,21.781879425048828,3.2322003841400146,0.1504298746585846,0.024926818907260895,-0.00024353305343538523,1.924853801727295,-0.0002095782256219536,0.12555545568466187,1.1136314868927002,1.1042121648788452,3.2003514766693115,-0.13370847702026367,3.080148696899414,1.2605068946496152,0.012899999999999998,,,,
15968,499,31.908037185668945,28.474517822265625,3.3287134170532227,0.0876556858420372,0.017150919884443283,-0.001702032401226461,1.852365255355835,-0.001662607304751873,0.14003399014472961,0.6827418804168701,0.7355518341064453,2.8864095211029053,-0.1740303933620453,2.708803653717041,1.2688322410667416,0.019899999999999998,,,,
17568,549,30.854812622070312,27.06475067138672,3.635523557662964,0.1390399932861328,0.015499101020395756,-0.00048196938587352633,1.9743969440460205,-0.0004425840452313423,0.14629648625850677,0.8636548519134521,0.8492788076400757,2.9527688026428223,-0.17074918746948242,2.7903456687927246,1.2764657189635946,0.011800000000000001,,,,
19168,599,31.656570434570312,27.694753646850586,3.8581762313842773,0.09230975061655045,0.011331357061862946,0.0102090984582901,2.5486526489257812,0.010268017649650574,0.20530901849269867,1.4499728679656982,1.2804265022277832,3.2928502559661865,-0.1665298491716385,3.1257858276367188,1.2815910070267607,0.0060999999999999995,,,,
20768,649,29.67551040649414,26.008121490478516,3.5532684326171875,0.10760758817195892,0.006512835621833801,-0.0014629076467826962,1.774256944656372,-0.0014174093957990408,0.1590278297662735,0.8982682824134827,0.9061359763145447,3.3131282329559326,-0.11464349925518036,3.1914641857147217,1.286817428745929,0.011399999999999999,,,,
22368,699,35.8271484375,31.499374389648438,4.220265865325928,0.08850801736116409,0.019002394750714302,-0.002049833768978715,1.684178352355957,-0.001994180493056774,0.20552125573158264,1.181591510772705,1.155029535293579,3.3771395683288574,-0.12948481738567352,3.2511932849884033,1.2916770855521427,0.012399999999999998,,,,
23968,749,41.444889068603516,37.297935485839844,4.062291145324707,0.06977318227291107,0.014889695681631565,-0.00254345266148448,1.580182671546936,-0.0024814666248857975,0.2202543169260025,0.8432708382606506,0.8876577615737915,3.290107250213623,-0.11964254081249237,3.167742967605591,1.295038383452371,0.0136,,,,
25568,799,27.834590911865234,23.92751121520996,3.841564178466797,0.05346294492483139,0.012051587924361229,-0.002360203303396702,1.6398311853408813,-0.0023062091786414385,0.19093160331249237,0.6557525396347046,0.6944218873977661,3.043527364730835,-0.11252902448177338,2.924954414367676,1.2983897057272058,0.011100000000000002,,,,
27168,849,34.22087478637695,30.288928985595703,3.860083818435669,0.06317836046218872,0.008682634681463242,-0.0027842442505061626,1.6621052026748657,-0.002726572100073099,0.21649743616580963,0.898038387298584,0.9330429434776306,2.7901618480682373,-0.09599155187606812,2.6953024864196777,1.30204150562471,0.0125,,,,
28768,899,26.298175811767578,22.072309494018555,4.147289752960205,0.06321458518505096,0.015361176803708076,-0.0020959461107850075,1.4447107315063477,-0.0020165930036455393,0.28578442335128784,0.5467891693115234,0.5607216358184814,2.6337625980377197,-0.0773836076259613,2.555802583694458,1.3045357003931288,0.0182,,,,
30368,949,29.06172752380371,24.731727600097656,4.258051872253418,0.05989377573132515,0.012052886188030243,-0.002861330285668373,1.5797793865203857,-0.002772168256342411,0.32685279846191406,0.6472488045692444,0.6464889645576477,2.472423791885376,-0.077489472925663,2.396172046661377,1.3079129859752139,0.016300000000000002,,,,
31968,999,31.463459014892578,27.10428237915039,4.278355121612549,0.06383801251649857,0.016983145847916603,-0.005149320233613253,1.702925443649292,-0.005065686535090208,0.29599201679229736,0.6237068176269531,0.6620668172836304,2.2979865074157715,-0.06789422035217285,2.227342128753662,1.3106650208790367,0.0167,,,,
33568,1049,34.04368209838867,29.792238235473633,4.221555709838867,0.022982507944107056,0.006903037894517183,-0.0025697764940559864,1.1411588191986084,-0.0024521348532289267,0.4337693452835083,0.3899803161621094,0.40666499733924866,2.1356289386749268,-0.06091272085905075,2.0782787799835205,1.3129193274333548,0.0125,,,,
35168,1099,28.162267684936523,23.497756958007812,4.607108116149902,0.048364948481321335,0.009037772193551064,0.0021732694003731012,1.214877963066101,0.0022919662296772003,0.42826688289642334,0.5199690461158752,0.5104660391807556,1.9678229093551636,-0.0509604811668396,1.91502845287323,1.31504130755311,0.0135,,,,
36768,1149,28.250812530517578,23.850261688232422,4.334153175354004,0.05089497193694115,0.015502086840569973,-0.0019027109956368804,1.4672902822494507,-0.001779739512130618,0.4345543086528778,0.7065783143043518,0.7037992477416992,1.9645761251449585,-0.04401616379618645,1.923370361328125,1.3164070365096538,0.0089,,,,
38368,1199,30.503849029541016,25.759464263916016,4.693465232849121,0.044328559190034866,0.006589220371097326,-0.000246543379034847,1.309598684310913,-0.00012954128033015877,0.42904311418533325,0.5308146476745605,0.5283687710762024,1.8818832635879517,-0.0480426549911499,1.8355835676193237,1.317559583899093,0.0277,,,,
39968,1249,25.73185920715332,21.528345108032227,4.170530796051025,0.02802937664091587,0.004955444019287825,0.0022619818337261677,1.1808973550796509,0.0024288571439683437,0.6196815967559814,0.4747357964515686,0.4617565870285034,1.8228697776794434,-0.03029937855899334,1.794080138206482,1.3191615163749957,0.0105,,,,
41568,1299,31.25579833984375,26.172407150268555,5.014837265014648,0.060810595750808716,0.007744291797280312,-0.006291115190833807,1.2337591648101807,-0.006115712225437164,0.6324520111083984,0.41872113943099976,0.4385819733142853,1.7814562320709229,-0.033018238842487335,1.7467589378356934,1.3205856081122638,0.014,,,,
43168,1349,22.016355514526367,17.47479248046875,4.49556303024292,0.03652256354689598,0.009478416293859482,0.002480554860085249,1.0990169048309326,0.0026748294476419687,0.7259087562561035,0.4486052095890045,0.45123913884162903,1.7782518863677979,-0.0324484221637249,1.7446341514587402,1.3220606719437105,0.0193,,,,
44768,1399,28.472126007080078,23.77520751953125,4.651773452758789,0.03527422249317169,0.009870573878288269,-0.0035678460262715816,1.0490407943725586,-0.003330748528242111,0.8724796772003174,0.41060709953308105,0.41725897789001465,1.707849144935608,-0.03152337297797203,1.6746950149536133,1.3234786828016198,0.0175,,,,
46368,1449,33.685340881347656,28.780733108520508,4.867538928985596,0.03455808386206627,0.00250958651304245,-0.006127552594989538,1.1338326930999756,-0.005903435871005058,0.7876448035240173,0.4700755476951599,0.4847026467323303,1.666505217552185,-0.03223766013979912,1.6351649761199951,1.3246023031703722,0.013399999999999999,,,,
47968,1499,28.04981231689453,22.695688247680664,5.306074142456055,0.0418524332344532,0.006196913309395313,0.004398506134748459,1.3024375438690186,0.004597771912813187,0.7159568071365356,0.5386838912963867,0.5202283263206482,1.7533072233200073,-0.03145179897546768,1.720502495765686,1.325395984095394,0.0183,,,,
49568,1549,35.097434997558594,29.769996643066406,5.278181076049805,0.04484018683433533,0.004413152113556862,-0.0005225364584475756,1.307565450668335,-0.00033083633752539754,0.6956387162208557,0.43929752707481384,0.44177502393722534,1.7232356071472168,-0.038539011031389236,1.6829198598861694,1.3264850163430189,0.013800000000000002,,,,
51168,1599,30.457897186279297,25.670806884765625,4.712930679321289,0.0700472965836525,0.004111346788704395,-0.001083396840840578,1.2124881744384766,-0.0008162710582837462,0.9437689781188965,0.5153396725654602,0.5097671151161194,1.811755657196045,-0.0509190559387207,1.7625781297683716,1.3273362762848664,0.0165,,,,
52768,1649,30.051639556884766,24.770275115966797,5.223287105560303,0.04101836308836937,0.017058776691555977,0.000740524148568511,1.250514268875122,0.0009501221938990057,0.8128926753997803,0.4838314950466156,0.48171526193618774,1.8663071393966675,-0.044896747916936874,1.8216832876205444,1.3279674187523252,0.018799999999999997,,,,
54368,1699,24.335575103759766,19.641258239746094,4.643676280975342,0.04515770450234413,0.005482647567987442,-0.0012542243348434567,1.298065423965454,-0.001034334534779191,0.7789437174797058,0.4012189507484436,0.39576637744903564,1.9016304016113281,-0.037943389266729355,1.8592239618301392,1.32887638330668,0.018099999999999998,,,,
55968,1749,29.376934051513672,24.155637741088867,5.184564590454102,0.032896384596824646,0.0038352608680725098,0.0036335529293864965,1.3766372203826904,0.0038065325934439898,0.6618282794952393,0.7174819707870483,0.6972386837005615,1.91782546043396,-0.03677499666810036,1.8817164897918701,1.3295035803257593,0.017400000000000002,,,,
57568,1799,28.481077194213867,22.720624923706055,5.709818363189697,0.041940540075302124,0.008694278076291084,-0.0016690988559275866,1.2767810821533203,-0.0013845921494066715,0.9989955425262451,0.4527662396430969,0.4472057521343231,1.9383635520935059,-0.030525580048561096,1.907326102256775,1.3302202716965275,0.0129,,,,
59168,1849,26.13642120361328,21.241161346435547,4.841615200042725,0.04493218660354614,0.008713508024811745,0.0025375320110470057,1.2447633743286133,0.002815526444464922,1.040374517440796,0.5465670228004456,0.5372104644775391,2.0202643871307373,-0.02898694947361946,1.9914768934249878,1.3309291095221436,0.0114,,,,
60768,1899,34.23297119140625,28.296350479125977,5.901708602905273,0.03334395959973335,0.0015680145006626844,-6.83250545989722e-05,1.3378493785858154,0.00019337981939315796,0.9362179040908813,0.6326029300689697,0.6212049722671509,2.114093542098999,-0.03338571637868881,2.08083438873291,1.3313196813181725,0.0207,,,,
62368,1949,23.986509323120117,19.233219146728516,4.727710723876953,0.023214589804410934,0.0023650135844945908,0.002049937378615141,1.219933271408081,0.0022765998728573322,0.8977764844894409,0.5362135171890259,0.5209537148475647,2.3017349243164062,-0.03108374960720539,2.26621150970459,1.3322012871709579,0.0249,,,,
63968,1999,35.320674896240234,29.456722259521484,5.798797607421875,0.05972782149910927,0.0054275477305054665,0.0020582247525453568,1.309498906135559,0.002330213785171509,0.9819607734680176,0.6821306347846985,0.6740886569023132,2.3261139392852783,-0.03790254518389702,2.2902395725250244,1.3327650615540483,0.023100000000000002,,,,
65568,2049,26.51167869567871,21.37699317932129,5.094625949859619,0.0341443307697773,0.005916083697229624,-0.003089812584221363,1.255248785018921,-0.0028179006185382605,0.9334017634391785,0.5670355558395386,0.5742989778518677,2.135467529296875,-0.04048497974872589,2.093766212463379,1.3327630537098962,0.0238,,,,
67168,2099,24.989133834838867,19.708810806274414,5.238749980926514,0.03338261693716049,0.008189926855266094,0.0008643706096336246,1.3187918663024902,0.0011126786703243852,0.9035604000091553,0.45569974184036255,0.4511832594871521,2.014209747314453,-0.038155801594257355,1.9737414121627808,1.333609636422815,0.0256,,,,
68768,2149,27.424116134643555,21.971168518066406,5.385302543640137,0.05798124149441719,0.009662210009992123,0.001362743554636836,1.420140027999878,0.0015784110873937607,0.799542248249054,0.6536149978637695,0.6270782351493835,1.9145218133926392,-0.033798132091760635,1.88686203956604,1.3340516899430017,0.0197,,,,
70368,2199,28.904945373535156,23.256229400634766,5.602950572967529,0.037746500223875046,0.008019272238016129,0.0009314793860539794,1.3969013690948486,0.001113356091082096,0.6557888388633728,0.5673878192901611,0.5541478991508484,1.9833530187606812,-0.03305881470441818,1.9486879110336304,1.3347460745320443,0.0254,,,,
71968,2249,34.96881866455078,28.42384910583496,6.493549823760986,0.0458565391600132,0.005562738515436649,0.0024383156560361385,1.521965503692627,0.002679073717445135,0.8827649354934692,0.770405650138855,0.7363114953041077,2.0491867065429688,-0.035717789083719254,2.014700412750244,1.3351790192811788,0.0159,,,,
73568,2299,39.70933532714844,32.33320617675781,7.302105903625488,0.06600511819124222,0.008019226603209972,-8.76408739713952e-05,1.3234449625015259,8.187975618056953e-05,0.6976765394210815,0.796893298625946,0.7833395004272461,2.152672290802002,-0.0352785550057888,2.1185383796691895,1.3354516439644015,0.017,,,,
75168,2349,25.548690795898438,20.059764862060547,5.4454240798950195,0.03790449723601341,0.005598166957497597,-0.0040109120309352875,1.4692931175231934,-0.003829033114016056,0.6454666256904602,0.6336065530776978,0.629722535610199,2.1703312397003174,-0.03766656666994095,2.131074905395508,1.3357398125915168,0.019100000000000002,,,,
76768,2399,34.143680572509766,27.409563064575195,6.667118072509766,0.06447016447782516,0.002528921002522111,0.005309593863785267,1.5862821340560913,0.005480757914483547,0.6191012859344482,0.7750464677810669,0.7277235984802246,2.2588133811950684,-0.04461454227566719,2.2139785289764404,1.3360980137288438,0.0195,,,,
78368,2449,22.679874420166016,17.62657356262207,5.005297660827637,0.03902338072657585,0.008982186205685139,-0.0018613965949043632,1.2806845903396606,-0.00165836070664227,0.7857123613357544,0.6828964948654175,0.6864476799964905,2.334127902984619,-0.046981047838926315,2.285146951675415,1.3364430425668323,0.024200000000000003,,,,
79968,2499,37.405757904052734,30.613021850585938,6.740078926086426,0.047937359660863876,0.004721705801784992,0.0033306851983070374,1.6448309421539307,0.0034880542661994696,0.5737271904945374,0.7660611867904663,0.7140856981277466,2.3590657711029053,-0.04053078591823578,2.319413661956787,1.3367640423326035,0.0179,,,,
81568,2549,22.535507202148438,16.740089416503906,5.739373207092285,0.04785243794322014,0.00819383468478918,0.0019749600905925035,1.3133413791656494,0.0022182511165738106,0.9212883114814758,0.5891883373260498,0.575458824634552,2.3586747646331787,-0.033695776015520096,2.3232059478759766,1.21716498967293,0.0161,,,,
83168,2599,27.834957122802734,21.654523849487305,6.139632701873779,0.03899235278367996,0.001807934371754527,-0.00226491573266685,1.4038126468658447,-0.002066264161840081,0.7102683186531067,0.7846570014953613,0.7926010489463806,2.3431649208068848,-0.03399744629859924,2.30845046043396,1.220731987201386,0.0239,,,,
84768,2649,29.110929489135742,22.23284912109375,6.833277702331543,0.041569728404283524,0.0032316665165126324,0.0010135630145668983,1.3814969062805176,0.0012030764482915401,0.6830525994300842,0.8468741774559021,0.8349016904830933,2.3584930896759033,-0.03392007201910019,2.323908805847168,1.2242914459591627,0.018,,,,
86368,2699,34.55107879638672,28.02083969116211,6.4306960105896,0.0907522663474083,0.00879100151360035,-4.209729377180338e-05,1.3501203060150146,0.0001721484586596489,0.8036561608314514,0.623806357383728,0.6190283894538879,2.421217441558838,-0.03987149894237518,2.3834095001220703,1.227498637670706,0.0217,,,,
87968,2749,24.721372604370117,18.82305145263672,5.833951473236084,0.05533534288406372,0.009033724665641785,0.004105354659259319,1.563364028930664,0.004303738474845886,0.7181087136268616,0.7871569395065308,0.7424393892288208,2.4112956523895264,-0.03143604099750519,2.3787918090820312,1.2306432286283406,0.022,,,,
89568,2799,26.101232528686523,19.880367279052734,6.1503214836120605,0.061108410358428955,0.009436391294002533,0.0009608523105271161,1.435211420059204,0.0011298151221126318,0.6164977550506592,0.7891218066215515,0.7702904939651489,2.385287284851074,-0.02724141627550125,2.358269214630127,1.233850141399156,0.018799999999999997,,,,
91168,2849,32.45164108276367,24.803342819213867,7.600128173828125,0.04342757910490036,0.004739898256957531,0.0013134251348674297,1.5829218626022339,0.0014569765189662576,0.5155194997787476,0.8195948600769043,0.8099244832992554,2.449709892272949,-0.020929044112563133,2.4273922443389893,1.236804437233149,0.0128,,,,
92768,2899,26.36432647705078,19.787721633911133,6.530799865722656,0.041944410651922226,0.00386131857521832,-0.003394427476450801,1.424871563911438,-0.0032389245461672544,0.5638541579246521,1.0650311708450317,1.0804271697998047,2.5424654483795166,-0.021189652383327484,2.5198922157287598,1.2398565775572494,0.0221,,,,
94368,2949,23.917451858520508,17.71795082092285,6.144183158874512,0.04710036888718605,0.008219277486205101,-0.006518656387925148,1.5254154205322266,-0.006359067279845476,0.5959676504135132,1.1706914901733398,1.2029354572296143,2.5893008708953857,-0.027828918769955635,2.559908151626587,1.2426760590654038,0.022600000000000002,,,,
95968,2999,24.415348052978516,18.225873947143555,6.146364212036133,0.03892100974917412,0.0041892132721841335,1.5914993127807975e-05,1.413259744644165,0.00016690019401721656,0.6270981431007385,1.0343668460845947,1.023015022277832,2.5315141677856445,-0.02927401103079319,2.5037567615509033,1.2454344813353082,0.022200000000000004,,,,
97568,3049,23.468482971191406,16.683277130126953,6.728126525878906,0.04827461019158363,0.008803394623100758,0.0003415631363168359,1.5798754692077637,0.0005206962814554572,0.6445422768592834,0.8692842721939087,0.8311387896537781,2.5731124877929688,-0.031187251210212708,2.5437073707580566,1.2482290021509517,0.026099999999999995,,,,
99168,3099,29.94145965576172,22.866958618164062,7.038661003112793,0.03357526659965515,0.0022640337701886892,-0.0030132385436445475,1.424093246459961,-0.002870425581932068,0.5258728861808777,0.7254943251609802,0.7451356649398804,2.6739392280578613,-0.024688366800546646,2.6456170082092285,1.2508024443461576,0.025599999999999998,,,,
100768,3149,26.291515350341797,19.584178924560547,6.653194904327393,0.04417520761489868,0.009965477511286736,-0.002892640884965658,1.2883760929107666,-0.002717164810746908,0.6603796482086182,0.9695950746536255,0.9741416573524475,2.706317901611328,-0.02336873672902584,2.68123722076416,1.2533448419941045,0.019100000000000002,,,,
102368,3199,28.064496994018555,21.800975799560547,6.228935241699219,0.031144674867391586,0.0034413360990583897,-0.00039147038478404284,1.3895978927612305,-0.00023581626010127366,0.5917021632194519,0.7445990443229675,0.7420747876167297,2.8190531730651855,-0.020384415984153748,2.795563220977783,1.2558431767717833,0.0214,,,,
103968,3249,29.261308670043945,22.396799087524414,6.8021626472473145,0.04047296941280365,0.021874992176890373,0.001165633904747665,1.4458560943603516,0.001300601870752871,0.5174841284751892,0.955970287322998,0.9288274049758911,2.826484441757202,-0.021646510809659958,2.8077340126037598,1.2581713952163769,0.0227,,,,
105568,3299,19.399473190307617,13.700033187866211,5.663167953491211,0.029148206114768982,0.007124082650989294,-0.00209322408773005,1.4554409980773926,-0.0019261466804891825,0.6291311383247375,1.2084187269210815,1.2078996896743774,2.8076722621917725,-0.016962921246886253,2.8131961822509766,1.2604927810458042,0.0266,,,,
107168,3349,23.053380966186523,16.914794921875,6.099246025085449,0.03629225492477417,0.0030464588198810816,-0.0026753349229693413,1.4032559394836426,-0.002493087900802493,0.7156573534011841,0.9810243844985962,1.0017143487930298,2.8348288536071777,-0.01672115921974182,2.8181164264678955,1.2626734995905577,0.024200000000000003,,,,
108768,3399,25.68794822692871,19.08120346069336,6.566328525543213,0.038143910467624664,0.0022745002061128616,-0.0020085619762539864,1.3659279346466064,-0.0018388757016509771,0.6655556559562683,0.7704298496246338,0.7781389355659485,2.834170341491699,-0.021949663758277893,2.8120040893554688,1.264909012917118,0.0295,,,,
110368,3449,24.28043556213379,17.16218376159668,7.080320358276367,0.03623431548476219,0.0016973587917163968,0.0004693761293310672,1.4561775922775269,0.0006550017860718071,0.6649332046508789,0.8346615433692932,0.8288832902908325,2.8495469093322754,-0.019377700984477997,2.830242156982422,1.2671599142849312,0.024399999999999998,,,,
111968,3499,25.21385383605957,17.740537643432617,7.4056596755981445,0.05336318537592888,0.014291135594248772,-0.0053069014102220535,1.5663774013519287,-0.005126405041664839,0.638881266117096,1.0472197532653809,1.066968321800232,2.839327096939087,-0.021640367805957794,2.8184351921081543,1.269366984555025,0.020399999999999998,,,,
113568,3549,30.453163146972656,22.10701560974121,8.29961109161377,0.0440087653696537,0.002527081873267889,-0.001292512402869761,1.440341591835022,-0.0011079870164394379,0.6807892322540283,0.8767153024673462,0.8806014060974121,2.7145721912384033,-0.018554899841547012,2.6974456310272217,1.2715220701080043,0.023899999999999998,,,,
115168,3599,29.01344871520996,21.329755783081055,7.630647659301758,0.05107933655381203,0.0019670401234179735,0.0033192061819136143,1.5094621181488037,0.003488467074930668,0.6332571506500244,0.6686475872993469,0.6447416543960571,2.7170217037200928,-0.025811174884438515,2.689124345779419,1.2735257755440454,0.0178,,,,
116768,3649,23.97032356262207,17.172019958496094,6.731450080871582,0.05695433169603348,0.009900710545480251,0.004137091804295778,1.6374002695083618,0.004323775414377451,0.698142409324646,1.1256191730499268,1.0683635473251343,2.7078158855438232,-0.021777331829071045,2.6898727416992188,1.2753635575400695,0.0166,,,,
118368,3699,28.829866409301758,21.76955223083496,7.0171942710876465,0.04225636646151543,0.000861750973854214,-4.263242590241134e-05,1.6409525871276855,0.00012040768342558295,0.5820233821868896,1.0262207984924316,0.9963589906692505,2.8197035789489746,-0.019102279096841812,2.802403450012207,1.2772555383319923,0.023399999999999997,,,,
119968,3749,26.16053009033203,18.373140335083008,7.752656936645508,0.03186061978340149,0.0028717785608023405,0.0022193053737282753,1.555079698562622,0.0023739037569612265,0.5740205645561218,1.0644550323486328,1.0245225429534912,2.806173324584961,-0.017403636127710342,2.7913119792938232,1.2791147254063897,0.0359,,,,
121568,3799,24.139331817626953,17.31819725036621,6.793671131134033,0.02621230110526085,0.0012516964925453067,-0.0013550777221098542,1.5559766292572021,-0.0011907379375770688,0.5773187279701233,0.8090805411338806,0.8079111576080322,2.8536159992218018,-0.01896798051893711,2.8326683044433594,1.280923692609488,0.026,,,,
123168,3849,25.168283462524414,18.138896942138672,6.988597869873047,0.03970087319612503,0.0010868696263059974,0.002414437010884285,1.475749135017395,0.002582970540970564,0.6615288853645325,1.0114940404891968,1.0024619102478027,2.8233048915863037,-0.018150176852941513,2.8062191009521484,1.2827806264661965,0.019,,,,
124768,3899,24.267749786376953,16.230867385864258,7.9985504150390625,0.027948709204792976,0.010384175926446915,-0.00545859057456255,1.4513628482818604,-0.005245718639343977,0.7865930795669556,0.870191752910614,0.9028855562210083,2.7979776859283447,-0.020870203152298927,2.7752866744995117,1.2844885949745548,0.023,,,,
126368,3949,28.275718688964844,20.87647247314453,7.341574668884277,0.050639986991882324,0.007029898464679718,0.0009091815445572138,1.5834460258483887,0.0010818244190886617,0.6122546792030334,0.7320971488952637,0.7175329923629761,2.787874221801758,-0.02263566106557846,2.760328531265259,1.286229060317776,0.0159,,,,
127968,3999,30.389123916625977,21.462512969970703,8.874443054199219,0.04269649088382721,0.009472274221479893,0.0011063440470024943,1.4517359733581543,0.0013424428179860115,0.8914883136749268,0.8830439448356628,0.8451663255691528,2.8176023960113525,-0.02613888867199421,2.794713258743286,1.2879027070799534,0.023600000000000003,,,,
129568,4049,21.35005760192871,14.661937713623047,6.646245956420898,0.0375133715569973,0.004360784776508808,-0.0025968921836465597,1.5038323402404785,-0.0024020725395530462,0.7228255867958069,1.0672521591186523,1.074843406677246,2.809026002883911,-0.02166171744465828,2.7872893810272217,1.2894818275561903,0.0215,,,,
131168,4099,31.492679595947266,23.229612350463867,8.2146577835083,0.04541543498635292,0.0029925985727459192,-0.00045404984848573804,1.4563884735107422,-0.0003296148497611284,0.48939698934555054,1.1768196821212769,1.1816866397857666,2.8713457584381104,-0.022548751905560493,2.8519234657287598,1.291162299942438,0.0244,,,,
132768,4149,27.686607360839844,20.61240577697754,7.026297092437744,0.04297106713056564,0.004934937227517366,-0.0015457619447261095,1.426527500152588,-0.0013374370755627751,0.7942964434623718,1.0026267766952515,0.9898545145988464,2.921189785003662,-0.024752842262387276,2.8976380825042725,1.2925930468291034,0.0345,,,,
134368,4199,22.59674644470215,15.706286430358887,6.85919713973999,0.026876693591475487,0.004386827815324068,-0.001318251364864409,1.4298698902130127,-0.0011394699104130268,0.6599043011665344,0.7994995713233948,0.8038727045059204,3.011230945587158,-0.021295681595802307,2.989365339279175,1.2941747213966293,0.0254,,,,
135968,4249,26.63252830505371,18.34575653076172,8.238371849060059,0.045385945588350296,0.00301302969455719,-0.004665470216423273,1.5074479579925537,-0.004451119340956211,0.7696526050567627,0.63326495885849,0.6544245481491089,3.099113941192627,-0.0199913177639246,3.075061798095703,1.2957092460176176,0.0181,,,,
137568,4299,24.062702178955078,16.632349014282227,7.365512847900391,0.06030029058456421,0.004540030844509602,-0.0027283281087875366,1.5149247646331787,-0.0024914622772485018,0.8528352975845337,1.1348730325698853,1.1281448602676392,3.1713955402374268,-0.019099334254860878,3.1544809341430664,1.2971477356604393,0.020900000000000002,,,,
139168,4349,28.30649757385254,19.985597610473633,8.276301383972168,0.042350396513938904,0.002248711884021759,0.0002908457536250353,1.535677433013916,0.00047372313565574586,0.6618497371673584,1.1762456893920898,1.1529781818389893,3.1604418754577637,-0.013512186706066132,3.150338888168335,1.2985710540369482,0.025799999999999997,,,,
140768,4399,28.727787017822266,19.925556182861328,8.750256538391113,0.04418820142745972,0.007788516581058502,0.0008360892534255981,1.581076979637146,0.0010364355985075235,0.704108476638794,0.7736575603485107,0.7512105703353882,3.1085636615753174,-0.009034953080117702,3.0991063117980957,1.3000067558596313,0.0288,,,,
142368,4449,22.484010696411133,15.01292610168457,7.429810523986816,0.036213457584381104,0.005059944000095129,-0.0030947462655603886,1.573875904083252,-0.002902647713199258,0.6919458508491516,0.9977318048477173,1.000258445739746,3.099203109741211,-0.008832315914332867,3.091768264770508,1.3013238462732006,0.032799999999999996,,,,
143968,4499,21.285205841064453,14.340813636779785,6.910956382751465,0.03282615542411804,0.0006106426008045673,-0.003809639485552907,1.596383810043335,-0.0036501409485936165,0.6606784462928772,1.3627159595489502,1.376537799835205,3.1808300018310547,-0.00969029776751995,3.1716136932373047,1.302688523409954,0.0261,,,,
145568,4549,25.360164642333984,17.791858673095703,7.5091142654418945,0.05154469609260559,0.007647547870874405,0.0013198719825595617,1.509905457496643,0.001585338613949716,0.9539438486099243,0.6512845158576965,0.6285402774810791,3.2003862857818604,-0.009128633886575699,3.18986439704895,1.304016542825508,0.027399999999999997,,,,
147168,4599,26.50480079650879,18.288339614868164,8.176994323730469,0.0354837030172348,0.003982866182923317,0.0024386087898164988,1.6848539113998413,0.002612906042486429,0.6675025820732117,1.0884296894073486,1.0609866380691528,3.159043788909912,-0.0060171103104949,3.155507802963257,1.3054045205834826,0.0258,,,,
148768,4649,21.666872024536133,13.457070350646973,8.15407657623291,0.05144105106592178,0.004284166265279055,0.0001392986305290833,1.6922380924224854,0.00028216090868227184,0.5169699788093567,0.8514978885650635,0.845969021320343,3.205724000930786,-0.0011443347902968526,3.2019460201263428,1.3066566364673065,0.025799999999999997,,,,
150368,4699,27.20238494873047,19.002033233642578,8.167891502380371,0.030115004628896713,0.002345005050301552,0.012994560413062572,1.7019295692443848,0.01324404962360859,0.9426069855690002,1.0027235746383667,0.9511749744415283,3.182006359100342,-0.0061278920620679855,3.177870273590088,1.3077858318821125,0.035800000000000005,,,,
151968,4749,20.039653778076172,13.424721717834473,6.584017753601074,0.027952898293733597,0.0029625718016177416,-0.0016341395676136017,1.4172108173370361,-0.0014474529307335615,0.6792066693305969,1.1085113286972046,1.1215858459472656,3.182568073272705,-0.0071855406276881695,3.176057815551758,1.3090197187655208,0.0265,,,,
153568,4799,18.959367752075195,11.982279777526855,6.938667297363281,0.03166599199175835,0.006753737572580576,-0.0016182700637727976,1.4797419309616089,-0.0013873751740902662,0.8249847292900085,0.8410239815711975,0.8295198678970337,3.155823230743408,-0.008204177021980286,3.147210121154785,1.310258841690474,0.0178,,,,
155168,4849,25.9735050201416,17.833677291870117,8.119131088256836,0.019266989082098007,0.0014300295151770115,-0.003203762462362647,1.573911428451538,-0.0029653285164386034,0.8350151181221008,0.6309699416160583,0.6395182013511658,3.186351776123047,-0.003944817930459976,3.173830509185791,1.3114078316332352,0.019200000000000002,,,,
156768,4899,26.02298355102539,16.792037963867188,9.183320045471191,0.0406767874956131,0.006949752103537321,-0.001259485143236816,1.5986429452896118,-0.0010918674524873495,0.5900874137878418,1.2477658987045288,1.2270375490188599,3.254909038543701,-0.005740969441831112,3.252225637435913,1.3125947191837606,0.026199999999999998,,,,
158368,4949,26.09927749633789,17.898956298828125,8.12726879119873,0.0691729187965393,0.0038784239441156387,-0.0009502108441665769,1.728429913520813,-0.0008420963422395289,0.4053943157196045,1.5753551721572876,1.5624366998672485,3.2513504028320312,-0.006607006303966045,3.2472786903381348,1.3137448085947256,0.0249,,,,
159968,4999,28.18681526184082,19.95685577392578,8.198525428771973,0.027171004563570023,0.004264272749423981,-0.00372242066077888,1.6488869190216064,-0.003528628032654524,0.7130283117294312,0.9201551675796509,0.9165369272232056,3.3272807598114014,-0.00982964038848877,3.317561388015747,1.314782850669906,0.0209,,,,
161568,5049,30.231050491333008,20.293926239013672,9.895540237426758,0.03477339446544647,0.006811550352722406,0.0001322674215771258,1.5618982315063477,0.0003232867456972599,0.6983076930046082,0.8810717463493347,0.8784732818603516,3.315911293029785,-0.004147236701101065,3.311000347137451,1.2585245160407756,0.0295,,,,
163168,5099,28.135936737060547,18.930904388427734,9.155990600585938,0.04614347964525223,0.002899776678532362,-0.0017616666154935956,1.6724982261657715,-0.0015821291599422693,0.6663114428520203,1.0002413988113403,0.9890389442443848,3.3968732357025146,0.0012409278424456716,3.3976476192474365,1.2600415593819014,0.0265,,,,
164768,5149,25.965354919433594,17.332374572753906,8.589118003845215,0.037874918431043625,0.005987273063510656,-0.00036582606844604015,1.6172387599945068,-0.00021573704725597054,0.5546736121177673,1.0764809846878052,1.07014000415802,3.3610544204711914,0.005367625504732132,3.3679792881011963,1.261527460745198,0.022900000000000004,,,,
166368,5199,24.209392547607422,15.997472763061523,8.167898178100586,0.033467866480350494,0.010552625171840191,-0.000305411231238395,1.684607982635498,-0.0001596143119968474,0.5452239513397217,1.421893835067749,1.3741097450256348,3.4657063484191895,0.008889780379831791,3.4784889221191406,1.2629710794165154,0.026600000000000002,,,,
167968,5249,29.722461700439453,20.388715744018555,9.285612106323242,0.04444384574890137,0.0036902667488902807,0.0020415245089679956,1.6586030721664429,0.002224175725132227,0.6791894435882568,1.0397343635559082,1.0222057104110718,3.476564884185791,0.011770708486437798,3.4877617359161377,1.2643979378618546,0.0252,,,,
169568,5299,25.680419921875,16.773576736450195,8.865496635437012,0.03066469356417656,0.010682983323931694,0.0009214967722073197,1.6080563068389893,0.0011255912249907851,0.7285057306289673,1.0162923336029053,1.0001140832901,3.4680111408233643,0.016906991600990295,3.481009006500244,1.2657329341405659,0.018900000000000004,,,,
171168,5349,23.08941650390625,15.472899436950684,7.568925857543945,0.041841477155685425,0.005751516669988632,0.003811418544501066,1.5380690097808838,0.00404455466195941,0.8813619017601013,1.202257513999939,1.1778182983398438,3.4976141452789307,0.007110795006155968,3.5098018646240234,1.2670683815733694,0.027600000000000003,,,,
172768,5399,27.7905330657959,18.211999893188477,9.528032302856445,0.046130936592817307,0.004369058180600405,0.0002879781532101333,1.6151551008224487,0.00045201939065009356,0.5939660668373108,1.0028342008590698,0.9777327179908752,3.541346788406372,0.004166487604379654,3.5429329872131348,1.268349774107884,0.036899999999999995,,,,
174368,5449,26.34185218811035,16.729782104492188,9.579416275024414,0.03163313493132591,0.0010204548016190529,-0.0029740980826318264,1.4776663780212402,-0.0027841757982969284,0.6974629759788513,0.6824629306793213,0.7030971050262451,3.5252509117126465,-0.00014177497359924018,3.5204381942749023,1.2695608143752997,0.02,,,,
175968,5499,23.77735137939453,14.277533531188965,9.443556785583496,0.04803474619984627,0.008226338773965836,-0.00042390089947730303,1.5954711437225342,-0.0002646248904056847,0.5908876657485962,1.0821847915649414,1.058858871459961,3.6348111629486084,0.008621479384601116,3.6419119834899902,1.2708490625004687,0.025200000000000004,,,,
177568,5549,21.904115676879883,14.16227912902832,7.6908278465271,0.04866226017475128,0.0023459543008357286,0.0012889280915260315,1.7092881202697754,0.0014947677263990045,0.7202016115188599,0.8968255519866943,0.8672825694084167,3.603416681289673,0.011446665972471237,3.6088685989379883,1.272039545671773,0.027100000000000003,,,,
179168,5599,23.182016372680664,14.935196876525879,8.191289901733398,0.04667716473340988,0.00885133445262909,0.001901700859889388,1.6768553256988525,0.0020768283866345882,0.6268500685691833,1.0111443996429443,0.9962418079376221,3.560861110687256,0.014493298716843128,3.5733084678649902,1.2732656302290988,0.0183,,,,
180768,5649,25.7930850982666,17.248552322387695,8.48542308807373,0.04721621423959732,0.011893903836607933,-0.003187179798260331,1.5373303890228271,-0.0030181235633790493,0.6243634223937988,1.3345760107040405,1.3347201347351074,3.5843820571899414,0.010634941048920155,3.598804235458374,1.2744922422802871,0.0304,,,,
182368,5699,29.797704696655273,19.869972229003906,9.869040489196777,0.05041905492544174,0.008272076956927776,-0.0033550900407135487,1.5592904090881348,-0.0031858638394623995,0.6391237378120422,1.6222312450408936,1.6154946088790894,3.627871036529541,0.007915292866528034,3.6399152278900146,1.275695645476482,0.0313,,,,
183968,5749,23.604310989379883,15.447444915771484,8.098249435424805,0.05283033847808838,0.005787847097963095,-0.003381505375728011,1.6827830076217651,-0.003184964181855321,0.7157092690467834,1.0393517017364502,1.0508296489715576,3.6267168521881104,0.004084963817149401,3.6321253776550293,1.2769181237888922,0.0313,,,,
185568,5799,20.72601318359375,11.96711540222168,8.705056190490723,0.04549761861562729,0.00834245327860117,0.001936198677867651,1.599207878112793,0.002100164070725441,0.6111623048782349,1.6224150657653809,1.5897862911224365,3.6186861991882324,-0.0004995323251932859,3.62126088142395,1.2781651637191362,0.025,,,,
187168,5849,20.283681869506836,11.94315242767334,8.295655250549316,0.032307595014572144,0.012567096389830112,0.0005500512197613716,1.7592390775680542,0.0006848707562312484,0.4949924349784851,1.370086669921875,1.3415039777755737,3.707932233810425,0.0022214939817786217,3.715282917022705,1.2791989684177845,0.030199999999999998,,,,
188768,5899,20.628463745117188,12.689224243164062,7.888642311096191,0.040461014956235886,0.010137060657143593,-0.00020839129865635186,1.5650862455368042,-1.5143596101552248e-05,0.711638331413269,1.611452579498291,1.5914690494537354,3.700875759124756,0.0029524078126996756,3.708371162414551,1.2803449737091221,0.0219,,,,
190368,5949,27.127174377441406,17.771190643310547,9.300154685974121,0.04898001253604889,0.006847214885056019,-0.0032468431163579226,1.6868767738342285,-0.0030575748533010483,0.7228654026985168,1.0636152029037476,1.0784600973129272,3.714923143386841,0.006732562091201544,3.7174863815307617,1.2813426151948717,0.033100000000000004,,,,
191968,5999,27.964338302612305,18.73427963256836,9.184325218200684,0.0397505946457386,0.0059814611449837685,-0.0011885288404300809,1.5531033277511597,-0.0009999052854254842,0.7273092269897461,1.1670880317687988,1.1820818185806274,3.72029447555542,0.0020288738887757063,3.72249174118042,1.2825083420371766,0.024399999999999998,,,,
193568,6049,21.7869873046875,14.382501602172852,7.360744476318359,0.031209126114845276,0.012530355714261532,4.603344132192433e-05,1.6901772022247314,0.00021175970323383808,0.6124749779701233,1.1435341835021973,1.1323319673538208,3.7832720279693604,0.00704951910302043,3.7885706424713135,1.2835899760317588,0.03640000000000001,,,,
195168,6099,25.26325798034668,15.677501678466797,9.539555549621582,0.042838457971811295,0.00336260674521327,-0.00571830989792943,1.7184388637542725,-0.00556775089353323,0.5367729067802429,1.4847005605697632,1.5133349895477295,3.8077456951141357,0.015098492614924908,3.8187286853790283,1.284627800815799,0.0315,,,,
196768,6149,20.83039665222168,12.698535919189453,8.09610366821289,0.03333977609872818,0.002417276380583644,0.0037486825603991747,1.6618351936340332,0.003962389659136534,0.7489702701568604,1.1344465017318726,1.1008250713348389,3.744483232498169,0.016395289450883865,3.7569351196289062,1.285723054560212,0.0334,,,,
198368,6199,24.70299530029297,15.23322582244873,9.419848442077637,0.04444851726293564,0.005473094526678324,0.003064296906813979,1.7216668128967285,0.0032539640087634325,0.6680560111999512,1.2819015979766846,1.2413089275360107,3.8117620944976807,0.011676137335598469,3.8191778659820557,1.2867362035794014,0.0206,,,,
199968,6249,28.984622955322266,18.980085372924805,9.94434928894043,0.04895976930856705,0.01122787594795227,-0.0011890409514307976,1.549551010131836,-0.0009545147768221796,0.8424556851387024,0.9442237615585327,0.9454476833343506,3.798543691635132,0.008143107406795025,3.804685354232788,1.2877546255784942,0.025799999999999997,,,,
201568,6299,22.28787612915039,13.696033477783203,8.53875732421875,0.04675719514489174,0.006329312454909086,0.0031832819804549217,1.6901334524154663,0.0033851098269224167,0.7395038604736328,1.142693042755127,1.0859146118164062,3.776029348373413,0.007896295748651028,3.7873573303222656,1.28879059815274,0.030100000000000002,,,,
203168,6349,21.378923416137695,13.583602905273438,7.746150970458984,0.04442337155342102,0.004746137652546167,-0.0008527758764103055,1.673372745513916,-0.0006871080258861184,0.6024738550186157,1.2050060033798218,1.1974698305130005,3.7115061283111572,0.01580575667321682,3.7280468940734863,1.2897104497209986,0.028599999999999997,,,,
204768,6399,21.549131393432617,13.125314712524414,8.380024909973145,0.04024112597107887,0.0035498489160090685,0.002086740918457508,1.622161626815796,0.002284240210428834,0.7090609669685364,0.7693620324134827,0.7482209205627441,3.7669615745544434,0.012892079539597034,3.771801471710205,1.290705267421448,0.025900000000000003,,,,
206368,6449,21.1348876953125,12.834205627441406,8.240450859069824,0.05151369422674179,0.00871611014008522,-0.0013203980633988976,1.6992791891098022,-0.00116998131852597,0.5698025226593018,1.2297630310058594,1.2171070575714111,3.7886743545532227,0.014126135036349297,3.800306797027588,1.2917383186510334,0.0298,,,,
207968,6499,25.33689308166504,15.922079086303711,9.356837272644043,0.049238476902246475,0.008738834410905838,-0.0007517140475101769,1.5134801864624023,-0.0005833626491948962,0.6182423830032349,1.278274416923523,1.2673016786575317,3.784735918045044,0.016964266076683998,3.8009259700775146,1.2926920249775056,0.0255,,,,
209568,6549,23.35648536682129,14.669119834899902,8.642741203308105,0.04220683127641678,0.002416761592030525,0.0016392163233831525,1.5967761278152466,0.001820144709199667,0.6672425866127014,1.520147681236267,1.4748899936676025,3.7920219898223877,0.014251220971345901,3.812544107437134,1.293646704523734,0.027899999999999998,,,,
211168,6599,22.70816421508789,14.113380432128906,8.562849044799805,0.030146360397338867,0.0017892419127747416,-0.0005009876913391054,1.5707604885101318,-0.00030617823358625174,0.6892060041427612,1.0220115184783936,1.0087816715240479,3.7857251167297363,0.009028439410030842,3.7902283668518066,1.2946227067477292,0.022299999999999997,,,,
212768,6649,22.454614639282227,14.334932327270508,8.088247299194336,0.029652811586856842,0.00178217061329633,-0.0007579335360787809,1.7098639011383057,-0.0006221632938832045,0.5030090808868408,1.4215621948242188,1.4075927734375,3.77463698387146,0.011804105713963509,3.7869503498077393,1.295509860708578,0.031100000000000003,,,,
214368,6699,20.1068115234375,12.18593978881836,7.872784614562988,0.043129388242959976,0.004959761165082455,-0.0008056185906752944,1.713270664215088,-0.0006614881567656994,0.5030332803726196,1.1386322975158691,1.1295199394226074,3.7307612895965576,0.006521434523165226,3.7331385612487793,1.296414556423164,0.0246,,,,
215968,6749,21.31985092163086,13.957330703735352,7.313436508178711,0.04427193105220795,0.004812921397387981,0.002360721118748188,1.7149605751037598,0.002522448543459177,0.5802242159843445,1.4311147928237915,1.370558738708496,3.769747018814087,0.008970786817371845,3.781991958618164,1.297253604670983,0.027200000000000002,,,,
217568,6799,21.671194076538086,12.749696731567383,8.868548393249512,0.04712747409939766,0.005822701845318079,9.328100713901222e-05,1.6742972135543823,0.00023810454877093434,0.5223411917686462,1.2756632566452026,1.2692224979400635,3.7372262477874756,0.015151137486100197,3.753711700439453,1.2980967777322054,0.0366,,,,
219168,6849,22.680601119995117,13.91893482208252,8.723937034606934,0.03358415886759758,0.0041439528577029705,-0.003080513095483184,1.6728515625,-0.0029156776145100594,0.5804480314254761,1.4266337156295776,1.4297415018081665,3.809969425201416,0.01657675765454769,3.828394889831543,1.2989616760639464,0.031799999999999995,,,,
220768,6899,22.235599517822266,13.179759979248047,9.013886451721191,0.04167577624320984,0.0002786147524602711,-0.00039195758290588856,1.5113699436187744,-0.00022139928478281945,0.6326565742492676,0.927189826965332,0.9062926769256592,3.937861919403076,0.016043156385421753,3.9483954906463623,1.2997434694960341,0.027600000000000003,,,,
222368,6949,23.094799041748047,13.852684020996094,9.206189155578613,0.03443499282002449,0.0014922462869435549,-0.000982272787950933,1.5340776443481445,-0.0008440391393378377,0.5296965837478638,1.418412685394287,1.3970868587493896,3.918431520462036,0.013382465578615665,3.937422275543213,1.3006436856957875,0.026400000000000003,,,,
223968,6999,25.123849868774414,16.150131225585938,8.937702178955078,0.03198899328708649,0.004028682596981525,-0.002149811014533043,1.7109055519104004,-0.001966540701687336,0.6940432786941528,1.1874831914901733,1.189071774482727,3.8715462684631348,0.010111520998179913,3.881147861480713,1.301462166129038,0.0413,,,,
225568,7049,23.7800350189209,14.82469367980957,8.902233123779297,0.03568356856703758,0.017426423728466034,0.000803711824119091,1.704716682434082,0.0009597983444109559,0.5605628490447998,1.1328980922698975,1.1176167726516724,3.9025604724884033,0.011776645667850971,3.9135384559631348,1.3022320209785987,0.023700000000000002,,,,
227168,7099,22.608274459838867,13.187694549560547,9.383398056030273,0.032920315861701965,0.004261909052729607,-0.0013515016762539744,1.6846058368682861,-0.0011774888262152672,0.6339750289916992,1.188496470451355,1.188187599182129,3.941190719604492,0.010205811820924282,3.9434337615966797,1.3030808976937598,0.0306,,,,
228768,7149,29.212770462036133,19.10358238220215,10.064346313476562,0.042803965508937836,0.0020371489226818085,-0.0010220318799838424,1.5861127376556396,-0.0008406242122873664,0.6828737258911133,1.5383589267730713,1.5201570987701416,3.864126443862915,0.01070291269570589,3.878251075744629,1.3039187676295785,0.0281,,,,
230368,7199,21.186676025390625,12.8916654586792,8.244696617126465,0.042665187269449234,0.00764826126396656,0.00043052813271060586,1.7418447732925415,0.0005728033138439059,0.501102864742279,1.470278024673462,1.4511853456497192,3.8082706928253174,0.01845117099583149,3.8272154331207275,1.304699544420071,0.0264,,,,
231968,7249,24.387943267822266,15.485639572143555,8.864469528198242,0.03417755663394928,0.0036555149126797915,-0.0005915368092246354,1.6822065114974976,-0.00042784918332472444,0.605927586555481,1.443163275718689,1.4126677513122559,3.775869131088257,0.012825732119381428,3.7899625301361084,1.305447173778511,0.0306,,,,
233568,7299,18.979820251464844,11.297548294067383,7.631084442138672,0.045243039727211,0.005944396834820509,-0.0004929061979055405,1.742384433746338,-0.0003401928988751024,0.5295915603637695,1.2475039958953857,1.2325770854949951,3.609100818634033,0.013477779924869537,3.620953321456909,1.3061636022621455,0.019600000000000003,,,,
235168,7349,23.884002685546875,14.621505737304688,9.21982192993164,0.042111583054065704,0.0005631465464830399,-0.002114576520398259,1.5758183002471924,-0.0019631225150078535,0.5916264057159424,1.3362138271331787,1.329702377319336,3.7356724739074707,0.010053847916424274,3.7497305870056152,1.3070066674138214,0.027299999999999998,,,,
236768,7399,25.29568862915039,15.399267196655273,9.853724479675293,0.03647575527429581,0.006221019197255373,0.0014912094920873642,1.7624115943908691,0.0016547112027183175,0.5847983956336975,1.0854718685150146,1.0630468130111694,3.799985408782959,0.01495814323425293,3.8113772869110107,1.3078136962674285,0.028,,,,
238368,7449,20.70057487487793,12.072710037231445,8.566147804260254,0.04308506101369858,0.01863141544163227,-0.0010593049228191376,1.5500502586364746,-0.0008846292039379478,0.6199132204055786,0.9316396713256836,0.9349639415740967,3.7502071857452393,0.019245214760303497,3.7658233642578125,1.308528917123671,0.0229,,,,
239968,7499,24.067676544189453,14.416820526123047,9.613882064819336,0.03473620116710663,0.002236747182905674,-0.003588045248761773,1.6632804870605469,-0.0033902395516633987,0.7247948050498962,1.0027751922607422,1.0062153339385986,3.8025400638580322,0.02112719789147377,3.8222594261169434,1.3092559021119037,0.0213,,,,
241568,7549,23.128868103027344,13.99677848815918,9.08601188659668,0.04034152626991272,0.005735472775995731,-0.001185501110740006,1.7054343223571777,-0.0010157956276088953,0.6204814910888672,1.3128185272216797,1.302190899848938,3.7850112915039062,0.017602773383259773,3.8048059940338135,1.270040232547292,0.0225,,,,
243168,7599,21.975658416748047,12.66804313659668,9.26109504699707,0.04249642789363861,0.004024188965559006,-0.0015393616631627083,1.6418157815933228,-0.0013810779200866818,0.5767619609832764,1.28024423122406,1.2737385034561157,3.891390800476074,0.014177932403981686,3.9080018997192383,1.2710320309483878,0.0288,,,,
244768,7649,22.63541603088379,14.63793659210205,7.951817989349365,0.03953007236123085,0.006131896283477545,-0.0019861983601003885,1.5596094131469727,-0.0018062377348542213,0.6733134984970093,1.3946925401687622,1.3791487216949463,3.852916955947876,0.014000220224261284,3.87089467048645,1.2719707041611195,0.023799999999999998,,,,
246368,7699,21.645462036132812,12.778549194335938,8.827354431152344,0.03540594503283501,0.004151818808168173,-0.0007285631145350635,1.6189775466918945,-0.0005287391250021756,0.7320117950439453,0.969005823135376,0.9426188468933105,3.8805575370788574,0.007050146348774433,3.887862205505371,1.2729130370814983,0.0305,,,,
247968,7749,21.291067123413086,12.906612396240234,8.33227825164795,0.04796091839671135,0.004214708227664232,0.001631832798011601,1.6755852699279785,0.0017880239756777883,0.5593490600585938,1.700584053993225,1.65015709400177,3.9133644104003906,0.006451849825680256,3.9214651584625244,1.2738443651545281,0.03,,,,
249568,7799,22.808021545410156,13.482795715332031,9.281705856323242,0.0407308004796505,0.002789214486256242,0.00027217267779633403,1.7046806812286377,0.00046742212725803256,0.6698427796363831,0.6313586831092834,0.6210658550262451,3.915431261062622,0.004003535490483046,3.90338134765625,1.2747952777858744,0.020399999999999998,,,,
251168,7849,21.93975067138672,13.688802719116211,8.215569496154785,0.03504786267876625,0.0003300468670204282,-0.0005771556752733886,1.7191753387451172,-0.0004312562523409724,0.5233707427978516,1.1872094869613647,1.1548233032226562,3.8882486820220947,0.00271056592464447,3.8928487300872803,1.2756716280566687,0.0283,,,,
252768,7899,20.22807502746582,11.664562225341797,8.51025104522705,0.048889629542827606,0.004374442156404257,-0.0023023372050374746,1.671677589416504,-0.002140643307939172,0.5727114081382751,1.2009494304656982,1.202033281326294,3.865999221801758,0.0032364227809011936,3.8667120933532715,1.2765964588426542,0.0335,,,,
254368,7949,22.9007625579834,13.845413208007812,8.981828689575195,0.0561203770339489,0.01740080863237381,0.0005943251890130341,1.7197341918945312,0.0007392866536974907,0.5037412643432617,1.3248648643493652,1.3061797618865967,3.8145604133605957,0.006023998837918043,3.8198351860046387,1.277492544017906,0.0342,,,,
255968,7999,22.55052375793457,13.324235916137695,9.171870231628418,0.04178350791335106,0.012634706683456898,-0.0016957777552306652,1.6899248361587524,-0.0015533894766122103,0.4936070442199707,1.3609598875045776,1.3425015211105347,3.8556294441223145,0.005136547610163689,3.858219861984253,1.2783650550497183,0.0285,,,,
257568,8049,24.95602035522461,15.925071716308594,9.002422332763672,0.028425438329577446,0.00010137186473002657,-0.0032295098062604666,1.6140671968460083,-0.0030974475666880608,0.5061296224594116,1.5777380466461182,1.5964125394821167,3.9138166904449463,0.004554860293865204,3.9201087951660156,1.2792249149866324,0.021700000000000004,,,,
259168,8099,20.809406280517578,12.254766464233398,8.520933151245117,0.03245027735829353,0.0012569766258820891,0.00052769819740206,1.6016311645507812,0.0006755647482350469,0.5554651618003845,1.3132590055465698,1.2863191366195679,3.9109091758728027,0.006924980785697699,3.918717861175537,1.2800498177181556,0.030900000000000004,,,,
260768,8149,21.333534240722656,12.272161483764648,9.016892433166504,0.04002486169338226,0.004453323315829039,-0.0004162861150689423,1.6843862533569336,-0.0002748009283095598,0.5016500353813171,1.6534441709518433,1.6370007991790771,3.8238353729248047,0.010666431859135628,3.8367903232574463,1.2809206222709146,0.030100000000000002,,,,
262368,8199,23.851749420166016,15.086601257324219,8.703934669494629,0.051737017929553986,0.009477345272898674,0.002095040399581194,1.74562406539917,0.0022533719893544912,0.5694215297698975,0.9582121968269348,0.9262414574623108,3.8473784923553467,0.01628469116985798,3.8596415519714355,1.2817942685903634,0.019600000000000003,,,,
263968,8249,21.475364685058594,12.49600887298584,8.922951698303223,0.04649834707379341,0.0099051333963871,0.0008313468424603343,1.7432228326797485,0.0010063949739560485,0.6193093061447144,1.061875820159912,1.0361547470092773,3.8255774974823,0.021565375849604607,3.8461973667144775,1.2826258084970357,0.0246,,,,
265568,8299,24.28837013244629,15.05920696258545,9.162789344787598,0.05496537685394287,0.011408121325075626,0.0009939715964719653,1.7198357582092285,0.0011412214953452349,0.5333741307258606,1.5944920778274536,1.5488721132278442,3.8741719722747803,0.018735606223344803,3.896162271499634,1.2834986262488066,0.03,,,,
267168,8349,24.061002731323242,14.151065826416016,9.84699535369873,0.057459138333797455,0.0054814633913338184,-0.0018828688189387321,1.6224992275238037,-0.0017311356496065855,0.5481644868850708,1.357079029083252,1.3518667221069336,3.862206220626831,0.022812848910689354,3.8860056400299072,1.2843545440050081,0.0267,,,,
268768,8399,25.026885986328125,15.677591323852539,9.319185256958008,0.029420293867588043,0.000688221596647054,0.002047330606728792,1.7073051929473877,0.0021876771934330463,0.497231662273407,1.5191041231155396,1.4688469171524048,3.945727825164795,0.025272222235798836,3.9708473682403564,1.2852142705827312,0.024300000000000006,,,,
270368,8449,20.879209518432617,12.52255916595459,8.31179428100586,0.04108046367764473,0.003775446442887187,0.0006207632832229137,1.6571290493011475,0.0007611604523845017,0.4991215169429779,1.5216312408447266,1.5037280321121216,3.9954230785369873,0.01766490936279297,4.011946201324463,1.2860610759637234,0.026900000000000004,,,,
271968,8499,24.30687713623047,14.407532691955566,9.840662002563477,0.05187873914837837,0.006803223863244057,0.002890415722504258,1.7270489931106567,0.0030431426130235195,0.534407377243042,1.2874698638916016,1.2280114889144897,3.9465243816375732,0.023379631340503693,3.9699649810791016,1.2868600935724372,0.030800000000000004,,,,
273568,8549,19.4303035736084,10.597049713134766,8.788490295410156,0.03499288856983185,0.009770543314516544,-0.0011324017541483045,1.509728193283081,-0.0009310896275565028,0.7667831778526306,1.225984811782837,1.2176811695098877,3.9219837188720703,0.02599727362394333,3.9488282203674316,1.2876749890606054,0.029700000000000004,,,,
275168,8599,22.651081085205078,14.172731399536133,8.42881965637207,0.04432346299290657,0.005207726266235113,0.0018910886719822884,1.64093017578125,0.0020617491099983454,0.6081163883209229,1.0615630149841309,1.027499794960022,3.9680140018463135,0.0282755047082901,3.993319511413574,1.2884863185102395,0.034,,,,
276768,8649,19.753677368164062,11.494823455810547,8.220329284667969,0.034989528357982635,0.0035343109630048275,0.001409339951351285,1.6416258811950684,0.0015894592506811023,0.6329450011253357,1.3400607109069824,1.314492106437683,3.9049346446990967,0.03074791468679905,3.9373631477355957,1.2892320343801886,0.0339,,,,
278368,8699,23.075904846191406,14.664977073669434,8.366802215576172,0.04093902185559273,0.003184917150065303,0.002806608099490404,1.7077336311340332,0.0030021434649825096,0.7087467312812805,1.0223809480667114,0.9671599268913269,3.898118495941162,0.027615774422883987,3.9270823001861572,1.2900273503902366,0.03440000000000001,,,,
279968,8749,20.324325561523438,11.089312553405762,9.186744689941406,0.04607289284467697,0.0021959736477583647,-0.0013189917663112283,1.6240081787109375,-0.001146530034020543,0.6183005571365356,1.20939040184021,1.2046157121658325,3.9203083515167236,0.02101152576506138,3.9444775581359863,1.2907915175656892,0.0381,,,,
281568,8799,21.470319747924805,11.921028137207031,9.49616813659668,0.04117072746157646,0.011953804641962051,0.00046613748418167233,1.784998893737793,0.0006242177914828062,0.5648597478866577,1.2799650430679321,1.2449883222579956,3.9230690002441406,0.020232772454619408,3.942563533782959,1.291511309729229,0.0269,,,,
283168,8849,19.667022705078125,11.198833465576172,8.430301666259766,0.03689846768975258,0.0009902413003146648,-0.00048399632214568555,1.6302175521850586,-0.00031020547612570226,0.6435621976852417,1.4516057968139648,1.4334176778793335,3.945765256881714,0.016414526849985123,3.965240001678467,1.2922638829346336,0.0269,,,,
284768,8899,23.54361343383789,13.688322067260742,9.806526184082031,0.04642711952328682,0.002338812919333577,-0.001462791464291513,1.666557788848877,-0.0013062499929219484,0.5518339276313782,1.5037821531295776,1.4914095401763916,3.861814498901367,0.029979631304740906,3.892427921295166,1.2930050596916374,0.030299999999999997,,,,
286368,8949,19.64368438720703,10.640673637390137,8.952276229858398,0.043603818863630295,0.007130768150091171,0.00014032295439392328,1.6392384767532349,0.0003068066143896431,0.5838550329208374,1.4099262952804565,1.3841583728790283,3.9421474933624268,0.024173669517040253,3.9693222045898438,1.2938100863942052,0.026,,,,
287968,8999,21.886354446411133,13.731740951538086,8.127999305725098,0.02531028725206852,0.0013030318077653646,-0.001955679152160883,1.6716880798339844,-0.0017925914144143462,0.5756826996803284,1.5201774835586548,1.521545648574829,3.9258687496185303,0.0284988172352314,3.9567294120788574,1.2945981996477507,0.0282,,,,
289568,9049,22.2631778717041,13.53120231628418,8.69310188293457,0.037975579500198364,0.0008976127137430012,0.00022185734997037798,1.7002471685409546,0.0004210415936540812,0.7196428775787354,1.0235685110092163,1.0041120052337646,3.9344685077667236,0.023356284946203232,3.955157995223999,1.2953318077649383,0.025299999999999996,,,,
291168,9099,21.755191802978516,13.056117057800293,8.653295516967773,0.03875125199556351,0.007027816027402878,-0.001418187515810132,1.67476224899292,-0.0012155086733400822,0.7057409882545471,1.205893874168396,1.1939208507537842,3.9041478633880615,0.03130554407835007,3.934190273284912,1.2960186779512353,0.0265,,,,
292768,9149,18.90485954284668,10.077798843383789,8.777554512023926,0.042197901755571365,0.0073067923076450825,-0.0020565774757415056,1.7078733444213867,-0.0018948158249258995,0.5687446594238281,1.1704671382904053,1.1626884937286377,3.8643510341644287,0.033818475902080536,3.8990156650543213,1.2967362719101905,0.025299999999999996,,,,
294368,9199,22.910022735595703,13.620771408081055,9.228509902954102,0.05147271230816841,0.009267862886190414,0.0015935769770294428,1.7505779266357422,0.0017302519408985972,0.4786991477012634,1.5695446729660034,1.5331941843032837,3.9215030670166016,0.047349195927381516,3.969205856323242,1.2974564856346886,0.0301,,,,
295968,9249,17.622024536132812,10.33560562133789,7.250042915344238,0.03293684870004654,0.003441348671913147,-4.978537617716938e-05,1.7239115238189697,0.00010642429697327316,0.568739652633667,1.3274214267730713,1.3050334453582764,3.8989310264587402,0.0511794351041317,3.9489336013793945,1.2982206162945076,0.0294,,,,
297568,9299,23.141357421875,14.249323844909668,8.828339576721191,0.05962619185447693,0.004069198854267597,-0.0019009060924872756,1.5483019351959229,-0.0017391694709658623,0.6043487191200256,1.2865937948226929,1.2903028726577759,3.9233295917510986,0.044961925595998764,3.971090078353882,1.2989285842645975,0.028200000000000003,,,,
299168,9349,21.405519485473633,12.478333473205566,8.878193855285645,0.045334018766880035,0.003657566150650382,0.0006800845148973167,1.7654986381530762,0.0008277238230220973,0.5282421708106995,1.5040276050567627,1.4676687717437744,3.9309425354003906,0.049995556473731995,3.982591152191162,1.299605480477261,0.022600000000000002,,,,
300768,9399,23.317556381225586,14.695150375366211,8.567483901977539,0.049808841198682785,0.005113490857183933,-0.002572533907368779,1.6870644092559814,-0.0024281777441501617,0.5374873876571655,1.4790196418762207,1.4798115491867065,3.9855377674102783,0.0406666025519371,4.028833389282227,1.3002843299693267,0.0276,,,,
302368,9449,21.83757209777832,12.753511428833008,9.030362129211426,0.04847940057516098,0.005219141487032175,0.0005646543577313423,1.548661231994629,0.0007217788370326161,0.5700872540473938,1.1990002393722534,1.1872735023498535,3.9922146797180176,0.05224383994936943,4.047702312469482,1.3009524947448565,0.038299999999999994,,,,
303968,9499,21.186580657958984,12.54611587524414,8.598512649536133,0.03527429699897766,0.006678465288132429,0.0002997755364049226,1.7042301893234253,0.0004888331168331206,0.672736406326294,1.4164645671844482,1.3726818561553955,3.940004825592041,0.054511845111846924,3.9995992183685303,1.3016424794517327,0.039299999999999995,,,,
305568,9549,22.299100875854492,13.105571746826172,9.146347045898438,0.04535120353102684,0.0018316952046006918,0.0005082305870018899,1.6941018104553223,0.0006935950368642807,0.6584930419921875,1.2345508337020874,1.2041151523590088,3.991236925125122,0.028624974191188812,4.023321151733398,1.302320235158164,0.030699999999999998,,,,
307168,9599,20.83346939086914,12.740310668945312,8.064201354980469,0.026432493701577187,0.0025244546122848988,-0.002673057373613119,1.665905475616455,-0.0025221712421625853,0.5302547216415405,1.4317584037780762,1.4355067014694214,3.967459201812744,0.029112687334418297,3.996760129928589,1.3029412494982398,0.0297,,,,
308768,9649,23.345928192138672,13.377781867980957,9.928844451904297,0.038882773369550705,0.0004202509589958936,0.0007107600686140358,1.6539812088012695,0.0008828984573483467,0.6272301077842712,1.5023404359817505,1.4792214632034302,3.946953058242798,0.04416580870747566,3.996978521347046,1.3036209274091992,0.0258,,,,
310368,9699,23.5986328125,14.947197914123535,8.612452507019043,0.038360826671123505,0.0006215875619091094,0.00022297547548078,1.7330338954925537,0.000363063532859087,0.5026097893714905,1.375302791595459,1.3582550287246704,4.025826454162598,0.05097595229744911,4.079831123352051,1.3042997365331317,0.023899999999999998,,,,
311968,9749,18.47064971923828,9.635515213012695,8.783276557922363,0.049319829791784286,0.002536109648644924,0.002355278469622135,1.66865873336792,0.002525151474401355,0.5957947969436646,1.5095361471176147,1.4929313659667969,3.9829893112182617,0.04285678267478943,4.024895668029785,1.304956615900102,0.031199999999999995,,,,
313568,9799,19.42848777770996,10.221492767333984,9.144610404968262,0.0563342422246933,0.0060495841316878796,-0.00037964683724567294,1.7748157978057861,-0.0002222969924332574,0.5580017566680908,1.0568634271621704,1.0433098077774048,4.014156341552734,0.04515310376882553,4.052277088165283,1.3055811384258231,0.030899999999999997,,,,
315168,9849,20.390470504760742,11.137099266052246,9.192956924438477,0.04474373534321785,0.015670815482735634,-0.0007794622797518969,1.6517890691757202,-0.0005756285972893238,0.729753315448761,1.2677642107009888,1.2572755813598633,3.996506929397583,0.05373506247997284,4.048277854919434,1.3062187862246408,0.0269,,,,
316768,9899,18.470813751220703,9.903740882873535,8.525358200073242,0.03403422608971596,0.007679121568799019,-0.002672690898180008,1.4980391263961792,-0.0024816289078444242,0.6622454524040222,1.4096380472183228,1.418707013130188,3.97831392288208,0.05480899289250374,4.0335001945495605,1.3068579539037601,0.029700000000000004,,,,
318368,9949,19.68686866760254,10.921886444091797,8.720873832702637,0.04156073182821274,0.0025455057621002197,-0.002729503670707345,1.6000597476959229,-0.002575857797637582,0.5683844685554504,1.828087329864502,1.8364624977111816,4.0280585289001465,0.06200454384088516,4.09441614151001,1.3075426473433236,0.0354,,,,
319968,9999,20.102197647094727,11.563963890075684,8.49492073059082,0.040981970727443695,0.0023332475684583187,-0.00027030165074393153,1.5562286376953125,-0.00010605205898173153,0.5949238538742065,1.5026754140853882,1.4827991724014282,4.097370624542236,0.05655182525515556,4.155925750732422,1.308165680189681,0.033,,,,
321568,10049,21.759061813354492,13.22480297088623,8.48429012298584,0.039126038551330566,0.010843630880117416,0.0008584661991335452,1.6253080368041992,0.0010165681596845388,0.5569485425949097,0.992198646068573,0.9793843626976013,4.1429243087768555,0.06128539517521858,4.203608989715576,1.2768386953773914,0.033100000000000004,,,,
323168,10099,20.77098846435547,11.858793258666992,8.87074089050293,0.034394651651382446,0.0070586553774774075,-0.00037763177533634007,1.662595510482788,-0.00025628478033468127,0.42735689878463745,1.5464986562728882,1.5430521965026855,4.17848539352417,0.08058539777994156,4.256561756134033,1.2775321554314274,0.030699999999999995,,,,
324768,10149,21.585145950317383,12.150076866149902,9.385759353637695,0.04263918846845627,0.006672135088592768,-0.0008772176224738359,1.6627817153930664,-0.0007223190041258931,0.5477340817451477,1.4153624773025513,1.4146442413330078,4.084193706512451,0.09481767565011978,4.177332401275635,1.278271649363787,0.036,,,,
326368,10199,19.797502517700195,11.324509620666504,8.421769142150879,0.0454997792840004,0.005723927170038223,-0.0018395711667835712,1.5847153663635254,-0.001702622277662158,0.46977466344833374,1.4228399991989136,1.4117313623428345,4.023341178894043,0.10025442391633987,4.120160102844238,1.279012923004278,0.038799999999999994,,,,
327968,10249,20.35959243774414,12.008485794067383,8.286378860473633,0.04755528271198273,0.017171677201986313,-0.0021765287965536118,1.7174640893936157,-0.0020461948588490486,0.46383219957351685,1.698676586151123,1.7158122062683105,4.060854911804199,0.08237138390541077,4.143837928771973,1.2797153754229398,0.0343,,,,
329568,10299,22.748943328857422,14.056679725646973,8.640745162963867,0.045696407556533813,0.00582139054313302,-0.0031376408878713846,1.6755945682525635,-0.003011514665558934,0.44896072149276733,1.3207186460494995,1.3220491409301758,4.0172505378723145,0.07563963532447815,4.095361232757568,1.2803980478569672,0.0287,,,,
331168,10349,19.70060920715332,11.21161937713623,8.445286750793457,0.039526548236608505,0.0041776918806135654,0.0031530135311186314,1.6100618839263916,0.003297562710940838,0.514875054359436,1.393035650253296,1.366166114807129,4.001049995422363,0.08982346951961517,4.093950271606445,1.2811273889518604,0.0308,,,,
332768,10399,24.551366806030273,14.150920867919922,10.342470169067383,0.05373682081699371,0.004238078370690346,0.0005177910206839442,1.6653010845184326,0.0006467493949458003,0.4601004719734192,1.7386839389801025,1.7018697261810303,4.077995777130127,0.08809392899274826,4.168760776519775,1.2817673204473707,0.0363,,,,
334368,10449,20.576946258544922,11.549612998962402,8.951014518737793,0.06348325312137604,0.012835400179028511,-0.0007266625761985779,1.7030123472213745,-0.000579309940803796,0.5205293297767639,1.5662356615066528,1.5436582565307617,4.033646106719971,0.08437784761190414,4.120062828063965,1.2824824860152704,0.0313,,,,
335968,10499,20.683517456054688,11.870433807373047,8.766429901123047,0.041205067187547684,0.005449931602925062,0.0005053783534094691,1.7180769443511963,0.0006456535193137825,0.49605560302734375,1.449780821800232,1.4293566942214966,4.046385765075684,0.07323358207941055,4.122081756591797,1.2831669265282661,0.03,,,,
337568,10549,18.533939361572266,10.069268226623535,8.416908264160156,0.04216616973280907,0.005598300602287054,0.00055099674500525,1.7773405313491821,0.0006762425182387233,0.43751633167266846,1.4355684518814087,1.4393669366836548,4.012424945831299,0.07302865386009216,4.0859880447387695,1.2838238847469723,0.029699999999999997,,,,
339168,10599,20.209562301635742,11.835578918457031,8.3330659866333,0.037688057869672775,0.0032313556876033545,-0.0023087509907782078,1.6385095119476318,-0.0021672919392585754,0.5122663378715515,0.9182339906692505,0.9214929938316345,4.057118892669678,0.059797219932079315,4.110196590423584,1.2845152211023179,0.0295,,,,
340768,10649,21.39183807373047,12.138776779174805,9.180743217468262,0.06929424405097961,0.00302517949603498,0.0007993956096470356,1.6857240200042725,0.0009591705747880042,0.5709341168403625,1.3504270315170288,1.3302497863769531,4.122979640960693,0.05647612735629082,4.180531024932861,1.2851675478504176,0.0335,,,,
342368,10699,17.170066833496094,9.507966995239258,7.623519420623779,0.033679597079753876,0.004899357445538044,0.0012402450665831566,1.706314206123352,0.001376983243972063,0.47818779945373535,1.5556247234344482,1.5189108848571777,4.085387229919434,0.0677328035235405,4.156244277954102,1.2858147155581072,0.028799999999999996,,,,
343968,10749,18.649410247802734,10.437149047851562,8.163996696472168,0.04390696808695793,0.004355909302830696,0.0007552475435659289,1.6238043308258057,0.0009482525056228042,0.6729480624198914,1.3612087965011597,1.3529889583587646,4.010869026184082,0.07483483105897903,4.087064266204834,1.2864796221563688,0.0364,,,,
345568,10799,16.991321563720703,9.426163673400879,7.52347469329834,0.03727000206708908,0.004414249211549759,0.0004595626378431916,1.672286033630371,0.0006109284004196525,0.5335609316825867,1.4405986070632935,1.4275777339935303,4.0010480880737305,0.07767899334430695,4.084230422973633,1.2871139967211984,0.028,,,,
347168,10849,20.854843139648438,12.48693561553955,8.31882381439209,0.044756073504686356,0.004327866248786449,-0.001314374152570963,1.665898084640503,-0.001186376204714179,0.46478497982025146,1.3919013738632202,1.4028918743133545,4.072659969329834,0.06954031437635422,4.140237331390381,1.2877372934703109,0.0337,,,,
348768,10899,25.387815475463867,15.515985488891602,9.798907279968262,0.06679043918848038,0.006133164279162884,-0.002134729642421007,1.6491732597351074,-0.001975774997845292,0.5572590231895447,1.3905845880508423,1.3777267932891846,3.977839946746826,0.08364874869585037,4.062796592712402,1.288411680343475,0.0281,,,,
350368,10949,20.35464859008789,12.03853988647461,8.286924362182617,0.02630705013871193,0.002877590712159872,-0.0031323330476880074,1.5073955059051514,-0.002953197341412306,0.6286270022392273,1.4657663106918335,1.4784538745880127,3.973405361175537,0.08231806010007858,4.0551018714904785,1.2889986356733065,0.0242,,,,
351968,10999,17.73212432861328,9.876823425292969,7.82273006439209,0.028561599552631378,0.004007523879408836,0.001045590965077281,1.713112235069275,0.0011827672133222222,0.4833891689777374,1.7474303245544434,1.7203656435012817,4.051603317260742,0.073943592607975,4.12881326675415,1.2896465103147219,0.0284,,,,
353568,11049,18.420719146728516,10.394194602966309,7.984238624572754,0.037522148340940475,0.004763643257319927,0.002378653036430478,1.6143879890441895,0.0025779453571885824,0.6897033452987671,1.382994532585144,1.367964506149292,3.989166498184204,0.08077889680862427,4.066128253936768,1.290263154529576,0.039,,,,
355168,11099,18.38517189025879,10.49283218383789,7.845216274261475,0.04505550488829613,0.0020675454288721085,9.885779581964016e-05,1.6483509540557861,0.00024587911320850253,0.5213109254837036,1.477607011795044,1.4567625522613525,4.055632591247559,0.0928010493516922,4.153162002563477,1.290875841767657,0.037599999999999995,,,,
356768,11149,20.358253479003906,11.587554931640625,8.715690612792969,0.05233408510684967,0.002674289047718048,-0.0010569224832579494,1.6345176696777344,-0.0009142078342847526,0.5080984234809875,1.6050392389297485,1.5797858238220215,4.045643329620361,0.09022261947393417,4.139189720153809,1.2914605089715387,0.0267,,,,
358368,11199,19.96166229248047,11.27200698852539,8.644877433776855,0.03830047696828842,0.006476644426584244,-0.001063113915733993,1.6517579555511475,-0.0009058252908289433,0.5495132207870483,1.5007493495941162,1.5044665336608887,4.043628215789795,0.10863547772169113,4.154156684875488,1.292059337199568,0.037599999999999995,,,,
359968,11249,18.613523483276367,10.106634140014648,8.464520454406738,0.037219807505607605,0.005147409625351429,-0.0028267742600291967,1.7315716743469238,-0.0026998044922947884,0.44392064213752747,1.722947120666504,1.724804162979126,3.969430923461914,0.1392544060945511,4.110685348510742,1.2926777540982612,0.019299999999999998,,,,
361568,11299,19.3543701171875,10.327683448791504,8.987290382385254,0.036149848252534866,0.0032460237853229046,0.00047533452743664384,1.6832329034805298,0.0006083489861339331,0.4812050759792328,1.5524017810821533,1.534826397895813,4.034736633300781,0.1373119205236435,4.176847457885742,1.2932518713334145,0.0315,,,,
363168,11349,22.179683685302734,13.70974349975586,8.426664352416992,0.03754130005836487,0.005735770799219608,-0.0010294255334883928,1.6121717691421509,-0.0008742018835619092,0.5422191023826599,1.4025202989578247,1.404022455215454,4.038651943206787,0.10302640497684479,4.141707897186279,1.2938095723985195,0.030799999999999998,,,,
364768,11399,19.326330184936523,11.486360549926758,7.7868804931640625,0.04749634116888046,0.005593028385192156,-0.0009629792766645551,1.642996072769165,-0.0007657200330868363,0.6931509971618652,1.4586690664291382,1.4303392171859741,4.028149604797363,0.0983891412615776,4.1251301765441895,1.2944142863694212,0.0314,,,,
366368,11449,19.644315719604492,11.05136775970459,8.538615226745605,0.049159612506628036,0.005173280369490385,-0.0019200906390324235,1.6051119565963745,-0.0017512089107185602,0.5829811096191406,1.6712568998336792,1.6688363552093506,4.06185245513916,0.09403978288173676,4.154397964477539,1.2949642144750901,0.0351,,,,
367968,11499,18.688091278076172,10.353622436523438,8.300658226013184,0.03273249417543411,0.0010778806172311306,-0.0028268801979720592,1.506401777267456,-0.0026626787148416042,0.573471188545227,1.3285363912582397,1.349289894104004,4.0104475021362305,0.10893858969211578,4.119558811187744,1.2955491072799024,0.030699999999999998,,,,
369568,11549,23.066890716552734,13.59975814819336,9.41346263885498,0.04709155857563019,0.006576962303370237,-0.0023486989084631205,1.5506725311279297,-0.002124406397342682,0.7784469127655029,1.238442301750183,1.2458093166351318,4.009671211242676,0.08918657898902893,4.0958099365234375,1.2961090404969122,0.0302,,,,
371168,11599,18.366371154785156,9.948018074035645,8.387481689453125,0.030685827136039734,0.00018638452456798404,0.0026080552488565445,1.5811644792556763,0.0027716129552572966,0.559394121170044,1.2394685745239258,1.2147794961929321,4.124114513397217,0.09738410264253616,4.216786861419678,1.2966414559933983,0.0318,,,,
372768,11649,21.71455955505371,12.5712308883667,9.09153938293457,0.04706177860498428,0.004727861378341913,-0.0015332786133512855,1.624302864074707,-0.0013672966742888093,0.5823219418525696,1.665095329284668,1.6502904891967773,4.093328952789307,0.08910658955574036,4.186039447784424,1.2972027353711133,0.0381,,,,
374368,11699,17.936017990112305,9.185190200805664,8.700016021728516,0.04804612323641777,0.0027657148893922567,-0.0024063577875494957,1.5901296138763428,-0.00222472520545125,0.6312777996063232,1.4186902046203613,1.4239013195037842,4.154784202575684,0.08924971520900726,4.2421112060546875,1.2977566156130858,0.0318,,,,
375968,11749,21.598329544067383,12.204866409301758,9.333664894104004,0.050508495420217514,0.009288530796766281,-0.005441485904157162,1.653960943222046,-0.005283455364406109,0.5575458407402039,1.581131935119629,1.5819802284240723,4.12568998336792,0.09448129683732986,4.218838691711426,1.2982952652799076,0.0375,,,,
377568,11799,18.183185577392578,9.99394416809082,8.154056549072266,0.032024819403886795,0.0031601390801370144,-0.0017299451865255833,1.611936092376709,-0.001570540014654398,0.5491780638694763,1.279944896697998,1.2809096574783325,4.061092853546143,0.10062987357378006,4.158487319946289,1.2988721719257348,0.0396,,,,
379168,11849,18.175546646118164,10.370333671569824,7.757856369018555,0.04047524929046631,0.006882106885313988,0.00383292930200696,1.7626429796218872,0.0039849551394581795,0.5322279930114746,1.6172606945037842,1.5674707889556885,4.052845478057861,0.09743046760559082,4.150788307189941,1.2994167277637838,0.027,,,,
380768,11899,21.16901969909668,12.138847351074219,8.974079132080078,0.04874999448657036,0.0073436857201159,-0.0039104800671339035,1.598220944404602,-0.003716364037245512,0.6900403499603271,1.7069898843765259,1.722093105316162,4.053068161010742,0.07443051040172577,4.129558086395264,1.2999570858720892,0.0365,,,,
382368,11949,19.87246322631836,11.36539363861084,8.447905540466309,0.05364622548222542,0.005518578924238682,0.0023098429664969444,1.6440200805664062,0.002527680015191436,0.7546471357345581,1.0117523670196533,0.991000235080719,4.016671180725098,0.061389531940221786,4.073523998260498,1.300493666542413,0.0206,,,,
383968,11999,21.443763732910156,11.729799270629883,9.632451057434082,0.07236900180578232,0.009143376722931862,0.00029632652876898646,1.668811321258545,0.0004422097699716687,0.5159435272216797,1.5456593036651611,1.5145063400268555,4.029363632202148,0.06817442923784256,4.100095748901367,1.3010204880306007,0.0267,,,,
385568,12049,18.23710823059082,10.45170783996582,7.743844985961914,0.0360533706843853,0.005502141080796719,-0.0004859676701016724,1.7370833158493042,-0.00034133699955418706,0.49874570965766907,1.3061180114746094,1.2970786094665527,4.100246906280518,0.06272268295288086,4.159148693084717,1.3015403461777952,0.0363,,,,
387168,12099,17.198928833007812,8.917010307312012,8.229551315307617,0.044987209141254425,0.0073809074237942696,0.0006479418370872736,1.6754239797592163,0.0007919708732515574,0.5164962410926819,1.5136784315109253,1.487086534500122,4.098917007446289,0.05915461853146553,4.158989906311035,1.3020912201850923,0.0249,,,,
388768,12149,20.2519588470459,12.071770668029785,8.151178359985352,0.028385063633322716,0.000623987172730267,0.0026005313266068697,1.6602141857147217,0.0027628850657492876,0.5736541748046875,1.5411782264709473,1.4996947050094604,4.094715118408203,0.06227298453450203,4.161293029785156,1.302555923503036,0.033100000000000004,,,,
390368,12199,20.57022476196289,12.38063907623291,8.130249977111816,0.04917990043759346,0.010156622156500816,-0.0005832939641550183,1.5916826725006104,-0.0004399315803311765,0.5165480971336365,1.4170174598693848,1.403515338897705,4.120908260345459,0.05748068168759346,4.182569980621338,1.303101700361518,0.035,,,,
391968,12249,20.245243072509766,11.316222190856934,8.871295928955078,0.05396384373307228,0.003760220715776086,-0.002017544349655509,1.601999282836914,-0.0018742075189948082,0.509443461894989,1.4220248460769653,1.427459955215454,4.112585067749023,0.07298930734395981,4.184134483337402,1.3036259953019231,0.0275,,,,
393568,12299,21.048776626586914,11.998665809631348,8.997621536254883,0.05091046541929245,0.0015773297054693103,0.0005528935580514371,1.709305763244629,0.0006885243346914649,0.47565966844558716,1.3635852336883545,1.3309528827667236,4.153064727783203,0.06953930854797363,4.218858242034912,1.304148830713211,0.018400000000000003,,,,
395168,12349,22.23465919494629,12.610372543334961,9.574698448181152,0.04760267958045006,0.0019848463125526905,-0.0017545352457091212,1.6287815570831299,-0.0016121338121592999,0.5027179718017578,1.492689847946167,1.499139428138733,4.070980072021484,0.07019169628620148,4.141635417938232,1.3046527989482737,0.0324,,,,
396768,12399,17.077112197875977,9.306778907775879,7.721597671508789,0.046926964074373245,0.001808436238206923,0.0006401725695468485,1.7260440587997437,0.0007831795956008136,0.5017557144165039,1.3872216939926147,1.359377145767212,4.0573530197143555,0.07071153074502945,4.133185386657715,1.3051570578201164,0.028000000000000004,,,,
398368,12449,18.654815673828125,10.250085830688477,8.361146926879883,0.041155148297548294,0.0024283453822135925,-0.0006683486863039434,1.5181057453155518,-0.00046344910515472293,0.7190915942192078,0.9987822771072388,0.9980334639549255,4.056017875671387,0.06677564978599548,4.117771148681641,1.3056658122444955,0.0205,,,,
399968,12499,25.533926010131836,15.330121994018555,10.114656448364258,0.06927310675382614,0.01987416110932827,0.00035338406451046467,1.568272352218628,0.0005234602722339332,0.5947993993759155,1.686941385269165,1.68218994140625,4.07625675201416,0.0549003928899765,4.134655952453613,1.3061779285460886,0.0193,,,,
401568,12549,20.56046485900879,11.292102813720703,9.186749458312988,0.07510983198881149,0.00650456128641963,-0.000703499186784029,1.5449750423431396,-0.0005326058017089963,0.5984275341033936,1.2755694389343262,1.282820701599121,3.9991347789764404,0.05755836144089699,4.055682182312012,1.280015598795671,0.0315,,,,
403168,12599,20.24368667602539,10.926548957824707,9.263304710388184,0.04754961282014847,0.006283435970544815,-0.0026910973247140646,1.5514907836914062,-0.0025113753508776426,0.6225287318229675,1.1409438848495483,1.1506434679031372,4.036323547363281,0.04719029366970062,4.078904628753662,1.2805878312174628,0.030199999999999998,,,,
404768,12649,19.90338897705078,11.237836837768555,8.609698295593262,0.049671340733766556,0.006183587480336428,-0.0036651522386819124,1.4701716899871826,-0.0034699838142842054,0.6771414279937744,0.9794309139251709,1.0114511251449585,4.152954578399658,0.06049435958266258,4.206286430358887,1.2811478289950016,0.03839999999999999,,,,
406368,12699,20.678312301635742,11.923391342163086,8.698582649230957,0.04938695952296257,0.00695000309497118,0.0003681136295199394,1.5361937284469604,0.0005734820733778179,0.7076799869537354,1.0453071594238281,1.0396335124969482,4.097675323486328,0.06426357477903366,4.152904033660889,1.2817618240600037,0.0304,,,,
407968,12749,17.512266159057617,9.686237335205078,7.795161247253418,0.02746930718421936,0.0033973653335124254,-0.0028314620722085238,1.5836879014968872,-0.002688754117116332,0.509695827960968,1.5020352602005005,1.5191943645477295,4.186354637145996,0.06323845684528351,4.25302791595459,1.2823135212764496,0.04240000000000001,,,,
409568,12799,18.89980697631836,10.649724006652832,8.190361022949219,0.0566290020942688,0.003092887345701456,-0.0006274011684581637,1.5746933221817017,-0.0004741799784824252,0.5414758920669556,1.2165054082870483,1.1806679964065552,4.109882354736328,0.05171636864542961,4.159564018249512,1.2828528993200627,0.0352,,,,
411168,12849,20.02687644958496,11.009421348571777,8.980082511901855,0.0337744876742363,0.0035981368273496628,0.0015621830243617296,1.7122845649719238,0.0016679968684911728,0.37951377034187317,1.348065972328186,1.304147720336914,4.0544114112854,0.05587546154856682,4.1085429191589355,1.2833780947902116,0.0353,,,,
412768,12899,18.99736976623535,10.545079231262207,8.400699615478516,0.04617917165160179,0.0054129064083099365,-0.0018445407040417194,1.6102979183197021,-0.0017073338385671377,0.47927558422088623,1.433717966079712,1.4284262657165527,4.133637428283691,0.04705999046564102,4.182137966156006,1.283935482380744,0.031,,,,
414368,12949,20.82706642150879,11.479878425598145,9.287343978881836,0.05483350530266762,0.0050095184706151485,-0.0005048916209489107,1.6394976377487183,-0.00037354708183556795,0.4654940962791443,1.7564150094985962,1.7421388626098633,4.112221717834473,0.053431469947099686,4.17021369934082,1.2845090802124497,0.0277,,,,
415968,12999,15.864819526672363,8.621682167053223,7.211008071899414,0.030327284708619118,0.0018022264121100307,0.003510798327624798,1.6912425756454468,0.0036656551528722048,0.5765308737754822,1.6816325187683105,1.6367759704589844,4.058887958526611,0.04478870704770088,4.109854221343994,1.2850220685913505,0.0355,,,,
417568,13049,18.48387336730957,10.26285171508789,8.17944622039795,0.04053356498479843,0.0010412632254883647,-0.0022102571092545986,1.6918103694915771,-0.0020562296267598867,0.5383940935134888,1.5951488018035889,1.5985357761383057,4.131437301635742,0.035242870450019836,4.166988849639893,1.2855432862228637,0.042,,,,
419168,13099,20.3006534576416,11.921051979064941,8.329817771911621,0.04808667674660683,0.0016966930124908686,0.005285107996314764,1.6778287887573242,0.005442164372652769,0.5608182549476624,1.4560452699661255,1.3904852867126465,4.115449905395508,0.035066697746515274,4.151042938232422,1.286052929132614,0.039900000000000005,,,,
420768,13149,18.227821350097656,9.538407325744629,8.63149642944336,0.05290163308382034,0.00501705426722765,-0.0016111360164359212,1.630215048789978,-0.0014594127424061298,0.5239378213882446,1.3968336582183838,1.3933227062225342,4.196309566497803,0.036494944244623184,4.235034942626953,1.2865487205871837,0.0259,,,,
422368,13199,18.25926971435547,10.083979606628418,8.119617462158203,0.043644264340400696,0.012028463184833527,-0.0028534207958728075,1.658125638961792,-0.002727332292124629,0.4412706792354584,1.265899658203125,1.2841533422470093,4.2293853759765625,0.02965957298874855,4.25838041305542,1.2870955685898957,0.03490000000000001,,,,
423968,13249,18.494373321533203,10.073338508605957,8.36954402923584,0.04996591806411743,0.001523596583865583,0.0009983074851334095,1.700631022453308,0.0011317649623379111,0.46086832880973816,1.2181529998779297,1.1786123514175415,4.398387908935547,0.030415255576372147,4.423966884613037,1.2875990632220056,0.03319999999999999,,,,
425568,13299,20.864957809448242,11.825636863708496,8.986787796020508,0.049010224640369415,0.0035250731743872166,0.0020679591689258814,1.704467535018921,0.0022635338827967644,0.6794205904006958,1.599931240081787,1.5520610809326172,4.26406717300415,0.029160967096686363,4.295211315155029,1.2880504280459169,0.0415,,,,
427168,13349,20.982389450073242,12.18127155303955,8.735280990600586,0.06410474330186844,0.0017313617281615734,0.0014671897515654564,1.7603384256362915,0.0016200526151806116,0.5391180515289307,1.102177619934082,1.0687768459320068,4.317037582397461,0.03251652792096138,4.348029613494873,1.2885855841837437,0.019399999999999997,,,,
428768,13399,27.488971710205078,17.826162338256836,9.610536575317383,0.049281638115644455,0.002990704495459795,-0.0008666031644679606,1.8155872821807861,-0.000745220750104636,0.4167676866054535,1.2244211435317993,1.2176237106323242,4.281676769256592,0.036944903433322906,4.30729341506958,1.2890964352390333,0.031100000000000003,,,,
430368,13449,15.849026679992676,8.185826301574707,7.634069919586182,0.028744366019964218,0.00038498794310726225,0.0021065243054181337,1.7704660892486572,0.0022799884900450706,0.6050618886947632,1.0131357908248901,0.9976215958595276,4.387380599975586,0.03593812882900238,4.415802478790283,1.289602244381111,0.031100000000000003,,,,
431968,13499,23.661447525024414,14.694384574890137,8.915345191955566,0.04894815757870674,0.0027694585733115673,0.002133586211130023,1.7287598848342896,0.0022629171144217253,0.4552811086177826,1.4232990741729736,1.3858922719955444,4.477199554443359,0.0452391617000103,4.519739151000977,1.290098951331486,0.022600000000000002,,,,
433568,13549,20.465129852294922,11.469766616821289,8.948202133178711,0.04549986496567726,0.0016614783089607954,0.0026165528688579798,1.6629245281219482,0.0027423312421888113,0.4607078433036804,1.5580233335494995,1.509889841079712,4.437972068786621,0.05090798810124397,4.491898059844971,1.290572201977307,0.0454,,,,
435168,13599,18.878908157348633,10.72718334197998,8.106087684631348,0.03622419014573097,0.009412683546543121,-0.0017389984568580985,1.6856945753097534,-0.0015788350719958544,0.5695775151252747,0.9598271250724792,0.958605945110321,4.522613525390625,0.04318614676594734,4.558297634124756,1.2910793106512957,0.0325,,,,
436768,13649,19.027158737182617,10.438405990600586,8.53251838684082,0.05125794932246208,0.004975765012204647,-0.0007771005621179938,1.5124452114105225,-0.0006088411901146173,0.6021029949188232,1.7860534191131592,1.789158821105957,4.483697414398193,0.04917904734611511,4.533107757568359,1.2915814732901978,0.0535,,,,
438368,13699,18.216522216796875,10.390557289123535,7.781928062438965,0.039204612374305725,0.004831696394830942,-0.0018743161344900727,1.8902148008346558,-0.0017550907796248794,0.4232894480228424,1.7500954866409302,1.7338935136795044,4.4235520362854,0.0540442168712616,4.479953289031982,1.2920583388468967,0.037599999999999995,,,,
439968,13749,22.042312622070312,13.30168342590332,8.689385414123535,0.044613316655159,0.006630866322666407,-0.0007208219030871987,1.6328754425048828,-0.0005878906231373549,0.47308701276779175,2.009673595428467,1.9877839088439941,4.5339531898498535,0.04831688106060028,4.585365295410156,1.2925226785782704,0.0415,,,,
441568,13799,19.043062210083008,11.212586402893066,7.7825727462768555,0.03997700661420822,0.007926090620458126,-0.0006469894433394074,1.6422908306121826,-0.0005178857827559114,0.45810022950172424,1.5696425437927246,1.5457117557525635,4.517488479614258,0.04091101512312889,4.561060428619385,1.2929937716610576,0.03359999999999999,,,,
443168,13849,21.784700393676758,13.090349197387695,8.657096862792969,0.03644328564405441,0.0008101577404886484,-0.0023919017985463142,1.6268054246902466,-0.002247539348900318,0.5017867088317871,1.8471410274505615,1.838923692703247,4.577960968017578,0.045006684958934784,4.617619037628174,1.2934581770128197,0.0345,,,,
444768,13899,23.75783920288086,14.703916549682617,8.993692398071289,0.050935301929712296,0.009294931776821613,-0.0009612634894438088,1.7704546451568604,-0.0008102549472823739,0.5202378630638123,1.468083143234253,1.4328831434249878,4.49160099029541,0.04355911910533905,4.534802436828613,1.2939381152895235,0.047200000000000006,,,,
446368,13949,21.18363380432129,13.272083282470703,7.852193832397461,0.044333137571811676,0.015024542808532715,-0.000814790022559464,1.6597304344177246,-0.0006769427563995123,0.49174922704696655,1.3178530931472778,1.3167914152145386,4.542236804962158,0.03309469670057297,4.570436000823975,1.2943995878781303,0.029199999999999997,,,,
447968,13999,18.657108306884766,10.021992683410645,8.57126235961914,0.058221325278282166,0.00563172297552228,-0.0013009165413677692,1.6446022987365723,-0.001172190299257636,0.4449235796928406,1.5759276151657104,1.5701180696487427,4.52048921585083,0.03743232041597366,4.55565071105957,1.2948977032345734,0.0346,,,,
449568,14049,22.872421264648438,14.083329200744629,8.719427108764648,0.06451442092657089,0.005150746088474989,0.0002787698176689446,1.6425836086273193,0.00043238551006652415,0.5362416505813599,1.3655904531478882,1.3560633659362793,4.48091983795166,0.02431316301226616,4.5017619132995605,1.2953850840309507,0.0407,,,,
451168,14099,19.089284896850586,10.684362411499023,8.351029396057129,0.05178128182888031,0.0021105895284563303,0.0001623069547349587,1.6291329860687256,0.000283428787952289,0.431026816368103,1.8670119047164917,1.843885064125061,4.511984825134277,0.04083693400025368,4.558046817779541,1.2958121037469028,0.0403,,,,
452768,14149,22.974077224731445,13.529858589172363,9.386608123779297,0.052817318588495255,0.004795841407030821,-0.0010593875776976347,1.6383780241012573,-0.000929790548980236,0.4530389904975891,1.6822361946105957,1.6668050289154053,4.58618688583374,0.034880295395851135,4.620511054992676,1.2962889768796193,0.0357,,,,
454368,14199,19.835466384887695,11.014959335327148,8.782358169555664,0.033133454620838165,0.0050171613693237305,-0.0001868460385594517,1.8678638935089111,-8.674251148477197e-05,0.3559204638004303,1.9790529012680054,1.9553585052490234,4.544683456420898,0.03846615180373192,4.588654518127441,1.2967599631714282,0.041,,,,
455968,14249,20.5803165435791,11.966336250305176,8.56827163696289,0.04237043857574463,0.00334064569324255,0.0032416225876659155,1.8480935096740723,0.0033938384149223566,0.5251888036727905,1.0324807167053223,0.9738231897354126,4.543520450592041,0.032991647720336914,4.563745975494385,1.2972021784080354,0.045099999999999994,,,,
457568,14299,17.964763641357422,10.526270866394043,7.3958048820495605,0.04108363017439842,0.0016044613439589739,-0.0003457111888565123,1.7542915344238281,-0.00021081443992443383,0.46697527170181274,1.5883185863494873,1.5662544965744019,4.539295196533203,0.042655039578676224,4.580497741699219,1.2976771339597737,0.0331,,,,
459168,14349,18.841941833496094,10.69820785522461,8.095439910888672,0.045990582555532455,0.002303772373124957,-0.0027284794487059116,1.6065444946289062,-0.0026122694835066795,0.4179767966270447,2.178551435470581,2.2040066719055176,4.641559600830078,0.0328536182641983,4.677972793579102,1.2981261664643586,0.027,,,,
460768,14399,25.65247344970703,15.735077857971191,9.859847068786621,0.055361442267894745,0.0021872317884117365,-0.0013641731347888708,1.7686829566955566,-0.001232778187841177,0.45285266637802124,1.53955078125,1.5330629348754883,4.6206746101379395,0.03933059424161911,4.65000581741333,1.2985886015728265,0.0347,,,,
462368,14449,16.605491638183594,8.25766372680664,8.301066398620605,0.04191242903470993,0.004849075805395842,-0.0007920181378722191,1.7213923931121826,-0.0006285491399466991,0.5684154629707336,1.4510256052017212,1.4197860956192017,4.604402542114258,0.04213699698448181,4.643705368041992,1.299055971459226,0.0358,,,,
463968,14499,16.730775833129883,8.674612045288086,7.997954845428467,0.05175735801458359,0.006451342720538378,-0.000886513153091073,1.4858088493347168,-0.0007324902107939124,0.5476803183555603,1.9789667129516602,1.9692628383636475,4.641638278961182,0.03653488680720329,4.679984092712402,1.29951790644151,0.0299,,,,
465568,14549,18.176944732666016,9.626409530639648,8.496662139892578,0.047352828085422516,0.0065195620991289616,0.0024329170119017363,1.6353583335876465,0.002558516338467598,0.44425734877586365,2.3949501514434814,2.3357744216918945,4.655559539794922,0.029874088242650032,4.692709445953369,1.2999262761678785,0.0348,,,,
467168,14599,20.34069061279297,11.881269454956055,8.401409149169922,0.05259665474295616,0.005414874758571386,-0.0006070181261748075,1.6367826461791992,-0.0004851676058024168,0.4302302896976471,2.0070204734802246,1.989990472793579,4.681542873382568,0.034318532794713974,4.717286109924316,1.3003571252775943,0.045899999999999996,,,,
468768,14649,18.86713981628418,10.729754447937012,8.087830543518066,0.04670397564768791,0.002851375611498952,0.000753283326048404,1.686299443244934,0.0008683361811563373,0.3980078399181366,2.241630792617798,2.198631525039673,4.693976402282715,0.045252688229084015,4.7364349365234375,1.3007769911733742,0.0381,,,,
470368,14699,15.992263793945312,8.664493560791016,7.2805986404418945,0.03954567760229111,0.007625889498740435,-0.00021124491468071938,1.5348538160324097,-5.2717310609295964e-05,0.550725519657135,1.806921362876892,1.7891100645065308,4.799939155578613,0.04486376792192459,4.8447418212890625,1.3012147954588307,0.0315,,,,
471968,14749,21.581464767456055,12.057153701782227,9.457876205444336,0.05855930596590042,0.007875185459852219,-0.000265714741544798,1.575777530670166,-0.00010548198042670265,0.5525839328765869,1.5875757932662964,1.5757771730422974,4.790553569793701,0.044279180467128754,4.832997798919678,1.3016483152860638,0.035,,,,
473568,14799,17.386507034301758,9.334593772888184,7.998444080352783,0.045303694903850555,0.008165465667843819,-0.001261914731003344,1.5895024538040161,-0.0011136394459754229,0.5119242668151855,1.4660248756408691,1.4614681005477905,4.8226823806762695,0.036129098385572433,4.85648250579834,1.3020790203653332,0.029900000000000003,,,,
475168,14849,18.779245376586914,10.414886474609375,8.312785148620605,0.042952634394168854,0.00862001534551382,-0.0009962724288925529,1.5995595455169678,-0.0008498242823407054,0.5195768475532532,1.5045989751815796,1.491422176361084,4.841431140899658,0.04334581643342972,4.886927127838135,1.3024977047040875,0.0259,,,,
476768,14899,20.185108184814453,11.650919914245605,8.484192848205566,0.04727914556860924,0.002715578768402338,-0.0005415448686107993,1.6803396940231323,-0.0004114345065318048,0.45229196548461914,1.9512767791748047,1.9183411598205566,4.735504150390625,0.044915586709976196,4.77777624130249,1.3029023422262984,0.0395,,,,
478368,14949,22.27685546875,13.734862327575684,8.48513126373291,0.056286077946424484,0.000575126672629267,-0.0015574436401948333,1.6294724941253662,-0.001440865802578628,0.4133257567882538,1.7153913974761963,1.7031437158584595,4.785306930541992,0.036285728216171265,4.824410438537598,1.3033195954508527,0.0291,,,,
479968,14999,20.85841941833496,11.918136596679688,8.868141174316406,0.06423992663621902,0.007901658304035664,3.315359936095774e-05,1.7208001613616943,0.00016673955542501062,0.46646714210510254,1.3520339727401733,1.3275138139724731,4.762804985046387,0.05047708377242088,4.809483051300049,1.3037252236616181,0.0311,,,,
481568,15049,19.680238723754883,11.498950004577637,8.12353515625,0.052123457193374634,0.005629356950521469,-0.0014433247270062566,1.5694652795791626,-0.0013103531673550606,0.46545839309692383,1.8793375492095947,1.8704315423965454,4.785455703735352,0.047824058681726456,4.835777759552002,1.2808048112062294,0.0429,,,,
483168,15099,23.279190063476562,13.84695816040039,9.355423927307129,0.06633789092302322,0.01047133281826973,0.00013001292245462537,1.6941564083099365,0.0002494222717359662,0.41908955574035645,1.6774191856384277,1.6487782001495361,4.757808208465576,0.05051910877227783,4.801819324493408,1.2812852179448204,0.0453,,,,
484768,15149,23.25136947631836,13.65107536315918,9.53951644897461,0.04814856871962547,0.01262942235916853,-0.00022383687610272318,1.6447789669036865,-8.23626178316772e-05,0.5064433813095093,1.5701978206634521,1.5658596754074097,4.758697986602783,0.04088622331619263,4.80031681060791,1.2817344551410634,0.0353,,,,
486368,15199,15.371212005615234,8.046285629272461,7.275630474090576,0.04471450299024582,0.0045804656110703945,-0.001410447875969112,1.6387913227081299,-0.0012823744909837842,0.4663078486919403,1.7509102821350098,1.7482365369796753,4.799228191375732,0.03417333960533142,4.840763568878174,1.282196829354268,0.0418,,,,
487968,15249,17.863994598388672,10.296649932861328,7.52630090713501,0.03649740293622017,0.004546578507870436,-0.00048405377310700715,1.6697144508361816,-0.00036125603946857154,0.43135756254196167,2.03192400932312,2.0170767307281494,4.7075676918029785,0.03539661318063736,4.745620250701904,1.28265735130713,0.0423,,,,
489568,15299,18.463619232177734,10.663223266601562,7.753548622131348,0.04430641978979111,0.002543023321777582,0.0008286304073408246,1.716498613357544,0.0009291147580370307,0.359418660402298,1.5905017852783203,1.5636420249938965,4.675983905792236,0.04345769062638283,4.721335411071777,1.2831136827437466,0.0256,,,,
491168,15349,18.79347801208496,10.727819442749023,8.031259536743164,0.031495656818151474,0.002903799992054701,0.00046293233754113317,1.7226096391677856,0.0006315074278973043,0.5807340741157532,1.2938427925109863,1.289589285850525,4.710436820983887,0.04101122170686722,4.743278503417969,1.2835618327422431,0.04190000000000001,,,,
492768,15399,21.029457092285156,13.127910614013672,7.840782165527344,0.05499817803502083,0.005766691640019417,-0.0014841536758467555,1.5934135913848877,-0.0013669868931174278,0.40957629680633545,1.6921212673187256,1.6950314044952393,4.685452461242676,0.0366097092628479,4.721068859100342,1.2840184242772252,0.0258,,,,
494368,15449,21.40948486328125,12.698009490966797,8.665804862976074,0.043187182396650314,0.0024807164445519447,-0.002377989934757352,1.5860663652420044,-0.0022679774556308985,0.3914560377597809,2.0178987979888916,2.0221059322357178,4.720842361450195,0.026318471878767014,4.747919082641602,1.2844675253423306,0.0368,,,,
495968,15499,17.673547744750977,9.782347679138184,7.841296672821045,0.0444764643907547,0.005428806878626347,1.886672544060275e-05,1.6965305805206299,0.00013189972378313541,0.4100186228752136,1.7297334671020508,1.707777976989746,4.70290470123291,0.04657948762178421,4.7535624504089355,1.2849167044588663,0.0405,,,,
497568,15549,21.880266189575195,12.745710372924805,9.086518287658691,0.04754019156098366,0.0004961532540619373,0.0027533669490367174,1.6206895112991333,0.0028765895403921604,0.4397813379764557,2.2138798236846924,2.164761543273926,4.697469234466553,0.0411699041724205,4.74504280090332,1.2853732952152965,0.0319,,,,
499168,15599,18.471200942993164,10.409929275512695,8.021449089050293,0.03636820986866951,0.003455754602327943,-0.0027938021812587976,1.5130773782730103,-0.0026365933008491993,0.540695071220398,1.8575160503387451,1.8570146560668945,4.712556838989258,0.030212609097361565,4.739150047302246,1.2858237203218894,0.032100000000000004,,,,
500768,15649,18.878780364990234,11.154939651489258,7.669290542602539,0.05196896567940712,0.0025805372279137373,-0.001604854827746749,1.7146553993225098,-0.001482890103943646,0.42140328884124756,1.6076641082763672,1.616557240486145,4.760993003845215,0.025427019223570824,4.781130790710449,1.286295679403791,0.034,,,,
502368,15699,21.990060806274414,13.277536392211914,8.675641059875488,0.033079903572797775,0.0038036841433495283,-0.0007659101975150406,1.6661640405654907,-0.0005996174877509475,0.5809682607650757,1.510861873626709,1.5041446685791016,4.761604309082031,0.02830958552658558,4.7837605476379395,1.286707105903026,0.035,,,,
503968,15749,19.36067008972168,10.811614036560059,8.485506057739258,0.053506240248680115,0.01004480104893446,0.003930547274649143,1.6196041107177734,0.0040762536227703094,0.5085281133651733,1.676006555557251,1.6267844438552856,4.8189802169799805,0.04312090575695038,4.863566875457764,1.2871355333465184,0.0428,,,,
505568,15799,18.61962127685547,10.296701431274414,8.264662742614746,0.05525144562125206,0.0030066431500017643,-0.0006719463272020221,1.674342393875122,-0.0005608428618870676,0.3875140845775604,1.2768994569778442,1.2707903385162354,4.805342197418213,0.043505534529685974,4.844412803649902,1.2875537421112513,0.040799999999999996,,,,
507168,15849,18.06805992126465,9.757585525512695,8.271697044372559,0.03339575231075287,0.005382439587265253,0.0006087034125812352,1.6206450462341309,0.0007670924533158541,0.5527224540710449,1.9383282661437988,1.914463758468628,4.850545883178711,0.05122515931725502,4.89863920211792,1.287993692916624,0.038799999999999994,,,,
508768,15899,17.174148559570312,9.443697929382324,7.6970906257629395,0.03142603859305382,0.0019333639647811651,0.0005257150623947382,1.624392032623291,0.000644939485937357,0.43149638175964355,2.3316304683685303,2.2960588932037354,4.828282356262207,0.04338299483060837,4.8791632652282715,1.2884307919452334,0.0344,,,,
510368,15949,16.40635871887207,8.283700942993164,8.068041801452637,0.043803416192531586,0.010812567546963692,0.0006052094977349043,1.722814679145813,0.00071674061473459,0.3986826241016388,2.0712289810180664,2.0294740200042725,4.867530345916748,0.04136461764574051,4.913740634918213,1.288854381732493,0.0441,,,,
511968,15999,24.636545181274414,14.940506935119629,9.633207321166992,0.05908769369125366,0.0037429742515087128,-0.001628801110200584,1.6155834197998047,-0.0015196518506854773,0.39490577578544617,1.6130353212356567,1.6210376024246216,4.8689727783203125,0.040251538157463074,4.909912586212158,1.2892857165222487,0.04190000000000001,,,,
513568,16049,16.546131134033203,9.081107139587402,7.411181449890137,0.05027278512716293,0.003570718225091696,-0.00255822716280818,1.533182144165039,-0.002398535842075944,0.5575668215751648,1.7803096771240234,1.8000763654708862,4.868657112121582,0.0647992193698883,4.9335503578186035,1.2897074484770257,0.0419,,,,
515168,16099,19.68081283569336,10.837695121765137,8.794330596923828,0.03826189041137695,0.010525637306272984,0.00018699103384278715,1.5108940601348877,0.0003345502191223204,0.5194785594940186,1.7572911977767944,1.752947449684143,4.971277713775635,0.048283323645591736,5.019567012786865,1.2901355305194775,0.0255,,,,
516768,16149,22.351831436157227,13.793451309204102,8.49097728729248,0.054454926401376724,0.012948069721460342,-0.002108595333993435,1.5828778743743896,-0.0019746609032154083,0.4682982861995697,1.88692307472229,1.8834441900253296,4.9444580078125,0.040238283574581146,4.985429286956787,1.2905581853518715,0.0409,,,,
518368,16199,17.868804931640625,9.616231918334961,8.216294288635254,0.0348053015768528,0.0014732555719092488,-0.002862257184460759,1.5764899253845215,-0.0027326757553964853,0.46879976987838745,1.8858706951141357,1.8978369235992432,4.961674213409424,0.04934117943048477,5.0137939453125,1.2909964960142966,0.038,,,,
519968,16249,18.695573806762695,10.216886520385742,8.414982795715332,0.048553332686424255,0.01514933630824089,0.00018408114556223154,1.6852147579193115,0.00031555158784613013,0.4648781716823578,1.8148006200790405,1.7940930128097534,4.973745346069336,0.06143494322896004,5.038478851318359,1.2914057762864968,0.045399999999999996,,,,
521568,16299,18.475744247436523,9.95388126373291,8.471277236938477,0.04547908157110214,0.005106521770358086,-0.0013328911736607552,1.5902667045593262,-0.0012132220435887575,0.4279252886772156,1.6339386701583862,1.6283509731292725,5.05920934677124,0.05009671673178673,5.108570575714111,1.2918374627689193,0.0386,,,,
523168,16349,17.850881576538086,10.47689437866211,7.324979305267334,0.04674627631902695,0.002259276108816266,-0.00016121717635542154,1.7187483310699463,-6.392454088199884e-05,0.37006545066833496,2.048222303390503,2.0264203548431396,5.025008201599121,0.05788974463939667,5.083585739135742,1.2922235081513889,0.0307,,,,
524768,16399,18.236295700073242,10.473517417907715,7.721096992492676,0.04024207592010498,0.0014394259778782725,0.0008733959402889013,1.6551015377044678,0.0010360217420384288,0.5707711577415466,1.7807369232177734,1.7650814056396484,5.044183731079102,0.04812173917889595,5.095186710357666,1.292646313289575,0.047,,,,
526368,16449,18.873794555664062,10.73101806640625,8.087394714355469,0.04864245653152466,0.006737815216183662,7.89981713751331e-05,1.6551365852355957,0.00023710925597697496,0.5493897199630737,1.6383717060089111,1.6099436283111572,5.039644241333008,0.07239068299531937,5.1109700202941895,1.2930623225292244,0.043,,,,
527968,16499,17.088281631469727,9.138169288635254,7.909934043884277,0.0370732806622982,0.003105648560449481,-0.0006315110949799418,1.6743779182434082,-0.0004931867006234825,0.4870193600654602,2.0578300952911377,2.0351674556732178,5.145320415496826,0.05159907042980194,5.196548938751221,1.2934428906046869,0.0391,,,,
529568,16549,19.411577224731445,11.152664184570312,8.21005630493164,0.045173875987529755,0.003682167734950781,0.001359588117338717,1.7931458950042725,0.0015241181245073676,0.5663642287254333,1.4365977048873901,1.4054105281829834,5.151974201202393,0.05592179670929909,5.202733993530273,1.2938288663377937,0.0344,,,,
531168,16599,18.231002807617188,10.033831596374512,8.151963233947754,0.0433146171271801,0.001893523265607655,-0.0013210821198299527,1.6185131072998047,-0.0011827280977740884,0.482108473777771,1.876826524734497,1.8715516328811646,5.057488441467285,0.06677870452404022,5.127706050872803,1.2942480231543945,0.0412,,,,
532768,16649,20.750640869140625,11.750362396240234,8.93959903717041,0.05664077401161194,0.004040238447487354,-0.0022743286099284887,1.676415205001831,-0.0021581528708338737,0.40306466817855835,2.1243155002593994,2.1281065940856934,5.104862213134766,0.051770392805337906,5.1570024490356445,1.294639663350312,0.039099999999999996,,,,
534368,16699,23.756370544433594,14.672840118408203,9.024100303649902,0.057643335312604904,0.0017856780905276537,0.002855095313861966,1.6930453777313232,0.00299001089297235,0.4725160300731659,2.2850112915039062,2.2487597465515137,5.145571231842041,0.05527346208691597,5.200562000274658,1.2950280586698162,0.045700000000000005,,,,
535968,16749,18.53616714477539,9.934806823730469,8.559492111206055,0.041395317763090134,0.000472809886559844,0.0007718090782873333,1.6293439865112305,0.0008981068967841566,0.44341176748275757,1.6720067262649536,1.6487226486206055,5.112214088439941,0.05283351242542267,5.162454605102539,1.2954296509712104,0.0212,,,,
537568,16799,21.17180633544922,12.396552085876465,8.731391906738281,0.042794596403837204,0.0010664371075108647,-4.715244722319767e-05,1.6981631517410278,6.926555943209678e-05,0.40357816219329834,1.8962105512619019,1.8585407733917236,5.127427577972412,0.05676351487636566,5.182155609130859,1.2958329003510431,0.0324,,,,
539168,16849,19.733766555786133,10.972352981567383,8.709033012390137,0.05022330582141876,0.002158167539164424,-0.005417455919086933,1.6661425828933716,-0.005307615268975496,0.39164483547210693,2.2217342853546143,2.2452023029327393,5.12224817276001,0.035681407898664474,5.15981388092041,1.2962078852046672,0.0386,,,,
540768,16899,23.143327713012695,14.3167142868042,8.77699089050293,0.04734417423605919,0.0022796900011599064,-0.001086097676306963,1.5293126106262207,-0.0009186338866129518,0.5926665663719177,1.3941924571990967,1.3967461585998535,5.089282512664795,0.04257495701313019,5.127583980560303,1.29657598067872,0.0443,,,,
542368,16949,16.848861694335938,8.852411270141602,7.949733257293701,0.04241659864783287,0.00429968535900116,-0.0022140967193990946,1.5801897048950195,-0.0020635323598980904,0.5198121666908264,2.2444915771484375,2.25573468208313,5.134270668029785,0.050591908395290375,5.186649799346924,1.2969764847112148,0.0183,,,,
543968,16999,16.677053451538086,8.842646598815918,7.780463218688965,0.04426059126853943,0.009683236479759216,0.00139665137976408,1.726538896560669,0.0015197449829429388,0.4375075697898865,2.1183152198791504,2.0862302780151367,5.180478572845459,0.026424268260598183,5.209667682647705,1.2973674355897966,0.030600000000000002,,,,
545568,17049,20.277585983276367,11.425247192382812,8.775328636169434,0.07048250734806061,0.006527219898998737,-0.0030569799710065126,1.5311000347137451,-0.002891448326408863,0.5782971978187561,1.8811018466949463,1.8993595838546753,5.249484539031982,0.028465185314416885,5.277909755706787,1.297749116038106,0.033400000000000006,,,,
547168,17099,19.14451026916504,10.988871574401855,8.096323013305664,0.04736345261335373,0.011953258886933327,-0.001754663186147809,1.5204730033874512,-0.001618039677850902,0.4736998677253723,1.7816405296325684,1.8006970882415771,5.250335693359375,0.03231443837285042,5.279294967651367,1.2981360724355453,0.0268,,,,
548768,17149,18.41002655029297,10.174768447875977,8.183256149291992,0.04782545939087868,0.004177249502390623,-0.00274764746427536,1.5867681503295898,-0.002624268177896738,0.4417090117931366,1.9088215827941895,1.921595573425293,5.227828025817871,0.04753609001636505,5.27441930770874,1.298523317422732,0.0251,,,,
550368,17199,23.172189712524414,13.5483980178833,9.559391975402832,0.057524360716342926,0.006876274012029171,-0.002031551441177726,1.6187406778335571,-0.0019232608610764146,0.3808826506137848,2.279858350753784,2.279067277908325,5.152979850769043,0.05973878130316734,5.213829517364502,1.2989099476558323,0.035199999999999995,,,,
551968,17249,17.267723083496094,9.523483276367188,7.693871021270752,0.042946141213178635,0.007423526141792536,-0.001067773555405438,1.7673795223236084,-0.0009558044257573783,0.40052008628845215,1.822476863861084,1.8187493085861206,5.166146278381348,0.041921187192201614,5.209080219268799,1.2992763627092738,0.047700000000000006,,,,
553568,17299,22.76017189025879,14.042845726013184,8.669635772705078,0.041204776614904404,0.006485711317509413,-0.0034202137030661106,1.5621371269226074,-0.0033123325556516647,0.3801927864551544,2.445819854736328,2.469900131225586,5.2077250480651855,0.0439385324716568,5.251646518707275,1.2996401048743969,0.0422,,,,
555168,17349,22.97429084777832,14.153238296508789,8.762214660644531,0.054804280400276184,0.004034234210848808,-0.0003552829148247838,1.51979398727417,-0.00018862681463360786,0.5875747203826904,1.5486699342727661,1.5378401279449463,5.271188735961914,0.038582611829042435,5.310266494750977,1.3000229253136768,0.046299999999999994,,,,
556768,17399,17.50449562072754,9.814176559448242,7.634307384490967,0.04844679683446884,0.007564242463558912,-0.0009495383128523827,1.6785080432891846,-0.0008275412837974727,0.4301023483276367,2.2729086875915527,2.250246524810791,5.251453876495361,0.047233641147613525,5.299181938171387,1.3003828056572264,0.0384,,,,
558368,17449,17.117813110351562,9.25528335571289,7.808530807495117,0.04972131922841072,0.004278270527720451,0.0014298991300165653,1.776580572128296,0.0015434130327776074,0.4001227617263794,1.9567592144012451,1.9024165868759155,5.266566276550293,0.05986738204956055,5.327035903930664,1.300739238304176,0.0435,,,,
559968,17499,18.46406364440918,10.900080680847168,7.514412879943848,0.04618224501609802,0.00338771753013134,0.00041983131086453795,1.6016974449157715,0.0005445753922685981,0.4450058341026306,2.419365882873535,2.403787612915039,5.229930877685547,0.058814242482185364,5.292806625366211,1.3011201766695732,0.0414,,,,
561568,17549,20.324848175048828,11.18942642211914,9.079877853393555,0.05182529613375664,0.003718538209795952,-0.0005004677223041654,1.5909359455108643,-0.0003722605179063976,0.4613494277000427,2.4184746742248535,2.3763461112976074,5.313603401184082,0.04255589097738266,5.361672401428223,1.280079809707947,0.0354,,,,
563168,17599,23.895187377929688,14.183486938476562,9.656769752502441,0.05164724960923195,0.0032843248918652534,-0.0014365437673404813,1.606490135192871,-0.0012808945029973984,0.5465007424354553,2.0771889686584473,2.096774101257324,5.373129844665527,0.044479575008153915,5.418661117553711,1.2804583724933545,0.039299999999999995,,,,
564768,17649,19.19264793395996,10.677111625671387,8.458662033081055,0.054856836795806885,0.0020182100124657154,0.0009109845850616693,1.6009750366210938,0.0010825287317857146,0.6113918423652649,2.0856523513793945,2.046438455581665,5.403406143188477,0.03901677578687668,5.447292804718018,1.2808390201914275,0.0435,,,,
566368,17699,19.059375762939453,9.935981750488281,9.066886901855469,0.053661052137613297,0.002846190007403493,-0.002087181434035301,1.6746089458465576,-0.001970250392332673,0.4075723886489868,2.1153361797332764,2.137587308883667,5.467035293579102,0.041275907307863235,5.507418155670166,1.2811747426271665,0.043300000000000005,,,,
567968,17749,21.80081558227539,12.698393821716309,9.035869598388672,0.062111902981996536,0.004438971634954214,-0.0003876036498695612,1.6777849197387695,-0.0002595186815597117,0.45227399468421936,2.196446180343628,2.1785755157470703,5.384083271026611,0.05806455761194229,5.442142009735107,1.2815577379341727,0.05,,,,
569568,17799,18.306814193725586,9.865830421447754,8.401263236999512,0.036378875374794006,0.003341080853715539,0.0017457371577620506,1.5261791944503784,0.0019000640604645014,0.5332286953926086,2.5025570392608643,2.468655824661255,5.429080009460449,0.05913896858692169,5.493578910827637,1.281908728700222,0.036800000000000006,,,,
571168,17849,23.14808464050293,13.713942527770996,9.366098403930664,0.0563187450170517,0.011725546792149544,-0.000529082550201565,1.5984336137771606,-0.0003834061499219388,0.5029134154319763,2.251681327819824,2.2355093955993652,5.436853885650635,0.05823594704270363,5.487853527069092,1.282251142533863,0.0464,,,,
572768,17899,23.378787994384766,14.25247573852539,9.08530330657959,0.033023327589035034,0.00798391830176115,-0.002014515222981572,1.6990852355957031,-0.0018927386263385415,0.42704886198043823,2.009350299835205,2.0004990100860596,5.4428300857543945,0.04886234551668167,5.494233131408691,1.282615560338329,0.036,,,,
574368,17949,23.194856643676758,14.247114181518555,8.877068519592285,0.0651867538690567,0.005486288107931614,-0.0002592723467387259,1.518060564994812,-0.00010074925376102328,0.5716681480407715,2.2298288345336914,2.2225430011749268,5.470448017120361,0.05734489485621452,5.535611152648926,1.282965279353788,0.048799999999999996,,,,
575968,17999,16.691421508789062,8.83313274383545,7.819342136383057,0.02703753486275673,0.01190894190222025,-0.0024208780378103256,1.6761391162872314,-0.0023122369311749935,0.3862732946872711,2.280005693435669,2.2809319496154785,5.504053115844727,0.058051370084285736,5.558546543121338,1.2833173080537537,0.0437,,,,
577568,18049,20.205650329589844,11.713335037231445,8.453554153442383,0.03595087677240372,0.0028094733133912086,-0.0010884176008403301,1.650815725326538,-0.0009547809604555368,0.4711608588695526,2.3353569507598877,2.327975273132324,5.58754825592041,0.054752375930547714,5.6452202796936035,1.283679759141694,0.041400000000000006,,,,
579168,18099,17.6439208984375,9.271328926086426,8.316323280334473,0.04930434003472328,0.00696383835747838,-0.0005728509859181941,1.7982527017593384,-0.0004481396754272282,0.42835137248039246,1.9011561870574951,1.8604083061218262,5.517577171325684,0.06548307090997696,5.576762676239014,1.2840036402887671,0.039,,,,
580768,18149,17.289024353027344,9.38564395904541,7.852718830108643,0.046331338584423065,0.004329542629420757,-0.0014387279516085982,1.5162742137908936,-0.0013144121039658785,0.44222164154052734,2.1865432262420654,2.1881542205810547,5.504147052764893,0.06249414011836052,5.56773567199707,1.2843667365297986,0.0339,,,,
582368,18199,16.608949661254883,8.752215385437012,7.804590702056885,0.0405692458152771,0.011573717929422855,0.002575312741100788,1.611778974533081,0.002772061387076974,0.7075481414794922,1.387712001800537,1.3438481092453003,5.523272514343262,0.05378212779760361,5.567765712738037,1.2847151234946328,0.0358,,,,
583968,18249,18.07486343383789,9.855843544006348,8.176596641540527,0.041948117315769196,0.0004757012065965682,-0.00021364266285672784,1.640052318572998,-3.5818600736092776e-05,0.6239970922470093,1.5023781061172485,1.4936660528182983,5.44799280166626,0.06674414873123169,5.509520530700684,1.2850784693255426,0.0358,,,,
585568,18299,17.931533813476562,10.190078735351562,7.682690143585205,0.05788906663656235,0.0008760583586990833,0.0016937525942921638,1.6393458843231201,0.0018270481377840042,0.4633758068084717,2.428915500640869,2.3987035751342773,5.456279277801514,0.0796104222536087,5.5390849113464355,1.2854430123424587,0.0461,,,,
587168,18349,20.060659408569336,10.869425773620605,9.139233589172363,0.05009972304105759,0.0018989117816090584,-0.0014284563949331641,1.6338375806808472,-0.0012876164400950074,0.483205109834671,2.088719606399536,2.071218490600586,5.519834041595459,0.0715208351612091,5.586424350738525,1.285769727061997,0.04240000000000001,,,,
588768,18399,16.462095260620117,8.690998077392578,7.725456237792969,0.04294159263372421,0.0026983662974089384,-0.0011382604716345668,1.5822206735610962,-0.0010187478037551045,0.4159267842769623,2.3031225204467773,2.2914326190948486,5.555903911590576,0.05504436790943146,5.604265213012695,1.286120185485988,0.0385,,,,
590368,18449,19.827585220336914,10.947629928588867,8.835012435913086,0.04198974370956421,0.0029529407620429993,-0.0021454207599163055,1.5706911087036133,-0.0020402937661856413,0.36832162737846375,2.0924696922302246,2.099799394607544,5.584166526794434,0.04790225625038147,5.621967792510986,1.2864832940807505,0.0402,,,,
591968,18499,18.51077651977539,10.555222511291504,7.883811950683594,0.059806764125823975,0.01193585991859436,0.0005095819942653179,1.5246140956878662,0.0006492678076028824,0.5007869601249695,2.401059150695801,2.4024415016174316,5.608870506286621,0.054791443049907684,5.6651434898376465,1.2868100738754098,0.0365,,,,
593568,18549,17.985883712768555,9.843071937561035,8.08327579498291,0.05307327210903168,0.006461914163082838,0.0004199192626401782,1.8183704614639282,0.0005131420912221074,0.3253859281539917,2.2183847427368164,2.199587106704712,5.6684370040893555,0.04967030510306358,5.715913772583008,1.2871545997269196,0.0355,,,,
595168,18599,19.498781204223633,11.157746315002441,8.296051025390625,0.03765629231929779,0.007327862083911896,-0.0015148113016039133,1.5701243877410889,-0.0013969740830361843,0.4242626428604126,2.043985366821289,2.0537192821502686,5.642527103424072,0.05840842425823212,5.702244758605957,1.287493865121962,0.041400000000000006,,,,
596768,18649,16.226388931274414,8.603883743286133,7.5800371170043945,0.034884244203567505,0.007583215832710266,0.0013951071305200458,1.624126672744751,0.001531874993816018,0.4824630320072174,2.826854705810547,2.7842040061950684,5.538797855377197,0.06192722171545029,5.605587005615234,1.2878209373668905,0.0396,,,,
598368,18699,20.299673080444336,12.0057954788208,8.246533393859863,0.047027621418237686,0.00031638331711292267,0.00028145391843281686,1.6109681129455566,0.00042564619798213243,0.5021922588348389,1.8294353485107422,1.8157660961151123,5.507504463195801,0.0622439868748188,5.570913314819336,1.288150464672399,0.029799999999999997,,,,
599968,18749,19.676387786865234,10.954927444458008,8.664522171020508,0.04974597692489624,0.007192830089479685,-0.002004643902182579,1.6902759075164795,-0.0018842084100469947,0.42105698585510254,2.194817066192627,2.196223735809326,5.495236873626709,0.06576654314994812,5.552868843078613,1.288493294475715,0.04,,,,
601568,18799,18.962709426879883,10.137530326843262,8.773130416870117,0.049910057336091995,0.0021393687929958105,-0.0006321194232441485,1.621169924736023,-0.000497462518978864,0.49738454818725586,2.1484923362731934,2.133800745010376,5.556931972503662,0.05268149450421333,5.617064476013184,1.2888522257238022,0.035,,,,
603168,18849,19.378887176513672,10.907917022705078,8.41628646850586,0.052361227571964264,0.00232376204803586,-0.0015441325958818197,1.517998456954956,-0.0014001987874507904,0.5024868845939636,2.127056121826172,2.120454788208008,5.571707725524902,0.049386363476514816,5.618834495544434,1.2891904797272338,0.0337,,,,
604768,18899,20.362476348876953,11.558990478515625,8.751441955566406,0.04681752622127533,0.005226221866905689,-0.0012885895557701588,1.7093321084976196,-0.0011783648515120149,0.38254374265670776,2.0337319374084473,2.0257043838500977,5.55234956741333,0.056426770985126495,5.602681636810303,1.2895132602766288,0.0474,,,,
606368,18949,20.964000701904297,11.29772663116455,9.60851001739502,0.05546003207564354,0.0023040357045829296,0.0009747286094352603,1.7194212675094604,0.001113989856094122,0.4900473654270172,2.1803102493286133,2.133622407913208,5.555127143859863,0.0668957531452179,5.6258225440979,1.2898534043782768,0.031799999999999995,,,,
607968,18999,18.918212890625,10.175102233886719,8.690478324890137,0.03968922048807144,0.012940680608153343,4.114540934097022e-05,1.547411322593689,0.00023565508308820426,0.6981263160705566,1.867303729057312,1.8587703704833984,5.597052097320557,0.07666701078414917,5.67728328704834,1.290175492563226,0.0484,,,,
609568,19049,17.87594223022461,9.868412017822266,7.962744235992432,0.04177912697196007,0.0030085723847150803,-0.0017438557697460055,1.717225432395935,-0.001642141374759376,0.36486977338790894,1.8114213943481445,1.8141391277313232,5.5865607261657715,0.05455006659030914,5.64497184753418,1.2904744410557334,0.054799999999999995,,,,
611168,19099,20.56609535217285,11.471503257751465,9.033553123474121,0.060428470373153687,0.0006094368873164058,-0.0002840255037881434,1.6804180145263672,-0.00017184490570798516,0.3972650170326233,2.57885479927063,2.579495906829834,5.652675151824951,0.05087360739707947,5.705752849578857,1.2908023543757354,0.0402,,,,
612768,19149,20.244831085205078,11.091863632202148,9.07871150970459,0.06814271211624146,0.006114369258284569,0.00020218139979988337,1.6786673069000244,0.0003600760246627033,0.5603637099266052,2.222450017929077,2.1893532276153564,5.655323028564453,0.059960924088954926,5.713569641113281,1.2911300953691782,0.0359,,,,
614368,19199,18.95448112487793,10.942743301391602,7.956301689147949,0.04679796099662781,0.008637710474431515,0.0001222808932652697,1.702540397644043,0.0002657695731613785,0.5091335773468018,2.4307456016540527,2.41947603225708,5.7099761962890625,0.06667840480804443,5.779041290283203,1.2914885865431185,0.0373,,,,
615968,19249,19.014320373535156,10.999273300170898,7.969310760498047,0.04207564890384674,0.003660012036561966,-0.0012198631884530187,1.6459717750549316,-0.0010918558109551668,0.4496855139732361,2.499755620956421,2.488898992538452,5.776623725891113,0.06662444025278091,5.850019454956055,1.291822401209432,0.019899999999999998,,,,
617568,19299,17.50231170654297,9.753934860229492,7.6944661140441895,0.04887191578745842,0.0050391885451972485,-7.694388477830216e-05,1.7619328498840332,7.224162254715338e-05,0.510650098323822,2.020547866821289,1.9768500328063965,5.851934432983398,0.06699689477682114,5.910436630249023,1.2921364050121433,0.029700000000000004,,,,
619168,19349,18.06210708618164,9.646496772766113,8.35362434387207,0.05457603931427002,0.00740807456895709,-0.0019139834912493825,1.6726348400115967,-0.0017715039430186152,0.49092212319374084,2.441675901412964,2.4471418857574463,5.807889938354492,0.09247279167175293,5.894400119781494,1.2924661576555008,0.033299999999999996,,,,
620768,19399,16.73957633972168,8.639566421508789,8.048087120056152,0.04878799989819527,0.0031353619415313005,-0.0011251429095864296,1.5558369159698486,-0.0009754657512530684,0.5362817049026489,2.2136058807373047,2.2016377449035645,5.853926658630371,0.07049666345119476,5.925135135650635,1.2927995168470434,0.03490000000000001,,,,
622368,19449,20.268997192382812,11.483375549316406,8.740471839904785,0.04456346482038498,0.000587402144446969,0.000727335806004703,1.6497905254364014,0.0008675368735566735,0.5097699761390686,2.242701768875122,2.209535837173462,5.864117622375488,0.06717203557491302,5.9375739097595215,1.2930992005713617,0.04439999999999999,,,,
623968,19499,19.13003921508789,9.863161087036133,9.207259178161621,0.056184858083724976,0.0034347858745604753,0.0011542604770511389,1.6906507015228271,0.0013029335532337427,0.5435852408409119,1.8426671028137207,1.8020914793014526,5.868020057678223,0.07061722129583359,5.9335408210754395,1.2934052769766264,0.0508,,,,
625568,19549,17.618803024291992,9.756711959838867,7.796506881713867,0.061907485127449036,0.0036769781727343798,-0.0004927899572066963,1.6219494342803955,-0.00033209717366844416,0.5638037323951721,2.4687459468841553,2.4540300369262695,5.89799165725708,0.06792604923248291,5.967607498168945,1.2937277856441889,0.0347,,,,
627168,19599,22.756715774536133,13.52627182006836,9.175289154052734,0.05233246460556984,0.0028237570077180862,0.0014119134284555912,1.7073025703430176,0.0015683001838624477,0.5464581847190857,1.6485650539398193,1.6075886487960815,5.905165672302246,0.0667862594127655,5.9607415199279785,1.294046594990296,0.024700000000000003,,,,
628768,19649,17.081573486328125,9.716097831726074,7.309642791748047,0.049805086106061935,0.006026287097483873,0.002197888446971774,1.7873834371566772,0.0023106737062335014,0.3960501551628113,2.404723882675171,2.3819992542266846,5.89531135559082,0.07112111896276474,5.963212966918945,1.294384154236696,0.0278,,,,
630368,19699,21.931049346923828,12.77015495300293,9.113362312316895,0.041765157133340836,0.005765226203948259,-0.00018345934222452343,1.6725281476974487,-6.472930544987321e-05,0.41373178362846375,2.4594736099243164,2.4431424140930176,5.810634136199951,0.07275572419166565,5.879205226898193,1.2946776348653672,0.03459999999999999,,,,
631968,19749,17.441883087158203,9.428939819335938,7.952185153961182,0.04804867506027222,0.012709765695035458,0.0012673796154558659,1.7759031057357788,0.0013791185338050127,0.3910987973213196,2.8586909770965576,2.796355724334717,5.884249210357666,0.08455446362495422,5.970945358276367,1.2949894021189645,0.030199999999999994,,,,
633568,19799,18.485319137573242,10.40793514251709,8.027229309082031,0.048895880579948425,0.0012566311052069068,-0.0009504862828180194,1.4988720417022705,-0.0007928622653707862,0.5465025305747986,2.595759868621826,2.5981509685516357,5.897439956665039,0.07802688330411911,5.972137451171875,1.295305496363436,0.017200000000000003,,,,
635168,19849,23.052656173706055,13.7991304397583,9.199877738952637,0.05194224417209625,0.0017048383597284555,0.0011484676506370306,1.6586320400238037,0.0012590533588081598,0.3992452025413513,2.525560140609741,2.4835004806518555,5.897785186767578,0.07743551582098007,5.9825849533081055,1.2955975326191653,0.035,,,,
636768,19899,24.038188934326172,14.538418769836426,9.444476127624512,0.04602256789803505,0.009271340444684029,-0.00079059146810323,1.617737054824829,-0.0006717502255924046,0.41904592514038086,2.5730156898498535,2.5587728023529053,5.855000019073486,0.07229418307542801,5.927184104919434,1.2959050254078135,0.04810000000000001,,,,
638368,19949,21.453723907470703,12.420334815979004,8.983441352844238,0.04303649812936783,0.006909907795488834,-8.912345219869167e-05,1.624013900756836,4.364406049717218e-05,0.4829559922218323,2.240900993347168,2.211110830307007,5.961480140686035,0.06442778557538986,6.025832176208496,1.2962167615357103,0.025200000000000004,,,,
639968,19999,20.64668083190918,11.546463012695312,9.035667419433594,0.05550411716103554,0.009046312421560287,0.0027463091537356377,1.6779422760009766,0.0028982737567275763,0.5280966758728027,2.084462881088257,2.0470528602600098,5.900130271911621,0.08820042014122009,5.987269401550293,1.2965345686897543,0.0228,,,,
