env_steps,iter,loss_wm,loss_recon,loss_kl,loss_reward,loss_continue,loss_actor,loss_critic,loss_pg,entropy,returns_mean,values_mean,return_scale,p5,p95,ips,env_reward_per_step,rew_pred_ach,rew_pred_zero,img_rew_max,img_rew_frac_hi
1568,49,143.18727111816406,140.49777221679688,2.468508243560791,0.20316551625728607,0.017825551331043243,0.08979245275259018,1.1958751678466797,0.09054989367723465,2.65608811378479,0.162148118019104,0.12661290168762207,1.0,0.07434555888175964,0.14136435091495514,0.7825096303741311,0.0068,,,,
3168,99,84.98822021484375,82.2706069946289,2.5529842376708984,0.14416006207466125,0.020472826436161995,0.0030052324291318655,0.9928614497184753,0.0030355919152498245,0.1076391413807869,0.21701295673847198,0.1854223906993866,1.0,0.12500911951065063,0.2405846267938614,0.979787914744456,0.0116,,,,
4768,149,78.75017547607422,75.60208129882812,2.9951422214508057,0.13601383566856384,0.016935398802161217,0.004608709830790758,1.7578630447387695,0.004631044343113899,0.07971707731485367,0.358955055475235,0.28534412384033203,1.0,0.051713213324546814,0.5557123422622681,1.0748256958875364,0.0032,,,,
6368,199,67.85887145996094,64.80120849609375,2.9018185138702393,0.13481491804122925,0.021031416952610016,-0.0008118912810459733,1.4433631896972656,-0.0007892529829405248,0.07956138253211975,0.39897024631500244,0.3979313373565674,1.0,-0.04380600154399872,0.8067004084587097,1.128069309859215,0.0058,,,,
7968,249,44.00579833984375,41.02764892578125,2.8149421215057373,0.1421205997467041,0.0210892241448164,0.0010558844078332186,1.823578119277954,0.0010778462747111917,0.07959013432264328,0.42671599984169006,0.39405715465545654,1.2174227237701416,-0.13898858428001404,1.0823590755462646,1.161082663387273,0.0029,,,,
9568,299,41.4069709777832,38.18345260620117,3.046095848083496,0.15751947462558746,0.019900666549801826,0.005174462683498859,1.8789546489715576,0.005244649481028318,0.2519184350967407,0.8457575440406799,0.810085117816925,2.177797794342041,-0.18749305605888367,1.9915002584457397,1.1850436920556153,0.0013999999999999996,,,,
11168,349,35.493167877197266,32.141441345214844,3.210765838623047,0.108970046043396,0.03199103847146034,0.0016559972427785397,2.153367519378662,0.0017009578878059983,0.15553368628025055,1.8887912034988403,1.7794044017791748,3.3958864212036133,-0.18274757266044617,3.21366810798645,1.2033973141810501,0.0132,,,,
12768,399,40.25332260131836,36.91207504272461,3.2317748069763184,0.09429820626974106,0.01517493836581707,0.00010747909254860133,1.948386788368225,0.00015170623373705894,0.1586429327726364,1.289973497390747,1.2535382509231567,4.052198886871338,-0.20727287232875824,3.846332311630249,1.2165209119304465,0.0148,,,,
14368,449,31.2015323638916,27.69184684753418,3.3730013370513916,0.11874710023403168,0.017936132848262787,0.0002146943297702819,2.070915699005127,0.0002539239649195224,0.1358763426542282,0.9285963177680969,0.9067611694335938,4.2117133140563965,-0.20924095809459686,3.994235038757324,1.228176080953719,0.0112,,,,
15968,499,33.38454055786133,29.502275466918945,3.7089591026306152,0.1511094719171524,0.022197721526026726,-0.0030298202764242887,1.8375916481018066,-0.002992189722135663,0.13847286999225616,0.9725536108016968,1.0370421409606934,3.874976873397827,-0.2250516563653946,3.645282506942749,1.2357719118391077,0.0125,,,,
17568,549,33.238216400146484,29.417490005493164,3.7190046310424805,0.08877471089363098,0.01294854748994112,-0.00032366643426939845,2.087925910949707,-0.00026786630041897297,0.1955476999282837,1.2546454668045044,1.181905746459961,3.697737693786621,-0.2547140419483185,3.4472851753234863,1.2431212751302736,0.0139,,,,
19168,599,25.534587860107422,21.727739334106445,3.667760133743286,0.11000189930200577,0.02908526547253132,-0.0005143627640791237,2.0607705116271973,-0.0004668087640311569,0.16843165457248688,1.364898443222046,1.316942811012268,3.3951427936553955,-0.1723596602678299,3.215151786804199,1.249519308928469,0.007199999999999999,,,,
20768,649,29.810386657714844,25.618553161621094,4.0737481117248535,0.08628980815410614,0.031795427203178406,0.001254405127838254,1.9533989429473877,0.0013288562186062336,0.2546115517616272,1.4228193759918213,1.3640356063842773,3.203375816345215,-0.01812351867556572,3.182158946990967,1.2544736210018286,0.005300000000000001,,,,
22368,699,32.15397262573242,28.022642135620117,4.049414157867432,0.060078468173742294,0.02183913253247738,0.013577749021351337,2.08693265914917,0.013656738214194775,0.28239205479621887,1.2191416025161743,1.070430040359497,3.50108003616333,-0.039081767201423645,3.4694247245788574,1.2593629187433957,0.0169,,,,
23968,749,29.32548713684082,25.352243423461914,3.9373655319213867,0.03433380275964737,0.0015448856865987182,6.0441758250817657e-05,1.6831002235412598,0.00013533973833546042,0.268710732460022,1.1740608215332031,1.1229603290557861,3.895395040512085,-0.04879971966147423,3.848714828491211,1.263437379564698,0.009,,,,
25568,799,31.102922439575195,27.292356491088867,3.759706974029541,0.045953404158353806,0.00490587018430233,-0.001444553374312818,1.6525838375091553,-0.00135756004601717,0.30769556760787964,1.0961685180664062,1.1083574295043945,3.7806334495544434,-0.07397040724754333,3.705587863922119,1.267227637661261,0.011699999999999999,,,,
27168,849,33.790191650390625,29.68845558166504,4.037569999694824,0.04125077277421951,0.022915663197636604,-0.002884568879380822,1.4863488674163818,-0.002799136331304908,0.29962706565856934,1.0113110542297363,1.0449899435043335,3.6599786281585693,-0.07831357419490814,3.57731556892395,1.2707128658536393,0.0125,,,,
28768,899,31.110620498657227,27.372699737548828,3.6822164058685303,0.04801730811595917,0.007686386816203594,-0.004063703119754791,1.6286640167236328,-0.003972760401666164,0.3231371343135834,0.8653773665428162,0.8957527875900269,3.400554656982422,-0.07789812982082367,3.322620391845703,1.2736366089851758,0.011300000000000001,,,,
30368,949,30.299072265625,25.946386337280273,4.267169952392578,0.07492602616548538,0.010590195655822754,-0.0037955548614263535,1.4339982271194458,-0.0036904565058648586,0.3798384666442871,0.8752032518386841,0.918851912021637,3.135845899581909,-0.07692030817270279,3.056495428085327,1.2765721272782498,0.0193,,,,
31968,999,33.10615158081055,29.023193359375,4.032145977020264,0.0434052012860775,0.007409048266708851,-0.00134424795396626,1.571988821029663,-0.0012035641120746732,0.5042098760604858,0.9925675392150879,0.9845306277275085,2.797964572906494,-0.06592442095279694,2.7398648262023926,1.2785201414189644,0.016800000000000002,,,,
33568,1049,29.90940284729004,25.467910766601562,4.353335380554199,0.08138639479875565,0.006768925115466118,-0.001778363948687911,1.451110601425171,-0.0016429556999355555,0.4842074513435364,0.6734815835952759,0.6798964142799377,2.607050657272339,-0.07409597188234329,2.5279805660247803,1.2804363786305666,0.0162,,,,
35168,1099,33.749053955078125,28.762191772460938,4.924420356750488,0.052452750504016876,0.009991380386054516,-0.0014116547536104918,1.2569382190704346,-0.001307174563407898,0.37663355469703674,0.5423656702041626,0.5534901022911072,2.482081890106201,-0.06861315667629242,2.4123709201812744,1.282901827922132,0.0083,,,,
36768,1149,28.485790252685547,24.21832847595215,4.196005821228027,0.06162017211318016,0.009835511445999146,0.012883774004876614,2.2615251541137695,0.012991247698664665,0.38702771067619324,0.898628830909729,0.7656029462814331,2.3717575073242188,-0.06503000855445862,2.309727907180786,1.2843658178750368,0.012,,,,
38368,1199,25.571794509887695,21.231441497802734,4.287397861480713,0.048013582825660706,0.00494189839810133,0.0032822261564433575,1.6676852703094482,0.003409676719456911,0.463096559047699,0.750345766544342,0.7143707275390625,2.6947479248046875,-0.049885135143995285,2.645075798034668,1.2861162928789414,0.014599999999999998,,,,
39968,1249,35.30118942260742,31.06181526184082,4.152640342712402,0.07917343825101852,0.007560228928923607,-0.002039792016148567,1.5268504619598389,-0.0018702216912060976,0.6083965301513672,0.7188043594360352,0.7191908955574036,2.930042028427124,-0.05804252624511719,2.8694231510162354,1.287594506516232,0.013900000000000003,,,,
41568,1299,33.283241271972656,28.606678009033203,4.639308452606201,0.031022053211927414,0.006232944317162037,0.0038951297756284475,1.4989206790924072,0.0041092392057180405,0.7671351432800293,0.9122216105461121,0.8888634443283081,2.691654920578003,-0.05406445637345314,2.6375136375427246,1.2890290690887791,0.020599999999999997,,,,
43168,1349,28.79458236694336,24.143367767333984,4.602135181427002,0.0429186075925827,0.00616091163828969,0.00524706719443202,1.3958559036254883,0.005520222708582878,0.9510419964790344,0.5376662015914917,0.5264837741851807,2.6048710346221924,-0.06712000072002411,2.536795139312744,1.290115316822004,0.012100000000000001,,,,
44768,1399,29.560977935791016,25.30303192138672,4.218914985656738,0.03167589753866196,0.007356810383498669,0.003936419263482094,1.4024059772491455,0.004185827448964119,0.9318641424179077,0.6682299375534058,0.6670927405357361,2.2927186489105225,-0.060492727905511856,2.229435443878174,1.29101445221147,0.0123,,,,
46368,1449,30.257246017456055,25.358976364135742,4.858443737030029,0.03237226605415344,0.0074540614150464535,-0.0014978236285969615,1.3008828163146973,-0.0012595744337886572,0.8716247081756592,0.6936747431755066,0.6860270500183105,2.102215051651001,-0.07489366084337234,2.0304245948791504,1.2919454144328972,0.0125,,,,
47968,1499,25.63653564453125,20.631999969482422,4.93392276763916,0.05666879564523697,0.013943773694336414,-0.0038480116054415703,1.2315115928649902,-0.003606407903134823,0.8573610782623291,0.44337329268455505,0.4549564719200134,1.9425692558288574,-0.07034976035356522,1.871522068977356,1.2928622334697188,0.011300000000000001,,,,
49568,1549,27.705276489257812,22.767030715942383,4.891963481903076,0.03816499933600426,0.008118378929793835,-0.002695418195798993,1.261203408241272,-0.0025108368135988712,0.65394526720047,0.6122809648513794,0.6124250292778015,1.8837326765060425,-0.06648795306682587,1.8160353899002075,1.2938605218543247,0.019399999999999997,,,,
51168,1599,38.342899322509766,32.69881820678711,5.581089019775391,0.05319197103381157,0.009800985455513,0.0015266574919223785,1.2922708988189697,0.0016912759747356176,0.6078625321388245,0.587817370891571,0.5629755258560181,1.838173270225525,-0.04657129570841789,1.7900495529174805,1.2947439515720507,0.0159,,,,
52768,1649,29.655393600463867,24.889347076416016,4.730072975158691,0.03448076918721199,0.0014943290734663606,0.0028223965782672167,1.3591506481170654,0.003032451029866934,0.7392822504043579,0.6222071051597595,0.589471161365509,1.8552416563034058,-0.054676856845617294,1.7998965978622437,1.2954126140562054,0.014399999999999998,,,,
54368,1699,26.814422607421875,22.20170021057129,4.564052104949951,0.046617291867733,0.0020518028177320957,0.0037862148601561785,1.339908242225647,0.004018993582576513,0.8258581161499023,0.5543992519378662,0.5366640090942383,1.8899939060211182,-0.03978264704346657,1.8484246730804443,1.2960750735634887,0.0144,,,,
55968,1749,29.024728775024414,23.1925106048584,5.767308235168457,0.053685639053583145,0.01122306752949953,0.00030386680737137794,1.2798069715499878,0.0005021217511966825,0.7192643880844116,0.5833503603935242,0.5744751691818237,1.9335540533065796,-0.03803503140807152,1.8940603733062744,1.2968944390007342,0.02,,,,
57568,1799,26.869436264038086,22.0830078125,4.737259387969971,0.04090068116784096,0.008267870172858238,-0.0031907428056001663,1.2214645147323608,-0.0030212760902941227,0.6123526692390442,0.5990597009658813,0.6109667420387268,1.9358402490615845,-0.030867286026477814,1.9073083400726318,1.2973730524130227,0.0146,,,,
59168,1849,27.564476013183594,22.171451568603516,5.33309268951416,0.045246779918670654,0.014686774462461472,-0.002789140213280916,1.3623263835906982,-0.0025860152672976255,0.7725711464881897,0.5038115382194519,0.5235598087310791,1.9661431312561035,-0.025989877060055733,1.9396981000900269,1.2983826428946996,0.0082,,,,
60768,1899,21.80867576599121,16.776050567626953,4.991749286651611,0.035818349570035934,0.005058778449892998,0.0004784580087289214,1.3653147220611572,0.0006788783939555287,0.7021198272705078,0.6969181895256042,0.6927768588066101,2.0073070526123047,-0.025923514738678932,1.9818776845932007,1.2992686637722217,0.0193,,,,
62368,1949,17.426136016845703,13.173615455627441,4.201286792755127,0.047084908932447433,0.0041479188948869705,0.001914451364427805,1.3681695461273193,0.002083007013425231,0.5859516263008118,0.7706660032272339,0.7567422389984131,2.0403711795806885,-0.02024284563958645,2.0192387104034424,1.29964897788008,0.0174,,,,
63968,1999,31.75807762145996,25.098155975341797,6.589601993560791,0.05798092111945152,0.012339520268142223,0.007825704291462898,1.4462765455245972,0.008027248084545135,0.711462140083313,0.7391789555549622,0.7064856290817261,2.127566337585449,-0.025647979229688644,2.1027398109436035,1.3001483029859908,0.013600000000000001,,,,
65568,2049,28.489957809448242,22.452547073364258,5.982355117797852,0.047234583646059036,0.007819609716534615,0.0010563286487013102,1.2854700088500977,0.0012340521207079291,0.6402568221092224,0.7549358606338501,0.7442135810852051,2.1295008659362793,-0.023780176416039467,2.1042027473449707,1.3004192284350065,0.019399999999999997,,,,
67168,2099,26.093326568603516,20.21967315673828,5.812915325164795,0.05108838155865669,0.009649243205785751,0.0009471836383454502,1.4968647956848145,0.0011256578145548701,0.6247894167900085,0.8136827945709229,0.8049355745315552,2.143080472946167,-0.016573647037148476,2.128568649291992,1.300788265568618,0.012199999999999999,,,,
68768,2149,28.127483367919922,22.25505828857422,5.810742378234863,0.05398166552186012,0.0077009303495287895,-0.003448124974966049,1.2704516649246216,-0.003283752128481865,0.5730958580970764,0.6914283037185669,0.6963254809379578,2.1541173458099365,-0.016415229067206383,2.1412017345428467,1.301128261925573,0.022,,,,
70368,2199,30.21385383605957,24.411535263061523,5.757036209106445,0.04058392718434334,0.0046970779076218605,0.00014277255104389042,1.36300528049469,0.0003049952210858464,0.5824360847473145,0.6874666213989258,0.6412866711616516,2.1764109134674072,-0.01317301020026207,2.1691195964813232,1.3013435810421679,0.0192,,,,
71968,2249,28.336130142211914,21.234390258789062,7.019330978393555,0.06936434656381607,0.013044368475675583,-0.002538922941312194,1.327375888824463,-0.0023142064455896616,0.79112708568573,0.5284410119056702,0.5340765118598938,2.158156394958496,-0.012917280197143555,2.141000986099243,1.3018223149669486,0.0198,,,,
73568,2299,36.79294204711914,29.21082305908203,7.49819278717041,0.06997570395469666,0.013952109962701797,0.001813089707866311,1.3027920722961426,0.0019856970757246017,0.6344397068023682,0.8232870101928711,0.8173031806945801,2.0917842388153076,-0.0172230564057827,2.07655668258667,1.302204853974132,0.017799999999999996,,,,
75168,2349,23.811859130859375,18.260007858276367,5.503660202026367,0.042728397995233536,0.005463325418531895,-0.001912271836772561,1.2664939165115356,-0.0016614684136584401,0.8812201619148254,0.5687013864517212,0.5665249824523926,2.037301778793335,-0.021558355540037155,2.015040397644043,1.3025090799286925,0.0254,,,,
76768,2399,29.692392349243164,22.798974990844727,6.841893672943115,0.04388879984617233,0.007634364999830723,0.0008739631157368422,1.3770687580108643,0.0010914035374298692,0.7642340660095215,0.6276620626449585,0.61937016248703,2.0249998569488525,-0.022606633603572845,2.003488540649414,1.3029880085884529,0.0247,,,,
78368,2449,21.2714900970459,16.89799690246582,4.330280780792236,0.03286384418606758,0.010348640382289886,-0.0012562996707856655,1.1930129528045654,-0.001045821700245142,0.7724165320396423,0.6088988780975342,0.6193649172782898,2.069720506668091,-0.026685543358325958,2.0410830974578857,1.3034403661885838,0.0195,,,,
79968,2499,28.901050567626953,22.582122802734375,6.2619404792785645,0.05096236616373062,0.0060247317887842655,-0.003684564959257841,1.1490315198898315,-0.00346672092564404,0.7790693640708923,0.8505953550338745,0.8614726066589355,2.056445598602295,-0.020649228245019913,2.0342559814453125,1.3036822752632673,0.02,,,,
81568,2549,18.93336296081543,14.027656555175781,4.852758884429932,0.04801654815673828,0.0049296957440674305,-0.003265434643253684,1.2656445503234863,-0.0030955220572650433,0.6007944941520691,0.6446473598480225,0.6426523327827454,2.062593460083008,-0.025046201422810555,2.0359439849853516,1.1783625856428144,0.0223,,,,
83168,2599,24.51866912841797,18.220867156982422,6.258372783660889,0.032701276242733,0.006726831663399935,-0.0013551422161981463,1.2401565313339233,-0.0011183423921465874,0.8244814872741699,0.7344878911972046,0.7282460331916809,2.0491108894348145,-0.033435046672821045,2.017477035522461,1.1809177821717358,0.0185,,,,
84768,2649,28.571874618530273,21.78042221069336,6.724981307983398,0.06041901931166649,0.006052615121006966,0.003992415498942137,1.490248203277588,0.004170403350144625,0.6225615739822388,0.8460823893547058,0.8122471570968628,2.101768732070923,-0.0379210002720356,2.0665218830108643,1.1831468539461127,0.0265,,,,
86368,2699,24.067150115966797,17.98923683166504,6.01777458190918,0.05396591126918793,0.0061720856465399265,0.0020214244723320007,1.4005775451660156,0.002207196317613125,0.6961870789527893,0.7373536825180054,0.7187505960464478,2.0826499462127686,-0.035723429173231125,2.049546957015991,1.185435197701153,0.0221,,,,
87968,2749,21.635486602783203,15.766860961914062,5.786553382873535,0.0720057412981987,0.010066447779536247,-0.005720776040107012,1.3792928457260132,-0.00553541537374258,0.6408825516700745,0.7029272317886353,0.7135924696922302,2.14337420463562,-0.03463374823331833,2.1089560985565186,1.1877363767496307,0.0246,,,,
89568,2799,25.502349853515625,18.927248001098633,6.537328720092773,0.03474870324134827,0.0030254749581217766,0.0024038159754127264,1.3915284872055054,0.0025613512843847275,0.545833945274353,0.45036959648132324,0.42532986402511597,2.191777467727661,-0.03398474305868149,2.1564724445343018,1.1898153849425201,0.025699999999999997,,,,
91168,2849,29.915668487548828,22.331066131591797,7.54465389251709,0.03280622139573097,0.007140420377254486,0.0001630589395062998,1.313535451889038,0.0003411232610233128,0.6809451580047607,0.6837766170501709,0.6740920543670654,2.2004573345184326,-0.030437547713518143,2.1703319549560547,1.1919550658763318,0.0155,,,,
92768,2899,26.02841567993164,19.850950241088867,6.1272101402282715,0.04232152923941612,0.00793206226080656,0.019539665430784225,1.6465635299682617,0.019696643576025963,0.5462813377380371,0.8162648677825928,0.7551908493041992,2.236628770828247,-0.017760304734110832,2.2178468704223633,1.1939303474854348,0.0256,,,,
94368,2949,23.693557739257812,17.828697204589844,5.812553882598877,0.04195486009120941,0.010353603400290012,0.0009721895912662148,1.4220069646835327,0.001120000146329403,0.5759668946266174,0.7835608720779419,0.7679939866065979,2.3138229846954346,-0.01910579390823841,2.296375036239624,1.195975615979802,0.015399999999999999,,,,
95968,2999,20.25212860107422,14.227279663085938,5.981983661651611,0.03204067796468735,0.010824793949723244,0.0008281482732854784,1.5745161771774292,0.0009751568431966007,0.512302577495575,0.7797438502311707,0.756263017654419,2.306135654449463,-0.01629636622965336,2.2885971069335938,1.1979673526964547,0.024700000000000003,,,,
97568,3049,25.94405746459961,18.43423080444336,7.428586959838867,0.05837804451584816,0.022862225770950317,-0.0012074765982106328,1.429855465888977,-0.0010572090977802873,0.5342888236045837,0.7295612096786499,0.7186741828918457,2.378030776977539,-0.020475441589951515,2.357301712036133,1.1996926393730534,0.0222,,,,
99168,3099,31.631763458251953,24.344463348388672,7.229281902313232,0.05191171169281006,0.006104654632508755,-0.0004919811617583036,1.5202736854553223,-0.0003116930602118373,0.6278331279754639,0.8307552337646484,0.8248306512832642,2.419501781463623,-0.019533241167664528,2.397839069366455,1.2014535827611277,0.020399999999999998,,,,
100768,3149,23.984338760375977,17.398555755615234,6.5463104248046875,0.034006837755441666,0.005465708207339048,0.0017687741201370955,1.5888266563415527,0.001961389323696494,0.6650767922401428,0.9961196184158325,0.9712022542953491,2.454258441925049,-0.006622293032705784,2.448880434036255,1.2032394719881232,0.028,,,,
102368,3199,28.732309341430664,21.592870712280273,7.089279651641846,0.04719690605998039,0.0029624055605381727,0.000768713594879955,1.4632387161254883,0.0009560197941027582,0.6640717387199402,0.8396458625793457,0.8240745067596436,2.560626268386841,-0.015613384544849396,2.541719675064087,1.204870048752144,0.0254,,,,
103968,3249,25.497426986694336,19.046531677246094,6.4034504890441895,0.04212096706032753,0.005323104560375214,0.0009382443386130035,1.412989616394043,0.00109217525459826,0.5565556883811951,0.8397036790847778,0.8068398237228394,2.5418996810913086,-0.018343543633818626,2.5244131088256836,1.2065784889260984,0.0238,,,,
105568,3299,20.565448760986328,14.971277236938477,5.551311492919922,0.03721877932548523,0.005641275085508823,-0.0009406857425346971,1.3839161396026611,-0.0007929636631160975,0.5488702654838562,0.874488115310669,0.8752074241638184,2.497225284576416,-0.014030557125806808,2.48268461227417,1.2082585106563684,0.0325,,,,
107168,3349,22.317920684814453,15.86263370513916,6.41693115234375,0.0361282154917717,0.0022286127787083387,0.00228907261043787,1.4463133811950684,0.0024424016010016203,0.5395076274871826,0.5700176358222961,0.5501188039779663,2.572376012802124,-0.01234525442123413,2.5536932945251465,1.2096853707354058,0.0212,,,,
108768,3399,28.57124137878418,20.840431213378906,7.678991794586182,0.0436541773378849,0.008165348321199417,-0.0013626847648993134,1.4673093557357788,-0.0012213023146614432,0.49207058548927307,0.9138125777244568,0.9086644649505615,2.621161937713623,-0.013775060884654522,2.6079092025756836,1.2112184714783678,0.0276,,,,
110368,3449,21.122947692871094,14.558263778686523,6.531149387359619,0.029737725853919983,0.0037980983033776283,-0.0017771413549780846,1.3460074663162231,-0.0016065271338447928,0.6137939095497131,0.7343380451202393,0.7479651570320129,2.6469478607177734,-0.013957055285573006,2.628943920135498,1.2126657210774814,0.0302,,,,
111968,3499,28.540681838989258,21.169219970703125,7.325963497161865,0.0422450453042984,0.0032523430418223143,-0.004357228986918926,1.4009149074554443,-0.004216402303427458,0.5064048767089844,0.897220253944397,0.9357043504714966,2.6170413494110107,-0.013479224406182766,2.6012966632843018,1.21403600580079,0.028399999999999998,,,,
113568,3549,27.154489517211914,19.511804580688477,7.594815254211426,0.03987301141023636,0.007995755411684513,0.00012737630459014326,1.4170875549316406,0.0003032092354260385,0.6187803149223328,0.6786348819732666,0.67946457862854,2.654010534286499,-0.013376680202782154,2.6370041370391846,1.2152963754049777,0.0229,,,,
115168,3599,26.50647735595703,19.059431076049805,7.401893615722656,0.04455113410949707,0.0006007493939250708,0.0019915178418159485,1.583070993423462,0.00213810196146369,0.5029553771018982,0.8372095227241516,0.8029235005378723,2.649630546569824,-0.010994021780788898,2.6355297565460205,1.2165360448883882,0.018,,,,
116768,3649,24.44683265686035,17.172693252563477,7.2174835205078125,0.04828115180134773,0.008374589495360851,-0.001661845832131803,1.5203056335449219,-0.0015164262149482965,0.5499878525733948,1.0483909845352173,1.0107741355895996,2.6893646717071533,-0.014164340682327747,2.679657459259033,1.2178567244531204,0.021800000000000003,,,,
118368,3699,22.042892456054688,14.918790817260742,7.0805206298828125,0.040590859949588776,0.002990767825394869,-0.0025480645708739758,1.4085488319396973,-0.002374321222305298,0.6354793906211853,0.8788652420043945,0.8873888254165649,2.7022836208343506,-0.012224985286593437,2.6886799335479736,1.21917120610677,0.0277,,,,
119968,3749,27.29763412475586,19.26443862915039,7.976146697998047,0.041699305176734924,0.0153494356200099,0.0009425738244317472,1.471818447113037,0.0010948111303150654,0.5463992953300476,0.966916024684906,0.9432953596115112,2.682404041290283,-0.008851791732013226,2.6723053455352783,1.2204149064575571,0.024399999999999998,,,,
121568,3799,24.052276611328125,17.260494232177734,6.7369585037231445,0.04977826029062271,0.00504662748426199,0.001852321671321988,1.4164531230926514,0.002019894076511264,0.6525936722755432,1.0965945720672607,1.0758858919143677,2.59346604347229,-0.0037091292906552553,2.5913872718811035,1.2215925137549264,0.0256,,,,
123168,3849,25.03317642211914,18.104562759399414,6.885915279388428,0.039023157209157944,0.003675998654216528,-0.0012483253376558423,1.436522126197815,-0.0010885389056056738,0.5850638151168823,1.0684421062469482,1.0520243644714355,2.6438019275665283,-0.009291518479585648,2.636897563934326,1.222781055161511,0.0283,,,,
124768,3899,25.498001098632812,17.458866119384766,7.984318733215332,0.05134708434343338,0.0034691481851041317,-0.0016261771088466048,1.3135137557983398,-0.0014687482034787536,0.5878638029098511,0.7646260261535645,0.7671610116958618,2.569516658782959,-0.009307821281254292,2.5569679737091064,1.224052476333774,0.0198,,,,
126368,3949,20.22495460510254,13.931933403015137,6.248284816741943,0.03989916294813156,0.004836586769670248,-0.002904549241065979,1.3706157207489014,-0.0027667477261275053,0.5332539081573486,0.8111646771430969,0.823840856552124,2.5351850986480713,-0.0034360773861408234,2.5307881832122803,1.2251075193036467,0.0232,,,,
127968,3999,29.17008399963379,21.381305694580078,7.749962329864502,0.03365136310458183,0.005165661219507456,-0.002701656660065055,1.4415507316589355,-0.0025506149977445602,0.5409219264984131,0.798901379108429,0.8208993077278137,2.528895854949951,-0.0037748748436570168,2.522246837615967,1.2260829002547287,0.0246,,,,
129568,4049,21.016525268554688,14.476274490356445,6.485776901245117,0.0486375093460083,0.005836233962327242,-0.0018118901643902063,1.4250397682189941,-0.0016174542251974344,0.7106359601020813,0.9793781042098999,0.9813759326934814,2.5793797969818115,-0.0019198539666831493,2.5786280632019043,1.2272456261219684,0.025799999999999997,,,,
131168,4099,28.63982582092285,20.263029098510742,8.313133239746094,0.05838894471526146,0.00527386786416173,-0.001195332733914256,1.5216796398162842,-0.0010177716612815857,0.6724004745483398,0.7716280221939087,0.7663795948028564,2.6488120555877686,-0.003710333723574877,2.6455206871032715,1.2283283464616308,0.0209,,,,
132768,4149,21.928911209106445,15.02094554901123,6.869304656982422,0.03383813425898552,0.004821243695914745,0.0003701002860907465,1.5188231468200684,0.0004947446868754923,0.5122964382171631,1.0858277082443237,1.0585063695907593,2.6453657150268555,-0.007217376492917538,2.6500587463378906,1.229305704361319,0.023799999999999998,,,,
134368,4199,21.7366943359375,14.198636054992676,7.494690895080566,0.036945004016160965,0.00642210990190506,0.0029241025913506746,1.4789563417434692,0.003091769525781274,0.5859284400939941,0.9440550804138184,0.9191402196884155,2.7279984951019287,-0.0003138835309073329,2.7251458168029785,1.2303679028073067,0.0219,,,,
135968,4249,23.09781837463379,15.745594024658203,7.3050336837768555,0.042589135468006134,0.0045999581925570965,-8.504907600581646e-05,1.4829964637756348,5.733710713684559e-05,0.544503927230835,1.3190252780914307,1.2869963645935059,2.760066032409668,0.00644655991345644,2.7707555294036865,1.2313950137834846,0.0251,,,,
137568,4299,21.38503646850586,14.364956855773926,6.963861465454102,0.047166094183921814,0.009051095694303513,0.0030909539200365543,1.4569625854492188,0.0032505965791642666,0.5809463262557983,0.8937717080116272,0.8569256067276001,2.752396821975708,0.0025979529600590467,2.7561533451080322,1.2323679607769609,0.0226,,,,
139168,4349,28.47417449951172,19.33434295654297,9.085777282714844,0.04548570141196251,0.008566856384277344,-0.0010203447891399264,1.3703757524490356,-0.000849203672260046,0.6206440329551697,1.0296952724456787,1.0253576040267944,2.8087778091430664,0.002351235132664442,2.8112006187438965,1.23331369938531,0.0219,,,,
140768,4399,26.506807327270508,17.874364852905273,8.586137771606445,0.040339186787605286,0.005966226104646921,-0.004012456163764,1.4605234861373901,-0.0038518186192959547,0.5693621635437012,1.0067750215530396,1.0057369470596313,2.830440044403076,0.00813620537519455,2.8393590450286865,1.2341084942691811,0.0173,,,,
142368,4449,25.478097915649414,17.543275833129883,7.885457515716553,0.044756222516298294,0.004607721697539091,-0.002890536328777671,1.5127383470535278,-0.002740473486483097,0.5286195874214172,1.0511537790298462,1.0631893873214722,2.841233730316162,-0.00015373146743513644,2.8410861492156982,1.2350160501628642,0.0188,,,,
143968,4499,22.382179260253906,14.48114013671875,7.854464530944824,0.04176482930779457,0.004807694815099239,8.423815597780049e-05,1.4532277584075928,0.000242358393734321,0.6048538684844971,0.9039910435676575,0.8955850601196289,2.779757261276245,-0.0014446275308728218,2.7788474559783936,1.235934887394072,0.028399999999999998,,,,
145568,4549,29.01314353942871,19.42577362060547,9.519798278808594,0.06317321211099625,0.004397480748593807,-0.0025005899369716644,1.4366072416305542,-0.0023355954326689243,0.5695287585258484,0.6996890902519226,0.7048921585083008,2.740668535232544,-0.001155970967374742,2.7350656986236572,1.2367240503124126,0.0193,,,,
147168,4599,22.45966911315918,14.742229461669922,7.666599273681641,0.04498536139726639,0.005854935385286808,-0.001077366410754621,1.6118861436843872,-0.0009110054234042764,0.6116229891777039,0.7276137471199036,0.7085927128791809,2.778921127319336,-0.00592908076941967,2.7761197090148926,1.2376232662913549,0.024200000000000003,,,,
148768,4649,26.358163833618164,17.543437957763672,8.778724670410156,0.030989281833171844,0.005012830253690481,-0.0010726448381319642,1.5959874391555786,-0.0008989021880552173,0.636962890625,1.0087939500808716,1.0026350021362305,2.7978618144989014,-0.003595280461013317,2.7958569526672363,1.2383993428824194,0.024599999999999997,,,,
150368,4699,22.437244415283203,14.443028450012207,7.938929080963135,0.04838615655899048,0.006901673972606659,-0.00128802633844316,1.4183136224746704,-0.0011038052616640925,0.658270001411438,0.6907737851142883,0.676598072052002,2.754453659057617,-0.005853916052728891,2.7493107318878174,1.239250153662218,0.0258,,,,
151968,4749,20.23163414001465,12.54332447052002,7.646426200866699,0.03600156307220459,0.005881889723241329,-0.0011234618723392487,1.5529180765151978,-0.0009367298916913569,0.6539959907531738,0.9242010712623596,0.9159379601478577,2.8035261631011963,0.0014687792863696814,2.8066272735595703,1.2400916063690886,0.0225,,,,
153568,4799,25.517822265625,17.873844146728516,7.601312160491943,0.03754249960184097,0.005123436450958252,0.0006067955400794744,1.4606115818023682,0.0007756900740787387,0.6009040474891663,0.721163272857666,0.7201995849609375,2.780640125274658,0.004226615186780691,2.780984401702881,1.240867130886368,0.0206,,,,
155168,4849,23.92203712463379,15.149932861328125,8.71790885925293,0.04878588393330574,0.005409618839621544,-0.0005273313145153224,1.5128428936004639,-0.00036714429734274745,0.5642269253730774,0.8874610662460327,0.8803600072860718,2.7415709495544434,-0.004868682008236647,2.7365622520446777,1.241631732163317,0.0217,,,,
156768,4899,27.24358367919922,18.82984161376953,8.362407684326172,0.04789105802774429,0.0034421547316014767,-0.0024135918356478214,1.538590669631958,-0.0022449130192399025,0.6097119450569153,0.9426426887512207,0.924149215221405,2.6988258361816406,-0.009163959883153439,2.692479372024536,1.2423093124967706,0.0317,,,,
158368,4949,26.611249923706055,18.603120803833008,7.967550754547119,0.037769630551338196,0.0028086150996387005,0.0017037714133039117,1.5651777982711792,0.0018682981608435512,0.6229750514030457,1.0204697847366333,0.9889026880264282,2.6842262744903564,-0.009414348751306534,2.679263114929199,1.2429765497368221,0.0272,,,,
159968,4999,27.967838287353516,18.745046615600586,9.17055892944336,0.04272323474287987,0.009510703384876251,-0.00120219262316823,1.5011699199676514,-0.0010160822421312332,0.6703603267669678,0.6561795473098755,0.6450782418251038,2.677367687225342,-0.009209946729242802,2.6660900115966797,1.243815884424635,0.0246,,,,
161568,5049,29.164236068725586,19.6940860748291,9.428376197814941,0.037850044667720795,0.003922991454601288,-0.0029842332005500793,1.4764597415924072,-0.0027921812143176794,0.7209729552268982,0.9072967171669006,0.9166667461395264,2.67295503616333,-0.006971301045268774,2.669421434402466,1.1826271454746304,0.0211,,,,
163168,5099,26.546066284179688,17.806442260742188,8.699993133544922,0.0324338898062706,0.007196251302957535,0.004439345095306635,1.6198852062225342,0.0046106805093586445,0.6017887592315674,0.9928643703460693,0.9465999007225037,2.652862548828125,-0.00558128347620368,2.649153709411621,1.184061416501064,0.026099999999999998,,,,
164768,5149,22.955270767211914,14.991663932800293,7.901985168457031,0.05180871859192848,0.009811616502702236,0.0032885903492569923,1.7370563745498657,0.0034182239323854446,0.47594475746154785,1.0467798709869385,0.9989771842956543,2.6347475051879883,-0.0014078343519940972,2.636996030807495,1.185370244623434,0.022600000000000002,,,,
166368,5199,24.718753814697266,16.38584327697754,8.287784576416016,0.03926913067698479,0.005856627132743597,-0.003149302676320076,1.5046405792236328,-0.003017009235918522,0.47859987616539,0.9937601089477539,0.9901568293571472,2.7221882343292236,-0.0014375185128301382,2.7213118076324463,1.1867970019116494,0.0227,,,,
167968,5249,27.34931755065918,17.704021453857422,9.584882736206055,0.05504675209522247,0.00536701176315546,0.0006816924433223903,1.4800894260406494,0.0008905356517061591,0.7419552206993103,0.8522392511367798,0.8428876399993896,2.777010202407837,-0.007735060527920723,2.768021583557129,1.1881521497459262,0.0159,,,,
169568,5299,25.90196990966797,16.970863342285156,8.874102592468262,0.05086280778050423,0.006139197386801243,0.0028197746723890305,1.4685747623443604,0.0029884313698858023,0.6400471329689026,0.7219333648681641,0.696587324142456,2.7396395206451416,-0.007160563487559557,2.733675718307495,1.1895267568908836,0.022200000000000004,,,,
171168,5349,22.804134368896484,13.722594261169434,9.028675079345703,0.04622746631503105,0.006634876132011414,0.0002517532557249069,1.580041766166687,0.00040479551535099745,0.5457126498222351,0.9454517364501953,0.9164274334907532,2.79618501663208,-0.001636340981349349,2.792278528213501,1.1908651284530398,0.0229,,,,
172768,5399,27.779741287231445,18.790019989013672,8.940402030944824,0.04187171161174774,0.007445379626005888,-0.0010100521612912416,1.578421711921692,-0.0008502168348059058,0.5943706035614014,1.0092873573303223,0.9922764301300049,2.734539270401001,-0.00893036276102066,2.7295823097229004,1.1921801206192617,0.0216,,,,
174368,5449,25.739322662353516,16.377904891967773,9.30259895324707,0.05188605934381485,0.006933968514204025,-0.0013928968692198396,1.5564196109771729,-0.0012342670233920217,0.5780004262924194,0.8455217480659485,0.8284919857978821,2.777157783508301,-0.003901930758729577,2.769770622253418,1.1934717392467518,0.022099999999999998,,,,
175968,5499,24.963848114013672,15.36026382446289,9.536900520324707,0.05490623787045479,0.011778132058680058,0.0009960171300917864,1.492812156677246,0.0011536245001479983,0.5822198987007141,0.7964563369750977,0.7772154808044434,2.7911107540130615,-0.003048905171453953,2.7848892211914062,1.1947214664441252,0.025,,,,
177568,5549,21.54823875427246,13.823742866516113,7.671449661254883,0.04971178248524666,0.0033339164219796658,-0.0010546902194619179,1.504664659500122,-0.0008975397795438766,0.5886299014091492,0.7775757312774658,0.7705075740814209,2.8528103828430176,-0.0058189816772937775,2.846480131149292,1.1959666785390888,0.0173,,,,
179168,5599,25.614715576171875,17.011341094970703,8.553619384765625,0.0438711941242218,0.005883889738470316,-0.004040927160531282,1.2966420650482178,-0.0038698173593729734,0.6342388391494751,0.6008666753768921,0.6175013184547424,2.8771843910217285,-0.004853744525462389,2.8692309856414795,1.1972009727208157,0.0287,,,,
180768,5649,23.646404266357422,14.9151029586792,8.670747756958008,0.05467834696173668,0.00587707944214344,-0.0013735308311879635,1.505882978439331,-0.001202131505124271,0.6243529319763184,0.9724898934364319,0.9655691981315613,2.8519065380096436,-0.0036639217287302017,2.8516411781311035,1.198374588758113,0.0278,,,,
182368,5699,26.390241622924805,17.112417221069336,9.2307767868042,0.041055332869291306,0.005993691273033619,-0.0003095350111834705,1.4984123706817627,-0.00018071822705678642,0.46195968985557556,0.989849328994751,0.9859397411346436,2.8598461151123047,-0.007702172268182039,2.8510377407073975,1.1995108431245332,0.0304,,,,
183968,5749,19.583322525024414,11.91678524017334,7.612632751464844,0.04743887111544609,0.006463552825152874,-0.0026025257539004087,1.4921889305114746,-0.0024434684310108423,0.6153453588485718,1.0108500719070435,1.0059696435928345,2.837606191635132,-0.008799160830676556,2.829333782196045,1.200631216113687,0.0297,,,,
185568,5799,21.620906829833984,12.679234504699707,8.890400886535645,0.043529629707336426,0.007741231471300125,-0.0018160317558795214,1.369313359260559,-0.0016460270853713155,0.6096088290214539,0.8765220642089844,0.8848358988761902,2.8078253269195557,-0.006032151635736227,2.7992167472839355,1.2017377700601823,0.018600000000000002,,,,
187168,5849,21.79021453857422,13.528079986572266,8.236239433288574,0.022978855296969414,0.0029147949535399675,-0.002746046055108309,1.4121954441070557,-0.002575305989012122,0.6192684769630432,0.8770589828491211,0.891301155090332,2.8299062252044678,-0.010320226661860943,2.818068504333496,1.2028713342467066,0.026699999999999998,,,,
188768,5899,23.90320587158203,15.717789649963379,8.134146690368652,0.04296041280031204,0.008307456970214844,-0.0011416553752496839,1.3757297992706299,-0.0009316481882706285,0.7696934938430786,0.5497538447380066,0.543159008026123,2.860522985458374,-0.01247901190072298,2.840660572052002,1.2039968181488758,0.0214,,,,
190368,5949,22.21816635131836,13.479536056518555,8.679970741271973,0.04767535254359245,0.010983227752149105,-0.0014504692517220974,1.4082791805267334,-0.0012728488072752953,0.6824870109558105,0.8296099305152893,0.8390086889266968,2.851773500442505,-0.013798637315630913,2.8418357372283936,1.2050519354955302,0.0209,,,,
191968,5999,23.232898712158203,14.238304138183594,8.946429252624512,0.043713901191949844,0.004450193606317043,0.002434807363897562,1.723222017288208,0.002597108483314514,0.5793056488037109,1.016770839691162,0.9726669192314148,2.960132598876953,-0.016368018463253975,2.945560932159424,1.2061382850229456,0.022,,,,
193568,6049,23.870237350463867,15.739056587219238,8.08119010925293,0.046234581619501114,0.0037563734222203493,-0.0013836375437676907,1.5677924156188965,-0.001250910572707653,0.5130359530448914,1.0475692749023438,1.0318729877471924,2.9743900299072266,-0.008638724684715271,2.9689364433288574,1.207232935351977,0.017,,,,
195168,6099,22.885770797729492,13.610466003417969,9.214837074279785,0.05162905156612396,0.008839626796543598,0.0018683196976780891,1.5521615743637085,0.0020178279373794794,0.5408247709274292,1.0996893644332886,1.0635713338851929,3.0703489780426025,-0.015186579897999763,3.057568311691284,1.2082062141517231,0.024800000000000003,,,,
196768,6149,20.611358642578125,12.366194725036621,8.191352844238281,0.049030859023332596,0.004780499264597893,0.004672142211347818,1.6420767307281494,0.004814340267330408,0.5660923719406128,1.390507698059082,1.3221899271011353,3.041734457015991,-0.009396270848810673,3.0406928062438965,1.2092607829336348,0.0185,,,,
198368,6199,22.079143524169922,13.039376258850098,9.008435249328613,0.029943227767944336,0.0013893069699406624,-0.0023780660703778267,1.5565295219421387,-0.0022115774918347597,0.6153140068054199,0.9227462410926819,0.9238969683647156,3.0219719409942627,-0.010527018457651138,3.00949764251709,1.2102367178986289,0.036,,,,
199968,6249,23.36148452758789,14.595911979675293,8.713139533996582,0.04629642143845558,0.006136198993772268,-0.0034335986711084843,1.5635769367218018,-0.003295755246654153,0.5243571400642395,1.0494863986968994,1.0604543685913086,3.0548574924468994,-0.013421502895653248,3.042909860610962,1.2112565656550756,0.0233,,,,
201568,6299,21.018159866333008,12.664648056030273,8.29917049407959,0.050002045929431915,0.00434072082862258,-0.0016752746887505054,1.5260288715362549,-0.0015105023048818111,0.6517014503479004,0.6258562803268433,0.6290794014930725,3.070805788040161,-0.01686224713921547,3.051598310470581,1.2122282289786201,0.0264,,,,
203168,6349,21.314661026000977,12.984779357910156,8.29565143585205,0.031069492921233177,0.0031628429424017668,-0.0015635910676792264,1.5534744262695312,-0.0014276044676080346,0.48204848170280457,0.8150768280029297,0.816035270690918,3.0478134155273438,-0.015377429313957691,3.0292892456054688,1.2131597411796151,0.0211,,,,
204768,6399,22.238201141357422,14.461252212524414,7.746423721313477,0.02849632129073143,0.002029670402407646,-0.0013512091245502234,1.504575252532959,-0.001202035928145051,0.5348798632621765,0.8702270984649658,0.856570839881897,3.1233930587768555,-0.014664453454315662,3.1063523292541504,1.2141563914986513,0.027200000000000002,,,,
206368,6449,21.963735580444336,14.250062942504883,7.691412925720215,0.021797696128487587,0.00046296039363369346,-0.0008551362552680075,1.535048246383667,-0.00068179692607373,0.6098592281341553,0.8873799443244934,0.8787270188331604,3.063340663909912,-0.017725620418787003,3.0407676696777344,1.2151016820470937,0.0245,,,,
207968,6499,24.498878479003906,15.549975395202637,8.900887489318848,0.04328817501664162,0.0047292509116232395,0.001031431253068149,1.652503252029419,0.0011729409452527761,0.515531599521637,0.9553694725036621,0.9338528513908386,3.0382163524627686,-0.014722753316164017,3.022627830505371,1.2159910452112273,0.0233,,,,
209568,6549,24.88828468322754,16.390682220458984,8.454874038696289,0.04083401709794998,0.0018945300253108144,-0.0027559965383261442,1.550626516342163,-0.0025922085624188185,0.5804052948951721,0.6767601370811462,0.686399519443512,2.9870948791503906,-0.008267699740827084,2.971909523010254,1.2169106581704419,0.024699999999999996,,,,
211168,6599,24.33294105529785,14.186339378356934,10.071431159973145,0.06720725446939468,0.007964055053889751,-0.0013661759439855814,1.5545929670333862,-0.0011996123939752579,0.6099619269371033,0.8098948001861572,0.8157917261123657,3.0248184204101562,-0.012628147378563881,3.010847330093384,1.2177725388314102,0.0245,,,,
212768,6649,22.73581886291504,14.529772758483887,8.15687370300293,0.04399167373776436,0.005183108150959015,0.005257311277091503,1.7112555503845215,0.005410533864051104,0.5590943098068237,0.9172130227088928,0.8564149141311646,2.950039863586426,-0.010958216153085232,2.942530870437622,1.2186635367107672,0.027899999999999998,,,,
214368,6699,20.18916893005371,11.971189498901367,8.170581817626953,0.04089902341365814,0.006497891154140234,-0.0017403924139216542,1.5967085361480713,-0.0015923753380775452,0.5925415754318237,1.091949462890625,1.0727097988128662,2.999934196472168,-0.009479123167693615,2.997236728668213,1.219541152541595,0.0252,,,,
215968,6749,20.98381805419922,12.781604766845703,8.176100730895996,0.025455700233578682,0.0006561605259776115,-0.0008112616487778723,1.4378178119659424,-0.0006405212916433811,0.6106047630310059,0.9060181975364685,0.9125070571899414,3.020434856414795,-0.008146523497998714,3.0104739665985107,1.220377888127771,0.026099999999999998,,,,
217568,6799,23.09187889099121,14.603628158569336,8.432040214538574,0.053768206387758255,0.002444237470626831,0.003224297659471631,1.714242935180664,0.0033598635345697403,0.4928712248802185,0.9239316582679749,0.8792417049407959,2.9651548862457275,-0.009188556112349033,2.957550525665283,1.221334183616162,0.024300000000000002,,,,
219168,6849,22.86475372314453,13.727137565612793,9.094769477844238,0.03876877948641777,0.0040785763412714005,-0.0027589991223067045,1.5575740337371826,-0.0026075553614646196,0.5268663167953491,0.7974592447280884,0.7979032397270203,2.9860610961914062,-0.007563927676528692,2.9758400917053223,1.2221671632834166,0.0265,,,,
220768,6899,21.077537536621094,12.33945083618164,8.695969581604004,0.0394316092133522,0.0026859429199248552,-0.0025196908973157406,1.3916089534759521,-0.0023844284005463123,0.5438140630722046,0.9585009813308716,0.9698787927627563,3.0391812324523926,-0.010521943680942059,3.025601625442505,1.222980888740345,0.022800000000000004,,,,
222368,6949,20.767419815063477,11.807868957519531,8.917778968811035,0.037702303379774094,0.004069475922733545,0.0004827791708521545,1.5494569540023804,0.0006490994710475206,0.6301575303077698,0.6500374674797058,0.6301491856575012,3.0151255130767822,-0.01676694117486477,2.9904322624206543,1.223835519520939,0.0241,,,,
223968,6999,22.300640106201172,12.936628341674805,9.30286979675293,0.052608784288167953,0.008532816544175148,-0.001014680485241115,1.5680515766143799,-0.0008592974627390504,0.5833600759506226,1.071929931640625,1.0757814645767212,3.01475191116333,-0.01729167439043522,2.996903896331787,1.2246306845425985,0.035,,,,
225568,7049,25.57064437866211,15.64252758026123,9.85899543762207,0.054743580520153046,0.014380432665348053,0.0013044951483607292,1.5892598628997803,0.001457089208997786,0.5683199167251587,0.8807171583175659,0.8549894094467163,3.1113717555999756,-0.014246446080505848,3.099294900894165,1.2254601558242162,0.032600000000000004,,,,
227168,7099,22.36017608642578,13.71954345703125,8.598798751831055,0.03668810799717903,0.00514517305418849,0.0008437386713922024,1.616384744644165,0.000983577803708613,0.5000428557395935,1.0844935178756714,1.0654094219207764,3.2027883529663086,-0.014771307818591595,3.1885290145874023,1.2262401849229112,0.0233,,,,
228768,7149,24.457881927490234,14.799904823303223,9.611310005187988,0.04476448521018028,0.0019030615221709013,-0.0009211142314597964,1.4947707653045654,-0.000768016092479229,0.555963397026062,0.7863463163375854,0.781134307384491,3.2667009830474854,-0.013748807832598686,3.2468841075897217,1.2270138780327768,0.027100000000000003,,,,
230368,7199,19.30291748046875,11.493047714233398,7.771244525909424,0.03572617843747139,0.0028991701547056437,-9.654338646214455e-05,1.525067687034607,4.072052252013236e-05,0.48698529601097107,0.694784939289093,0.6751498579978943,3.1389026641845703,-0.011869297362864017,3.1247060298919678,1.2278127917031096,0.033800000000000004,,,,
231968,7249,22.649789810180664,13.715339660644531,8.87910270690918,0.04993826895952225,0.005408888682723045,-0.0021353738848119974,1.5002206563949585,-0.0019956431351602077,0.502406656742096,0.937697172164917,0.9434673190116882,3.1733200550079346,-0.017301509156823158,3.156630754470825,1.228611704995713,0.020300000000000002,,,,
233568,7299,21.390981674194336,12.682315826416016,8.663348197937012,0.04408261179924011,0.0012343161506578326,0.0017497072694823146,1.6670278310775757,0.0018919617868959904,0.5057736039161682,0.7379580736160278,0.7119783759117126,3.054532289505005,-0.009822684340178967,3.043734550476074,1.2293215792310161,0.0227,,,,
235168,7349,21.200483322143555,12.154667854309082,8.997140884399414,0.04603796452283859,0.002635579090565443,-0.0021178442984819412,1.4077966213226318,-0.0019530729623511434,0.6443129777908325,0.7260493040084839,0.72966068983078,3.1739823818206787,-0.012903188355267048,3.156553030014038,1.2300525028732017,0.0269,,,,
236768,7399,20.473133087158203,11.693869590759277,8.739548683166504,0.036199167370796204,0.0035151008050888777,-0.0013974762987345457,1.4967632293701172,-0.001241117948666215,0.5834595561027527,1.0860397815704346,1.092451810836792,3.1775600910186768,-0.01379701029509306,3.1642727851867676,1.2307716267917754,0.0263,,,,
238368,7449,19.439868927001953,11.106524467468262,8.287740707397461,0.04254217818379402,0.0030639783944934607,-0.0027808675076812506,1.5838724374771118,-0.002626843983307481,0.5745772123336792,1.0246155261993408,1.0338574647903442,3.251246690750122,-0.010435741394758224,3.2407143115997314,1.2314219862492373,0.0218,,,,
239968,7499,22.613941192626953,13.860027313232422,8.719501495361328,0.031127816066145897,0.0032839144114404917,0.0024789113085716963,1.6124744415283203,0.002671840600669384,0.7043331265449524,0.9341484904289246,0.893323540687561,3.2405359745025635,-0.018592173233628273,3.2228734493255615,1.2321797512304364,0.033299999999999996,,,,
241568,7549,21.685136795043945,12.819377899169922,8.819721221923828,0.04199648275971413,0.004041012842208147,-0.0020192544907331467,1.6288678646087646,-0.0018470798386260867,0.6175705194473267,1.1376619338989258,1.1413755416870117,3.262437105178833,-0.020145142450928688,3.240952253341675,1.1931023681329946,0.0268,,,,
243168,7599,23.536380767822266,14.337630271911621,9.155220031738281,0.038551971316337585,0.004978752229362726,0.00013871074770577252,1.515323519706726,0.00034387983032502234,0.7795553207397461,0.7554436922073364,0.7221368551254272,3.2366702556610107,-0.019081203266978264,3.2150280475616455,1.1941289275818217,0.032299999999999995,,,,
244768,7649,21.449504852294922,12.50531005859375,8.886137962341309,0.0521814227104187,0.0058738840743899345,-0.0016452737618237734,1.5606591701507568,-0.001468944945372641,0.7063764333724976,0.9656469821929932,0.9583064317703247,3.2179293632507324,-0.013083034195005894,3.206242322921753,1.1951573876367092,0.0241,,,,
246368,7699,22.2584285736084,13.43263053894043,8.791123390197754,0.028881803154945374,0.005792025476694107,0.0022819035220891237,1.586182713508606,0.0024283179081976414,0.5517134666442871,1.3794546127319336,1.3239951133728027,3.243664026260376,-0.011811642907559872,3.242187023162842,1.1962129523111824,0.0248,,,,
247968,7749,21.893247604370117,13.591453552246094,8.257747650146484,0.04236206039786339,0.0016838836017996073,-0.0027448039036244154,1.6204410791397095,-0.0026224602479487658,0.44662484526634216,0.7762724757194519,0.788863480091095,3.2854623794555664,-0.0174111220985651,3.267263174057007,1.1972317431376656,0.0215,,,,
249568,7799,22.92767333984375,13.19427490234375,9.668353080749512,0.058187250047922134,0.006857049651443958,0.0024209911935031414,1.647850751876831,0.0026104827411472797,0.6858439445495605,0.8863218426704407,0.8622555732727051,3.3053038120269775,-0.017659960314631462,3.2801003456115723,1.1982810395681975,0.024300000000000002,,,,
251168,7849,19.34244155883789,10.379470825195312,8.917986869812012,0.04045623540878296,0.004525442607700825,0.0014205316547304392,1.5837403535842896,0.001610677456483245,0.7066513299942017,0.8348610997200012,0.8250783681869507,3.2654242515563965,-0.016042208299040794,3.2459828853607178,1.1992029434555613,0.025799999999999997,,,,
252768,7899,21.54978370666504,12.993000030517578,8.50345516204834,0.05045133829116821,0.0028760149143636227,-0.0021929906215518713,1.457148790359497,-0.0019998368807137012,0.7001285552978516,0.732391357421875,0.7294567227363586,3.2684473991394043,-0.012017065659165382,3.25213623046875,1.2001893526570484,0.0324,,,,
254368,7949,21.52509117126465,12.554606437683105,8.920219421386719,0.04109472036361694,0.009171480312943459,-0.0005187737988308072,1.5056536197662354,-0.00034421138116158545,0.6637606620788574,0.7948421239852905,0.7934153079986572,3.2681045532226562,-0.013869240880012512,3.2491841316223145,1.2011990749608723,0.0335,,,,
255968,7999,21.80796241760254,13.108611106872559,8.662833213806152,0.03216530382633209,0.004352864343672991,-0.0031796921975910664,1.453429937362671,-0.0030089998617768288,0.6124966144561768,0.8694972991943359,0.885741114616394,3.3056044578552246,-0.01858411729335785,3.2883167266845703,1.2021299868254207,0.031900000000000005,,,,
257568,8049,22.614347457885742,13.628480911254883,8.941370964050293,0.04266519099473953,0.0018301878590136766,-8.84287292137742e-05,1.5567759275436401,6.466095510404557e-05,0.5440378785133362,0.941935122013092,0.9252088069915771,3.2708542346954346,-0.014668542891740799,3.2592499256134033,1.2030863972867814,0.0322,,,,
259168,8099,17.613616943359375,9.828468322753906,7.743001937866211,0.04054884985089302,0.001599213108420372,-0.0009283421677537262,1.6732289791107178,-0.0007916615577414632,0.4944438338279724,1.0945466756820679,1.0955721139907837,3.299680471420288,-0.01711338572204113,3.283163070678711,1.2040105978006237,0.032400000000000005,,,,
260768,8149,20.90728759765625,13.164176940917969,7.6955885887146,0.04218359664082527,0.005338466726243496,0.0015855394303798676,1.5619871616363525,0.0017812661826610565,0.7474755048751831,0.9908158779144287,0.9599445462226868,3.229266881942749,-0.014751258306205273,3.217906951904297,1.204958175481853,0.0294,,,,
262368,8199,19.959897994995117,11.942217826843262,7.975377082824707,0.036366138607263565,0.005936992820352316,0.0018319515511393547,1.6750218868255615,0.001996425213292241,0.6422687768936157,0.8549285531044006,0.8277578949928284,3.2056286334991455,-0.016962166875600815,3.1905786991119385,1.205845790378622,0.023899999999999998,,,,
263968,8249,19.61292266845703,11.73345947265625,7.831242561340332,0.04185127094388008,0.006369836628437042,0.0004219063266646117,1.6079940795898438,0.0005856588250026107,0.5974754691123962,0.658876895904541,0.6564262509346008,3.2229371070861816,-0.014872136525809765,3.200568675994873,1.2067160679341324,0.037599999999999995,,,,
265568,8299,22.52092742919922,13.196538925170898,9.26356029510498,0.05221744626760483,0.008611094206571579,0.0035044329706579447,1.5651230812072754,0.0036704433150589466,0.6757074594497681,0.9375638961791992,0.8969067335128784,3.2603070735931396,-0.01646558754146099,3.2438089847564697,1.2076523797983507,0.027299999999999998,,,,
267168,8349,23.241741180419922,13.023576736450195,10.158823013305664,0.05323861166834831,0.006103386636823416,0.004312566481530666,1.6176481246948242,0.004502489231526852,0.6961289048194885,1.0102291107177734,0.9586360454559326,3.2779417037963867,-0.013442988507449627,3.2693350315093994,1.2085662654237068,0.0241,,,,
268768,8399,21.22509002685547,12.598624229431152,8.565780639648438,0.051191702485084534,0.009492573328316212,0.0011179387802258134,1.7465662956237793,0.001239344710484147,0.45739176869392395,1.34066903591156,1.290251612663269,3.3507680892944336,-0.01536486018449068,3.3416197299957275,1.2094192390851501,0.0175,,,,
270368,8449,20.97134780883789,12.169374465942383,8.762639999389648,0.035540249198675156,0.0037938617169857025,-0.005186640657484531,1.4884912967681885,-0.005034064408391714,0.589958906173706,1.2812104225158691,1.303736686706543,3.3470473289489746,-0.007831597700715065,3.3413655757904053,1.2103027203005505,0.0327,,,,
271968,8499,21.54472541809082,11.699830055236816,9.790948867797852,0.048670440912246704,0.005276626907289028,-0.0008217788999900222,1.569070816040039,-0.0006314531783573329,0.6913822889328003,0.8870329856872559,0.8707259297370911,3.3458125591278076,-0.012371704913675785,3.331623077392578,1.2111422524542264,0.027,,,,
273568,8549,21.16596221923828,12.202802658081055,8.916181564331055,0.04080154374241829,0.006176345515996218,-0.002668570727109909,1.6829166412353516,-0.0024911665823310614,0.6426986455917358,1.136183738708496,1.1181418895721436,3.3216166496276855,-0.016539491713047028,3.3064985275268555,1.2119614961753478,0.028,,,,
275168,8599,21.844274520874023,12.982386589050293,8.806771278381348,0.04691092669963837,0.008205822668969631,-0.00011383001401554793,1.5452625751495361,4.59348812000826e-05,0.6215243339538574,0.943960964679718,0.926865816116333,3.3760154247283936,-0.017120471224188805,3.3625667095184326,1.2128227341547058,0.0217,,,,
276768,8649,20.796403884887695,12.298551559448242,8.440959930419922,0.04972101375460625,0.007172378711402416,-0.0009221811196766794,1.6280107498168945,-0.0007531748851761222,0.6064521074295044,0.7571545243263245,0.7506110668182373,3.317444324493408,-0.02186720445752144,3.292290449142456,1.2136486450173594,0.031,,,,
278368,8699,21.96045684814453,12.650217056274414,9.250051498413086,0.051303040236234665,0.008884060196578503,-0.0012897169217467308,1.5598256587982178,-0.0011164973257109523,0.6620081663131714,1.4386876821517944,1.4483692646026611,3.30855393409729,-0.02288294956088066,3.2908694744110107,1.2145002570516872,0.031299999999999994,,,,
279968,8749,20.6483097076416,11.239036560058594,9.371452331542969,0.03393581882119179,0.0038859443739056587,-0.0015481881564483047,1.5686700344085693,-0.0013698464026674628,0.6309824585914612,0.8177904486656189,0.8212271928787231,3.36942195892334,-0.010643037036061287,3.355008840560913,1.2153448425102864,0.029299999999999996,,,,
281568,8799,22.74201011657715,12.749451637268066,9.948636054992676,0.04290217161178589,0.0010206332663074136,0.0019952107686549425,1.6295331716537476,0.0021686351392418146,0.6270748972892761,1.2190203666687012,1.193493366241455,3.357520818710327,-0.014547672122716904,3.346364736557007,1.216141022902993,0.023299999999999998,,,,
283168,8849,20.82579803466797,12.086223602294922,8.694653511047363,0.04139212518930435,0.0035300604067742825,-0.0009698515059426427,1.5361301898956299,-0.0007925662212073803,0.6449733376502991,0.9203001856803894,0.9232327938079834,3.3580949306488037,-0.018966559320688248,3.337236166000366,1.2169190699460137,0.0208,,,,
284768,8899,21.524126052856445,12.080244064331055,9.388251304626465,0.04766818508505821,0.007962650619447231,-0.0007133291219361126,1.4889845848083496,-0.0005247597582638264,0.6843482851982117,0.7653380036354065,0.7637180685997009,3.4070301055908203,-0.01506829634308815,3.3915226459503174,1.21769856333772,0.0363,,,,
286368,8949,20.66443634033203,12.060586929321289,8.563400268554688,0.037401482462882996,0.0030470506753772497,0.0038566160947084427,1.6366245746612549,0.004048557952046394,0.6908943057060242,1.1575254201889038,1.1070997714996338,3.416609287261963,-0.019546087831258774,3.3977134227752686,1.2184540683623708,0.025200000000000004,,,,
287968,8999,17.724327087402344,10.084054946899414,7.606870174407959,0.03233477845788002,0.0010663329157978296,-0.0018809172324836254,1.534560203552246,-0.0016889902763068676,0.7080127000808716,0.9931528568267822,1.004825234413147,3.3672702312469482,-0.016398467123508453,3.3512508869171143,1.2192465221575852,0.019,,,,
289568,9049,18.944761276245117,10.934454917907715,7.976709842681885,0.030959583818912506,0.0026367157697677612,-0.0019458436872810125,1.4978337287902832,-0.001743995351716876,0.7493894696235657,0.8711252212524414,0.8627614974975586,3.3476884365081787,-0.022008033469319344,3.3259122371673584,1.2200417177407155,0.0248,,,,
291168,9099,20.519725799560547,11.71792221069336,8.75289535522461,0.04220721498131752,0.006701254285871983,0.00014101830311119556,1.4898860454559326,0.0003592302091419697,0.9101034998893738,1.1007444858551025,1.0839500427246094,3.410353183746338,-0.01891973428428173,3.3945486545562744,1.220775334463185,0.0285,,,,
292768,9149,20.069822311401367,11.250809669494629,8.771925926208496,0.045426107943058014,0.0016612685285508633,-0.0024661996867507696,1.6502070426940918,-0.0022991809528321028,0.6253992319107056,0.7250632047653198,0.7203021049499512,3.4126436710357666,-0.027648502960801125,3.380971670150757,1.221535624209535,0.0327,,,,
294368,9199,17.641149520874023,9.410246849060059,8.179452896118164,0.04673490673303604,0.004715678282082081,0.001207587425597012,1.5163227319717407,0.0014042729744687676,0.7405190467834473,0.933966338634491,0.9157564043998718,3.379873514175415,-0.02625551074743271,3.3550491333007812,1.222270411200916,0.0265,,,,
295968,9249,15.578864097595215,8.590781211853027,6.950186729431152,0.03380667045712471,0.004089757800102234,-0.000440998119302094,1.6348928213119507,-0.00026834572781808674,0.6152735948562622,1.0632312297821045,1.0504651069641113,3.480910062789917,-0.020198548212647438,3.4576451778411865,1.2230543413452786,0.029000000000000005,,,,
297568,9299,20.694795608520508,12.251374244689941,8.387627601623535,0.05150320753455162,0.0042897360399365425,-0.0022704629227519035,1.610122561454773,-0.0020855602342635393,0.6829478144645691,1.0238664150238037,1.0172325372695923,3.401273250579834,-0.027144553139805794,3.370685338973999,1.2238059452915764,0.0287,,,,
299168,9349,19.376895904541016,10.278219223022461,9.061613082885742,0.03385959565639496,0.0032047696877270937,-0.0017463589319959283,1.7157330513000488,-0.0015670538414269686,0.6609314680099487,1.2333818674087524,1.21585214138031,3.4196441173553467,-0.030838122591376305,3.3899617195129395,1.2245029615433436,0.0307,,,,
300768,9399,22.044857025146484,13.53288459777832,8.461194038391113,0.04693672060966492,0.003841640194877982,0.00027363855042494833,1.409939169883728,0.0005074625951237977,0.8536547422409058,0.8190685510635376,0.811617374420166,3.3845088481903076,-0.025046415627002716,3.3590805530548096,1.2252717074461241,0.025300000000000003,,,,
302368,9449,20.262840270996094,12.199365615844727,8.031082153320312,0.031281109899282455,0.0011128605110570788,-0.00040891728713177145,1.5479836463928223,-0.00021173746790736914,0.7019747495651245,0.8108355402946472,0.8035979270935059,3.40478253364563,-0.029159830883145332,3.3749587535858154,1.226031269540344,0.0321,,,,
303968,9499,20.03373146057129,11.51016902923584,8.470104217529297,0.04423291236162186,0.00922453124076128,0.0010097107151523232,1.6383705139160156,0.0011738439789041877,0.5917213559150696,0.6609145402908325,0.6402826309204102,3.372525930404663,-0.024725651368498802,3.3422183990478516,1.2267169290191666,0.028399999999999998,,,,
305568,9549,26.28671646118164,15.885377883911133,10.354283332824707,0.043534085154533386,0.0035208945628255606,-0.00368848186917603,1.5152685642242432,-0.0034504272043704987,0.8445380926132202,0.8825881481170654,0.8841719627380371,3.306222915649414,-0.022347861900925636,3.2841479778289795,1.2274417576245107,0.0285,,,,
307168,9599,18.994293212890625,10.781830787658691,8.164009094238281,0.040575820952653885,0.007880150340497494,-0.001614231732673943,1.553175926208496,-0.0014288697857409716,0.719555675983429,1.0130518674850464,1.0092172622680664,3.4180634021759033,-0.026231661438941956,3.392397403717041,1.228099470781505,0.0291,,,,
308768,9649,23.825407028198242,13.746248245239258,10.024364471435547,0.04535383731126785,0.009442228823900223,-0.0025170701555907726,1.4662635326385498,-0.0023202155716717243,0.7113973498344421,0.8482345342636108,0.8551608920097351,3.439483404159546,-0.02339223586022854,3.4161951541900635,1.2288310761972923,0.0256,,,,
310368,9699,22.28516387939453,12.849609375,9.389430046081543,0.04323974996805191,0.0028836182318627834,0.0011497194645926356,1.740167498588562,0.0013272883370518684,0.6628031730651855,1.0788581371307373,1.050736904144287,3.4558956623077393,-0.029680874198675156,3.4276187419891357,1.2294611310385821,0.021,,,,
311968,9749,18.481542587280273,9.776540756225586,8.666311264038086,0.03454558551311493,0.004144894890487194,-0.00270459009334445,1.5608779191970825,-0.002478223294019699,0.8348045349121094,0.6473288536071777,0.6467552185058594,3.49808669090271,-0.034039340913295746,3.459293842315674,1.2301199424653062,0.0285,,,,
313568,9799,17.855167388916016,10.2420654296875,7.566180229187012,0.04256599396467209,0.004354496486485004,-0.001832324080169201,1.6453191041946411,-0.0016497926553711295,0.6525076031684875,1.197815179824829,1.194381833076477,3.4039876461029053,-0.02204618975520134,3.3827714920043945,1.2307945217045275,0.0288,,,,
315168,9849,22.09047508239746,12.300463676452637,9.735936164855957,0.051169365644454956,0.0029072745237499475,-0.0019798721186816692,1.5741760730743408,-0.0017387832049280405,0.8336936831474304,0.852497398853302,0.8470879793167114,3.332430124282837,-0.027836082503199577,3.2994496822357178,1.231486770671054,0.0267,,,,
316768,9899,18.082595825195312,9.74257755279541,8.292462348937988,0.04563000425696373,0.0019273536745458841,-0.00022533503943122923,1.6065034866333008,-5.5331242037937045e-05,0.6165127158164978,1.0629551410675049,1.0480128526687622,3.4618937969207764,-0.0256026741117239,3.438899040222168,1.2321631881458333,0.0222,,,,
318368,9949,20.446422576904297,12.117501258850098,8.26928997039795,0.05149286240339279,0.008137769997119904,-0.0006517812144011259,1.6248507499694824,-0.000440380594227463,0.7418175935745239,0.8450065851211548,0.8317592740058899,3.4890992641448975,-0.025859912857413292,3.4609248638153076,1.2328161006705265,0.029700000000000004,,,,
319968,9999,18.203142166137695,10.731266021728516,7.426955699920654,0.036917343735694885,0.00800246000289917,0.000948887609411031,1.7480714321136475,0.0011168222408741713,0.6060736179351807,1.4704662561416626,1.455561876296997,3.488682270050049,-0.029632361605763435,3.4632821083068848,1.2334536625240438,0.022600000000000002,,,,
321568,10049,23.09819793701172,14.272900581359863,8.780302047729492,0.041580330580472946,0.003414861159399152,-0.0016074576415121555,1.5028692483901978,-0.0013700915733352304,0.8707963824272156,0.744933545589447,0.738118588924408,3.365875720977783,-0.028241360560059547,3.332157611846924,1.2042540987704147,0.027700000000000002,,,,
323168,10099,21.569236755371094,12.840657234191895,8.673284530639648,0.049253370612859726,0.006040641572326422,-0.0012190790148451924,1.5553730726242065,-0.000995971611700952,0.8477783203125,0.8035672307014465,0.8004881143569946,3.4951095581054688,-0.027087008580565453,3.4645581245422363,1.204945492815643,0.0247,,,,
324768,10149,24.140525817871094,14.257018089294434,9.826516151428223,0.053785040974617004,0.003206163877621293,-0.0007893027504906058,1.5543394088745117,-0.0006358132814057171,0.6144691705703735,1.3227119445800781,1.3167847394943237,3.4419569969177246,-0.027120817452669144,3.4194252490997314,1.2056039248449644,0.0272,,,,
326368,10199,19.57475471496582,11.23452377319336,8.29322624206543,0.04110988229513168,0.005896565038710833,0.0005503245629370213,1.5870156288146973,0.0007696794345974922,0.854523777961731,0.9125543832778931,0.9009829163551331,3.4704384803771973,-0.03113514371216297,3.4418249130249023,1.2062490722875105,0.026,,,,
327968,10249,23.11640167236328,13.170806884765625,9.872615814208984,0.06294640153646469,0.010033133439719677,0.0018158374587073922,1.6097947359085083,0.0019967760890722275,0.6391001343727112,0.5430417656898499,0.5301682949066162,3.412205696105957,-0.035457074642181396,3.3689658641815186,1.2068995510381464,0.0326,,,,
329568,10299,17.263710021972656,9.03011417388916,8.180806159973145,0.046886932104825974,0.005903895944356918,-0.0011206089984625578,1.561887502670288,-0.0009178572800010443,0.7329940795898438,0.9301588535308838,0.9334912896156311,3.412355422973633,-0.03458264097571373,3.374849319458008,1.2075371441022151,0.0256,,,,
331168,10349,18.545923233032227,10.541211128234863,7.955103397369385,0.03862709179520607,0.010980424471199512,0.0013833829434588552,1.5085266828536987,0.001591507694683969,0.8234038949012756,1.0849733352661133,1.0634734630584717,3.3703157901763916,-0.03408369794487953,3.338170051574707,1.2081672822065561,0.027399999999999997,,,,
332768,10399,20.19052505493164,11.0421781539917,9.095468521118164,0.04552169516682625,0.007359008304774761,-0.003987864125519991,1.6196092367172241,-0.0038092979229986668,0.6517781019210815,1.062376856803894,1.0685808658599854,3.3726890087127686,-0.038107432425022125,3.3321330547332764,1.208810527727574,0.027100000000000003,,,,
334368,10449,22.677188873291016,12.778855323791504,9.831048011779785,0.05992211401462555,0.007363959215581417,0.0006581894704140723,1.6241616010665894,0.0008303705835714936,0.6529596447944641,1.4149012565612793,1.383035659790039,3.4328131675720215,-0.03221140056848526,3.406909227371216,1.209433882162044,0.0224,,,,
335968,10499,23.212209701538086,14.188751220703125,8.975194931030273,0.04305962473154068,0.005203980952501297,-0.0011493320344015956,1.4783430099487305,-0.0009405649034306407,0.765681803226471,0.7420977354049683,0.7441068291664124,3.4091439247131348,-0.028988182544708252,3.3794424533843994,1.210088018527054,0.0304,,,,
337568,10549,19.129758834838867,10.700809478759766,8.369818687438965,0.05221282318234444,0.0069168368354439735,-0.0045704310759902,1.6369596719741821,-0.004420381970703602,0.5417389273643494,1.0010027885437012,1.0273840427398682,3.4650752544403076,-0.02653535269200802,3.435615301132202,1.2107022354816224,0.0264,,,,
339168,10599,20.930641174316406,12.064528465270996,8.807147979736328,0.050631869584321976,0.008331840857863426,0.0019496622262522578,1.5843029022216797,0.0021149374078959227,0.629156231880188,1.0983887910842896,1.0624641180038452,3.4852142333984375,-0.02457863837480545,3.4634594917297363,1.2113327520259742,0.029099999999999997,,,,
340768,10649,19.16730308532715,10.549246788024902,8.560545921325684,0.05555398017168045,0.0019563017413020134,0.0007601649849675596,1.621450424194336,0.0009229449206031859,0.5980464220046997,0.7524272799491882,0.7342885732650757,3.454725742340088,-0.02143678441643715,3.4320647716522217,1.2119594208389297,0.026800000000000004,,,,
342368,10699,19.388975143432617,11.565702438354492,7.7646074295043945,0.050771139562129974,0.007892385125160217,0.0024923004675656557,1.7594372034072876,0.0026510325260460377,0.6160541772842407,0.9586960077285767,0.9236637949943542,3.467900514602661,-0.024563586339354515,3.4434714317321777,1.2125268239380227,0.0307,,,,
343968,10749,23.61746597290039,14.259033203125,9.310724258422852,0.04626580700278282,0.0014416096964851022,-0.0015082331374287605,1.534560203552246,-0.0012791333720088005,0.8530935645103455,1.2772725820541382,1.2669330835342407,3.4663100242614746,-0.024110442027449608,3.445399761199951,1.2131423146198614,0.027700000000000002,,,,
345568,10799,16.147279739379883,9.124428749084473,6.980012893676758,0.039905086159706116,0.0029316917061805725,0.0012395563535392284,1.597896933555603,0.001472074305638671,0.8666545152664185,0.8642059564590454,0.8475160598754883,3.5012176036834717,-0.024418089538812637,3.475668430328369,1.2137189741651229,0.022,,,,
347168,10849,19.400836944580078,10.846720695495605,8.513057708740234,0.03740923851728439,0.0036484168376773596,-0.0035665309987962246,1.4581032991409302,-0.003358862129971385,0.8382976651191711,0.974973738193512,0.9840428829193115,3.499690294265747,-0.02515544928610325,3.479820966720581,1.2143005836165883,0.028200000000000003,,,,
348768,10899,20.775671005249023,11.815108299255371,8.926993370056152,0.029896311461925507,0.003673079190775752,0.003325581783428788,1.6098161935806274,0.0035492663737386465,0.8300285935401917,0.7276728749275208,0.7207188606262207,3.5153818130493164,-0.022164613008499146,3.4915432929992676,1.2148566494869457,0.0338,,,,
350368,10949,21.77941131591797,13.021344184875488,8.708470344543457,0.03873434290289879,0.01086330320686102,0.002317313803359866,1.8186696767807007,0.0024673580192029476,0.5361706614494324,1.2087458372116089,1.1706023216247559,3.588326930999756,-0.020630303770303726,3.564377546310425,1.215473401528841,0.030400000000000003,,,,
351968,10999,17.440147399902344,9.562954902648926,7.8168416023254395,0.05365631356835365,0.006694169715046883,-0.00044070626609027386,1.6413333415985107,-0.00025384186301380396,0.674562394618988,0.7848411798477173,0.787574052810669,3.549476146697998,-0.0230584517121315,3.5215845108032227,1.2160440894235431,0.027800000000000002,,,,
353568,11049,19.018280029296875,10.673171043395996,8.300468444824219,0.03840155899524689,0.006238291971385479,-0.0014212055830284953,1.673058271408081,-0.0012322788825258613,0.7062079310417175,1.2638894319534302,1.253523349761963,3.583189010620117,-0.02518938109278679,3.558162212371826,1.2166121831898236,0.0222,,,,
355168,11099,19.31336784362793,10.83255386352539,8.4432373046875,0.0315890908241272,0.005987104494124651,-0.0006686837296001613,1.809361219406128,-0.0004844431532546878,0.6671192049980164,1.1244333982467651,1.1331692934036255,3.6000003814697266,-0.024264780804514885,3.577179431915283,1.217188249050012,0.032600000000000004,,,,
356768,11149,20.293581008911133,11.723465919494629,8.53226375579834,0.03699257969856262,0.0008582055452279747,-0.001196649158373475,1.583524465560913,-0.0009947412181645632,0.7637233138084412,0.9454069137573242,0.9364400506019592,3.570040464401245,-0.02789066545665264,3.5409252643585205,1.217706933037992,0.026299999999999997,,,,
358368,11199,18.1982479095459,10.35234260559082,7.806170463562012,0.02903742529451847,0.010697739198803902,-0.0005918813403695822,1.5548253059387207,-0.000387372390832752,0.7748613357543945,1.0669574737548828,1.0464997291564941,3.6079299449920654,-0.025723084807395935,3.587636709213257,1.21827955317524,0.0281,,,,
359968,11249,17.160736083984375,9.830497741699219,7.280486106872559,0.04421014338731766,0.005541572347283363,-0.0029172131326049566,1.5097761154174805,-0.002705439692363143,0.8144136667251587,0.8607168793678284,0.8723872900009155,3.5641462802886963,-0.028464222326874733,3.537170886993408,1.2188104724774662,0.0385,,,,
361568,11299,18.132341384887695,9.97070598602295,8.138431549072266,0.021903282031416893,0.0012979521416127682,0.0017277259612455964,1.6221323013305664,0.001919311354868114,0.7490981817245483,0.9810882806777954,0.9668313264846802,3.5818121433258057,-0.0236229095607996,3.5568203926086426,1.219321041887972,0.0318,,,,
363168,11349,20.214141845703125,11.234457015991211,8.934772491455078,0.04106897860765457,0.0038433941081166267,-0.0025674228090792894,1.5659704208374023,-0.002382218837738037,0.7198021411895752,1.1323473453521729,1.1389718055725098,3.619431495666504,-0.015526055358350277,3.607398748397827,1.2198946022224604,0.0302,,,,
364768,11399,15.591147422790527,8.436816215515137,7.11437463760376,0.03829709440469742,0.0016594185726717114,-0.0012743539409711957,1.6925015449523926,-0.0011106685269623995,0.6095594763755798,1.1056134700775146,1.11133873462677,3.598506212234497,-0.017358407378196716,3.5813117027282715,1.2204165003677905,0.027700000000000002,,,,
366368,11449,18.716691970825195,10.26806640625,8.401159286499023,0.03819635882973671,0.00927022472023964,-0.0029471195302903652,1.522815227508545,-0.0027651346754282713,0.7186505794525146,0.9561040997505188,0.9741944670677185,3.5514674186706543,-0.016238301992416382,3.5391578674316406,1.2209388460037425,0.0367,,,,
367968,11499,16.885051727294922,9.278890609741211,7.56581974029541,0.03717774897813797,0.003163160989060998,-0.00038051954470574856,1.5955291986465454,-0.00020170523202978075,0.6854838728904724,1.3023865222930908,1.2995665073394775,3.540250778198242,-0.01570209302008152,3.5255508422851562,1.2214543974841787,0.0337,,,,
369568,11549,23.318635940551758,14.153149604797363,9.089502334594727,0.0665687769651413,0.009414172731339931,-0.0010654224315658212,1.5329105854034424,-0.0008316728635691106,0.8622874021530151,0.9938191175460815,0.9917891025543213,3.640341281890869,-0.011056025512516499,3.628661632537842,1.2219664958331615,0.026299999999999997,,,,
371168,11599,20.45572280883789,11.754521369934082,8.649638175964355,0.047351136803627014,0.004211681894958019,-0.0007545020198449492,1.6733973026275635,-0.0005962967406958342,0.6252294778823853,1.396115779876709,1.3986026048660278,3.6951382160186768,-0.013594826683402061,3.6876001358032227,1.2225163524725282,0.0254,,,,
372768,11649,20.654315948486328,11.42446231842041,9.184327125549316,0.038534801453351974,0.006993020884692669,0.004481470212340355,1.7566866874694824,0.004676750395447016,0.7292166948318481,1.1740710735321045,1.139534831047058,3.663461446762085,-0.013799388892948627,3.6483659744262695,1.2230330913807432,0.029599999999999998,,,,
374368,11699,21.755809783935547,12.146235466003418,9.553926467895508,0.04971478879451752,0.005933341570198536,-0.0018615229055285454,1.548752784729004,-0.001684187212958932,0.6652866005897522,1.0309351682662964,1.0220487117767334,3.683486223220825,-0.011927458457648754,3.668868064880371,1.2235391810650516,0.0334,,,,
375968,11749,22.126667022705078,12.17938232421875,9.908924102783203,0.03780321031808853,0.0005568799679167569,-0.00027906234026886523,1.6135854721069336,-0.00013150695303920656,0.5721592903137207,1.031651496887207,1.0149222612380981,3.7115070819854736,-0.006347942631691694,3.704174280166626,1.2240501898141503,0.0285,,,,
377568,11799,18.68890380859375,10.332109451293945,8.319938659667969,0.035809628665447235,0.0010449027176946402,0.0004374604322947562,1.5472145080566406,0.0006038779974915087,0.6194896101951599,1.0746365785598755,1.062606692314148,3.6393017768859863,0.00044194317888468504,3.6423826217651367,1.2245263883015558,0.026299999999999997,,,,
379168,11849,17.163766860961914,10.207286834716797,6.91084098815918,0.039405856281518936,0.006233383435755968,0.0028503171633929014,1.6518689393997192,0.0029983518179506063,0.5198054313659668,1.2657747268676758,1.2113968133926392,3.7228353023529053,-0.0020903267432004213,3.7208364009857178,1.225058675620328,0.0344,,,,
380768,11899,19.96710205078125,11.527580261230469,8.37665843963623,0.05502955988049507,0.007834396325051785,-0.0006959445308893919,1.5901429653167725,-0.0005392159800976515,0.5693312883377075,1.0113720893859863,0.9974485635757446,3.7570297718048096,-0.010279033333063126,3.743338108062744,1.2255568798924534,0.0317,,,,
382368,11949,16.69157600402832,9.209309577941895,7.428816795349121,0.044808804988861084,0.00863975752145052,-0.0011486862786114216,1.4643006324768066,-0.0009424799936823547,0.7845411896705627,1.024841070175171,1.0127066373825073,3.764953136444092,-0.008989826776087284,3.757195472717285,1.2260012258947548,0.0343,,,,
383968,11999,20.2879581451416,11.04911994934082,9.189911842346191,0.041330963373184204,0.007595996838063002,-0.00020959727407898754,1.612555742263794,-3.246101550757885e-05,0.6735599040985107,1.515162706375122,1.485323429107666,3.8316256999969482,-0.016441304236650467,3.823982000350952,1.2265224681531124,0.0346,,,,
385568,12049,16.663522720336914,9.122981071472168,7.499807834625244,0.03402905911207199,0.0067042759619653225,-0.002223580377176404,1.46930992603302,-0.002070940565317869,0.6751137375831604,1.2546377182006836,1.2685675621032715,3.7623891830444336,-0.013143042102456093,3.753268241882324,1.2269989755292519,0.026,,,,
387168,12099,18.972200393676758,11.139703750610352,7.803987503051758,0.028123293071985245,0.0003860428696498275,-0.0018842932768166065,1.5106215476989746,-0.0017112341010943055,0.6452843546867371,1.2036930322647095,1.2128161191940308,3.7946438789367676,-0.014891563914716244,3.779374361038208,1.2274697815250517,0.040600000000000004,,,,
388768,12149,17.73853302001953,9.987724304199219,7.696913242340088,0.04439513757824898,0.00949990563094616,-0.00013343246246222407,1.6541500091552734,2.5067594833672047e-05,0.6078432202339172,1.1483421325683594,1.121656060218811,3.754091262817383,-0.018301786854863167,3.735260009765625,1.227956841342596,0.0285,,,,
390368,12199,16.98921012878418,8.965311050415039,7.969609260559082,0.04954659566283226,0.004740970674902201,0.0006691224407404661,1.4833890199661255,0.0008100603008642793,0.5555225014686584,1.4378485679626465,1.4242398738861084,3.842679738998413,-0.022711656987667084,3.8242766857147217,1.2284656927206385,0.023100000000000002,,,,
391968,12249,21.70764923095703,12.284358978271484,9.368833541870117,0.04699737951159477,0.007458746433258057,-0.0005324659869074821,1.5176987648010254,-0.0003929665545001626,0.6182907223701477,1.3302558660507202,1.3091474771499634,3.8727993965148926,-0.017216762527823448,3.862886428833008,1.228941660116918,0.0305,,,,
393568,12299,20.150182723999023,11.263343811035156,8.852431297302246,0.03417710214853287,0.00022897252347320318,-0.000734059838578105,1.606675148010254,-0.0005901189288124442,0.5819989442825317,1.6398060321807861,1.6255502700805664,3.8805904388427734,-0.01681526191532612,3.871216058731079,1.229441657003815,0.031199999999999995,,,,
395168,12349,20.32275390625,11.587997436523438,8.695988655090332,0.035789016634225845,0.0029789372347295284,-0.002570111071690917,1.6228231191635132,-0.00238139764405787,0.7300209403038025,1.1704450845718384,1.1586815118789673,3.8881845474243164,-0.01808362640440464,3.866952896118164,1.2299050317616738,0.0314,,,,
396768,12399,16.31800651550293,9.125327110290527,7.158017158508301,0.03212554007768631,0.002536974148824811,0.001325155608355999,1.7345402240753174,0.0014641490997746587,0.5522738695144653,1.2349352836608887,1.17524254322052,3.884894847869873,-0.020573122426867485,3.868932008743286,1.230371780036462,0.022600000000000002,,,,
398368,12449,20.639896392822266,11.733349800109863,8.859075546264648,0.03750698268413544,0.009963500313460827,0.002060964470729232,1.6471292972564697,0.002195299370214343,0.5121093988418579,1.305419683456421,1.2628710269927979,3.811880111694336,-0.017169246450066566,3.7973403930664062,1.2308917911117256,0.020300000000000002,,,,
399968,12499,17.30223846435547,9.397239685058594,7.86953592300415,0.03191043809056282,0.0035532163456082344,-0.002982568694278598,1.511642336845398,-0.0027642168570309877,0.7810318470001221,0.8511705994606018,0.862055242061615,3.7853355407714844,-0.01720411144196987,3.7644028663635254,1.2313243399147247,0.022099999999999998,,,,
401568,12549,21.144163131713867,12.343151092529297,8.709188461303711,0.08276084065437317,0.009062325581908226,-0.002475516637787223,1.578292727470398,-0.002289316849783063,0.7308608293533325,1.1671277284622192,1.176328420639038,3.820291519165039,-0.015088830143213272,3.8060336112976074,1.2070239323773346,0.0293,,,,
403168,12599,21.590778350830078,12.705265045166016,8.80892276763916,0.0660504698753357,0.010542458854615688,-0.0024211667478084564,1.643595814704895,-0.0022629420273005962,0.560536801815033,1.427159070968628,1.4205713272094727,3.7907357215881348,-0.012939082458615303,3.7793960571289062,1.2076394901603904,0.033100000000000004,,,,
404768,12649,17.881481170654297,9.317964553833008,8.50804328918457,0.050614748150110245,0.004857251886278391,-0.0002779318601824343,1.563755989074707,-9.054194379132241e-05,0.7056231498718262,0.9485088586807251,0.9353126287460327,3.69252610206604,-0.012020851485431194,3.677361488342285,1.2082193532623458,0.027600000000000003,,,,
406368,12699,18.513565063476562,10.6480131149292,7.82675838470459,0.03551394119858742,0.00327824498526752,-0.004290637094527483,1.5669026374816895,-0.004114827606827021,0.6348782777786255,0.911706805229187,0.9349209070205688,3.7361414432525635,-0.015895437449216843,3.711263656616211,1.2088025227831354,0.0275,,,,
407968,12749,18.107458114624023,9.948237419128418,8.118989944458008,0.036761146038770676,0.003470516297966242,-0.0017316099256277084,1.5255324840545654,-0.001562862889841199,0.6775673627853394,1.410400390625,1.4025918245315552,3.755420446395874,-0.023770062252879143,3.7390480041503906,1.2093703361556067,0.0268,,,,
409568,12799,16.838626861572266,9.485090255737305,7.317704677581787,0.033059678971767426,0.0027721370570361614,0.0010388800874352455,1.5437129735946655,0.0012179894838482141,0.7856698632240295,1.3885200023651123,1.3525127172470093,3.7686541080474854,-0.021601015701889992,3.751326560974121,1.2099689642714844,0.0356,,,,
411168,12849,21.614477157592773,12.523672103881836,9.03128719329834,0.0562092661857605,0.0033088524360209703,0.0005683664348907769,1.539772391319275,0.0007637015078216791,0.7140778303146362,0.9808147549629211,0.9666162729263306,3.7839014530181885,-0.02977663092315197,3.7525017261505127,1.2105281941438308,0.0278,,,,
412768,12899,16.507579803466797,8.434616088867188,8.017773628234863,0.048925504088401794,0.006265975534915924,0.002534979721531272,1.6201952695846558,0.002693861722946167,0.5977441072463989,1.7390413284301758,1.6707931756973267,3.890079975128174,-0.02838127128779888,3.86727237701416,1.211089041042533,0.033,,,,
414368,12949,18.6346492767334,10.049694061279297,8.543082237243652,0.03812467306852341,0.0037486001383513212,0.0006119897589087486,1.627548098564148,0.0007862908532842994,0.6495073437690735,0.9277134537696838,0.9062539339065552,3.841014862060547,-0.018416959792375565,3.8157613277435303,1.2116255127974727,0.0355,,,,
415968,12999,16.153038024902344,9.1334867477417,6.990410804748535,0.026077743619680405,0.0030638957396149635,-9.655543544795364e-05,1.5414632558822632,8.089083712548018e-05,0.7038648128509521,0.9500086307525635,0.9368733763694763,3.771251916885376,-0.01867128163576126,3.750725030899048,1.212189484739353,0.034,,,,
417568,13049,18.778688430786133,10.368452072143555,8.353035926818848,0.05293656513094902,0.00426253117620945,-0.0035244079772382975,1.6206789016723633,-0.003317158902063966,0.7360700964927673,1.0406635999679565,1.0620241165161133,3.703742742538452,-0.014403440989553928,3.684267520904541,1.212751596161786,0.0305,,,,
419168,13099,16.2655086517334,8.430766105651855,7.783384323120117,0.0471087247133255,0.00424919230863452,-0.0009191706776618958,1.6923842430114746,-0.0007241686689667404,0.6698622703552246,1.0038501024246216,0.9935303330421448,3.7959694862365723,-0.017327947542071342,3.773519992828369,1.213309678241284,0.0278,,,,
420768,13149,16.735937118530273,9.250557899475098,7.42627477645874,0.05361480265855789,0.005488581024110317,-0.0017702807672321796,1.5796979665756226,-0.0015897896373644471,0.6811562776565552,1.250560998916626,1.2555203437805176,3.8005805015563965,-0.022320028394460678,3.7829275131225586,1.2138708194664578,0.0286,,,,
422368,13199,17.053300857543945,9.21437931060791,7.780426025390625,0.04888661950826645,0.009609095752239227,0.0014108932809904218,1.6846283674240112,0.0015668424312025309,0.6062866449356079,0.9447051882743835,0.9239199161529541,3.7720532417297363,-0.01405115332454443,3.7501862049102783,1.214444687727674,0.027,,,,
423968,13249,19.543781280517578,11.319653511047363,8.19475269317627,0.028627874329686165,0.0007467872346751392,-0.0006265055853873491,1.5757997035980225,-0.0004122471727896482,0.8273764252662659,0.9761751294136047,0.9635359644889832,3.785362482070923,-0.016455484554171562,3.7697033882141113,1.2149784396743561,0.030900000000000004,,,,
425568,13299,19.19807243347168,10.361308097839355,8.801813125610352,0.03295103460550308,0.002000423613935709,0.00046432780800387263,1.550905466079712,0.0006816794630140066,0.8354138731956482,0.9888339042663574,0.9607638120651245,3.8408122062683105,-0.019648443907499313,3.8176093101501465,1.2155089980558544,0.023299999999999998,,,,
427168,13349,16.950279235839844,8.699820518493652,8.169938087463379,0.06668215245008469,0.013837425969541073,-0.0028417352586984634,1.5051765441894531,-0.002645171945914626,0.7667996287345886,1.0290393829345703,1.0308154821395874,3.7729883193969727,-0.021265767514705658,3.755156993865967,1.2160420311834215,0.029,,,,
428768,13399,19.73207664489746,10.629379272460938,9.044469833374023,0.04421946406364441,0.014007708057761192,-0.00023035757476463914,1.480682611465454,-4.2437430238351226e-05,0.7135682106018066,1.060502052307129,1.0399909019470215,3.7578036785125732,-0.014109051786363125,3.7433433532714844,1.2165541853414858,0.0256,,,,
430368,13449,19.078535079956055,10.636205673217773,8.405730247497559,0.03547598794102669,0.001123453606851399,0.0018280695658177137,1.649186134338379,0.0019974922761321068,0.6616690754890442,1.0756717920303345,1.040758490562439,3.7358367443084717,-0.01196118351072073,3.7229971885681152,1.2170732644799895,0.0286,,,,
431968,13499,17.351726531982422,9.22972583770752,8.055609703063965,0.056807585060596466,0.009582346305251122,0.0014940373366698623,1.6439263820648193,0.0016636776272207499,0.6342655420303345,1.2367198467254639,1.2157723903656006,3.7294256687164307,-0.01229225005954504,3.717550039291382,1.2176007884609732,0.033100000000000004,,,,
433568,13549,17.730966567993164,9.470403671264648,8.18806266784668,0.05894177779555321,0.013559752143919468,-0.002493270207196474,1.4959765672683716,-0.0023123372811824083,0.7872903943061829,0.9548614621162415,0.9646058082580566,3.717634439468384,-0.013110346160829067,3.702674388885498,1.218101600607885,0.0243,,,,
435168,13599,18.76093292236328,10.442919731140137,8.270167350769043,0.042755722999572754,0.0050901989452540874,-0.0017711528344079852,1.4313240051269531,-0.0015900784637778997,0.7360443472862244,1.1652941703796387,1.161043405532837,3.7159805297851562,-0.012819611467421055,3.7047278881073,1.218626114591034,0.0305,,,,
436768,13649,15.748233795166016,8.271346092224121,7.43428897857666,0.03925762698054314,0.003340677823871374,-0.000273156474577263,1.5149056911468506,-7.832495612092316e-05,0.7541264295578003,0.8064014911651611,0.7945886254310608,3.7648332118988037,-0.020064882934093475,3.7468626499176025,1.2191221253370303,0.0235,,,,
438368,13699,19.06322479248047,10.598468780517578,8.411153793334961,0.046522356569767,0.007080178242176771,-0.00044037122279405594,1.6534347534179688,-0.0002552548248786479,0.6769096255302429,1.039965271949768,1.0209416151046753,3.771998882293701,-0.02212264947593212,3.7505054473876953,1.2196317971696962,0.0334,,,,
439968,13749,17.29681396484375,9.669267654418945,7.590525150299072,0.03545244038105011,0.0015705296536907554,4.021267523057759e-05,1.5962858200073242,0.00021883469889871776,0.7306855320930481,1.0930709838867188,1.063446283340454,3.8042337894439697,-0.020072733983397484,3.7870469093322754,1.2201510432155507,0.0256,,,,
441568,13799,16.5152530670166,8.911019325256348,7.571234703063965,0.030366213992238045,0.002632959745824337,-0.0018174868309870362,1.621671438217163,-0.0016347221098840237,0.7079945206642151,1.195115327835083,1.196743130683899,3.7926645278930664,-0.021390166133642197,3.772434711456299,1.220632026644505,0.0325,,,,
443168,13849,17.834888458251953,9.848478317260742,7.952996253967285,0.03185863047838211,0.0015548622468486428,-0.0011994850356131792,1.5719962120056152,-0.0010397472651675344,0.6207640171051025,1.0995551347732544,1.08961820602417,3.7365505695343018,-0.02146836742758751,3.7149932384490967,1.221139442956677,0.0297,,,,
444768,13899,17.332740783691406,9.765901565551758,7.522616386413574,0.040592875331640244,0.003631530562415719,-0.003940706606954336,1.5139567852020264,-0.003768343012779951,0.6312494874000549,0.9110516905784607,0.9391817450523376,3.7319419384002686,-0.01756318472325802,3.711395025253296,1.2216331185563436,0.03269999999999999,,,,
446368,13949,15.407302856445312,8.136764526367188,7.224085330963135,0.037480778992176056,0.008972915820777416,0.0010687313042581081,1.5944433212280273,0.0012311157770454884,0.6200903058052063,0.9866049885749817,0.9677886962890625,3.7421488761901855,-0.018520358949899673,3.7261884212493896,1.222124389403636,0.0375,,,,
447968,13999,18.6597957611084,10.21774673461914,8.387312889099121,0.04943615943193436,0.005298607982695103,0.0012390981428325176,1.6221550703048706,0.0014016602654010057,0.6294702887535095,1.1737723350524902,1.1444661617279053,3.7015223503112793,-0.016639016568660736,3.687533378601074,1.2226340520408423,0.033600000000000005,,,,
449568,14049,20.192562103271484,11.751134872436523,8.40991497039795,0.025295257568359375,0.006218632683157921,-0.0018424013396725059,1.621740460395813,-0.0016520482022315264,0.6942986249923706,0.868281900882721,0.8580345511436462,3.7187581062316895,-0.012795970775187016,3.697488784790039,1.2231232448033797,0.0319,,,,
451168,14099,15.247821807861328,7.911866664886475,7.304899215698242,0.028797199949622154,0.002258568536490202,0.0001326065103057772,1.6565182209014893,0.00027486326871439815,0.58958500623703,1.406962513923645,1.376691222190857,3.7199783325195312,-0.022175511345267296,3.702755928039551,1.2235990336799463,0.023100000000000002,,,,
452768,14149,21.668861389160156,12.481932640075684,9.108142852783203,0.06994691491127014,0.008839024230837822,-0.0008350871503353119,1.6543822288513184,-0.0006636852049268782,0.6560578346252441,1.208699345588684,1.2174286842346191,3.6952834129333496,-0.024402638897299767,3.672985553741455,1.2241087415448773,0.0295,,,,
454368,14199,18.080032348632812,9.841052055358887,8.196778297424316,0.03855745121836662,0.0036457846872508526,-0.0017473668558523059,1.5847713947296143,-0.001579718547873199,0.6121504306793213,1.093748927116394,1.0981628894805908,3.6994807720184326,-0.02298825979232788,3.6763880252838135,1.2245860393920098,0.024799999999999996,,,,
455968,14249,17.8836727142334,9.58426284790039,8.243993759155273,0.048190705478191376,0.007225045934319496,-0.0023403200320899487,1.5953915119171143,-0.0021541405003517866,0.6917585134506226,0.8545833230018616,0.8550711870193481,3.7291784286499023,-0.018460329622030258,3.7101495265960693,1.2250619520944748,0.0259,,,,
457568,14299,19.363422393798828,10.998748779296875,8.320613861083984,0.03817087784409523,0.005887171253561974,0.002081266138702631,1.7096900939941406,0.002268015407025814,0.6975768208503723,1.286635398864746,1.2808964252471924,3.6730971336364746,-0.02218621037900448,3.6552648544311523,1.2255419417165112,0.0376,,,,
459168,14349,21.23389434814453,12.254691123962402,8.927955627441406,0.046305302530527115,0.004942490253597498,0.0005953935324214399,1.6913704872131348,0.0007735495455563068,0.6545798182487488,0.8981878161430359,0.8777202367782593,3.669673442840576,-0.026481367647647858,3.6403636932373047,1.225994949361626,0.0338,,,,
460768,14399,16.993906021118164,8.379809379577637,8.559836387634277,0.04342801868915558,0.010832695290446281,-0.0027809548191726208,1.4537948369979858,-0.002573707839474082,0.7709642648696899,0.7643065452575684,0.7711107134819031,3.650104284286499,-0.02216743864119053,3.628962516784668,1.2264544888312996,0.0346,,,,
462368,14449,16.698633193969727,8.962105751037598,7.692296028137207,0.041583046317100525,0.0026491147000342607,0.0011889726156368852,1.6151493787765503,0.0013491410063579679,0.6563237905502319,0.8340085744857788,0.8035651445388794,3.6744093894958496,-0.01663798652589321,3.6554789543151855,1.226934340696296,0.03,,,,
463968,14499,17.456836700439453,9.99429702758789,7.4241132736206055,0.03361774608492851,0.004808735568076372,-0.006292081903666258,1.5412614345550537,-0.006110873073339462,0.7221676111221313,1.0315630435943604,1.05392587184906,3.6775479316711426,-0.01825495809316635,3.659717321395874,1.2273820036946788,0.0348,,,,
465568,14549,17.74449348449707,9.952619552612305,7.7605180740356445,0.028208212926983833,0.003146205795928836,-0.0005095612723380327,1.6428508758544922,-0.0003607513499446213,0.5848677158355713,0.8949841856956482,0.8931377530097961,3.6601691246032715,-0.018752189353108406,3.6407318115234375,1.2278580678339308,0.0211,,,,
467168,14599,16.29323959350586,9.069120407104492,7.172974109649658,0.04878174141049385,0.0023635125253349543,-0.0020130141638219357,1.454445481300354,-0.0018315279157832265,0.7446905970573425,1.158300518989563,1.1427028179168701,3.5795836448669434,-0.009735692292451859,3.574733018875122,1.2282952267018095,0.0256,,,,
468768,14649,19.619312286376953,11.7612886428833,7.815507888793945,0.0359908789396286,0.006522659678012133,-0.0006152049172669649,1.5518920421600342,-0.000400034012272954,0.7988408803939819,0.9341351985931396,0.9305405616760254,3.639829397201538,-0.016561182215809822,3.6249964237213135,1.2287574470490727,0.023,,,,
470368,14699,17.473520278930664,9.824752807617188,7.588400840759277,0.0439644530415535,0.01640092022716999,-0.0031907560769468546,1.6547589302062988,-0.0030175757128745317,0.6584209203720093,0.9156274199485779,0.9250733256340027,3.7311851978302,-0.02377808652818203,3.701855421066284,1.2292240828230372,0.019899999999999998,,,,
471968,14749,19.182878494262695,10.098552703857422,9.024362564086914,0.049770645797252655,0.010192167945206165,-0.0002954481460619718,1.4614017009735107,-7.306167390197515e-05,0.8166903853416443,0.7826036214828491,0.7744642496109009,3.6955010890960693,-0.022677676752209663,3.670186996459961,1.229657087793769,0.0275,,,,
473568,14799,15.12695598602295,8.068408012390137,7.017874240875244,0.0338442325592041,0.006829177029430866,-0.0013227027375251055,1.4330394268035889,-0.001057372079230845,0.9972729086875916,0.7847023010253906,0.7676119804382324,3.7019386291503906,-0.02544303797185421,3.6785316467285156,1.2300998643313994,0.031599999999999996,,,,
475168,14849,18.280122756958008,9.941926956176758,8.291271209716797,0.04159212112426758,0.005333269946277142,-0.003667630488052964,1.4896044731140137,-0.0034433926921337843,0.8723071813583374,1.0757945775985718,1.0785679817199707,3.7379298210144043,-0.027528395876288414,3.7169830799102783,1.2305475959813017,0.022600000000000002,,,,
476768,14899,20.70610237121582,12.46362590789795,8.194074630737305,0.045320264995098114,0.00308139156550169,0.001362630515359342,1.4895707368850708,0.0015852419892325997,0.8504113554954529,0.948692262172699,0.9299755096435547,3.7017955780029297,-0.027354737743735313,3.6740448474884033,1.2309801481599933,0.030699999999999998,,,,
478368,14949,16.28033447265625,8.512115478515625,7.729179382324219,0.03632389381527901,0.002716844202950597,-0.0007458612089976668,1.6897324323654175,-0.0005638895672746003,0.6660101413726807,1.4235016107559204,1.3952267169952393,3.6754329204559326,-0.033993080258369446,3.6453449726104736,1.2314302735361968,0.029299999999999996,,,,
479968,14999,16.20667839050293,9.543423652648926,6.627005577087402,0.03455371409654617,0.0016961388755589724,-0.004493186715990305,1.4425048828125,-0.0042989132925868034,0.7049189209938049,0.9823011159896851,1.0042426586151123,3.6339173316955566,-0.03596414998173714,3.598004102706909,1.2318196795626357,0.0219,,,,
481568,15049,16.441162109375,9.173935890197754,7.225055694580078,0.03681276738643646,0.005360054317861795,0.00248337141238153,1.5667953491210938,0.0026635988615453243,0.7535653114318848,1.114140272140503,1.0781350135803223,3.6050541400909424,-0.03658372536301613,3.5723659992218018,1.2120808943667782,0.039400000000000004,,,,
483168,15099,18.367887496948242,10.302608489990234,8.020078659057617,0.04215636104345322,0.0030432750936597586,0.0007958337664604187,1.6028119325637817,0.0009765989379957318,0.6941366195678711,1.135075330734253,1.0952216386795044,3.6129610538482666,-0.03833584114909172,3.5788912773132324,1.2125433370791903,0.0271,,,,
484768,15149,18.491586685180664,10.203487396240234,8.255263328552246,0.02978401817381382,0.003052299376577139,0.002615320263430476,1.6764447689056396,0.00280944537371397,0.7185772061347961,1.1647286415100098,1.141266107559204,3.6427955627441406,-0.030631840229034424,3.6170542240142822,1.2129654127312344,0.0357,,,,
486368,15199,15.783919334411621,8.58039379119873,7.161435604095459,0.040117692202329636,0.0019735880196094513,-0.0031498740427196026,1.5976985692977905,-0.0029726342763751745,0.6675700545310974,1.403566598892212,1.4018385410308838,3.686044216156006,-0.032662324607372284,3.6559510231018066,1.213418775688214,0.0318,,,,
487968,15249,17.108861923217773,9.98382568359375,7.088564395904541,0.03397349268198013,0.0024985147174447775,-0.0002283609937876463,1.4634253978729248,-7.063410885166377e-05,0.6560889482498169,1.1100971698760986,1.1013745069503784,3.7061731815338135,-0.03040333464741707,3.6782023906707764,1.2138533219256955,0.0345,,,,
489568,15299,17.183801651000977,9.206892967224121,7.940950393676758,0.03378055617213249,0.0021773253101855516,-0.003203261410817504,1.557781457901001,-0.003009919309988618,0.7311116456985474,1.1625213623046875,1.1703953742980957,3.7308006286621094,-0.03155175969004631,3.703155994415283,1.2142736677591264,0.031,,,,
491168,15349,14.821306228637695,8.08293342590332,6.676299571990967,0.05737682804465294,0.0046959915198385715,-0.0005637421272695065,1.6041321754455566,-0.0003826151369139552,0.7211697697639465,1.1606837511062622,1.1376862525939941,3.678354263305664,-0.02951892837882042,3.654168128967285,1.2147406065172361,0.028,,,,
492768,15399,15.436028480529785,8.78259563446045,6.618403434753418,0.03322917968034744,0.0018005832098424435,0.0003125696675851941,1.5795471668243408,0.000491308222990483,0.6382922530174255,1.2313809394836426,1.205042839050293,3.6276488304138184,-0.02610657922923565,3.604997396469116,1.2151664810610427,0.027800000000000005,,,,
494368,15449,18.18429946899414,9.53628921508789,8.60097885131836,0.03901396319270134,0.008016340434551239,0.002728561172261834,1.7263014316558838,0.002888892777264118,0.6378448009490967,1.5602530241012573,1.5138413906097412,3.7182400226593018,-0.03518672287464142,3.6890127658843994,1.2155897579607502,0.029200000000000004,,,,
495968,15499,14.928487777709961,7.809012413024902,7.063324928283691,0.04918062314391136,0.006969893351197243,0.0016908784164115787,1.6923078298568726,0.0018690226133912802,0.7079087495803833,0.7606292366981506,0.7234941124916077,3.643030881881714,-0.026431966572999954,3.6127138137817383,1.2160133230604127,0.0255,,,,
497568,15549,15.437437057495117,7.910555362701416,7.4891510009765625,0.035215746611356735,0.002516236389055848,0.00024398430832661688,1.6947541236877441,0.00038886957918293774,0.5403698086738586,1.2170859575271606,1.19547700881958,3.648916721343994,-0.024066710844635963,3.6228747367858887,1.2164224684410472,0.035699999999999996,,,,
499168,15599,16.28452491760254,9.4783353805542,6.755318641662598,0.04353705421090126,0.0073335482738912106,-0.0010655245278030634,1.519911527633667,-0.0007954048924148083,0.9893506169319153,1.0235886573791504,0.9997036457061768,3.6353485584259033,-0.028460657224059105,3.6104788780212402,1.2168529151578662,0.0405,,,,
500768,15649,18.92149543762207,10.984373092651367,7.889320373535156,0.03766492009162903,0.01013734471052885,-0.004183067008852959,1.487949252128601,-0.003988062031567097,0.7456628084182739,0.8876931667327881,0.8948222398757935,3.6464340686798096,-0.02344539202749729,3.6231887340545654,1.217271661500743,0.029900000000000003,,,,
502368,15699,15.880666732788086,8.149538040161133,7.6700334548950195,0.04587225615978241,0.015222825109958649,-0.0023759533651173115,1.597599744796753,-0.0022474981378763914,0.4969369173049927,1.203348994255066,1.1981254816055298,3.7062742710113525,-0.03329584002494812,3.6727941036224365,1.2176885791496657,0.0248,,,,
503968,15749,19.716930389404297,10.591146469116211,9.071879386901855,0.04631122946739197,0.007595404051244259,0.002867031143978238,1.608400583267212,0.0030582365579903126,0.71400386095047,1.2063056230545044,1.1659340858459473,3.6992616653442383,-0.03248961642384529,3.669433116912842,1.2181141539913345,0.0221,,,,
505568,15799,16.731754302978516,8.402658462524414,8.281449317932129,0.044828612357378006,0.0028165096882730722,-0.0014499378157779574,1.4821505546569824,-0.001296166330575943,0.681757926940918,0.9931809306144714,0.9986428022384644,3.66475248336792,-0.025360748171806335,3.644512414932251,1.2185371059519752,0.033299999999999996,,,,
507168,15849,17.556432723999023,9.735393524169922,7.7769365310668945,0.04198439419269562,0.002118992153555155,0.0018870662897825241,1.6501202583312988,0.002101246267557144,0.7857770919799805,0.7355455160140991,0.7151390314102173,3.6069655418395996,-0.018946930766105652,3.5811262130737305,1.2189294212485158,0.0172,,,,
508768,15899,15.284496307373047,8.20259952545166,7.047240734100342,0.029894748702645302,0.004761660937219858,0.00011661856842692941,1.647143006324768,0.0003130636177957058,0.725149929523468,0.8661491274833679,0.8372744917869568,3.652714729309082,-0.027264809235930443,3.6237070560455322,1.2193309895122788,0.0247,,,,
510368,15949,15.601160049438477,8.098318099975586,7.462807655334473,0.038701724261045456,0.00133266462944448,-0.002460455521941185,1.6169335842132568,-0.002260972512885928,0.71368408203125,0.9888517260551453,0.9871654510498047,3.7302701473236084,-0.037474289536476135,3.692307233810425,1.2197195373190204,0.0325,,,,
511968,15999,18.336801528930664,9.088217735290527,9.20340633392334,0.04243391752243042,0.002743673976510763,-0.0003029510844498873,1.498576283454895,-2.940709237009287e-05,0.9871194958686829,0.835724949836731,0.8246424794197083,3.7243316173553467,-0.032796818763017654,3.6836793422698975,1.2201238935988052,0.027600000000000003,,,,
513568,16049,16.0821533203125,8.51138973236084,7.517477512359619,0.04857061803340912,0.004714053124189377,0.000546521507203579,1.5591422319412231,0.0007345051853917539,0.6899183392524719,0.9054688215255737,0.8862271904945374,3.741236686706543,-0.03228161484003067,3.707818031311035,1.2205398984762363,0.032900000000000006,,,,
515168,16099,19.411407470703125,11.194095611572266,8.176680564880371,0.03814733773469925,0.002484205411747098,-0.0014950353652238846,1.5372240543365479,-0.0013254404766485095,0.6449408531188965,1.268774390220642,1.27091383934021,3.7599542140960693,-0.02977733686566353,3.73211669921875,1.2209245307341174,0.0361,,,,
516768,16149,18.14448356628418,10.256814002990723,7.8192620277404785,0.06522025167942047,0.003188126487657428,-0.0016827586805447936,1.6573646068572998,-0.001523046987131238,0.6051896810531616,1.0922036170959473,1.0781772136688232,3.746319532394409,-0.02928769774734974,3.7227561473846436,1.2213482329494927,0.029500000000000002,,,,
518368,16199,16.844812393188477,9.167671203613281,7.650618553161621,0.02551150880753994,0.0010113258613273501,-0.0019754008390009403,1.5817878246307373,-0.0018213531002402306,0.5620826482772827,1.0971875190734863,1.0970478057861328,3.6786608695983887,-0.029811285436153412,3.64860200881958,1.2217408780910426,0.027699999999999995,,,,
519968,16249,16.756650924682617,9.095664978027344,7.613183975219727,0.04282686859369278,0.004975240211933851,0.0006399209378287196,1.6921402215957642,0.0008040822576731443,0.6510587334632874,1.3101087808609009,1.2739986181259155,3.6439931392669678,-0.02840522676706314,3.6197867393493652,1.2221368966250177,0.0332,,,,
521568,16299,16.93216896057129,10.051400184631348,6.838705539703369,0.04143943265080452,0.0006230783765204251,-0.002010834403336048,1.5618908405303955,-0.001831474364735186,0.671790599822998,1.3039250373840332,1.2974876165390015,3.724428415298462,-0.024056337773799896,3.7010035514831543,1.2225435006011547,0.032299999999999995,,,,
523168,16349,17.838993072509766,10.448437690734863,7.33638334274292,0.04664883017539978,0.007523810490965843,0.002074128482490778,1.6522467136383057,0.0022715635132044554,0.712006688117981,1.075702428817749,1.0543830394744873,3.7408344745635986,-0.025367746129631996,3.7171826362609863,1.222936254387243,0.0356,,,,
524768,16399,15.600557327270508,8.351408958435059,7.222936630249023,0.024240488186478615,0.001971154473721981,-0.0017818874912336469,1.6211546659469604,-0.001621132716536522,0.580057680606842,1.3579087257385254,1.3390767574310303,3.6923987865448,-0.02646147459745407,3.6705949306488037,1.2233056824915565,0.035,,,,
526368,16449,16.19845199584961,8.225027084350586,7.937230110168457,0.0344218984246254,0.0017718052258715034,-0.0014742477796971798,1.6197104454040527,-0.001336498185992241,0.510259747505188,1.2242376804351807,1.231233835220337,3.740095615386963,-0.027942843735218048,3.712343215942383,1.2236876337620144,0.0277,,,,
527968,16499,18.938438415527344,10.453977584838867,8.447983741760254,0.03569290041923523,0.000783464580308646,0.0003525962238200009,1.5721588134765625,0.0005349781713448465,0.660363495349884,1.1559441089630127,1.1317881345748901,3.5978736877441406,-0.030193286016583443,3.5674688816070557,1.224054381501076,0.0345,,,,
529568,16549,18.52703094482422,9.785694122314453,8.700395584106445,0.037964217364788055,0.0029782780911773443,-0.0022536180913448334,1.4534566402435303,-0.002047393936663866,0.7791695594787598,0.83278489112854,0.8417798280715942,3.6302590370178223,-0.027885956689715385,3.6052911281585693,1.2244354718216106,0.0335,,,,
531168,16599,17.59160041809082,10.154951095581055,7.385754585266113,0.04765584319829941,0.0032388088293373585,0.0007402063347399235,1.5700972080230713,0.0009042520541697741,0.6219119429588318,0.8628987073898315,0.8394720554351807,3.6907126903533936,-0.017391035333275795,3.6766550540924072,1.2248255658530742,0.0327,,,,
532768,16649,16.501266479492188,8.840963363647461,7.6190338134765625,0.03703147917985916,0.0042384532280266285,1.4037766959518194e-05,1.4296557903289795,0.00020939840760547668,0.7396813035011292,0.6052390336990356,0.6061649322509766,3.8011176586151123,-0.025731470435857773,3.768620252609253,1.2251950305691703,0.028700000000000003,,,,
534368,16699,16.941064834594727,9.252432823181152,7.648052215576172,0.039786580950021744,0.0007911512511782348,0.0022504390217363834,1.7621071338653564,0.0023697479628026485,0.4512285590171814,1.3549407720565796,1.3091219663619995,3.722325563430786,-0.020852237939834595,3.7047085762023926,1.2255847053080557,0.0322,,,,
535968,16749,16.357086181640625,8.566634178161621,7.736378192901611,0.04946991428732872,0.004604885820299387,8.649182564113289e-05,1.5662086009979248,0.0002893187047448009,0.7650289535522461,1.2661923170089722,1.2594612836837769,3.6975557804107666,-0.017709149047732353,3.6852245330810547,1.2259757224585985,0.026600000000000002,,,,
537568,16799,16.149049758911133,8.18753433227539,7.926303386688232,0.03197220712900162,0.003237821627408266,-0.00041295899427495897,1.4400992393493652,-0.00018572641420178115,0.9039521217346191,0.844196617603302,0.8344084024429321,3.8127341270446777,-0.024545816704630852,3.7821202278137207,1.2263440639977832,0.0252,,,,
539168,16849,17.336305618286133,9.54512882232666,7.745931148529053,0.0415663979947567,0.0036796284839510918,0.002742766635492444,1.5241477489471436,0.0029516026843339205,0.7956397533416748,0.9599143266677856,0.9344898462295532,3.7887704372406006,-0.02727949060499668,3.7598414421081543,1.2267227454082583,0.0285,,,,
540768,16899,17.769290924072266,9.551369667053223,8.177998542785645,0.03798559308052063,0.0019386758795008063,-0.0021223502699285746,1.4760243892669678,-0.0018890044884756207,0.8338235020637512,0.9750576019287109,0.9951791763305664,3.85652232170105,-0.0238114595413208,3.832296133041382,1.22707673114252,0.028599999999999997,,,,
542368,16949,18.380956649780273,10.055886268615723,8.277776718139648,0.04155540466308594,0.00573690515011549,-0.0005367412231862545,1.6314587593078613,-0.00034750031773000956,0.7017006874084473,0.757044792175293,0.7449051737785339,3.778114080429077,-0.03129851818084717,3.7389299869537354,1.2274478231238322,0.034,,,,
543968,16999,17.723142623901367,9.95591926574707,7.721000671386719,0.04336543008685112,0.002857274143025279,0.00039776560151949525,1.569227695465088,0.0006171208224259317,0.8523093461990356,1.0115185976028442,1.0045435428619385,3.844637632369995,-0.036710258573293686,3.8068244457244873,1.2278239585117106,0.0304,,,,
545568,17049,15.749359130859375,7.820188045501709,7.88539981842041,0.04127246513962746,0.002499562921002507,-0.0005028285086154938,1.6069679260253906,-0.0003092406550422311,0.7077734470367432,1.031826138496399,1.022455096244812,3.834900140762329,-0.029245227575302124,3.8024284839630127,1.2281756904369296,0.032299999999999995,,,,
547168,17099,17.179357528686523,9.192649841308594,7.926041126251221,0.05054405704140663,0.010122698731720448,-0.0012049736687913537,1.5162317752838135,-0.0010018335888162255,0.7699375748634338,0.9632084369659424,0.9595292806625366,3.7923672199249268,-0.02682833932340145,3.767390012741089,1.2285539967749892,0.029299999999999996,,,,
548768,17149,20.295995712280273,11.37319278717041,8.876321792602539,0.041926607489585876,0.0045519135892391205,-0.0019236861262470484,1.7496145963668823,-0.0017810675781220198,0.5026984214782715,1.238518476486206,1.2232478857040405,3.782733201980591,-0.027653057128190994,3.7540037631988525,1.228921834287296,0.0289,,,,
550368,17199,17.73727035522461,9.605829238891602,8.076508522033691,0.046525221318006516,0.008405948989093304,-0.001970379613339901,1.6060434579849243,-0.0017968642059713602,0.6643572449684143,1.451791524887085,1.452060580253601,3.7362301349639893,-0.027096299454569817,3.714653730392456,1.229278576530953,0.027399999999999997,,,,
551968,17249,16.349651336669922,8.375962257385254,7.9158735275268555,0.051708463579416275,0.006106809712946415,0.00046913643018342555,1.537367582321167,0.0006739089149050415,0.7307823896408081,0.8033701181411743,0.7965575456619263,3.6744420528411865,-0.025495141744613647,3.6436078548431396,1.2296321360057356,0.0296,,,,
553568,17299,18.979543685913086,10.358606338500977,8.585284233093262,0.03513810783624649,0.0005175393889658153,0.0016311007784679532,1.5240662097930908,0.001829902408644557,0.8351567387580872,0.9514235258102417,0.9309965372085571,3.711008310317993,-0.030104223638772964,3.6789016723632812,1.2299926501824692,0.025700000000000004,,,,
555168,17349,15.765987396240234,7.460180282592773,8.262332916259766,0.034968726336956024,0.008505609817802906,-9.504232730250806e-05,1.5692048072814941,0.00010757458221632987,0.7477346658706665,0.968377411365509,0.9402770400047302,3.6581671237945557,-0.028004469349980354,3.6314871311187744,1.2303218465679473,0.037700000000000004,,,,
556768,17399,17.1010799407959,9.314007759094238,7.741824626922607,0.04143701493740082,0.0038116166833788157,-0.0005184785695746541,1.5106825828552246,-0.0003092842816840857,0.770578145980835,0.8556950092315674,0.8335071206092834,3.6997201442718506,-0.019736604765057564,3.6773223876953125,1.2306816518637234,0.031799999999999995,,,,
558368,17449,15.7371244430542,8.177884101867676,7.518534183502197,0.03769104927778244,0.0030148206278681755,0.0006933595286682248,1.6892261505126953,0.0008752279100008309,0.6477545499801636,1.1024341583251953,1.0904645919799805,3.695394992828369,-0.02318183332681656,3.6736550331115723,1.231004073442814,0.029700000000000004,,,,
559968,17499,15.704911231994629,8.239212989807129,7.423027515411377,0.03654827922582626,0.006121790502220392,0.00029927000286988914,1.5929710865020752,0.0004700378340203315,0.6615278720855713,0.7735851407051086,0.7509744167327881,3.6803414821624756,-0.017861129716038704,3.6592304706573486,1.2313473459671378,0.030899999999999997,,,,
561568,17549,16.089500427246094,8.514257431030273,7.537393093109131,0.03467166796326637,0.003177149221301079,-0.001152033801190555,1.5370514392852783,-0.0009604421793483198,0.7990854978561401,1.0226317644119263,1.0196876525878906,3.6386141777038574,-0.01769353449344635,3.622866153717041,1.2125466951735515,0.04019999999999999,,,,
563168,17599,16.88804817199707,9.228886604309082,7.585705280303955,0.0626705065369606,0.010786553844809532,-0.0013280672719702125,1.4896650314331055,-0.0011549096088856459,0.6656362414360046,0.9552431702613831,0.9496511220932007,3.638728618621826,-0.015476703643798828,3.62308931350708,1.212890418507428,0.0172,,,,
564768,17649,17.654136657714844,8.962318420410156,8.65326976776123,0.03374892473220825,0.004799645859748125,0.0001345933706033975,1.5038459300994873,0.0003429497010074556,0.758399486541748,1.341788411140442,1.321158528327942,3.6768078804016113,-0.0267188623547554,3.6522958278656006,1.2132332788932063,0.0375,,,,
566368,17699,18.7816104888916,10.245136260986328,8.497533798217773,0.036816857755184174,0.00212196190841496,0.0003577733878046274,1.4004571437835693,0.0005737535539083183,0.8443098068237305,0.5090408325195312,0.4942219853401184,3.6563045978546143,-0.025950372219085693,3.6181247234344482,1.2135618101744785,0.032100000000000004,,,,
567968,17749,16.785015106201172,8.998357772827148,7.735913276672363,0.04792407155036926,0.002818687818944454,-0.00042866007424890995,1.5631439685821533,-0.00022879427706357092,0.7098991870880127,0.6338430643081665,0.6182841658592224,3.6137611865997314,-0.025266507640480995,3.58233904838562,1.2138921679655212,0.028300000000000002,,,,
569568,17799,14.152911186218262,7.388796329498291,6.715930938720703,0.040647223591804504,0.007536953315138817,0.0012054933467879891,1.5339552164077759,0.0014031348982825875,0.7780860066413879,0.7150677442550659,0.6937101483345032,3.606016159057617,-0.021837616339325905,3.577465295791626,1.2142211560961647,0.030100000000000002,,,,
571168,17849,16.868799209594727,9.247030258178711,7.576116561889648,0.040621910244226456,0.005029070191085339,0.0012136960867792368,1.6675333976745605,0.00139336078427732,0.7107155919075012,0.7808812856674194,0.7627730965614319,3.661123275756836,-0.019243428483605385,3.6419687271118164,1.2145229995791618,0.037700000000000004,,,,
572768,17899,16.993839263916016,9.156208038330078,7.787482261657715,0.04262760281562805,0.007520270999521017,-0.0021647000685334206,1.554591417312622,-0.0019624815322458744,0.7726776599884033,0.6991950273513794,0.6940104365348816,3.696608543395996,-0.011951758526265621,3.6785998344421387,1.214844781173721,0.0275,,,,
574368,17949,16.12897300720215,7.772130966186523,8.317830085754395,0.03622235357761383,0.002787661040201783,0.00014897703658789396,1.5012869834899902,0.00036650485708378255,0.8276119232177734,0.8371926546096802,0.8348191380500793,3.6497108936309814,-0.011390003375709057,3.6341025829315186,1.215157611365907,0.0295,,,,
575968,17999,14.730709075927734,7.9139533042907715,6.764551639556885,0.04413092881441116,0.008072691969573498,-0.0022114969324320555,1.5263595581054688,-0.0020466160494834185,0.6328185796737671,0.6159027218818665,0.6287447214126587,3.6329569816589355,-0.008247300051152706,3.6189117431640625,1.2154780716781486,0.029599999999999998,,,,
577568,18049,16.834880828857422,9.234769821166992,7.550353050231934,0.041860856115818024,0.007898642681539059,-0.0015605207299813628,1.5249497890472412,-0.0013679126277565956,0.7456375956535339,1.138887643814087,1.1323156356811523,3.7048168182373047,-0.013749806210398674,3.6934680938720703,1.215816712240516,0.0253,,,,
579168,18099,15.217357635498047,7.941256046295166,7.223059177398682,0.05063895881175995,0.002403160324320197,0.00038403726648539305,1.7016518115997314,0.00053483183728531,0.558445155620575,1.3325453996658325,1.304410696029663,3.6585891246795654,-0.02242068573832512,3.640289068222046,1.2161347111750789,0.0314,,,,
580768,18149,17.272470474243164,9.5134859085083,7.715057373046875,0.03455626964569092,0.00937348697334528,0.00038976265932433307,1.553594946861267,0.0005753225414082408,0.7945733070373535,1.1474324464797974,1.1169817447662354,3.653935194015503,-0.025514811277389526,3.6367006301879883,1.2164327323208428,0.029300000000000003,,,,
582368,18199,16.29692268371582,8.717825889587402,7.521696090698242,0.05097178742289543,0.006429679226130247,-0.002004343783482909,1.522751808166504,-0.001806681859306991,0.7562634944915771,1.1914958953857422,1.1804134845733643,3.614781379699707,-0.0222691111266613,3.597228765487671,1.2167518796174326,0.033400000000000006,,,,
583968,18249,17.699363708496094,9.908764839172363,7.748974323272705,0.039949748665094376,0.0016743812011554837,-0.0030276700854301453,1.407005786895752,-0.002786175347864628,0.8912867903709412,0.727493166923523,0.7372835278511047,3.669590950012207,-0.01982513815164566,3.640916585922241,1.2170590330516173,0.025,,,,
585568,18299,18.37554931640625,10.452653884887695,7.874140739440918,0.04499167203903198,0.003764034016057849,-0.0009363933349959552,1.6485810279846191,-0.0007329650688916445,0.767014741897583,0.8996716141700745,0.8867803812026978,3.5397231578826904,-0.01812787540256977,3.5201878547668457,1.2173633561948276,0.0235,,,,
587168,18349,15.747499465942383,8.001628875732422,7.702311038970947,0.038368504494428635,0.005191633943468332,-0.0009486747439950705,1.472551703453064,-0.0007276714313775301,0.8477766513824463,1.1142674684524536,1.0933632850646973,3.6281375885009766,-0.02512034960091114,3.605898141860962,1.2176592040099485,0.0223,,,,
588768,18399,15.534734725952148,7.975799560546875,7.516470909118652,0.038796164095401764,0.0036678840406239033,-5.6085409596562386e-06,1.5350801944732666,0.0002124516322510317,0.811109721660614,0.8790955543518066,0.87379390001297,3.653045177459717,-0.03024839237332344,3.624720811843872,1.217981091039679,0.0355,,,,
590368,18449,18.08106231689453,9.83594799041748,8.198537826538086,0.03918565809726715,0.0073917824774980545,-0.0027320741210132837,1.5727612972259521,-0.002520025707781315,0.8437580466270447,0.9588660001754761,0.9576569199562073,3.626213312149048,-0.026584358885884285,3.601844072341919,1.2182965939831714,0.0252,,,,
591968,18499,17.071807861328125,9.576481819152832,7.440180778503418,0.05098232626914978,0.004164234269410372,0.0003226981498301029,1.554931402206421,0.00052553293062374,0.8350985050201416,0.6930954456329346,0.6704805493354797,3.610884428024292,-0.025827953591942787,3.5803334712982178,1.218571167474019,0.0316,,,,
593568,18549,16.535890579223633,8.884886741638184,7.605960369110107,0.04209202527999878,0.002952767303213477,-0.0014120542909950018,1.5453777313232422,-0.0012359048705548048,0.6815655827522278,1.0802115201950073,1.0926648378372192,3.6716244220733643,-0.02359585650265217,3.6474876403808594,1.2188799795538365,0.024399999999999998,,,,
595168,18599,16.07729721069336,8.881223678588867,7.162288665771484,0.02962818741798401,0.004156356677412987,0.0008545301971025765,1.6921155452728271,0.0010412917472422123,0.6727166175842285,0.8947643041610718,0.8567705750465393,3.6963231563568115,-0.02521083503961563,3.666055917739868,1.2191842533514963,0.0356,,,,
596768,18649,16.848407745361328,9.142730712890625,7.661028861999512,0.03405950218439102,0.010587473399937153,0.000558231258764863,1.4777309894561768,0.0007819400634616613,0.8676922917366028,0.9287256002426147,0.9005663394927979,3.6338512897491455,-0.017262699082493782,3.618769407272339,1.2194937019760603,0.030999999999999996,,,,
598368,18699,16.44237518310547,8.96271800994873,7.434844017028809,0.0426575243473053,0.002155127702280879,-0.0019689295440912247,1.5052241086959839,-0.0017631805967539549,0.7735838890075684,0.8503820896148682,0.8527355194091797,3.6693694591522217,-0.01861431449651718,3.6511147022247314,1.2197901299738294,0.0355,,,,
599968,18749,18.731246948242188,10.300294876098633,8.368767738342285,0.059640973806381226,0.00254339468665421,-0.0009479911532253027,1.5275747776031494,-0.0007657119422219694,0.7545871138572693,1.3019013404846191,1.3006930351257324,3.6763155460357666,-0.021007806062698364,3.6605873107910156,1.2200577050712873,0.032900000000000006,,,,
601568,18799,16.63425636291504,8.996353149414062,7.6016716957092285,0.029776163399219513,0.0064556836150586605,-0.000912494957447052,1.5013988018035889,-0.0007215862278826535,0.6907649040222168,0.9113409519195557,0.8968715667724609,3.677252769470215,-0.02883327566087246,3.645622730255127,1.220351899095859,0.037,,,,
603168,18849,17.076555252075195,8.358336448669434,8.666158676147461,0.04894547909498215,0.0031151198782026768,-0.00140303373336792,1.6164650917053223,-0.001227611443027854,0.6613457202911377,1.0590813159942627,1.043548822402954,3.670619010925293,-0.021813994273543358,3.651160717010498,1.2206331335366367,0.031599999999999996,,,,
604768,18899,16.043155670166016,8.075834274291992,7.904284477233887,0.0536695197224617,0.009366651065647602,0.001788277761079371,1.6613693237304688,0.0019497440662235022,0.571351170539856,0.8705007433891296,0.8369129300117493,3.645954132080078,-0.02239656075835228,3.6208276748657227,1.2209105653300723,0.039700000000000006,,,,
606368,18949,20.093595504760742,11.444817543029785,8.585753440856934,0.05025415122509003,0.01277039386332035,-0.0009308145381510258,1.4913333654403687,-0.0007106411503627896,0.8697386980056763,0.6802034378051758,0.6785957217216492,3.6352148056030273,-0.029176509007811546,3.6014368534088135,1.2212016710378595,0.032799999999999996,,,,
607968,18999,16.233232498168945,8.257068634033203,7.909030914306641,0.05524338036775589,0.01188988983631134,-0.0014788068365305662,1.5110447406768799,-0.0012880375143140554,0.7459158897399902,1.0229908227920532,1.0263608694076538,3.6021127700805664,-0.02666713111102581,3.57572603225708,1.2215078149713974,0.0305,,,,
609568,19049,18.31050682067871,10.24898910522461,7.995247840881348,0.05959983542561531,0.006672787480056286,-0.0014604125171899796,1.4773683547973633,-0.00120354734826833,0.9040142297744751,0.7966880202293396,0.7877359390258789,3.5781259536743164,-0.018661148846149445,3.5597569942474365,1.221774352404636,0.022,,,,
611168,19099,14.976261138916016,7.745763778686523,7.1823577880859375,0.04448343440890312,0.0036563307512551546,-0.0015180188929662108,1.4996657371520996,-0.0013136090710759163,0.7535201907157898,0.9278156161308289,0.9165217876434326,3.6264050006866455,-0.022301096469163895,3.605588436126709,1.222051574162015,0.0284,,,,
612768,19149,16.673051834106445,9.137713432312012,7.468926429748535,0.0440918393433094,0.022319510579109192,-0.0031418083235621452,1.5204254388809204,-0.0028818969149142504,0.9137259125709534,0.9303951263427734,0.9268386363983154,3.646301031112671,-0.01856383867561817,3.628809928894043,1.2223451245148096,0.037700000000000004,,,,
614368,19199,13.61087703704834,6.985685348510742,6.571959018707275,0.048331987112760544,0.004900983534753323,0.0004946888075210154,1.634812593460083,0.0006567710661329329,0.6106061339378357,1.164454460144043,1.139814019203186,3.632786989212036,-0.023474572226405144,3.6091253757476807,1.2226237322706646,0.0341,,,,
615968,19249,15.380178451538086,8.378527641296387,6.946516990661621,0.05262760818004608,0.002506402786821127,0.0008461860124953091,1.5131280422210693,0.0010732485679909587,0.890449047088623,1.0664584636688232,1.03810715675354,3.6649234294891357,-0.023460861295461655,3.6446218490600586,1.222913417425328,0.027399999999999997,,,,
617568,19299,17.159072875976562,9.882341384887695,7.226277828216553,0.04295756667852402,0.0074950773268938065,0.0016889293910935521,1.6381804943084717,0.0018698446219787002,0.6508487462997437,1.0189443826675415,0.9804790019989014,3.6856236457824707,-0.01673305220901966,3.6682851314544678,1.2232061633105982,0.0249,,,,
619168,19349,15.8936128616333,7.917781352996826,7.929816246032715,0.041406720876693726,0.004609363153576851,0.0013991650193929672,1.4468507766723633,0.001611117972061038,0.8068404793739319,0.666854202747345,0.6438590884208679,3.6059587001800537,-0.018556904047727585,3.5876917839050293,1.2234990760316886,0.0255,,,,
620768,19399,17.601598739624023,9.505358695983887,8.060173034667969,0.03563161939382553,0.00043530130642466247,0.0002522178692743182,1.5865362882614136,0.000424662051955238,0.6411342024803162,0.7197004556655884,0.7059699296951294,3.5975208282470703,-0.011232445016503334,3.5784075260162354,1.2237918920983615,0.0345,,,,
622368,19449,17.072240829467773,9.33953857421875,7.693103790283203,0.03752528876066208,0.002072911011055112,-0.0005122580332681537,1.6329138278961182,-0.0003166458918713033,0.7026285529136658,1.0495706796646118,1.039572834968567,3.702705144882202,-0.010731698013842106,3.692608118057251,1.2240514129218185,0.033400000000000006,,,,
623968,19499,20.118288040161133,11.94954776763916,8.124622344970703,0.042958781123161316,0.001160346670076251,0.002195555018261075,1.6205716133117676,0.002380272839218378,0.7892267107963562,1.183132290840149,1.1380101442337036,3.7190074920654297,-0.01221853494644165,3.711869478225708,1.2243264516782313,0.03269999999999999,,,,
625568,19549,19.98760223388672,11.597538948059082,8.34835433959961,0.03753127530217171,0.0041786544024944305,0.0005211287643760443,1.475172996520996,0.0007210280746221542,0.7323738932609558,0.9571434855461121,0.9591553211212158,3.7587616443634033,-0.011542344465851784,3.747734546661377,1.2245876625118897,0.0296,,,,
627168,19599,16.81251335144043,9.430804252624512,7.3026227951049805,0.06754036992788315,0.011546049267053604,-0.000628140231128782,1.5211304426193237,-0.00042901310371235013,0.7654839754104614,1.0534355640411377,1.0440049171447754,3.7078912258148193,-0.009165545925498009,3.6960885524749756,1.2248408299607305,0.028399999999999998,,,,
628768,19649,16.597631454467773,8.663553237915039,7.887413024902344,0.037864625453948975,0.008800082840025425,0.001412931364029646,1.5765050649642944,0.001622721552848816,0.7852821350097656,1.2963333129882812,1.2583330869674683,3.714655876159668,-0.005949588026851416,3.7164254188537598,1.2251365567640797,0.0251,,,,
630368,19699,19.154987335205078,10.167900085449219,8.934913635253906,0.050351791083812714,0.0018217123579233885,-0.0022511070128530264,1.505510687828064,-0.00205664592795074,0.735231876373291,0.9525643587112427,0.977837085723877,3.728726863861084,-0.008607365190982819,3.7173116207122803,1.2254105221618057,0.030600000000000002,,,,
631968,19749,15.171952247619629,8.451674461364746,6.658865451812744,0.04940537363290787,0.012006846256554127,-0.0018612508429214358,1.7113856077194214,-0.0016874494031071663,0.623561680316925,1.1548607349395752,1.1397590637207031,3.71407413482666,-0.00743784150108695,3.7066245079040527,1.2257012138760368,0.0224,,,,
633568,19799,15.801702499389648,8.118316650390625,7.638500213623047,0.04044657200574875,0.004439736716449261,0.002381739905104041,1.6009035110473633,0.0025499556213617325,0.6504268646240234,1.031278133392334,0.9858514070510864,3.7115955352783203,-0.010315525345504284,3.703707456588745,1.2259740154853025,0.0266,,,,
635168,19849,17.0396785736084,8.860017776489258,8.138676643371582,0.03883841633796692,0.0021433986257761717,-0.0002650288224685937,1.737313985824585,-8.183989848475903e-05,0.664927065372467,0.9149739146232605,0.8847652077674866,3.702066421508789,-0.01609303057193756,3.681015968322754,1.2262309979063644,0.0355,,,,
636768,19899,17.203289031982422,8.770404815673828,8.381425857543945,0.04503921419382095,0.006417460273951292,-0.0010789474472403526,1.5011162757873535,-0.0009212207514792681,0.6540054082870483,1.4078984260559082,1.407299518585205,3.629913568496704,-0.016021130606532097,3.6232528686523438,1.2264952475343265,0.0427,,,,
638368,19949,16.423776626586914,8.32198429107666,8.067991256713867,0.028058938682079315,0.005740853026509285,-0.0002082710707327351,1.4789142608642578,-5.985915777273476e-06,0.7356991171836853,1.1000864505767822,1.0914883613586426,3.6690473556518555,-0.012996391393244267,3.657249689102173,1.226772360571248,0.0292,,,,
639968,19999,17.19662857055664,8.987064361572266,8.175946235656738,0.03078988566994667,0.002828362165018916,-0.0019494644366204739,1.6379194259643555,-0.0017837481573224068,0.6419052481651306,1.0441844463348389,1.0442981719970703,3.7343199253082275,-0.013714423403143883,3.721372127532959,1.2270092189521555,0.0325,,,,
641568,20049,15.18138599395752,8.09113883972168,7.040304183959961,0.03758426383137703,0.012358355335891247,-0.0007028227555565536,1.405193567276001,-0.0004583045665640384,0.9300365447998047,0.8056764602661133,0.7884224653244019,3.6367766857147217,-0.02264981158077717,3.617175817489624,1.210991863213333,0.025200000000000004,,,,
643168,20099,16.0284481048584,9.120769500732422,6.875003337860107,0.03083384782075882,0.0018412949284538627,-0.0024807658046483994,1.4971387386322021,-0.0022830222733318806,0.7029823660850525,0.7500472068786621,0.7574582695960999,3.661379814147949,-0.021692806854844093,3.635786294937134,1.2113499524640174,0.0365,,,,
644768,20149,16.217309951782227,8.650344848632812,7.528899192810059,0.032392967492341995,0.005672525614500046,0.00022137480846140534,1.5075371265411377,0.00041606166632846,0.7201608419418335,0.842477560043335,0.8233445286750793,3.637586832046509,-0.022751430049538612,3.61596417427063,1.2117156023355082,0.0367,,,,
646368,20199,16.38834571838379,8.633742332458496,7.704663276672363,0.04760698229074478,0.0023322771303355694,-0.0005243829800747335,1.567751407623291,-0.0003229993744753301,0.726068377494812,0.6692321300506592,0.6610065698623657,3.7401793003082275,-0.019495448097586632,3.7079408168792725,1.2120841134538056,0.0322,,,,
647968,20249,15.162459373474121,7.70738410949707,7.407844543457031,0.03961522504687309,0.007614866364747286,-0.0015930410008877516,1.6035104990005493,-0.0013901232741773129,0.7596420049667358,1.006281852722168,1.0153324604034424,3.617804527282715,-0.01494312658905983,3.600968599319458,1.2124632029012574,0.0259,,,,
649568,20299,17.20982551574707,9.200884819030762,7.975690841674805,0.031088262796401978,0.002163870492950082,0.00036550674121826887,1.593472957611084,0.0005452527548186481,0.7134057283401489,0.9784018397331238,0.9661486744880676,3.7505316734313965,-0.013590254820883274,3.7371370792388916,1.2128251970685608,0.0319,,,,
651168,20349,16.396638870239258,8.946911811828613,7.396674633026123,0.04907897859811783,0.003972971811890602,-0.0016397347208112478,1.5172195434570312,-0.001441584317944944,0.7052391767501831,0.7485469579696655,0.7455441951751709,3.7009942531585693,-0.0208122581243515,3.6755404472351074,1.2132019429967795,0.0319,,,,
652768,20399,17.90114402770996,10.047259330749512,7.794722557067871,0.05136799439787865,0.007792968302965164,-0.0010143474210053682,1.4534835815429688,-0.0008116242242977023,0.7682874202728271,0.9192599058151245,0.9176405668258667,3.6616508960723877,-0.02074478566646576,3.642235279083252,1.213579500553148,0.0261,,,,
654368,20449,17.500591278076172,8.946224212646484,8.493751525878906,0.05143965780735016,0.009176294319331646,-0.00042363913962617517,1.5916037559509277,-0.0002491643244866282,0.707603931427002,1.1138701438903809,1.088025689125061,3.6714394092559814,-0.01938336342573166,3.655808925628662,1.2139528384064906,0.0315,,,,
655968,20499,17.48086166381836,9.629426956176758,7.807291030883789,0.03651845455169678,0.007625534664839506,0.000741093244869262,1.4814023971557617,0.0009322810801677406,0.7554214000701904,0.9618444442749023,0.9371548891067505,3.722486734390259,-0.02378266490995884,3.7013041973114014,1.2142925901925732,0.0408,,,,
657568,20549,16.253061294555664,8.737825393676758,7.458681583404541,0.05567571520805359,0.0008797294576652348,-0.0006693885661661625,1.6677002906799316,-0.0004978268407285213,0.5912523865699768,0.9355254173278809,0.9329030513763428,3.6879589557647705,-0.025169681757688522,3.6543519496917725,1.2146534714508388,0.0332,,,,
659168,20599,15.337037086486816,8.201166152954102,7.080497741699219,0.04683554172515869,0.00853702612221241,0.0010891626589000225,1.5260567665100098,0.0012895448599010706,0.7339221835136414,0.9323153495788574,0.902458906173706,3.668931484222412,-0.01994181051850319,3.6499695777893066,1.2150149695473256,0.0331,,,,
660768,20649,16.093486785888672,8.382295608520508,7.67065954208374,0.03568951040506363,0.004841179121285677,6.968250090721995e-05,1.626956582069397,0.00023133431386668235,0.5972853302955627,0.8738974332809448,0.8571228981018066,3.7289412021636963,-0.022982895374298096,3.703594446182251,1.2153630008338439,0.030699999999999998,,,,
662368,20699,15.609725952148438,8.375609397888184,7.166797161102295,0.05906384065747261,0.008256014436483383,-0.0006611158605664968,1.507694959640503,-0.0004803484189324081,0.6724475622177124,1.177438735961914,1.174068808555603,3.6361215114593506,-0.02154083363711834,3.617781162261963,1.215722001048415,0.030999999999999996,,,,
663968,20749,17.32963752746582,8.017638206481934,9.258099555969238,0.0495125949382782,0.004386040382087231,-0.00036604335764423013,1.5092297792434692,-0.00017644770559854805,0.7309753894805908,1.0747356414794922,1.0613276958465576,3.664515256881714,-0.019154980778694153,3.6503069400787354,1.216068339694936,0.028900000000000002,,,,
665568,20799,15.352055549621582,8.14030647277832,7.158411026000977,0.047781430184841156,0.005556754767894745,-0.0005125058814883232,1.4723987579345703,-0.0003137097810395062,0.7340251207351685,1.0090219974517822,0.99889075756073,3.7364397048950195,-0.01302753109484911,3.7268683910369873,1.2164137029054825,0.025,,,,
667168,20849,17.905967712402344,10.03687858581543,7.819352626800537,0.04434596747159958,0.005390293430536985,0.0001537442731205374,1.6351743936538696,0.000344451138516888,0.6787397861480713,0.9862513542175293,0.9558142423629761,3.7078893184661865,-0.01362789236009121,3.696279764175415,1.216771834060176,0.0317,,,,
668768,20899,16.680927276611328,8.78778076171875,7.865002632141113,0.027127759531140327,0.0010173323098570108,0.00032479182118549943,1.6072081327438354,0.000509844976477325,0.6986976861953735,0.747704803943634,0.7413296699523926,3.747979164123535,-0.01882089674472809,3.7244598865509033,1.2171239156133866,0.025300000000000003,,,,
670368,20949,14.886189460754395,7.750064373016357,7.103667736053467,0.02892516553401947,0.003532594535499811,-0.0005001445533707738,1.5534582138061523,-0.0003549706016201526,0.5813099145889282,1.1008787155151367,1.0971232652664185,3.6777455806732178,-0.017033664509654045,3.6592812538146973,1.2174669984830928,0.032299999999999995,,,,
671968,20999,17.616796493530273,9.518178939819336,8.032182693481445,0.0632404163479805,0.003194811986759305,-0.0012372143100947142,1.5353189706802368,-0.0010531892767176032,0.6923909187316895,0.9802426695823669,0.9909728765487671,3.6806752681732178,-0.013514145277440548,3.668344020843506,1.2178197750283055,0.0304,,,,
673568,21049,15.853017807006836,8.491684913635254,7.302445411682129,0.05121979862451553,0.007667602971196175,0.004088997840881348,1.7551852464675903,0.004260433372110128,0.6606504917144775,1.0750126838684082,1.0252048969268799,3.6941778659820557,-0.010576301254332066,3.681981086730957,1.218171090622196,0.0282,,,,
675168,21099,14.903364181518555,7.514275074005127,7.336122989654541,0.047271937131881714,0.005694571416825056,0.00038949359441176057,1.5521801710128784,0.0005685859359800816,0.6777163147926331,0.9136607646942139,0.8831833004951477,3.6677098274230957,-0.015147958882153034,3.653775215148926,1.2185214902407846,0.0255,,,,
676768,21149,15.06546401977539,8.482430458068848,6.531253814697266,0.04386208951473236,0.007917341776192188,-0.0020484444685280323,1.428781270980835,-0.0019030715338885784,0.6088222861289978,0.9571409225463867,0.9679546356201172,3.822368860244751,-0.025406157597899437,3.7939910888671875,1.218861830239772,0.029900000000000003,,,,
678368,21199,17.45985221862793,10.078720092773438,7.317093849182129,0.060351721942424774,0.0036862457636743784,0.0020179199054837227,1.6557124853134155,0.002148669445887208,0.4774218201637268,1.1180822849273682,1.0873825550079346,3.7973792552948,-0.020915215834975243,3.7759766578674316,1.219198275569785,0.0295,,,,
679968,21249,16.61705207824707,8.796262741088867,7.765721321105957,0.048412423580884933,0.006654751021414995,0.0015248320996761322,1.4999921321868896,0.0016715677920728922,0.5685490369796753,1.3557441234588623,1.329470157623291,3.763134241104126,-0.011938638985157013,3.757277011871338,1.219551636688987,0.0375,,,,
681568,21299,14.533825874328613,7.331401348114014,7.162357330322266,0.03554650396108627,0.004520462825894356,0.000935371732339263,1.5613226890563965,0.0010899720946326852,0.613267719745636,1.374550461769104,1.3568010330200195,3.7589051723480225,-0.012656472623348236,3.749746322631836,1.2199187885428149,0.0219,,,,
683168,21349,15.17842960357666,7.388108730316162,7.74359130859375,0.043823473155498505,0.002906054025515914,-6.0172154917381704e-05,1.5581319332122803,0.00010918561019934714,0.6269606947898865,1.1573848724365234,1.1397632360458374,3.8262672424316406,-0.013621720485389233,3.8145716190338135,1.2202385093892691,0.0359,,,,
684768,21399,15.15178394317627,7.747357368469238,7.357675075531006,0.0446801595389843,0.002071089344099164,0.0018060104921460152,1.5173921585083008,0.001947643468156457,0.5457287430763245,1.667754888534546,1.635140299797058,3.838008165359497,-0.004254229366779327,3.8415040969848633,1.220563039291293,0.0285,,,,
686368,21449,16.15968132019043,8.27116584777832,7.8510026931762695,0.03214607387781143,0.005365262273699045,-0.0028248492162674665,1.4875953197479248,-0.0026875361800193787,0.5106297135353088,1.2407582998275757,1.2538098096847534,3.9360623359680176,-0.0019099456258118153,3.933014392852783,1.2208776181655272,0.027899999999999998,,,,
687968,21499,15.895989418029785,8.339337348937988,7.500772476196289,0.04834435135126114,0.007535068783909082,-0.0006611889693886042,1.4793230295181274,-0.0005169326323084533,0.6137304902076721,1.2674564123153687,1.272428274154663,3.904505491256714,-0.0028878431767225266,3.9032533168792725,1.2212015749817295,0.0287,,,,
689568,21549,14.860363006591797,7.973540306091309,6.833239555358887,0.043392375111579895,0.010190997272729874,-0.000939579214900732,1.5457037687301636,-0.0007706976030021906,0.6815861463546753,1.2786335945129395,1.2680447101593018,3.878615140914917,-0.005999603774398565,3.873875379562378,1.2215257745280956,0.027600000000000003,,,,
691168,21599,16.628427505493164,8.005143165588379,8.568007469177246,0.050078101456165314,0.0051995692774653435,-0.0022187449503690004,1.5189666748046875,-0.0020744791254401207,0.5718494057655334,1.174536108970642,1.1817790269851685,3.938947916030884,-0.013949287123978138,3.9234282970428467,1.2218514764081123,0.0219,,,,
692768,21649,16.859188079833984,9.837400436401367,6.975698471069336,0.0436592772603035,0.0024293870665133,-0.001947375014424324,1.6080942153930664,-0.0018166733207181096,0.5492311120033264,1.0640614032745361,1.050851583480835,3.9123854637145996,-0.011601378209888935,3.9035897254943848,1.222188255880534,0.035199999999999995,,,,
694368,21699,17.555740356445312,9.98803424835205,7.501759052276611,0.058877505362033844,0.0070677888579666615,0.0004780757299158722,1.51276433467865,0.0006381828570738435,0.6150636672973633,1.3023148775100708,1.2857941389083862,3.973003625869751,-0.011604439467191696,3.964237689971924,1.2225226373906684,0.0324,,,,
695968,21749,15.782234191894531,8.501521110534668,7.213920593261719,0.04910244420170784,0.017689401283860207,-0.00021626235684379935,1.657012939453125,-8.642394095659256e-05,0.49823567271232605,1.1120589971542358,1.1156049966812134,4.057750225067139,-0.009909963235259056,4.039862155914307,1.22283660275396,0.039400000000000004,,,,
697568,21799,19.717504501342773,11.864715576171875,7.802793502807617,0.045480359345674515,0.004514698404818773,-0.0022083695512264967,1.4648442268371582,-0.002056109718978405,0.5582977533340454,0.7879840731620789,0.8065715432167053,4.024320602416992,-0.0014543486759066582,4.011739253997803,1.2231703386754538,0.0295,,,,
699168,21849,23.116790771484375,13.364502906799316,9.704373359680176,0.04328697547316551,0.004626728594303131,-0.000904532615095377,1.5728352069854736,-0.0007603751728311181,0.580627977848053,1.2194163799285889,1.2106596231460571,4.057384014129639,-0.010455703362822533,4.0478515625,1.2234881656772068,0.024699999999999996,,,,
700768,21899,15.504551887512207,7.590980529785156,7.863532066345215,0.04768505319952965,0.002354665892198682,-0.0021463430020958185,1.5458797216415405,-0.001990062650293112,0.6491923928260803,1.0423564910888672,1.0422192811965942,3.912360668182373,-0.005410416517406702,3.909294366836548,1.2238184808124193,0.030899999999999997,,,,
702368,21949,18.5445499420166,10.004962921142578,8.481992721557617,0.04957935959100723,0.00801458116620779,0.0007596980431117117,1.5178006887435913,0.0009093523258343339,0.6148856282234192,0.983022928237915,0.9668518304824829,3.9843578338623047,-0.007997925393283367,3.976550817489624,1.224150634270529,0.028099999999999997,,,,
703968,21999,17.42772674560547,9.785089492797852,7.599307060241699,0.040883488953113556,0.0024464193265885115,-0.00035844650119543076,1.5211410522460938,-0.00021857534011360258,0.522274911403656,1.109520435333252,1.1058250665664673,3.9463565349578857,-0.005172535311430693,3.938131332397461,1.2244704696889386,0.030899999999999997,,,,
705568,22049,15.195147514343262,7.59820556640625,7.54996395111084,0.043275121599435806,0.0037034330889582634,-0.001908782753162086,1.474121332168579,-0.0017575526144355536,0.5275578498840332,1.0001496076583862,1.0123991966247559,3.9936463832855225,-0.004776834510266781,3.9786570072174072,1.224801601761747,0.025,,,,
707168,22099,14.231546401977539,7.3824992179870605,6.806296348571777,0.04107020050287247,0.0016809332882985473,0.0008715287549421191,1.648630142211914,0.0009869575733318925,0.4397164285182953,1.1651560068130493,1.141185998916626,3.9987854957580566,-0.006950089707970619,3.986330509185791,1.225123582005673,0.0339,,,,
708768,22149,13.213801383972168,6.576150894165039,6.600770950317383,0.035903073847293854,0.0009768817108124495,0.00047823056229390204,1.5482487678527832,0.0006456904229708016,0.6198877692222595,1.0745710134506226,1.0751681327819824,4.01943302154541,-0.0022549815475940704,4.0166335105896,1.2254380934854536,0.03,,,,
710368,22199,14.994070053100586,8.229727745056152,6.731829643249512,0.03120565414428711,0.0013066825922578573,-0.000685232225805521,1.5478287935256958,-0.0005292765563353896,0.5924803018569946,1.0987136363983154,1.0847975015640259,3.953043222427368,-0.005306248553097248,3.9468114376068115,1.225760836682384,0.0291,,,,
711968,22249,16.432310104370117,8.477920532226562,7.905988693237305,0.04247034341096878,0.005930251441895962,0.0026490632444620132,1.623626470565796,0.0027899539563804865,0.5351982116699219,1.0954383611679077,1.0498952865600586,3.949918746948242,-0.005744589027017355,3.9416110515594482,1.2260539487892985,0.038700000000000005,,,,
713568,22299,14.649009704589844,7.782504081726074,6.835412979125977,0.028612004593014717,0.002480246825143695,-0.0009923219913616776,1.4892604351043701,-0.0008343158406205475,0.632569432258606,1.402020812034607,1.4023816585540771,3.9388716220855713,-0.0035675540566444397,3.938396692276001,1.2263589044111418,0.03640000000000001,,,,
715168,22349,15.712982177734375,8.211681365966797,7.4529619216918945,0.044581376016139984,0.003757369937375188,9.717870852909982e-05,1.5069855451583862,0.00025607499992474914,0.6255752444267273,1.2369180917739868,1.2153440713882446,3.864490270614624,-0.004700289573520422,3.865750789642334,1.2266920998466653,0.0281,,,,
716768,22399,16.51201629638672,8.68045425415039,7.784940242767334,0.04131985828280449,0.005301209166646004,0.001169393421150744,1.5497525930404663,0.0013755045365542173,0.7545045614242554,1.1416133642196655,1.1293554306030273,3.9869472980499268,-0.009807050228118896,3.97926664352417,1.2269961930175386,0.0407,,,,
718368,22449,16.67936897277832,9.439730644226074,7.193966865539551,0.04187638312578201,0.003795770462602377,-0.0024879935663193464,1.4908497333526611,-0.0023103514686226845,0.6731051802635193,1.2709498405456543,1.286050796508789,4.002299785614014,-0.009777565486729145,3.991537570953369,1.2273221483850276,0.029,,,,
719968,22499,15.593557357788086,8.429195404052734,7.123295307159424,0.03439604118466377,0.00667094299569726,0.00047149581951089203,1.5043680667877197,0.0006251620361581445,0.5575562119483948,1.3682576417922974,1.346864938735962,4.053319454193115,-0.010678290389478207,4.04397439956665,1.2276177746393773,0.0356,,,,
721568,22549,15.889333724975586,8.453226089477539,7.380034923553467,0.04825294390320778,0.007819084450602531,0.00048362702364102006,1.554624319076538,0.0006387525936588645,0.600121259689331,1.0222026109695435,1.0062438249588013,3.9430043697357178,-0.013653744012117386,3.9318931102752686,1.2130482673192544,0.0296,,,,
723168,22599,14.745015144348145,7.636279106140137,7.068093299865723,0.038005128502845764,0.0026378289330750704,0.0010885837255045772,1.566056728363037,0.0012686115223914385,0.7097465991973877,1.1599568128585815,1.1306328773498535,4.0362982749938965,-0.008684821426868439,4.034115314483643,1.213297096925973,0.0351,,,,
724768,22649,16.305511474609375,8.730597496032715,7.524393081665039,0.04552646353840828,0.004994573537260294,0.0015476010739803314,1.5967216491699219,0.0017035409109666944,0.5634816884994507,1.0386641025543213,1.0040127038955688,3.89093017578125,-0.003754496108740568,3.8816375732421875,1.2135312094462647,0.032299999999999995,,,,
726368,22699,16.132444381713867,8.658945083618164,7.433321952819824,0.03578130155801773,0.004396816715598106,-0.002287857001647353,1.5525835752487183,-0.0021008590701967478,0.6682246327400208,0.8617304563522339,0.8682124018669128,3.8565003871917725,-0.0055120475590229034,3.848372220993042,1.2137824304475975,0.03409999999999999,,,,
727968,22749,16.06951332092285,8.464103698730469,7.551135540008545,0.049647290259599686,0.0046278852969408035,0.000175602370291017,1.6957228183746338,0.00031619195942766964,0.5326694846153259,1.1742703914642334,1.158043622970581,3.918391466140747,-0.011915899813175201,3.9087255001068115,1.2140109733224358,0.0328,,,,
729568,22799,18.031513214111328,9.699638366699219,8.281974792480469,0.04238303378224373,0.007516132201999426,-0.001153189456090331,1.5050455331802368,-0.0009893663227558136,0.6440045237541199,1.2291717529296875,1.225282073020935,3.9843997955322266,-0.008276673033833504,3.978058338165283,1.2142458243280976,0.0439,,,,
731168,22849,14.35942554473877,7.34887170791626,6.9585089683532715,0.04386776685714722,0.008177122101187706,0.00022494552831631154,1.5938352346420288,0.0004018389736302197,0.6452001333236694,1.0841522216796875,1.0715924501419067,3.8950161933898926,-0.009521754458546638,3.8868978023529053,1.2144569263996703,0.0338,,,,
732768,22899,16.425106048583984,8.416131973266602,7.95197868347168,0.0478583388030529,0.009136218577623367,0.0009778640232980251,1.4557764530181885,0.0011714436113834381,0.7272217869758606,0.7194119691848755,0.7047964334487915,3.8790411949157715,-0.006439812947064638,3.872054100036621,1.2146861866889942,0.0302,,,,
734368,22949,16.064115524291992,9.182600975036621,6.837464809417725,0.04295000061392784,0.0011014878982678056,0.0027280659414827824,1.6467998027801514,0.0028793320525437593,0.6144334673881531,1.260716438293457,1.2293977737426758,3.929884910583496,-0.00446012057363987,3.927868127822876,1.21492382340616,0.03640000000000001,,,,
735968,22999,15.649680137634277,8.417139053344727,7.188345432281494,0.034232113510370255,0.00996391475200653,-0.0005321010248735547,1.5475118160247803,-0.0003487689245957881,0.6875166296958923,1.305742859840393,1.29238760471344,3.921485662460327,-0.006722400430589914,3.915393352508545,1.2151499316878203,0.0334,,,,
737568,23049,15.654166221618652,8.582576751708984,7.040794372558594,0.02840295247733593,0.002391727175563574,-0.0016466485103592277,1.4926257133483887,-0.0014633145183324814,0.6756987571716309,1.4321556091308594,1.4343386888504028,3.866453170776367,-0.005729863420128822,3.865389347076416,1.2153671694365509,0.029800000000000004,,,,
739168,23099,15.059016227722168,7.4298553466796875,7.5740065574646,0.051033638417720795,0.00411975709721446,-0.0006522320909425616,1.4508693218231201,-0.00048816329217515886,0.6341317892074585,1.1918432712554932,1.1866568326950073,3.8853559494018555,-0.011429034173488617,3.880429983139038,1.2155961952373529,0.040799999999999996,,,,
740768,23149,16.17523193359375,9.269965171813965,6.862564563751221,0.03872920945286751,0.003972161095589399,-0.0008512551430612803,1.612898349761963,-0.0006971766706556082,0.5567542314529419,1.2669975757598877,1.2632650136947632,3.908820390701294,-0.017783135175704956,3.8923256397247314,1.2158186639762856,0.0295,,,,
742368,23199,17.087675094604492,8.246808052062988,8.794782638549805,0.04275351017713547,0.0033297399058938026,0.0006020241999067366,1.5475938320159912,0.0007391066174022853,0.48513686656951904,1.3533682823181152,1.3380392789840698,3.961334466934204,-0.01623431220650673,3.946549415588379,1.2160135211046812,0.0304,,,,
743968,23249,14.70130443572998,7.456789493560791,7.202089309692383,0.033990196883678436,0.008436601608991623,0.0023409100249409676,1.7032065391540527,0.002508701290935278,0.601393461227417,0.8826714754104614,0.8559269309043884,3.889127254486084,-0.012130670249462128,3.869288206100464,1.2162342797095236,0.0429,,,,
745568,23299,14.454826354980469,6.859512805938721,7.546196460723877,0.04823097214102745,0.0008857041248120368,0.0022950554266572,1.6148715019226074,0.0024539949372410774,0.6073077917098999,1.3446896076202393,1.3076103925704956,3.945697546005249,-0.004490321036428213,3.9466729164123535,1.2164399978999523,0.0301,,,,
747168,23349,16.92261505126953,9.050760269165039,7.830560207366943,0.040650174021720886,0.0006446238839998841,-0.00011856271885335445,1.5998239517211914,6.44089886918664e-05,0.6470763683319092,1.1433448791503906,1.1260384321212769,3.9285695552825928,0.0010347070638090372,3.9242005348205566,1.2166653066041895,0.025700000000000004,,,,
748768,23399,13.093031883239746,6.706785678863525,6.348769664764404,0.03687034174799919,0.000606972782406956,-0.0004048898408655077,1.5302236080169678,-0.0002193232357967645,0.6890301704406738,0.9986467361450195,0.9865849018096924,3.945056915283203,-0.0022900693584233522,3.9361095428466797,1.2168947531893748,0.0265,,,,
750368,23449,14.35189437866211,7.623845100402832,6.6821513175964355,0.03923962265253067,0.006658491212874651,-0.0018653181614354253,1.632144570350647,-0.001720411702990532,0.5393528342247009,1.1693202257156372,1.1635154485702515,3.9806272983551025,-0.0021994556300342083,3.9777672290802,1.2171174401893077,0.0254,,,,
751968,23499,15.770991325378418,8.252037048339844,7.463996887207031,0.05346306413412094,0.0014947446761652827,0.0020913819316774607,1.5162122249603271,0.002254995284602046,0.5802693367004395,1.2326722145080566,1.215354323387146,4.034181594848633,0.0030493808444589376,4.032098293304443,1.2173351083358313,0.030899999999999997,,,,
753568,23549,15.862091064453125,8.56595230102539,7.222159385681152,0.06137111783027649,0.012608252465724945,0.002030591946095228,1.6445976495742798,0.0022119288332760334,0.7128990888595581,1.1324284076690674,1.1014008522033691,4.042906284332275,0.0036635417491197586,4.044514179229736,1.2175628061088146,0.030600000000000002,,,,
755168,23599,15.324935913085938,8.123210906982422,7.159780502319336,0.03873676806688309,0.0032079494558274746,-0.0009468457428738475,1.490281343460083,-0.0007899753982201219,0.6131170988082886,1.4653210639953613,1.4487829208374023,4.0157470703125,0.0036290690768510103,4.019711017608643,1.2177700073267788,0.024500000000000004,,,,
756768,23649,17.087142944335938,9.349040031433105,7.697963237762451,0.03785394877195358,0.002286926843225956,0.0013421982293948531,1.5529253482818604,0.0014942840207368135,0.5580087900161743,1.5461503267288208,1.5121458768844604,4.0930705070495605,0.004435757175087929,4.097097873687744,1.2179758147401916,0.0346,,,,
758368,23699,15.531188011169434,7.81655216217041,7.658710479736328,0.04969010874629021,0.0062353648245334625,-0.0020186910405755043,1.5537562370300293,-0.0018607784295454621,0.6081157326698303,1.2620806694030762,1.2551167011260986,4.127806663513184,0.008357970044016838,4.135509490966797,1.2181810158845678,0.030899999999999997,,,,
759968,23749,22.45553207397461,13.803109169006348,8.599991798400879,0.04944651201367378,0.0029843980446457863,6.225926335901022e-05,1.4661543369293213,0.000258154992479831,0.7232121229171753,1.4610779285430908,1.4533262252807617,4.161695957183838,0.01769181527197361,4.180585861206055,1.2184009197539445,0.0273,,,,
761568,23799,19.279308319091797,11.822540283203125,7.417825698852539,0.03468424454331398,0.004256504122167826,0.0006963094929233193,1.5673046112060547,0.000840426073409617,0.5391510128974915,1.264139175415039,1.233920931816101,4.183475971221924,0.010755695402622223,4.195340156555176,1.2186176106235647,0.0355,,,,
763168,23849,15.82062816619873,8.342742919921875,7.428390979766846,0.04328896105289459,0.006205169949680567,0.0009465727489441633,1.5886389017105103,0.0011195600964128971,0.6300564408302307,1.3607063293457031,1.324403166770935,4.236570358276367,0.008084571920335293,4.239260673522949,1.2188109871188306,0.0385,,,,
764768,23899,15.702940940856934,7.937464237213135,7.718940258026123,0.044187307357788086,0.0023487252183258533,-0.00018212778377346694,1.5952904224395752,-1.3834893252351321e-05,0.5950628519058228,0.957413911819458,0.9385483860969543,4.269883632659912,0.003989241551607847,4.2603559494018555,1.219024453812041,0.036599999999999994,,,,
766368,23949,15.352408409118652,8.076899528503418,7.235957145690918,0.037070997059345245,0.002480464754626155,-0.0017008697614073753,1.5103678703308105,-0.0015410286141559482,0.5780576467514038,1.2106035947799683,1.2125577926635742,4.304827690124512,0.001164143206551671,4.305417060852051,1.2192363145396767,0.037599999999999995,,,,
767968,23999,19.380634307861328,10.603812217712402,8.717046737670898,0.05727490410208702,0.002500294940546155,0.0002564773603808135,1.6093838214874268,0.0004096580669283867,0.5363366603851318,1.3998242616653442,1.3760461807250977,4.337303638458252,0.0016325849574059248,4.336112976074219,1.2194330980011905,0.030899999999999997,,,,
769568,24049,15.387838363647461,8.23136043548584,7.101808071136475,0.05156400054693222,0.0031059079337865114,-0.002964518964290619,1.6151361465454102,-0.0028186608105897903,0.565035879611969,1.4254002571105957,1.4390307664871216,4.33041524887085,-0.0005860107485204935,4.328965663909912,1.219644269685168,0.0316,,,,
771168,24099,13.341601371765137,6.405470371246338,6.883425712585449,0.047709520906209946,0.004995808470994234,0.0006817920366302133,1.5718612670898438,0.0007913263980299234,0.3981113135814667,1.7068296670913696,1.6846760511398315,4.328712463378906,0.009261714294552803,4.332084655761719,1.2198458067608604,0.0315,,,,
772768,24149,14.968550682067871,7.660342693328857,7.25063419342041,0.05541396141052246,0.0021602234337478876,-0.0013215559301897883,1.676583170890808,-0.0011772868456318974,0.550514280796051,1.7283313274383545,1.7150095701217651,4.358207702636719,0.009874467737972736,4.372573375701904,1.2200565934707548,0.039200000000000006,,,,
774368,24199,13.436055183410645,6.586981296539307,6.802902698516846,0.04232746735215187,0.003842894220724702,-0.0003571987326722592,1.6408411264419556,-0.00021598447347059846,0.5722203850746155,1.6662821769714355,1.6575086116790771,4.380575656890869,0.00885912124067545,4.392508506774902,1.2202476455482356,0.0352,,,,
775968,24249,13.422161102294922,6.421553611755371,6.955881595611572,0.03745061531662941,0.0072743846103549,-0.0028206510469317436,1.6635868549346924,-0.002705244580283761,0.42994099855422974,1.2824760675430298,1.2940521240234375,4.379031181335449,0.0028954315930604935,4.377443313598633,1.2204525717415735,0.0299,,,,
777568,24299,16.76763153076172,9.003266334533691,7.709353446960449,0.043054815381765366,0.011957930400967598,-0.00015907196211628616,1.5587431192398071,9.81590710580349e-06,0.6056861877441406,1.6892881393432617,1.6779311895370483,4.31730318069458,-0.003880916628986597,4.30797004699707,1.2206679404969596,0.023600000000000003,,,,
779168,24349,16.64815330505371,9.087191581726074,7.48445987701416,0.05913432687520981,0.017368443310260773,-0.00161453103646636,1.531642198562622,-0.0014785339590162039,0.5320625305175781,1.856062889099121,1.8511021137237549,4.404931545257568,-8.839459042064846e-06,4.408577919006348,1.2208819331666754,0.0425,,,,
780768,24399,17.120311737060547,9.234498023986816,7.840317726135254,0.043511781841516495,0.001983115915209055,-0.00131963228341192,1.6858645677566528,-0.001192786730825901,0.46897992491722107,1.1814643144607544,1.1824792623519897,4.409158229827881,-0.005226414185017347,4.399425983428955,1.2210842242141844,0.0297,,,,
782368,24449,15.461475372314453,7.396414756774902,8.010042190551758,0.048141539096832275,0.006877382285892963,-0.0028853644616901875,1.6537814140319824,-0.0027653337456285954,0.4473702311515808,1.9825849533081055,1.9942785501480103,4.362086772918701,0.001370696583762765,4.365627765655518,1.2212874861179945,0.030299999999999997,,,,
783968,24499,17.68055534362793,9.730056762695312,7.912161350250244,0.036697227507829666,0.0016407659277319908,-0.0013575274497270584,1.4108703136444092,-0.0011624365579336882,0.7700297236442566,1.4057642221450806,1.417484998703003,4.3614702224731445,0.003494466654956341,4.367260932922363,1.2214858569932647,0.0246,,,,
785568,24549,15.500492095947266,8.505329132080078,6.9491987228393555,0.03882208839058876,0.007142132613807917,-0.0007965339464135468,1.622450828552246,-0.0006681130034849048,0.47298210859298706,1.544999122619629,1.535313367843628,4.368720054626465,0.0019770886283367872,4.377446174621582,1.2216902740884694,0.039,,,,
787168,24599,16.571231842041016,9.160944938659668,7.371058464050293,0.03553692251443863,0.003691390622407198,-0.00252612610347569,1.51619553565979,-0.002342667430639267,0.7123804092407227,1.1426339149475098,1.1471961736679077,4.364623546600342,-0.0008143095183186233,4.361673355102539,1.221891986621967,0.0418,,,,
788768,24649,17.098833084106445,9.331851959228516,7.706912040710449,0.05130843073129654,0.008759638294577599,0.00038591696647927165,1.4135899543762207,0.0005837019998580217,0.7290753126144409,1.0643799304962158,1.0584690570831299,4.436649322509766,-0.002081055659800768,4.429747104644775,1.2220845433116998,0.036199999999999996,,,,
790368,24699,16.799095153808594,8.860816955566406,7.88364839553833,0.05148254334926605,0.003147647250443697,-0.0020645689219236374,1.609455943107605,-0.0019214714411646128,0.5340222716331482,1.1999616622924805,1.188354730606079,4.291528224945068,-0.0018681290093809366,4.29123592376709,1.222298162666478,0.032100000000000004,,,,
791968,24749,15.609089851379395,8.540006637573242,7.024184226989746,0.03703533113002777,0.007863600738346577,7.36901638447307e-05,1.5894749164581299,0.00019335473189130425,0.452765554189682,1.6064355373382568,1.580750584602356,4.324213981628418,0.0034615506883710623,4.330166339874268,1.222494267743439,0.03559999999999999,,,,
793568,24799,18.194517135620117,10.171104431152344,7.982058525085449,0.03839992731809616,0.0029521167743951082,-0.0022275347728282213,1.5659077167510986,-0.002097167307510972,0.5118629932403564,1.8032389879226685,1.7977005243301392,4.286066055297852,-0.0014718774473294616,4.287028789520264,1.2226738869372455,0.0324,,,,
795168,24849,14.29497241973877,7.393845558166504,6.848874568939209,0.04837639629840851,0.003876849077641964,0.0006605593953281641,1.5701707601547241,0.000801750342361629,0.5215708613395691,1.3519608974456787,1.3312095403671265,4.303455829620361,0.0016537717310711741,4.302178382873535,1.2228705626374066,0.039200000000000006,,,,
796768,24899,17.112289428710938,8.633158683776855,8.410635948181152,0.05682898312807083,0.011665936559438705,0.0001915880129672587,1.6463485956192017,0.0003550092806108296,0.5674117803573608,1.1926826238632202,1.1666200160980225,4.241016387939453,-0.003736757207661867,4.225018501281738,1.223059532110066,0.0325,,,,
798368,24949,19.029619216918945,10.875930786132812,8.085294723510742,0.05932929366827011,0.009064363315701485,0.0008313299622386694,1.6749889850616455,0.0009494072292000055,0.44681882858276367,1.4379643201828003,1.4177708625793457,4.302444934844971,-0.005509603768587112,4.294611930847168,1.223241066227186,0.0423,,,,
799968,24999,15.115555763244629,7.786929130554199,7.2698140144348145,0.049596406519412994,0.009215125814080238,0.001910125371068716,1.4988147020339966,0.002072545699775219,0.6619576215744019,1.4590976238250732,1.4242701530456543,4.42664098739624,-0.004601731430739164,4.428512096405029,1.2234244811608084,0.0395,,,,
801568,25049,14.16384506225586,7.237897872924805,6.873298645019531,0.04416196793317795,0.00848662294447422,0.0005508901085704565,1.5004868507385254,0.0007195452344603837,0.6293628811836243,1.6587276458740234,1.646829605102539,4.385151386260986,0.0006465273909270763,4.387115955352783,1.210328188205334,0.045399999999999996,,,,
803168,25099,16.87535285949707,8.747743606567383,8.078770637512207,0.04206006973981857,0.006776195950806141,0.0013535614125430584,1.7034047842025757,0.0014803613303229213,0.4748592972755432,1.3725618124008179,1.3428621292114258,4.498698711395264,0.007851854898035526,4.498403549194336,1.2106167297683121,0.046799999999999994,,,,
804768,25149,15.077292442321777,7.5531206130981445,7.4661478996276855,0.05627959594130516,0.0017452917527407408,-0.0005812941817566752,1.5393006801605225,-0.0004208470636513084,0.597776472568512,1.1584434509277344,1.1501893997192383,4.5250959396362305,0.004657640587538481,4.515341758728027,1.21089085122048,0.0426,,,,
806368,25199,14.980133056640625,7.487768173217773,7.447684288024902,0.04207887873053551,0.002602025866508484,-0.0033064188901335,1.4526739120483398,-0.003135529812425375,0.6580531001091003,1.6344743967056274,1.661161184310913,4.509426593780518,0.00600219052284956,4.51636266708374,1.2111685353105104,0.047400000000000005,,,,
807968,25249,16.409318923950195,8.81344985961914,7.553915500640869,0.03858373314142227,0.0033710396382957697,-0.001503276638686657,1.5655159950256348,-0.0013569323346018791,0.5531342029571533,1.4682629108428955,1.4545068740844727,4.51619815826416,0.0034094001166522503,4.519286632537842,1.211456138975635,0.040299999999999996,,,,
809568,25299,17.490161895751953,9.011070251464844,8.424190521240234,0.05163660645484924,0.0032654041424393654,0.0016410689568147063,1.8465180397033691,0.0017750014085322618,0.4727514386177063,1.445404052734375,1.3848037719726562,4.560725688934326,0.007791356183588505,4.566981792449951,1.211726792449987,0.038599999999999995,,,,
811168,25349,15.649914741516113,7.976438045501709,7.610048294067383,0.05390603095293045,0.009521594271063805,-0.00026503775734454393,1.4538428783416748,-8.981040446087718e-05,0.6688566207885742,1.380719542503357,1.3844231367111206,4.53458833694458,0.00543014332652092,4.534085750579834,1.211998934793645,0.048,,,,
812768,25399,15.109814643859863,7.8414998054504395,7.225876331329346,0.040317829698324203,0.0021214301232248545,-0.0011203478788957,1.581727147102356,-0.000990738277323544,0.5243731737136841,1.5481728315353394,1.5552830696105957,4.631272792816162,0.008958490565419197,4.641750335693359,1.212265770054307,0.038700000000000005,,,,
814368,25449,17.571088790893555,10.18574333190918,7.350485801696777,0.03104189783334732,0.003817560849711299,-0.0004418596508912742,1.545938491821289,-0.00026844633975997567,0.6489920020103455,1.4398534297943115,1.4259073734283447,4.69381046295166,0.00823051668703556,4.701862335205078,1.2125348166700691,0.028099999999999997,,,,
815968,25499,17.332075119018555,9.073474884033203,8.193842887878418,0.062089432030916214,0.0026673423126339912,-7.670461491215974e-05,1.6224844455718994,6.678979843854904e-05,0.5462329387664795,1.7845481634140015,1.7595115900039673,4.812735557556152,0.013410191982984543,4.831266403198242,1.212795972369439,0.0439,,,,
817568,25549,18.742956161499023,10.305408477783203,8.402766227722168,0.03477785736322403,1.6132959217429743e-06,-0.000341699953423813,1.6364867687225342,-0.00022560619981959462,0.440107524394989,1.8752334117889404,1.8401058912277222,4.803873538970947,0.014523737132549286,4.820982456207275,1.2130481716314832,0.031900000000000005,,,,
819168,25599,15.891569137573242,8.260101318359375,7.5856475830078125,0.04386912286281586,0.0019508786499500275,0.0022230546455830336,1.6145038604736328,0.0023830619174987078,0.6247190833091736,2.093123435974121,2.0380237102508545,4.8578314781188965,0.016402538865804672,4.881772994995117,1.2133258933193725,0.033,,,,
820768,25649,15.188838958740234,8.193442344665527,6.951476573944092,0.04105968400835991,0.0028606546111404896,-0.0011024426203221083,1.5758283138275146,-0.0009571983246132731,0.5412222146987915,2.0241971015930176,2.023477554321289,4.816671371459961,0.01706814393401146,4.838630676269531,1.2135919060061173,0.0293,,,,
822368,25699,15.403435707092285,7.807460308074951,7.532664775848389,0.053342338651418686,0.009968490339815617,-0.0011641982709988952,1.6800978183746338,-0.0010307376505807042,0.5360650420188904,1.9999386072158813,1.9729819297790527,4.959273815155029,0.012258186005055904,4.975650310516357,1.2138461560686964,0.0418,,,,
823968,25749,13.451231002807617,6.4007720947265625,7.006094932556152,0.04192548245191574,0.0024387510493397713,-0.0009719179361127317,1.6250920295715332,-0.0008387649431824684,0.5015245079994202,1.4467191696166992,1.4397428035736084,4.9530930519104,0.013663536868989468,4.95667028427124,1.2141024200646173,0.0496,,,,
825568,25799,14.163459777832031,7.390015602111816,6.71591329574585,0.05315938964486122,0.004372020717710257,-0.001749394228681922,1.6032390594482422,-0.0015834277728572488,0.6245606541633606,1.6888552904129028,1.6952452659606934,5.015892028808594,0.009553504176437855,5.02738618850708,1.2143565733784858,0.0411,,,,
827168,25849,17.526268005371094,9.579912185668945,7.897846221923828,0.04680352658033371,0.0017048431327566504,-0.00013574681361205876,1.656282663345337,2.7723435778170824e-06,0.5250732898712158,1.6681089401245117,1.6407123804092407,4.972980499267578,0.01687375083565712,4.994937419891357,1.2146135123243804,0.040600000000000004,,,,
828768,25899,17.423847198486328,9.554618835449219,7.813919544219971,0.05144266039133072,0.0038653912488371134,-8.010910823941231e-05,1.6688101291656494,4.12757508456707e-05,0.4354223310947418,1.5812441110610962,1.5511596202850342,5.013489246368408,0.008705506101250648,5.008804798126221,1.214878440745335,0.0378,,,,
830368,25949,16.210237503051758,8.454310417175293,7.70511531829834,0.04425904154777527,0.006553754210472107,-0.0009586646337993443,1.4710314273834229,-0.0008046479197219014,0.6150127649307251,1.6886745691299438,1.6860780715942383,4.975174427032471,0.024596622213721275,4.991354942321777,1.21514132397218,0.0326,,,,
831968,25999,15.780694007873535,8.171202659606934,7.544039249420166,0.05953417718410492,0.005917739123106003,0.0009865822503343225,1.6552445888519287,0.001114723621867597,0.4624580442905426,1.609518051147461,1.586624026298523,4.942704200744629,0.02128627337515354,4.95401668548584,1.2153986736307982,0.04190000000000001,,,,
833568,26049,17.432510375976562,9.407089233398438,7.973067283630371,0.04709511250257492,0.005258886609226465,0.00018487381748855114,1.6730469465255737,0.00032813206780701876,0.5081638097763062,1.7477329969406128,1.7303451299667358,4.9655561447143555,0.02088724635541439,4.984351634979248,1.2156538512223487,0.0353,,,,
835168,26099,15.555888175964355,8.517694473266602,6.998970031738281,0.03313300386071205,0.006091361865401268,-0.001973171252757311,1.519235372543335,-0.0018207498360425234,0.5662532448768616,2.100980758666992,2.0945794582366943,4.981927871704102,0.01774757169187069,4.999961853027344,1.215913145820623,0.0375,,,,
836768,26149,14.533858299255371,7.515727996826172,6.965785980224609,0.04972951114177704,0.0026145479641854763,0.001353476196527481,1.6422479152679443,0.0015021894359961152,0.543422281742096,1.8035345077514648,1.7748744487762451,4.9481425285339355,0.022993838414549828,4.967080116271973,1.216164697208858,0.046599999999999996,,,,
838368,26199,18.200666427612305,9.852272987365723,8.297954559326172,0.04703035578131676,0.0034094820730388165,-0.0015524780610576272,1.710288166999817,-0.0014177339617162943,0.490933358669281,2.0510857105255127,2.0403318405151367,4.907192230224609,0.0223267562687397,4.931615352630615,1.2164335548380545,0.038299999999999994,,,,
839968,26249,13.951309204101562,6.789673805236816,7.118236541748047,0.03713718801736832,0.006261671427637339,0.002486179117113352,1.5881656408309937,0.0026336926966905594,0.5591886043548584,2.0893406867980957,2.044135808944702,4.924526691436768,0.03952465578913689,4.967942237854004,1.2166677456049824,0.0276,,,,
841568,26299,15.904969215393066,8.726131439208984,7.136873245239258,0.038118235766887665,0.0038460418581962585,0.0003854300593957305,1.4767913818359375,0.0005429573357105255,0.5685720443725586,2.0613033771514893,2.0504298210144043,5.022237777709961,0.038251664489507675,5.052049160003662,1.2169345189523393,0.0437,,,,
843168,26349,17.886173248291016,9.49185562133789,8.335966110229492,0.05628787353634834,0.0020644660107791424,0.0007212439668364823,1.5551655292510986,0.000861358072143048,0.5145038962364197,2.3168928623199463,2.279670000076294,5.0607733726501465,0.03714701160788536,5.099827289581299,1.2171801393351114,0.0436,,,,
844768,26399,16.634084701538086,8.545954704284668,8.04004955291748,0.04122375696897507,0.006856902036815882,0.0009293729672208428,1.6320419311523438,0.0010638097301125526,0.4646567404270172,1.8471252918243408,1.8364800214767456,4.997773170471191,0.04583021625876427,5.039576053619385,1.2174350029812533,0.0508,,,,
846368,26449,15.33344554901123,8.634965896606445,6.653000831604004,0.035246655344963074,0.010231614112854004,-0.0011803082888945937,1.6311612129211426,-0.0010263160802423954,0.5622118711471558,1.6242483854293823,1.6328532695770264,4.988735675811768,0.04270472377538681,5.031665802001953,1.2176905051373277,0.0379,,,,
847968,26499,15.148759841918945,7.6430158615112305,7.45697021484375,0.043362077325582504,0.005412462633103132,1.537479693070054e-05,1.5782543420791626,0.00014643679605796933,0.5450273752212524,2.1946144104003906,2.1737682819366455,5.106861114501953,0.02659294754266739,5.139266014099121,1.217933163936178,0.039799999999999995,,,,
849568,26549,16.095521926879883,8.507767677307129,7.542427062988281,0.04248746857047081,0.0028395489789545536,-0.0012493847170844674,1.6207911968231201,-0.0010810421081259847,0.639014482498169,1.7711565494537354,1.7505792379379272,5.097700119018555,0.03356531262397766,5.131495952606201,1.2181858241066308,0.0435,,,,
851168,26599,14.045737266540527,7.264744281768799,6.738834381103516,0.03867918998003006,0.0034802050795406103,5.539215635508299e-06,1.6958576440811157,0.000155137968249619,0.5368608832359314,1.7319735288619995,1.7047961950302124,5.160167694091797,0.03568112105131149,5.191987991333008,1.2184318196989319,0.04,,,,
852768,26649,17.092330932617188,9.321938514709473,7.712461948394775,0.054463405162096024,0.003466129768639803,3.9009537431411445e-05,1.506049633026123,0.0002554015663918108,0.769314169883728,2.114994525909424,2.0955653190612793,5.207950115203857,0.045989032834768295,5.256232738494873,1.2186680910838503,0.045899999999999996,,,,
854368,26699,19.34587287902832,10.27635669708252,9.018471717834473,0.04826626926660538,0.0027795364148914814,0.000991967273876071,1.707524299621582,0.0011301611084491014,0.5391647815704346,2.1065142154693604,2.076521158218384,5.155622482299805,0.050107862800359726,5.211779594421387,1.2189185900074917,0.043,,,,
855968,26749,17.10232925415039,9.26524543762207,7.784549236297607,0.04797016829252243,0.004564434755593538,-0.0018109622178599238,1.7835586071014404,-0.0016800838056951761,0.450911283493042,1.680402159690857,1.668935775756836,5.180971622467041,0.053288593888282776,5.22069787979126,1.2191708887246677,0.04190000000000001,,,,
857568,26799,15.28890323638916,8.280402183532715,6.972311019897461,0.03524386137723923,0.000945637992117554,-0.002548001706600189,1.666074514389038,-0.0024062739685177803,0.48938143253326416,1.8043230772018433,1.8184694051742554,5.260406970977783,0.053921546787023544,5.3065972328186035,1.2194220734729326,0.0389,,,,
859168,26849,19.800378799438477,11.308402061462402,8.450088500976562,0.04050694406032562,0.0013811097014695406,-0.0016338701825588942,1.5799769163131714,-0.0014319077599793673,0.8051677942276001,1.687771201133728,1.6957201957702637,5.172967433929443,0.040627654641866684,5.2154107093811035,1.2196645801052393,0.0412,,,,
860768,26899,16.51652717590332,9.684318542480469,6.781998157501221,0.04735223203897476,0.002858283231034875,-0.001525400672107935,1.5892084836959839,-0.00138277024962008,0.5458722114562988,2.2682926654815674,2.253385543823242,5.192774772644043,0.05561595782637596,5.254669666290283,1.219905689319688,0.04239999999999999,,,,
862368,26949,18.445384979248047,10.209487915039062,8.173312187194824,0.060004979372024536,0.0025787216145545244,-0.00036689001717604697,1.6612677574157715,-0.000245887553319335,0.440089613199234,2.056652545928955,2.033747434616089,5.205747127532959,0.06690144538879395,5.259607315063477,1.2201614173212785,0.0497,,,,
863968,26999,15.717804908752441,8.59542465209961,7.055534839630127,0.053039874881505966,0.013806141912937164,-0.0007853221613913774,1.6259607076644897,-0.0006250011501833797,0.5968602895736694,1.7994930744171143,1.7834471464157104,5.254665851593018,0.06297755986452103,5.319785118103027,1.2204118964435928,0.0368,,,,
865568,27049,15.473569869995117,7.627603530883789,7.794551849365234,0.03843601420521736,0.012978650629520416,0.00318802148103714,1.4849156141281128,0.0033512278459966183,0.5789163708686829,2.8417179584503174,2.7913658618927,5.3336873054504395,0.0731760710477829,5.4095845222473145,1.2206574824189989,0.042,,,,
867168,27099,14.645713806152344,7.5057692527771,7.078911781311035,0.055044300854206085,0.005989183206111193,0.00203338242135942,1.782965898513794,0.0021612728014588356,0.46363818645477295,2.113678216934204,2.0505034923553467,5.361549377441406,0.06896546483039856,5.431583404541016,1.2209174497440516,0.052700000000000004,,,,
868768,27149,18.22133445739746,9.725708961486816,8.42992877960205,0.05827907472848892,0.0074173579923808575,0.0007977932691574097,1.6572773456573486,0.0009471091907471418,0.5528963208198547,2.4126369953155518,2.379845380783081,5.406355857849121,0.06416761875152588,5.472469806671143,1.2211615800266866,0.0407,,,,
870368,27199,15.551285743713379,7.876735210418701,7.647355079650879,0.024962574243545532,0.002233501523733139,0.0006099124439060688,1.6951175928115845,0.0007503142114728689,0.5114396810531616,2.387641668319702,2.351276159286499,5.557957649230957,0.06560168415307999,5.622371673583984,1.2214002420074546,0.045099999999999994,,,,
871968,27249,16.096433639526367,8.922125816345215,7.117959976196289,0.052990157157182693,0.0033597485162317753,-0.0014720193576067686,1.5364083051681519,-0.001317707821726799,0.550606369972229,2.2865941524505615,2.281660556793213,5.5579094886779785,0.07178395241498947,5.625421524047852,1.2216362425528076,0.045599999999999995,,,,
873568,27299,17.180259704589844,9.511004447937012,7.600928783416748,0.06135362386703491,0.0069731054827570915,-0.0023885571863502264,1.652141809463501,-0.0022387916687875986,0.5719362497329712,2.5519843101501465,2.552995204925537,5.486187934875488,0.0734533742070198,5.568289279937744,1.2218784476038953,0.04069999999999999,,,,
875168,27349,18.07075309753418,9.74190616607666,8.284520149230957,0.041357267647981644,0.0029704670887440443,-0.0007511035073548555,1.4787518978118896,-0.000605061068199575,0.514009952545166,3.0182065963745117,2.9972329139709473,5.6982340812683105,0.06316319108009338,5.763018608093262,1.2221033085678576,0.04359999999999999,,,,
876768,27399,16.53751564025879,8.419371604919434,8.058931350708008,0.05039757117629051,0.008815161883831024,-0.0016022087074816227,1.5870444774627686,-0.0014606333570554852,0.5439013242721558,2.37455153465271,2.369189739227295,5.657949447631836,0.05827150121331215,5.72023868560791,1.2223480453672457,0.0434,,,,
878368,27449,16.523754119873047,8.615966796875,7.864205837249756,0.038919925689697266,0.004661437124013901,-0.0008890570024959743,1.526534080505371,-0.0007297662668861449,0.5853112936019897,2.277461528778076,2.276564121246338,5.629080295562744,0.06188682094216347,5.695778846740723,1.222576323213637,0.0325,,,,
879968,27499,16.319557189941406,8.638102531433105,7.622745513916016,0.05309780687093735,0.00560877937823534,0.001240940997377038,1.5679621696472168,0.0013976187910884619,0.5828733444213867,2.2968180179595947,2.276014566421509,5.5928754806518555,0.08459300547838211,5.680966854095459,1.2228105526568303,0.048,,,,
881568,27549,15.473230361938477,7.589334011077881,7.834982872009277,0.04254734143614769,0.0063666170462965965,0.0009116472210735083,1.5223965644836426,0.0011411913437768817,0.8212205171585083,2.2948825359344482,2.2626047134399414,5.591806888580322,0.08649120479822159,5.674567222595215,1.2108964507952509,0.0554,,,,
883168,27599,12.300450325012207,5.719358921051025,6.53312873840332,0.044912345707416534,0.0030503913294523954,-0.0008825018885545433,1.6393214464187622,-0.0007210996118374169,0.5693535804748535,1.7748180627822876,1.7539311647415161,5.517213344573975,0.09173651784658432,5.59755802154541,1.2111643671693846,0.0493,,,,
884768,27649,18.20170783996582,9.559659004211426,8.552258491516113,0.07198146730661392,0.01780823804438114,-0.00025363548775203526,1.5604772567749023,-0.00014265807112678885,0.38891464471817017,2.6629586219787598,2.6361374855041504,5.544131278991699,0.09925138205289841,5.639727592468262,1.2114082257814898,0.0507,,,,
886368,27699,17.229381561279297,9.037577629089355,8.133454322814941,0.054608054459095,0.0037428580690175295,0.000898015103302896,1.5703121423721313,0.0010411227121949196,0.5189628601074219,2.8626155853271484,2.826792001724243,5.606003761291504,0.09447310119867325,5.70710563659668,1.2116690037855782,0.0391,,,,
887968,27749,16.38479232788086,8.618372917175293,7.72902250289917,0.03713688254356384,0.00026106584118679166,-0.0007834670832380652,1.7236335277557373,-0.00065393908880651,0.4776780903339386,2.148843288421631,2.153038740158081,5.6003031730651855,0.08925043046474457,5.686115264892578,1.2119276378139199,0.05090000000000001,,,,
889568,27799,16.941513061523438,8.75422191619873,8.141674041748047,0.042728252708911896,0.002887268550693989,-0.0001995537750190124,1.509824514389038,-2.181876334361732e-05,0.6411954760551453,2.567798137664795,2.5558416843414307,5.648132801055908,0.08556973189115524,5.736404895782471,1.2121767192755417,0.0504,,,,
891168,27849,15.773446083068848,8.027493476867676,7.682795524597168,0.055605821311473846,0.007550845388323069,-0.0021597917657345533,1.5583181381225586,-0.002029488096013665,0.477896511554718,3.0607221126556396,3.0618386268615723,5.744711875915527,0.07376280426979065,5.822635650634766,1.2124408430703477,0.049400000000000006,,,,
892768,27899,14.695219993591309,7.3331618309021,7.322834014892578,0.03666231036186218,0.0025617312639951706,0.00024075161491055042,1.5215981006622314,0.00039054392254911363,0.5665051341056824,2.625561475753784,2.6006648540496826,5.735099792480469,0.08420146256685257,5.817145347595215,1.2126989276118696,0.038599999999999995,,,,
894368,27949,14.314401626586914,6.90806770324707,7.353666305541992,0.047256551682949066,0.005411103367805481,0.000693965470418334,1.5553984642028809,0.0008303224458359182,0.509138822555542,3.239243507385254,3.2156968116760254,5.751325607299805,0.1019020527601242,5.857813358306885,1.212950210578358,0.039,,,,
895968,27999,16.242408752441406,8.891305923461914,7.288973331451416,0.05576402321457863,0.006367124151438475,-0.0006290036835707724,1.627197027206421,-0.0005177637212909758,0.40195661783218384,2.5093908309936523,2.474780559539795,5.799125671386719,0.10853078961372375,5.902233600616455,1.213200376799436,0.0407,,,,
897568,28049,13.600674629211426,6.770430088043213,6.788516044616699,0.04042847454547882,0.0012999280588701367,0.004499238915741444,1.5763869285583496,0.004685235675424337,0.6982280015945435,2.593017101287842,2.5449764728546143,5.761115550994873,0.10444093495607376,5.861110210418701,1.213442952097242,0.056299999999999996,,,,
899168,28099,14.878058433532715,7.817513465881348,7.017543315887451,0.03783751651644707,0.0051640900783240795,-0.0001103338145185262,1.5422859191894531,6.890913937240839e-06,0.43499618768692017,3.2752790451049805,3.244121789932251,5.788366794586182,0.11828789114952087,5.909364223480225,1.2136951505787046,0.0396,,,,
900768,28149,18.381114959716797,11.030903816223145,7.309640884399414,0.03937282785773277,0.0011950661428272724,-0.0007879459299147129,1.4633450508117676,-0.0006359496037475765,0.5505848526954651,3.076184034347534,3.0629959106445312,5.91450309753418,0.09811770170927048,6.016569137573242,1.2139541807035987,0.0463,,,,
902368,28199,15.057668685913086,8.006967544555664,7.01234769821167,0.03463224321603775,0.0037201468367129564,-0.001905000302940607,1.5811374187469482,-0.001765020890161395,0.5388347506523132,2.4532134532928467,2.4321417808532715,5.932300090789795,0.10098674148321152,6.040083408355713,1.2142134207841577,0.029800000000000004,,,,
903968,28249,17.99140167236328,9.857148170471191,8.081584930419922,0.051331326365470886,0.0013390539679676294,-0.0016709441551938653,1.5268847942352295,-0.0015426510944962502,0.4710708558559418,2.9617557525634766,2.953491687774658,6.005523204803467,0.10278159379959106,6.109851360321045,1.2144690796585325,0.039599999999999996,,,,
905568,28299,15.027896881103516,7.782078742980957,7.203962326049805,0.03642088919878006,0.00543496897444129,-0.0037923811469227076,1.5206668376922607,-0.003620508825406432,0.6128358244895935,2.7283780574798584,2.742323875427246,6.138653755187988,0.10379445552825928,6.2363505363464355,1.214718404125209,0.0464,,,,
907168,28349,16.019041061401367,8.439736366271973,7.514741897583008,0.060907892882823944,0.0036538452841341496,0.0006175950402393937,1.516878366470337,0.0007694760570302606,0.5567798614501953,3.126580238342285,3.1043052673339844,6.092332363128662,0.10089649260044098,6.1953229904174805,1.2149709569907643,0.0404,,,,
908768,28399,15.124553680419922,7.7085418701171875,7.362976551055908,0.04910074546933174,0.003935202956199646,-0.0014715008437633514,1.5167994499206543,-0.0013448918471112847,0.4377060532569885,2.8239002227783203,2.825348377227783,6.031743049621582,0.1050441637635231,6.135295391082764,1.215230880499108,0.0422,,,,
910368,28449,16.257661819458008,8.283916473388672,7.919746398925781,0.05102379247546196,0.002975618001073599,-0.002449322957545519,1.5957887172698975,-0.0023236651904881,0.47072702646255493,2.7436602115631104,2.753244400024414,6.087391376495361,0.08555013686418533,6.171428680419922,1.2154818840348756,0.046700000000000005,,,,
911968,28499,17.36005210876465,9.67395305633545,7.626267433166504,0.056523874402046204,0.0033070771023631096,-0.00041947566205635667,1.5042753219604492,-0.0002454345813021064,0.6248096227645874,2.860135078430176,2.860440969467163,6.150656700134277,0.10014115273952484,6.240745544433594,1.2157223141657705,0.047599999999999996,,,,
913568,28549,15.3295259475708,7.158300399780273,8.122117042541504,0.045312076807022095,0.0037968477699905634,-0.0021479707211256027,1.730069875717163,-0.002011157339438796,0.47528353333473206,2.1109747886657715,2.1190171241760254,6.060040473937988,0.10207747668027878,6.153759956359863,1.215971339767057,0.0542,,,,
915168,28599,15.08021068572998,7.280599117279053,7.757019519805908,0.03833897039294243,0.004253174178302288,-0.0032359869219362736,1.693253993988037,-0.0031251180917024612,0.4434019923210144,2.308363199234009,2.3456649780273438,6.09529972076416,0.1122657060623169,6.205963611602783,1.2162165554879998,0.0433,,,,
916768,28649,16.1417179107666,8.774484634399414,7.322526931762695,0.03927833214402199,0.005427788011729717,-0.0021824524737894535,1.5522726774215698,-0.0020712472032755613,0.41160523891448975,2.8917126655578613,2.899688482284546,6.132371425628662,0.10974252969026566,6.244229793548584,1.2164553727511382,0.0402,,,,
918368,28699,20.0848388671875,12.067839622497559,7.953226089477539,0.05904318392276764,0.00472973333671689,9.161323396256194e-05,1.6360416412353516,0.0002004242269322276,0.4176410436630249,2.986513614654541,2.9339964389801025,6.1179914474487305,0.12660929560661316,6.248530864715576,1.2167099108111792,0.0439,,,,
919968,28749,15.328983306884766,8.025765419006348,7.255766868591309,0.043684400618076324,0.0037669227458536625,-0.001864188932813704,1.6348233222961426,-0.0016974996542558074,0.5904885530471802,2.6497976779937744,2.632437229156494,6.315334796905518,0.11811430007219315,6.432270526885986,1.216935020742305,0.0502,,,,
921568,28799,14.040202140808105,6.718784332275391,7.281017780303955,0.03700457885861397,0.00339607079513371,-0.0005204060580581427,1.7094558477401733,-0.00039784758700989187,0.44791632890701294,2.706433057785034,2.7032601833343506,6.346175193786621,0.11455917358398438,6.458665370941162,1.2171790421070725,0.041299999999999996,,,,
923168,28849,15.8280668258667,7.922558784484863,7.8606672286987305,0.04102833569049835,0.003813264425843954,0.0017999736592173576,1.6001431941986084,0.0019249862525612116,0.46205073595046997,3.16243839263916,3.122915506362915,6.316567420959473,0.11071943491697311,6.430014133453369,1.2174247580253965,0.0481,,,,
924768,28899,18.16443634033203,9.65638542175293,8.465394973754883,0.039556097239255905,0.0030998752918094397,-0.0012286208802834153,1.5031650066375732,-0.0010768359061330557,0.5572705864906311,3.3760745525360107,3.364015579223633,6.391364097595215,0.12480282783508301,6.524439811706543,1.2176570515773235,0.0367,,,,
926368,28949,15.467809677124023,7.787951469421387,7.64827823638916,0.029112569987773895,0.0024672956205904484,-0.00026353183784522116,1.905540943145752,-0.00011839639046229422,0.5177046060562134,1.905574083328247,1.855153203010559,6.475485324859619,0.08008749783039093,6.541120529174805,1.21789473916761,0.0437,,,,
927968,28999,12.605481147766113,6.184898376464844,6.379927635192871,0.036914464086294174,0.003740675048902631,-0.0006049734074622393,1.756605625152588,-0.0004904509405605495,0.4090200662612915,2.7458348274230957,2.729696273803711,6.448551654815674,0.0860072448849678,6.534924507141113,1.2181384456363582,0.0407,,,,
929568,29049,14.831833839416504,7.561669826507568,7.223313808441162,0.04214878007769585,0.0047020032070577145,-0.0006103370105847716,1.6944687366485596,-0.0004468180413823575,0.575307309627533,3.1283650398254395,3.0964512825012207,6.426673889160156,0.10922349989414215,6.537093162536621,1.218368949276245,0.0344,,,,
931168,29099,16.562238693237305,9.016096115112305,7.492452621459961,0.0477156825363636,0.005974251311272383,0.0006368192262016237,1.557321310043335,0.0007887708488851786,0.5595946907997131,3.3002612590789795,3.262195348739624,6.52296257019043,0.11521822959184647,6.6382832527160645,1.2185937624581402,0.0627,,,,
932768,29149,14.543473243713379,7.913646697998047,6.5647687911987305,0.05739869549870491,0.007659201510250568,1.6733320080675185e-05,1.6222678422927856,0.00015537068247795105,0.49489325284957886,3.2426304817199707,3.1999073028564453,6.641175746917725,0.10280637443065643,6.7482476234436035,1.2188265854887876,0.0435,,,,
934368,29199,19.665138244628906,11.447667121887207,8.168547630310059,0.04555092379450798,0.0033725774846971035,-0.0016540024662390351,1.5011844635009766,-0.0015091304667294025,0.5597039461135864,3.134492874145508,3.135613441467285,6.639313220977783,0.1096707209944725,6.75269889831543,1.21905477403207,0.054799999999999995,,,,
935968,29249,17.236568450927734,8.789026260375977,8.386022567749023,0.05556437745690346,0.005954535212367773,0.0003467641363386065,1.67460036277771,0.0005009390879422426,0.5543323159217834,2.9621713161468506,2.92627215385437,6.553134441375732,0.15497320890426636,6.703923225402832,1.2192902561696095,0.047799999999999995,,,,
937568,29299,16.745447158813477,9.238873481750488,7.4629974365234375,0.04117745906114578,0.002398713491857052,-0.0027654562145471573,1.5105267763137817,-0.0026143009308725595,0.5673522353172302,3.518036365509033,3.5378975868225098,6.656702041625977,0.1689574420452118,6.834488391876221,1.219526813636648,0.0482,,,,
939168,29349,15.900184631347656,8.144706726074219,7.694843769073486,0.05335426703095436,0.0072802710346877575,-0.0004297293780837208,1.5919554233551025,-0.0003186565008945763,0.4131885766983032,3.503485679626465,3.4548001289367676,6.580240249633789,0.15028925240039825,6.732768535614014,1.2197673202433748,0.0422,,,,
940768,29399,18.598237991333008,10.72830867767334,7.819035053253174,0.04187602922320366,0.009017948992550373,-0.0008984048618003726,1.507491111755371,-0.0007742211455479264,0.4908561110496521,3.3453190326690674,3.3394949436187744,6.527968883514404,0.12678062915802002,6.658690452575684,1.219995200408514,0.047099999999999996,,,,
942368,29449,15.625168800354004,8.0521821975708,7.5368852615356445,0.0351339653134346,0.0009669276187196374,-0.000508358993101865,1.5977718830108643,-0.00034440087620168924,0.5672129392623901,2.8191447257995605,2.796382427215576,6.464101314544678,0.15232990682125092,6.607960224151611,1.2202258619815556,0.0415,,,,
943968,29499,12.778135299682617,5.919597148895264,6.8090739250183105,0.03918096050620079,0.010283345356583595,0.0002811540325637907,1.491409182548523,0.00040252352482639253,0.4316970407962799,3.2986927032470703,3.293461322784424,6.569810390472412,0.1528908908367157,6.719849109649658,1.22047160025613,0.0424,,,,
945568,29549,15.50008773803711,8.009745597839355,7.43960428237915,0.04061625152826309,0.010121611878275871,-0.00022112658189143986,1.6851191520690918,-8.915351645555347e-05,0.49619483947753906,2.5637314319610596,2.5561814308166504,6.522696018218994,0.15291376411914825,6.674877166748047,1.2207133822146976,0.0505,,,,
947168,29599,17.796688079833984,9.856000900268555,7.883960247039795,0.05246332287788391,0.004262798931449652,-0.0012071365490555763,1.6237273216247559,-0.0010513280285522342,0.5642381906509399,3.0293097496032715,3.0059099197387695,6.675167560577393,0.13314270973205566,6.811381816864014,1.2209431674275808,0.0464,,,,
948768,29649,14.966719627380371,8.197919845581055,6.704440116882324,0.054169151932001114,0.010191347450017929,0.00022328816703520715,1.5552055835723877,0.00036188040394335985,0.5181252360343933,3.152015447616577,3.139451503753662,6.580888748168945,0.12311948090791702,6.708948612213135,1.2211786250777112,0.0496,,,,
950368,29699,16.85478401184082,9.05262279510498,7.75223445892334,0.044582609087228775,0.005343453958630562,-0.00047787019866518676,1.6149263381958008,-0.00036964460741728544,0.3969559669494629,2.8536629676818848,2.8360393047332764,6.560761451721191,0.13238245248794556,6.692154407501221,1.2213941336703287,0.0615,,,,
951968,29749,15.570499420166016,8.272729873657227,7.246578693389893,0.046052753925323486,0.005138585343956947,-0.0018684703391045332,1.6304824352264404,-0.0017314688302576542,0.5075911283493042,3.118788242340088,3.124847888946533,6.434780597686768,0.14668874442577362,6.5822296142578125,1.2216322969501232,0.053399999999999996,,,,
953568,29799,18.49723243713379,10.339059829711914,8.09766960144043,0.05358148366212845,0.00692140543833375,0.00030165212228894234,1.6582294702529907,0.000426539801992476,0.4569682776927948,3.372337818145752,3.3315186500549316,6.462730884552002,0.12725134193897247,6.593166351318359,1.2218660285377976,0.0362,,,,
955168,29849,15.107466697692871,7.679127216339111,7.392068386077881,0.03248191624879837,0.0037890279199928045,0.0013783741742372513,1.5531961917877197,0.0015249259304255247,0.5143206715583801,3.2063746452331543,3.1885218620300293,6.425629138946533,0.15102361142635345,6.5783867835998535,1.2220771298228938,0.0472,,,,
956768,29899,19.159671783447266,10.663171768188477,8.43354320526123,0.05767560377717018,0.00528237409889698,0.001175805926322937,1.7079217433929443,0.0013133254833519459,0.4907989799976349,2.7462663650512695,2.7196311950683594,6.286569118499756,0.16875609755516052,6.456429481506348,1.2223042564989608,0.0481,,,,
958368,29949,16.789194107055664,9.543167114257812,7.207703590393066,0.0367206409573555,0.0016046324744820595,-0.0009490790544077754,1.538133978843689,-0.0007725279428996146,0.6395725011825562,2.934110641479492,2.9160819053649902,6.3814311027526855,0.16765348613262177,6.5513386726379395,1.2225240282968357,0.0433,,,,
959968,29999,18.48554801940918,10.189170837402344,8.243821144104004,0.04771523177623749,0.004840706009417772,-0.0013279870618134737,1.6420679092407227,-0.0012004855088889599,0.4770788252353668,2.9685535430908203,2.949530839920044,6.398869514465332,0.13396605849266052,6.5381317138671875,1.222746926297281,0.0455,,,,
961568,30049,17.258453369140625,9.58869743347168,7.6107354164123535,0.047435272485017776,0.011585425585508347,0.0006629403796978295,1.485931158065796,0.0007711909711360931,0.39008432626724243,3.4895782470703125,3.4578371047973633,6.526575088500977,0.1323942244052887,6.661250591278076,1.2120521488603906,0.0413,,,,
963168,30099,14.510156631469727,7.3816447257995605,7.065817832946777,0.04796327278017998,0.014731359668076038,-0.00017368677072227,1.6597933769226074,-6.15633834968321e-05,0.39555123448371887,2.8417954444885254,2.8183462619781494,6.588702201843262,0.1476399451494217,6.728598594665527,1.2122467165155277,0.0391,,,,
964768,30149,17.363967895507812,9.405579566955566,7.904632091522217,0.04761342704296112,0.006143814418464899,-0.0013442767085507512,1.7702484130859375,-0.0012204305967316031,0.4334961175918579,2.412893533706665,2.4178905487060547,6.526576042175293,0.14130736887454987,6.665128231048584,1.212437523634085,0.0482,,,,
966368,30199,15.110217094421387,7.684674263000488,7.356510162353516,0.056958265602588654,0.012074671685695648,-0.0010972674936056137,1.5914443731307983,-0.0009408183395862579,0.6067560315132141,2.972860813140869,2.9448983669281006,6.606889724731445,0.16217683255672455,6.775193691253662,1.2126239038353428,0.0544,,,,
967968,30249,13.916255950927734,7.1709370613098145,6.69470739364624,0.04407971352338791,0.006531289778649807,-0.002425559563562274,1.4078922271728516,-0.002279135398566723,0.5119127631187439,3.5707907676696777,3.579113006591797,6.518226623535156,0.17432087659835815,6.682690143585205,1.2128117593862389,0.043,,,,
969568,30299,14.600577354431152,7.048982620239258,7.496835708618164,0.049013782292604446,0.005744521506130695,-0.0020975947845727205,1.6243536472320557,-0.0019529361743479967,0.5294327735900879,2.509059429168701,2.5072765350341797,6.540424823760986,0.14058838784694672,6.6767401695251465,1.2129970610241674,0.044,,,,
971168,30349,17.753986358642578,10.045025825500488,7.670653820037842,0.03717469796538353,0.0011323685757815838,-0.0015876562101766467,1.5877726078033447,-0.0014567566104233265,0.48413392901420593,2.950091600418091,2.960574150085449,6.516974449157715,0.15502488613128662,6.675718784332275,1.2131875916463195,0.0361,,,,
972768,30399,17.00605010986328,9.211211204528809,7.728580474853516,0.06062641739845276,0.005630828440189362,-0.0020824302919209003,1.5526918172836304,-0.0019454800058156252,0.49514421820640564,2.9800186157226562,2.980405330657959,6.440729141235352,0.17527441680431366,6.618401527404785,1.213377474807932,0.04010000000000001,,,,
974368,30449,15.834457397460938,8.480262756347656,7.304375171661377,0.04750499874353409,0.002314110519364476,-0.00310945394448936,1.672633409500122,-0.002977370982989669,0.47905629873275757,2.596754312515259,2.6080121994018555,6.4058685302734375,0.182920902967453,6.592113494873047,1.2135728654101776,0.0413,,,,
975968,30499,14.135815620422363,7.168813705444336,6.923763751983643,0.04183504730463028,0.0014037762302905321,-0.0015747850993648171,1.5577764511108398,-0.0014387426199391484,0.49049654603004456,2.951958179473877,2.9524717330932617,6.413454055786133,0.15622206032276154,6.575776100158691,1.213770863997231,0.0428,,,,
977568,30549,19.490507125854492,11.300819396972656,8.137377738952637,0.05081215128302574,0.0014963255962356925,-0.0013078560587018728,1.5426950454711914,-0.0011782050132751465,0.4573309123516083,2.7077317237854004,2.7084896564483643,6.494933128356934,0.15307271480560303,6.644959449768066,1.21395249059934,0.047700000000000006,,,,
979168,30599,16.37889289855957,8.520362854003906,7.803536891937256,0.04743761196732521,0.007554588373750448,-0.001363886520266533,1.4908418655395508,-0.0012571120169013739,0.3845495283603668,3.398163318634033,3.3958659172058105,6.446118354797363,0.17359629273414612,6.620254993438721,1.2141424534295615,0.0466,,,,
980768,30649,14.643762588500977,8.033374786376953,6.5679473876953125,0.039220668375492096,0.0032198899425566196,-0.0010536207119002938,1.6960824728012085,-0.0009320193203166127,0.436670184135437,2.756777048110962,2.7300479412078857,6.333242416381836,0.18421034514904022,6.519282341003418,1.2143224034818003,0.044,,,,
982368,30699,16.380619049072266,8.710562705993652,7.6084818840026855,0.05279311537742615,0.008780734613537788,-0.00012492742098402232,1.7896265983581543,-1.099670771509409e-05,0.4282362163066864,3.094137191772461,3.052539825439453,6.406214714050293,0.2052498161792755,6.6168036460876465,1.214499522490415,0.0517,,,,
983968,30749,13.288006782531738,6.283048152923584,6.953017711639404,0.04432745650410652,0.007612929679453373,0.001083639799617231,1.5658669471740723,0.0012199520133435726,0.47032487392425537,3.315697193145752,3.3042497634887695,6.518537998199463,0.1879296898841858,6.705909252166748,1.2146807657780176,0.053399999999999996,,,,
985568,30799,15.996006965637207,8.583990097045898,7.36897611618042,0.03922368586063385,0.0038165145087987185,-0.0023185405880212784,1.5413622856140137,-0.002169389743357897,0.5255916118621826,3.316373109817505,3.310596227645874,6.599639415740967,0.1794263869524002,6.782542705535889,1.2148566731602048,0.05,,,,
987168,30849,14.866846084594727,7.623030662536621,7.170787811279297,0.05799762159585953,0.015029741451144218,-0.0005307064275257289,1.5899494886398315,-0.00041517941281199455,0.4111856520175934,3.3499653339385986,3.327754020690918,6.6186442375183105,0.18581606447696686,6.8083624839782715,1.2150336957582433,0.0395,,,,
988768,30899,14.28877067565918,6.890486240386963,7.369640350341797,0.027104349806904793,0.0015403528232127428,-0.00041841762140393257,1.5636239051818848,-0.0003048962098546326,0.39418068528175354,3.2390623092651367,3.2311511039733887,6.511430263519287,0.1992999166250229,6.707329750061035,1.2152236798189946,0.0511,,,,
990368,30949,18.687625885009766,10.21330738067627,8.415319442749023,0.048764247447252274,0.010232004337012768,-0.0029362011700868607,1.628131628036499,-0.002825442235916853,0.39888647198677063,3.2118773460388184,3.215986728668213,6.4405436515808105,0.20829574763774872,6.652428150177002,1.2153890209436549,0.0631,,,,
991968,30999,14.77174186706543,7.530486106872559,7.192446708679199,0.04331333190202713,0.005495595280081034,0.0016803373582661152,1.555617332458496,0.001856288523413241,0.6418440341949463,2.713780164718628,2.683244466781616,6.477876663208008,0.17301228642463684,6.647191047668457,1.2155816249013203,0.0237,,,,
993568,31049,16.770811080932617,8.48906135559082,8.232264518737793,0.04704650864005089,0.0024401191622018814,-0.0020783613435924053,1.5808871984481812,-0.0019571285229176283,0.43919670581817627,2.966491222381592,2.9856667518615723,6.498076915740967,0.19767890870571136,6.701178550720215,1.2157751438236684,0.04209999999999999,,,,
995168,31099,16.964069366455078,9.095109939575195,7.8182454109191895,0.04439328610897064,0.0063200159929692745,0.0010754645336419344,1.5054988861083984,0.0012159135658293962,0.4896653890609741,3.5449347496032715,3.5102884769439697,6.508690357208252,0.21824248135089874,6.726346969604492,1.2159524934372374,0.04019999999999999,,,,
996768,31149,16.721492767333984,8.731071472167969,7.933862686157227,0.051602911204099655,0.004954589996486902,-3.919903974747285e-05,1.6273841857910156,8.751537097850814e-05,0.45888960361480713,2.605707883834839,2.5902297496795654,6.55207633972168,0.2220134437084198,6.770710468292236,1.2161278585297832,0.0523,,,,
998368,31199,17.919347763061523,9.547039985656738,8.30997085571289,0.053779635578393936,0.008558152243494987,-0.0006336495862342417,1.6403223276138306,-0.0004991682944819331,0.48175305128097534,2.9110653400421143,2.8993473052978516,6.536568641662598,0.2185201644897461,6.75852108001709,1.21630266479372,0.0479,,,,
999968,31249,21.71405029296875,13.458003997802734,8.205010414123535,0.04744498431682587,0.0035914857871830463,-0.0011305713560432196,1.5805398225784302,-0.0010162211256101727,0.40663084387779236,3.217154026031494,3.211089611053467,6.5138139724731445,0.22099114954471588,6.741240978240967,1.2164902890065008,0.0356,,,,
1001568,31299,16.817543029785156,8.888842582702637,7.872004985809326,0.054985370486974716,0.0017116866074502468,-0.0006351597257889807,1.6327614784240723,-0.0005113221704959869,0.44333720207214355,2.561908483505249,2.5584094524383545,6.492415904998779,0.21146203577518463,6.699377059936523,1.2166811456048463,0.043699999999999996,,,,
1003168,31349,19.197391510009766,10.565303802490234,8.571455955505371,0.05058858543634415,0.01004199218004942,-9.291541937272996e-05,1.4821749925613403,5.0812988774850965e-05,0.5175915956497192,3.453706741333008,3.4255800247192383,6.388916015625,0.2621498107910156,6.65388822555542,1.2168508572462684,0.0437,,,,
1004768,31399,16.657243728637695,8.835533142089844,7.775978088378906,0.0416380874812603,0.004094874486327171,-0.0027099044527858496,1.7472152709960938,-0.0025712416972965,0.4921441972255707,2.7009129524230957,2.7137742042541504,6.504272937774658,0.22658243775367737,6.730895519256592,1.2170314741255779,0.0392,,,,
1006368,31449,16.218570709228516,8.457771301269531,7.714007377624512,0.04158004745841026,0.0052102105692029,0.0022495852317661047,1.7150626182556152,0.002392931142821908,0.5022141337394714,2.5290541648864746,2.4674975872039795,6.499443054199219,0.2073957473039627,6.697673797607422,1.2171978272341097,0.0305,,,,
1007968,31499,15.816741943359375,8.386140823364258,7.391801834106445,0.037901025265455246,0.0008984431042335927,-0.0021188349928706884,1.5854005813598633,-0.0019728122279047966,0.5244274139404297,3.3945744037628174,3.40120005607605,6.46380090713501,0.21280640363693237,6.681211948394775,1.2173791068901991,0.0448,,,,
1009568,31549,17.083101272583008,8.966527938842773,8.069808006286621,0.04251362383365631,0.004253462888300419,0.0011978354305028915,1.5602182149887085,0.0013413862325251102,0.5391855835914612,3.1658945083618164,3.130410671234131,6.402384281158447,0.23085340857505798,6.6426801681518555,1.217554528788956,0.04390000000000001,,,,
1011168,31599,17.168529510498047,9.248871803283691,7.869220733642578,0.04552479088306427,0.004912384320050478,-0.0009208809351548553,1.6504802703857422,-0.0008095215307548642,0.39679965376853943,2.978576183319092,2.9606118202209473,6.518045902252197,0.20973892509937286,6.731667995452881,1.217733647187016,0.0352,,,,
1012768,31649,21.693849563598633,14.064285278320312,7.579927921295166,0.04374176636338234,0.005894804839044809,0.0010029345285147429,1.6477948427200317,0.0011146320030093193,0.39586395025253296,2.9035086631774902,2.8660778999328613,6.466325759887695,0.21862657368183136,6.685426712036133,1.2179155761598068,0.0437,,,,
1014368,31699,18.359825134277344,10.464685440063477,7.837535381317139,0.05582059919834137,0.0017833333695307374,0.00035809300607070327,1.5156588554382324,0.0004861807101406157,0.447013258934021,2.89263916015625,2.8780970573425293,6.4642510414123535,0.19731059670448303,6.662046909332275,1.2180966773781514,0.049,,,,
1015968,31749,18.59321403503418,9.998578071594238,8.52094841003418,0.06510760635137558,0.008579139597713947,-0.0004665941814891994,1.590407133102417,-0.00034100181073881686,0.44848915934562683,2.4598236083984375,2.4466495513916016,6.405760288238525,0.2011551707983017,6.596027374267578,1.2182564735000632,0.0565,,,,
1017568,31799,15.202712059020996,8.29049301147461,6.872221946716309,0.03914182633161545,0.0008558499393984675,0.0011688636150211096,1.7479727268218994,0.0012837368994951248,0.4066014587879181,3.175232172012329,3.1079769134521484,6.454427719116211,0.21156097948551178,6.670555591583252,1.218420592920737,0.0405,,,,
1019168,31849,16.200597763061523,8.336155891418457,7.818170547485352,0.04251698777079582,0.0037528243847191334,8.730601257411763e-05,1.7547852993011475,0.0001995846105273813,0.4147821068763733,2.5981993675231934,2.5803754329681396,6.602237701416016,0.19697406888008118,6.7988600730896,1.2185909596238704,0.048100000000000004,,,,
1020768,31899,17.764907836914062,9.32475757598877,8.40730094909668,0.029699072241783142,0.0031494253780692816,-0.0006579689215868711,1.560105323791504,-0.0005510249175131321,0.37003642320632935,3.323593854904175,3.3123834133148193,6.6419997215271,0.19023320078849792,6.836517333984375,1.2187584450289195,0.04580000000000001,,,,
1022368,31949,12.536178588867188,5.989069938659668,6.501051902770996,0.04174865409731865,0.004307929426431656,0.0005674874410033226,1.7467434406280518,0.0006981926271691918,0.47708967328071594,2.979241132736206,2.9210257530212402,6.690232753753662,0.1796909123659134,6.876521110534668,1.2189271225583103,0.040799999999999996,,,,
1023968,31999,15.963789939880371,7.972860813140869,7.929075241088867,0.052940353751182556,0.008914233185350895,-0.00036463767173700035,1.5141149759292603,-0.000248326628934592,0.4203234314918518,3.060251235961914,3.0535340309143066,6.60538911819458,0.2154923528432846,6.827674865722656,1.2191001539411026,0.0505,,,,
1025568,32049,15.33602237701416,7.974132061004639,7.305067539215088,0.048599548637866974,0.008223875425755978,-0.0012214079033583403,1.6214501857757568,-0.0010881253983825445,0.46801257133483887,3.1582067012786865,3.1327576637268066,6.6818366050720215,0.19756512343883514,6.883504390716553,1.2192633192852262,0.0496,,,,
1027168,32099,18.37112045288086,9.971085548400879,8.318254470825195,0.07286667823791504,0.00891220010817051,0.0012013072846457362,1.7158026695251465,0.0013584322296082973,0.553260862827301,2.0958199501037598,2.0494096279144287,6.675847053527832,0.1588093489408493,6.8186211585998535,1.2194336350001242,0.0469,,,,
1028768,32149,19.091670989990234,10.127068519592285,8.907035827636719,0.05542721226811409,0.002140868455171585,0.00019266798335593194,1.673207402229309,0.00030457935645245016,0.40214794874191284,3.0052988529205322,2.971348524093628,6.771506309509277,0.19470606744289398,6.9661173820495605,1.2195991232742962,0.049199999999999994,,,,
1030368,32199,18.604360580444336,10.325233459472656,8.224568367004395,0.04408702254295349,0.010473494417965412,0.000194955340703018,1.5593369007110596,0.00032510669552721083,0.4586610794067383,3.465911388397217,3.4531095027923584,6.79325008392334,0.18530939519405365,6.973830223083496,1.2197631512642604,0.0448,,,,
1031968,32249,19.67835807800293,11.43749713897705,8.172289848327637,0.060558199882507324,0.00801323726773262,-0.0008484476711601019,1.7192316055297852,-0.0007035194430500269,0.5378313660621643,3.000877857208252,2.985121488571167,6.963946342468262,0.1810377538204193,7.150504112243652,1.2199379669249326,0.0417,,,,
1033568,32299,17.928375244140625,10.104079246520996,7.776716232299805,0.04663028195500374,0.0009494668920524418,-0.001549535314552486,1.414006233215332,-0.001428143703378737,0.42720144987106323,4.135566711425781,4.1311235427856445,6.851390361785889,0.21752214431762695,7.065092086791992,1.220094926985608,0.053399999999999996,,,,
1035168,32349,20.704713821411133,12.02172565460205,8.627147674560547,0.05015106499195099,0.00568899093195796,-0.0004356000863481313,1.6443688869476318,-0.000327192508848384,0.3794042766094208,3.1536734104156494,3.1266160011291504,6.954983711242676,0.19085851311683655,7.142926216125488,1.2202727500650008,0.04390000000000001,,,,
1036768,32399,19.409955978393555,10.288665771484375,9.069896697998047,0.0500766783952713,0.001315711298957467,0.0012841973220929503,1.585631012916565,0.0013952122535556555,0.4032764434814453,3.043790578842163,3.009394407272339,7.007216453552246,0.20309299230575562,7.213155746459961,1.2204403280500737,0.0412,,,,
1038368,32449,15.462258338928223,8.086376190185547,7.322915077209473,0.04695954546332359,0.006007375195622444,-0.0019792665261775255,1.7236179113388062,-0.0018639921909198165,0.4224071800708771,3.3334105014801025,3.3232321739196777,6.8599934577941895,0.2287825495004654,7.097019672393799,1.2205985388208092,0.0554,,,,
1039968,32499,13.516952514648438,6.687994003295898,6.789474010467529,0.03551951050758362,0.003964587580412626,-0.0013980531366541982,1.785681962966919,-0.0012770501198247075,0.4414290189743042,2.3252174854278564,2.3213560581207275,6.834343433380127,0.20647044479846954,7.033286094665527,1.2207551003532446,0.0485,,,,
1041568,32549,17.349884033203125,9.62404727935791,7.670877456665039,0.05325690656900406,0.0017007183050736785,-0.0004925209796056151,1.635124921798706,-0.0003768844180740416,0.4088514447212219,2.837613105773926,2.82708477973938,6.811466217041016,0.20494981110095978,7.013820648193359,1.210479179768481,0.0437,,,,
1043168,32599,16.110774993896484,8.038978576660156,8.022790908813477,0.04452657699584961,0.00447834050282836,-0.0013784585753455758,1.5718417167663574,-0.0012482155580073595,0.4769216775894165,3.0508995056152344,3.0311191082000732,6.82756233215332,0.20918916165828705,7.034854888916016,1.2106753843034084,0.0363,,,,
1044768,32649,21.48082733154297,12.797908782958984,8.637831687927246,0.04290243238210678,0.002184789627790451,-0.0013658745447173715,1.573167324066162,-0.0012607926037162542,0.37372589111328125,3.061028242111206,3.0793089866638184,6.820892333984375,0.19554154574871063,7.007598876953125,1.2108524485348306,0.0453,,,,
1046368,32699,22.124752044677734,12.410186767578125,9.662765502929688,0.04815208539366722,0.003647181438282132,-0.0010479463962838054,1.624589204788208,-0.0009270959999412298,0.43323224782943726,3.0176024436950684,2.9997663497924805,6.7652387619018555,0.16457992792129517,6.9282708168029785,1.21104244516481,0.041400000000000006,,,,
1047968,32749,16.67456817626953,9.144431114196777,7.489677429199219,0.03651690483093262,0.003942382987588644,-1.080504443962127e-05,1.564711093902588,0.00012104545021429658,0.4776635468006134,3.3601503372192383,3.3389153480529785,6.702907085418701,0.1759619563817978,6.875803470611572,1.2112242397171677,0.049,,,,
1049568,32799,17.66212272644043,9.222023010253906,8.376347541809082,0.06043257191777229,0.003320344490930438,0.001110866549424827,1.6505892276763916,0.0012178677134215832,0.3832866847515106,2.9732260704040527,2.9313173294067383,6.659252643585205,0.18253149092197418,6.844820022583008,1.211389129374276,0.052,,,,
1051168,32849,16.645503997802734,9.065462112426758,7.521069049835205,0.054639287292957306,0.004334062337875366,0.0008584781899116933,1.6997278928756714,0.0009843340376392007,0.4490722119808197,3.4932422637939453,3.4334025382995605,6.712698459625244,0.17271073162555695,6.892672061920166,1.21156844780465,0.0476,,,,
1052768,32899,20.890735626220703,11.792121887207031,9.043838500976562,0.051233820617198944,0.0035418416373431683,0.00041330832755193114,1.6408882141113281,0.0005587968626059592,0.5148270726203918,2.074666738510132,2.0644149780273438,6.752602577209473,0.18626169860363007,6.935304164886475,1.2117267721541947,0.0495,,,,
1054368,32949,24.29364585876465,15.321600914001465,8.917621612548828,0.05032271519303322,0.0040979767218232155,-0.00032553114579059184,1.5993573665618896,-0.00022351572988554835,0.36803609132766724,3.261721134185791,3.2395107746124268,6.782585144042969,0.17476797103881836,6.9645185470581055,1.211898028846251,0.05140000000000001,,,,
1055968,32999,17.128782272338867,9.365606307983398,7.71237850189209,0.047062989324331284,0.0037346300669014454,-0.0006436322582885623,1.5777784585952759,-0.0005285183433443308,0.40248751640319824,3.6951353549957275,3.6691346168518066,6.860619068145752,0.15751023590564728,7.010059356689453,1.212081496709972,0.0512,,,,
1057568,33049,17.122583389282227,9.188456535339355,7.8792033195495605,0.04638682305812836,0.008537622168660164,-0.0009304481791332364,1.6309605836868286,-0.0008167437626980245,0.40394070744514465,2.7325754165649414,2.730642080307007,6.824856758117676,0.19632753729820251,7.021237373352051,1.2122553206284692,0.039200000000000006,,,,
1059168,33099,14.461824417114258,7.403039932250977,7.023537635803223,0.030932046473026276,0.004314769990742207,-0.001243414357304573,1.575101613998413,-0.0011296069715172052,0.40747272968292236,3.330134630203247,3.3414816856384277,7.011411666870117,0.16120122373104095,7.170290470123291,1.212433808471479,0.0482,,,,
1060768,33149,16.561344146728516,8.602555274963379,7.9162445068359375,0.04209398478269577,0.0004512974410317838,-0.000603719032369554,1.6543264389038086,-0.00047973700566217303,0.44068285822868347,2.9631540775299072,2.957244873046875,6.97890043258667,0.16725805401802063,7.152569770812988,1.2126188965208795,0.060099999999999994,,,,
1062368,33199,16.170015335083008,8.166743278503418,7.9538679122924805,0.04561648890376091,0.0037886921782046556,-0.0015519935404881835,1.5603119134902954,-0.0014366083778440952,0.4090549647808075,3.604995012283325,3.621401786804199,6.9308671951293945,0.17892615497112274,7.112204074859619,1.2127976641646057,0.0356,,,,
1063968,33249,13.497773170471191,6.681602478027344,6.763019561767578,0.0500875748693943,0.00306335580535233,-0.0006931034149602056,1.7092227935791016,-0.0005961960414424539,0.3445236384868622,2.839684009552002,2.8273727893829346,6.802441120147705,0.16540619730949402,6.971362590789795,1.212985228925604,0.041100000000000005,,,,
1065568,33299,16.72705078125,8.881342887878418,7.789283752441406,0.05439797416329384,0.002025302266702056,-0.001258646254427731,1.591923475265503,-0.0011586373439058661,0.35983535647392273,2.9173173904418945,2.9211487770080566,6.800698280334473,0.19210205972194672,6.990941524505615,1.213169372630575,0.0428,,,,
1067168,33349,19.018857955932617,10.408512115478516,8.573217391967773,0.033571068197488785,0.003556338371708989,-0.0010343990288674831,1.650447130203247,-0.0009271838935092092,0.37104514241218567,3.0048508644104004,2.991537570953369,6.7896409034729,0.19731324911117554,6.983046531677246,1.2133303343431059,0.03440000000000001,,,,
1068768,33399,13.712395668029785,7.139522552490234,6.532842636108398,0.03851466625928879,0.001515591749921441,-0.000343533989507705,1.6288793087005615,-0.0002160382573492825,0.45058155059814453,2.7055246829986572,2.697904586791992,6.764079570770264,0.18078725039958954,6.943964958190918,1.2135010530417882,0.0544,,,,
1070368,33449,16.476181030273438,8.547670364379883,7.89508056640625,0.03220943734049797,0.0012201134813949466,0.00044864509254693985,1.6312203407287598,0.0005771282594650984,0.4601520895957947,3.1136584281921387,3.0967812538146973,6.727018356323242,0.20713578164577484,6.934087753295898,1.2136738273097771,0.0408,,,,
1071968,33499,16.972801208496094,8.849908828735352,8.025697708129883,0.09080875664949417,0.006384856067597866,4.8388930736109614e-05,1.756284236907959,0.00015031172370072454,0.35403889417648315,2.437387704849243,2.402850389480591,6.707245349884033,0.21270059049129486,6.908980846405029,1.2138420904732166,0.0514,,,,
1073568,33549,19.453210830688477,11.383583068847656,7.996482849121094,0.06284273415803909,0.010302222333848476,-0.0005544627201743424,1.561858057975769,-0.00044320622691884637,0.3946872651576996,2.9691057205200195,2.9529316425323486,6.629072666168213,0.20760589838027954,6.831127643585205,1.214013148958996,0.047099999999999996,,,,
1075168,33599,17.10598373413086,8.993834495544434,8.063702583312988,0.04384710639715195,0.004597922321408987,-0.001581239397637546,1.6832367181777954,-0.0014371525030583143,0.5059263110160828,3.0668551921844482,3.0617716312408447,6.694623947143555,0.1726403534412384,6.865714073181152,1.2141758973112282,0.030100000000000002,,,,
1076768,33649,17.06698989868164,9.168431282043457,7.829139709472656,0.060380060225725174,0.009038079530000687,-0.0012719101505354047,1.4960803985595703,-0.001165810157544911,0.3792535066604614,3.7432682514190674,3.748157501220703,6.882774829864502,0.17464226484298706,7.047940254211426,1.2143594042528771,0.0428,,,,
1078368,33699,14.677918434143066,7.444295883178711,7.1634602546691895,0.06027671694755554,0.009885787963867188,-0.00015921232989057899,1.725129246711731,-4.577833169605583e-05,0.39442163705825806,3.3276963233947754,3.2973244190216064,6.970358848571777,0.18924503028392792,7.163295745849609,1.2145326776580487,0.0482,,,,
1079968,33749,14.032489776611328,6.880556583404541,7.118920803070068,0.03122570365667343,0.0017866090638563037,-0.0026859045028686523,1.6412601470947266,-0.0025533002335578203,0.47164231538772583,3.0624635219573975,3.0779330730438232,6.995351314544678,0.20833507180213928,7.205597877502441,1.2147005150085786,0.038,,,,
1081568,33799,18.76111602783203,9.740800857543945,8.973312377929688,0.03954695537686348,0.007455522660166025,0.001489680609665811,1.706327199935913,0.001589173567481339,0.34961000084877014,2.8039321899414062,2.739630699157715,7.062273979187012,0.19540788233280182,7.251987934112549,1.2148731411715634,0.0487,,,,
1083168,33849,18.82303237915039,10.663134574890137,8.110334396362305,0.04377741366624832,0.005787034053355455,0.00022318263654597104,1.7008662223815918,0.00034740351838991046,0.4363645315170288,2.929708480834961,2.878737211227417,7.155276775360107,0.185140922665596,7.335203170776367,1.2150411338838145,0.0412,,,,
1084768,33899,18.320859909057617,10.224306106567383,8.038250923156738,0.05276757478713989,0.00553502282127738,0.0010911176213994622,1.830143928527832,0.0011929675238206983,0.3510671555995941,2.8866758346557617,2.824162006378174,7.047106742858887,0.21217671036720276,7.251382350921631,1.2152024308480567,0.060599999999999994,,,,
1086368,33949,17.320194244384766,9.078417778015137,8.191934585571289,0.0464191734790802,0.0034232325851917267,0.0010818799491971731,1.582566261291504,0.0012294091284275055,0.522114634513855,2.906586170196533,2.875283718109131,7.149712085723877,0.20650584995746613,7.353391647338867,1.2153810774053886,0.0438,,,,
1087968,33999,18.15413475036621,10.200133323669434,7.893758773803711,0.054525475949048996,0.00571875274181366,-0.0002863738336600363,1.6249780654907227,-0.0001535835035610944,0.4687884747982025,3.0708401203155518,3.053544521331787,7.1402506828308105,0.19645839929580688,7.341634273529053,1.215562795054521,0.0479,,,,
1089568,34049,15.323408126831055,8.404244422912598,6.8566484451293945,0.053591590374708176,0.008923419751226902,-0.001137260696850717,1.6955881118774414,-0.0009975885041058064,0.4859037697315216,2.74153470993042,2.727396011352539,7.156637668609619,0.21248085796833038,7.3640899658203125,1.2157238378404838,0.0448,,,,
1091168,34099,19.214521408081055,11.403097152709961,7.759340286254883,0.049079567193984985,0.003003910183906555,-0.0001406094233971089,1.6488536596298218,-3.7622812669724226e-05,0.36802932620048523,3.4122796058654785,3.379183053970337,7.084217071533203,0.2264510542154312,7.313662052154541,1.2158932347546219,0.0345,,,,
1092768,34149,14.911601066589355,7.603860378265381,7.253325462341309,0.04464966431260109,0.009765174239873886,0.00011120690032839775,1.5210301876068115,0.00023484975099563599,0.4423234462738037,4.248377799987793,4.2302422523498535,7.09541654586792,0.20127764344215393,7.302056789398193,1.216062261473709,0.051,,,,
1094368,34199,19.782468795776367,11.299778938293457,8.419301986694336,0.054726943373680115,0.008659240789711475,-0.0016085979295894504,1.538395881652832,-0.0015017867553979158,0.38041067123413086,3.6056950092315674,3.612694025039673,6.978178977966309,0.2114723026752472,7.19232177734375,1.2162307925279376,0.037700000000000004,,,,
1095968,34249,20.89220428466797,12.180112838745117,8.64771842956543,0.05933598428964615,0.005038175731897354,7.699127309024334e-06,1.7018855810165405,0.00012230653373990208,0.42638885974884033,3.075474739074707,3.0490760803222656,7.078222751617432,0.22278006374835968,7.304506301879883,1.2163982584987652,0.047900000000000005,,,,
1097568,34299,14.917932510375977,7.965476989746094,6.902885437011719,0.04518922045826912,0.0043811677023768425,-0.0010266534518450499,1.7851600646972656,-0.0009130522375926375,0.40431681275367737,2.6204662322998047,2.6221747398376465,7.147409915924072,0.20407605171203613,7.3337788581848145,1.2165636642655981,0.045200000000000004,,,,
1099168,34349,18.420915603637695,10.346145629882812,8.012345314025879,0.051594071090221405,0.010831968858838081,-0.0008223124896176159,1.7061213254928589,-0.0006877774721942842,0.47240307927131653,2.453266143798828,2.435973644256592,7.148488998413086,0.21224825084209442,7.345799446105957,1.216729234748534,0.046900000000000004,,,,
1100768,34399,16.320573806762695,9.354963302612305,6.893078804016113,0.06740116328001022,0.00512893358245492,-0.0004677156393881887,1.5689244270324707,-0.0003523574850987643,0.39948439598083496,3.2004201412200928,3.171762704849243,7.05949592590332,0.1907719224691391,7.252669811248779,1.2168982698439748,0.0504,,,,
1102368,34449,17.63320541381836,9.150300979614258,8.447427749633789,0.03458940237760544,0.0008873292244970798,-0.000698208692483604,1.607674479484558,-0.000603324908297509,0.3409091830253601,3.431544065475464,3.4336156845092773,7.066112995147705,0.18327590823173523,7.252683162689209,1.2170539413890376,0.0443,,,,
1103968,34499,15.2368803024292,7.8508501052856445,7.324207305908203,0.059881918132305145,0.001940588466823101,-0.00025483767967671156,1.5381407737731934,-0.00013598577061202377,0.43652239441871643,3.5931639671325684,3.5900120735168457,7.166365623474121,0.1783612072467804,7.349596977233887,1.2172142863992392,0.044599999999999994,,,,
1105568,34549,22.248788833618164,12.935617446899414,9.2648344039917,0.047029078006744385,0.0013088625855743885,-0.0015498374123126268,1.5245075225830078,-0.0014323137002065778,0.42015472054481506,2.833037853240967,2.834803819656372,7.09562349319458,0.18968550860881805,7.285544395446777,1.217379317372949,0.0385,,,,
1107168,34599,17.646888732910156,9.885669708251953,7.687829494476318,0.06725235283374786,0.006135249976068735,-0.0015409871703013778,1.5154268741607666,-0.0014309685211628675,0.38684791326522827,3.324617862701416,3.3183488845825195,6.958242893218994,0.18347994983196259,7.137350559234619,1.2175458394261816,0.038200000000000005,,,,
1108768,34649,15.923681259155273,8.215546607971191,7.646669864654541,0.05786077678203583,0.003603487042710185,-0.0019129669526591897,1.6066895723342896,-0.0018031495856121182,0.3946685194969177,3.4670839309692383,3.4581689834594727,6.957174301147461,0.18735268712043762,7.150885105133057,1.217714047459723,0.0446,,,,
1110368,34699,18.244123458862305,9.297545433044434,8.893824577331543,0.050656478852033615,0.002096322365105152,-0.0004998407093808055,1.6395163536071777,-0.00035754265263676643,0.5231307744979858,2.3146779537200928,2.2992448806762695,6.921506404876709,0.21437470614910126,7.134302139282227,1.2178771859551403,0.0413,,,,
1111968,34749,16.5168399810791,8.916341781616211,7.5537919998168945,0.038007259368896484,0.008698326535522938,-0.0021748302970081568,1.4911458492279053,-0.00207114708609879,0.36980730295181274,3.403228521347046,3.406689167022705,6.877918243408203,0.22879691421985626,7.106386184692383,1.218030521298812,0.0445,,,,
1113568,34799,18.77923583984375,10.510943412780762,8.210226058959961,0.052648767828941345,0.005418102256953716,0.00015867793990764767,1.7288427352905273,0.0002878840605262667,0.46883469820022583,2.451282501220703,2.4245376586914062,6.855069637298584,0.1879274696111679,7.042296886444092,1.2181895183458749,0.039,,,,
1115168,34849,17.556180953979492,9.431110382080078,8.075627326965332,0.046794433146715164,0.0026487535797059536,0.0015690677100792527,1.6428080797195435,0.0017040452221408486,0.4739207625389099,2.927130937576294,2.899773120880127,6.887049674987793,0.1749357134103775,7.062679290771484,1.2183545624242749,0.045700000000000005,,,,
1116768,34899,17.453794479370117,9.859145164489746,7.522010803222656,0.0640282854437828,0.008609100244939327,0.0009564404026605189,1.487614393234253,0.0010814761044457555,0.44071143865585327,3.523500680923462,3.485910177230835,7.185118675231934,0.18931317329406738,7.374011993408203,1.2185126211408828,0.053700000000000005,,,,
1118368,34949,17.38034439086914,9.342170715332031,8.00682258605957,0.030125727877020836,0.0012241951189935207,-0.0019656489603221416,1.6093015670776367,-0.0018403197173029184,0.4488997459411621,3.1263318061828613,3.1248741149902344,7.250132083892822,0.20043036341667175,7.45443868637085,1.2186715944616355,0.055600000000000004,,,,
1119968,34999,19.934661865234375,11.449241638183594,8.430778503417969,0.05124613642692566,0.0033956316765397787,-0.001572794048115611,1.576493740081787,-0.0014542797580361366,0.42521944642066956,3.673356294631958,3.657829999923706,7.368133544921875,0.17292174696922302,7.542180061340332,1.21880346286414,0.0536,,,,
1121568,35049,18.89133071899414,10.475518226623535,8.358436584472656,0.053551819175481796,0.0038235685788094997,-0.0018073595128953457,1.5637714862823486,-0.0016994751058518887,0.3937632739543915,3.340397596359253,3.347034454345703,7.2087578773498535,0.16702985763549805,7.381662845611572,1.2089675582739197,0.0396,,,,
1123168,35099,17.212316513061523,9.22411060333252,7.932855129241943,0.04428977519273758,0.011060643009841442,0.0006822313880547881,1.6824345588684082,0.0007855920121073723,0.35867840051651,3.3719322681427,3.35972261428833,7.190918922424316,0.1822095811367035,7.377616882324219,1.2091277107435106,0.035199999999999995,,,,
1124768,35149,17.559284210205078,9.526341438293457,7.967986583709717,0.05733225867152214,0.007624572142958641,-0.0016958938213065267,1.511038064956665,-0.001577412593178451,0.4147859215736389,3.334522247314453,3.3341617584228516,7.291620254516602,0.1842866837978363,7.479071140289307,1.2092967089613385,0.0482,,,,
1126368,35199,18.088720321655273,9.42934513092041,8.602672576904297,0.05570803955197334,0.0009950135136023164,-0.0011230643140152097,1.5109926462173462,-0.0009782544802874327,0.5092625617980957,3.550480604171753,3.540778398513794,7.215022563934326,0.15006482601165771,7.361916542053223,1.2094729147185996,0.029700000000000004,,,,
1127968,35249,18.118558883666992,10.336568832397461,7.734333038330078,0.04623815044760704,0.0014198097633197904,-0.0019251629710197449,1.5795758962631226,-0.001770366565324366,0.5556223392486572,3.4116010665893555,3.4033010005950928,7.0915350914001465,0.1744941771030426,7.270459175109863,1.2096259262257283,0.042800000000000005,,,,
1129568,35299,16.816362380981445,8.37845230102539,8.369405746459961,0.061733830720186234,0.006771532353013754,-0.0016920134657993913,1.753143072128296,-0.001569691812619567,0.4258856773376465,2.311784505844116,2.308685779571533,7.178575038909912,0.1256895810365677,7.303137302398682,1.2097842861653676,0.0525,,,,
1131168,35349,22.278417587280273,13.603368759155273,8.624967575073242,0.047108590602874756,0.0029743702616542578,0.0002460458781570196,1.6868289709091187,0.0003560369659680873,0.4138682782649994,3.5508532524108887,3.51127552986145,7.232414245605469,0.1417115181684494,7.38088321685791,1.2099534287478404,0.0429,,,,
1132768,35399,20.017234802246094,11.440326690673828,8.514942169189453,0.05798143893480301,0.0039840335957705975,0.0002288989198859781,1.6616562604904175,0.00033079247805289924,0.3678608536720276,3.2749760150909424,3.2408416271209717,7.272354602813721,0.1451949179172516,7.421118259429932,1.2101146517795045,0.042300000000000004,,,,
1134368,35449,20.490262985229492,12.227949142456055,8.222952842712402,0.03893415257334709,0.00042638537706807256,-0.001843952341005206,1.578253984451294,-0.0017269232776015997,0.432006299495697,3.815624475479126,3.8208377361297607,7.237313270568848,0.15607543289661407,7.403250694274902,1.2102735087447445,0.0437,,,,
1135968,35499,17.97579574584961,9.494829177856445,8.429037094116211,0.05087881535291672,0.001051112194545567,-0.0016021167393773794,1.6037206649780273,-0.0014945711009204388,0.38259342312812805,3.7904391288757324,3.78969144821167,7.099069595336914,0.1456281691789627,7.249444007873535,1.210433843110636,0.0394,,,,
1137568,35549,19.813995361328125,11.407851219177246,8.345693588256836,0.05739814415574074,0.0030541294254362583,0.00021866752649657428,1.559227466583252,0.00034482157207094133,0.4547097384929657,3.3264522552490234,3.2889742851257324,7.084552764892578,0.13958588242530823,7.223329544067383,1.2106019946402344,0.0565,,,,
1139168,35599,19.727163314819336,10.730573654174805,8.923892974853516,0.06715439260005951,0.005542334634810686,-0.0007811733521521091,1.5532021522521973,-0.0006536552682518959,0.466773122549057,3.938744068145752,3.9331319332122803,7.119087219238281,0.12727360427379608,7.2538981437683105,1.2107636519852059,0.048799999999999996,,,,
1140768,35649,18.537750244140625,9.936768531799316,8.535414695739746,0.06227647140622139,0.0032899309881031513,2.3553540813736618e-05,1.655042052268982,0.00012446939945220947,0.36588120460510254,2.8478593826293945,2.8454949855804443,7.146474361419678,0.1463548243045807,7.290981292724609,1.210910436141192,0.06689999999999999,,,,
1142368,35699,20.629667282104492,12.20895767211914,8.349515914916992,0.06316449493169785,0.00802997313439846,-0.0009776015067473054,1.5901823043823242,-0.000870751217007637,0.3684447407722473,2.8414084911346436,2.8186728954315186,7.060777187347412,0.20081086456775665,7.249210357666016,1.2110762536367505,0.038299999999999994,,,,
1143968,35749,17.03575325012207,8.860517501831055,8.133100509643555,0.040846534073352814,0.0012894131941720843,-0.0007156025385484099,1.5855629444122314,-0.0006112868431955576,0.3688509464263916,3.54199481010437,3.499075174331665,6.998102188110352,0.19556300342082977,7.198172569274902,1.211241392090042,0.0363,,,,
1145568,35799,19.54522705078125,10.787923812866211,8.707653999328613,0.046044595539569855,0.0036025659646838903,-0.001016688533127308,1.725306749343872,-0.0008986121392808855,0.41733312606811523,2.75703763961792,2.7478890419006348,7.1150221824646,0.2100967913866043,7.3196797370910645,1.211387711262805,0.0515,,,,
1147168,35849,13.714446067810059,6.94221305847168,6.7207746505737305,0.040143243968486786,0.011315008625388145,-0.000810587196610868,1.6847326755523682,-0.0006970741669647396,0.4096428155899048,3.440511703491211,3.4286117553710938,7.138751983642578,0.20220491290092468,7.345235824584961,1.211540675560122,0.044700000000000004,,,,
1148768,35899,17.67644691467285,9.660676002502441,7.963712215423584,0.049870893359184265,0.0021882723085582256,-0.0009471449302509427,1.5857315063476562,-0.0008372431620955467,0.38986459374427795,3.2384281158447266,3.2297544479370117,7.216050148010254,0.16947099566459656,7.385692119598389,1.211698692390318,0.0334,,,,
1150368,35949,15.565986633300781,8.305173873901367,7.196493148803711,0.05996807664632797,0.004351765848696232,0.000653471564874053,1.7612733840942383,0.000753398984670639,0.35239604115486145,3.0692214965820312,3.022657632827759,7.2487359046936035,0.16450127959251404,7.411794662475586,1.2118562224955198,0.0364,,,,
1151968,35999,16.919063568115234,9.328947067260742,7.535019874572754,0.052216481417417526,0.0028801194857805967,-0.0007950958679430187,1.6449065208435059,-0.0006846453761681914,0.38543710112571716,3.1345155239105225,3.104534387588501,7.326479911804199,0.16043895483016968,7.47892951965332,1.21201489271639,0.0462,,,,
1153568,36049,23.22074317932129,13.736011505126953,9.418505668640137,0.06175607815384865,0.004468126222491264,0.0006099485326558352,1.5735723972320557,0.0007284401217475533,0.4349065124988556,3.337498664855957,3.293860673904419,7.340137004852295,0.15103545784950256,7.4963059425354,1.2121734981687458,0.052399999999999995,,,,
1155168,36099,16.658260345458984,9.261391639709473,7.348895072937012,0.04174568131566048,0.006228351034224033,-0.00031256460351869464,1.6508703231811523,-0.00020688350195996463,0.37383130192756653,3.2998626232147217,3.300708293914795,7.351419448852539,0.1451379507780075,7.4994306564331055,1.2123202896777947,0.052899999999999996,,,,
1156768,36149,18.855636596679688,9.771361351013184,9.02772045135498,0.046913567930459976,0.009642074815928936,-0.001162061933428049,1.703384518623352,-0.001010960666462779,0.553662896156311,3.235714912414551,3.2282207012176514,7.408859729766846,0.1349804848432541,7.547935485839844,1.2124747274111707,0.0485,,,,
1158368,36199,16.163860321044922,8.361993789672852,7.7540764808654785,0.04078345745801926,0.007007257547229528,0.0012910942314192653,1.591857671737671,0.0014174625976011157,0.44206365942955017,3.436774730682373,3.397012233734131,7.417117118835449,0.137785404920578,7.5442280769348145,1.2126250261313196,0.05809999999999999,,,,
1159968,36249,18.92481803894043,10.577893257141113,8.292450904846191,0.05060665309429169,0.003868561703711748,0.00068373151589185,1.6036230325698853,0.0008438851218670607,0.5890851616859436,2.7839412689208984,2.7404537200927734,7.3392839431762695,0.13348986208438873,7.476799964904785,1.2127874243109638,0.0427,,,,
1161568,36299,17.79128074645996,10.193562507629395,7.5458598136901855,0.045972760766744614,0.005885191727429628,-0.0012854107189923525,1.5852289199829102,-0.0011385297402739525,0.5240692496299744,3.1695775985717773,3.1496899127960205,7.364975929260254,0.12079331278800964,7.490217685699463,1.2129376608899103,0.0422,,,,
1163168,36349,15.826921463012695,7.9662065505981445,7.785547733306885,0.06560821831226349,0.009558632969856262,-0.0006556191365234554,1.5800988674163818,-0.0005464356509037316,0.3941572904586792,2.8600380420684814,2.843317985534668,7.288923263549805,0.12943196296691895,7.416843891143799,1.2130737763681518,0.0507,,,,
1164768,36399,16.308971405029297,8.003559112548828,8.267533302307129,0.03624929115176201,0.0016311462968587875,-0.00017435610061511397,1.5810472965240479,-3.9768172428011894e-05,0.479260116815567,3.3625988960266113,3.323521137237549,7.380918502807617,0.12871289253234863,7.514782905578613,1.2132268987376194,0.056799999999999996,,,,
1166368,36449,12.78908634185791,6.058019638061523,6.689159870147705,0.03969676420092583,0.0022102631628513336,-7.436524902004749e-05,1.610921025276184,6.01861065661069e-05,0.4812912940979004,3.198869228363037,3.142393112182617,7.4108405113220215,0.15049812197685242,7.5675811767578125,1.2133789805541324,0.0502,,,,
1167968,36499,17.308216094970703,9.124913215637207,8.120674133300781,0.05783655494451523,0.004793900065124035,-0.0005882863188162446,1.7757244110107422,-0.0004693398659583181,0.4366106390953064,3.0944933891296387,3.0624566078186035,7.507355690002441,0.1312226951122284,7.638705730438232,1.2135277655641012,0.0308,,,,
1169568,36549,18.404457092285156,9.33994197845459,9.014704704284668,0.04787633568048477,0.0019348582718521357,-0.0013686232268810272,1.5665843486785889,-0.0012492589885368943,0.4147106409072876,3.4146783351898193,3.4105124473571777,7.307577133178711,0.14968758821487427,7.455615043640137,1.213689321971812,0.0444,,,,
1171168,36599,19.820131301879883,11.407621383666992,8.33678150177002,0.05082762613892555,0.024900825694203377,-0.0010512241860851645,1.7457597255706787,-0.0009242882952094078,0.46010199189186096,2.784266710281372,2.7787420749664307,7.4722747802734375,0.13417424261569977,7.612097263336182,1.213845187317634,0.0442,,,,
1172768,36649,14.020546913146973,6.816618919372559,7.141839027404785,0.06007827818393707,0.002010428812354803,-0.00027748208958655596,1.6813911199569702,-0.00017640180885791779,0.36384934186935425,3.086743116378784,3.0858194828033447,7.4084672927856445,0.1387455314397812,7.547725677490234,1.2139900574545566,0.0405,,,,
1174368,36699,16.1306095123291,8.952481269836426,7.1122260093688965,0.0595330074429512,0.0063703651539981365,-0.0007007891545072198,1.5870709419250488,-0.0005704002687707543,0.4914991855621338,3.4029452800750732,3.3828790187835693,7.428840160369873,0.15224944055080414,7.5896477699279785,1.2141457653443655,0.036,,,,
1175968,36749,16.36884117126465,8.744349479675293,7.568735122680664,0.05258098244667053,0.0031757003162056208,-9.633178706280887e-06,1.5492756366729736,0.00015963584883138537,0.5907391309738159,3.067593812942505,3.0582220554351807,7.345851898193359,0.14364522695541382,7.486441135406494,1.2142808767595785,0.0505,,,,
1177568,36799,18.868152618408203,10.235509872436523,8.573287963867188,0.05617833882570267,0.003175562946125865,-0.0017780927009880543,1.5004727840423584,-0.0016347139608114958,0.50983065366745,3.380828619003296,3.38570237159729,7.420993328094482,0.14474837481975555,7.568577766418457,1.2144392347594148,0.038200000000000005,,,,
1179168,36849,16.450735092163086,8.828396797180176,7.584127902984619,0.036755796521902084,0.0014532672939822078,-0.0014112142380326986,1.5360445976257324,-0.0012619607150554657,0.5311217308044434,3.465880870819092,3.4527223110198975,7.3209147453308105,0.16131755709648132,7.4789557456970215,1.2145888987779632,0.040100000000000004,,,,
1180768,36899,16.52392578125,8.284445762634277,8.188380241394043,0.04450776427984238,0.006591171026229858,-0.00014106609160080552,1.7161322832107544,-2.8881127946078777e-05,0.4008486270904541,3.4711155891418457,3.446197032928467,7.432612419128418,0.13211676478385925,7.56447172164917,1.2147318677881698,0.047200000000000006,,,,
1182368,36949,17.234487533569336,9.162078857421875,8.002616882324219,0.05884541571140289,0.010946917347609997,-6.902105815242976e-05,1.6005332469940186,9.220419451594353e-05,0.5818489789962769,2.9145443439483643,2.9108023643493652,7.340365886688232,0.15960432589054108,7.50328254699707,1.2148840876775089,0.048100000000000004,,,,
1183968,36999,17.906387329101562,9.126836776733398,8.720382690429688,0.05492239072918892,0.004246607422828674,-0.0009362963610328734,1.6020119190216064,-0.0008256591390818357,0.3872755765914917,3.5069103240966797,3.5032358169555664,7.412633895874023,0.13591636717319489,7.553560733795166,1.2150285496507462,0.04309999999999999,,,,
1185568,37049,15.218276977539062,7.843199253082275,7.3108296394348145,0.05961638316512108,0.004632298834621906,0.0013434876454994082,1.6044390201568604,0.0014781233621761203,0.47675687074661255,3.650310754776001,3.61209774017334,7.361410617828369,0.1407179981470108,7.508011817932129,1.2151650503182314,0.048799999999999996,,,,
1187168,37099,19.913288116455078,11.148799896240234,8.71987247467041,0.044105835258960724,0.0005118674598634243,-0.00030980067094787955,1.561950445175171,-0.00017186171317007393,0.4850766658782959,2.9877705574035645,2.94932222366333,7.3670477867126465,0.15604130923748016,7.508406162261963,1.2153190149456252,0.045399999999999996,,,,
1188768,37149,21.699007034301758,12.199031829833984,9.426344871520996,0.0683770626783371,0.005252518691122532,-0.0011814131867140532,1.4586520195007324,-0.00102850585244596,0.5691264867782593,3.4164841175079346,3.3942344188690186,7.434939861297607,0.14035750925540924,7.581946849822998,1.2154647154613896,0.0497,,,,
1190368,37199,17.481660842895508,9.310431480407715,8.121500015258789,0.04881798103451729,0.0009121212642639875,-0.0013403443153947592,1.4494268894195557,-0.0011713211424648762,0.6325162649154663,3.379655122756958,3.38870906829834,7.536496162414551,0.10501474887132645,7.64933967590332,1.2156075723985351,0.0438,,,,
1191968,37249,15.567477226257324,7.835572242736816,7.6957502365112305,0.03347507491707802,0.0026799205224961042,-0.0013845843495801091,1.7641985416412354,-0.0012777327792719007,0.37633535265922546,3.0902912616729736,3.0733981132507324,7.452420234680176,0.11513742059469223,7.564137935638428,1.2157537360606476,0.046000000000000006,,,,
1193568,37299,14.40160083770752,6.827480316162109,7.523800849914551,0.04067126661539078,0.009648739360272884,-0.0005969430785626173,1.6142429113388062,-0.0004423006612341851,0.5439712405204773,3.2387125492095947,3.2031991481781006,7.468292713165283,0.1189667284488678,7.592299938201904,1.2158943324089704,0.0557,,,,
1195168,37349,15.215475082397461,7.650949001312256,7.515368938446045,0.04840175062417984,0.0007557843928225338,0.0006432376685552299,1.7320926189422607,0.0007674344815313816,0.43755656480789185,2.754103660583496,2.711106061935425,7.362003326416016,0.12185180187225342,7.4748406410217285,1.216048601942845,0.0412,,,,
1196768,37399,15.411092758178711,8.062019348144531,7.2975850105285645,0.04589265212416649,0.00559593178331852,-0.0012354804202914238,1.6236193180084229,-0.0011259381426498294,0.38006266951560974,2.842794895172119,2.83359956741333,7.316670894622803,0.13036999106407166,7.444424629211426,1.2161895418641717,0.044700000000000004,,,,
1198368,37449,18.73000717163086,10.572690963745117,8.108567237854004,0.04519747570157051,0.0035518656950443983,-0.0017205752665176988,1.5714313983917236,-0.0015988482628017664,0.4423440098762512,3.663503646850586,3.6644625663757324,7.345100402832031,0.11871648579835892,7.465312480926514,1.2163319980049783,0.0528,,,,
1199968,37499,17.70076560974121,9.636613845825195,8.003743171691895,0.05618058145046234,0.004226412158459425,0.0005064717843197286,1.772977352142334,0.0006033341051079333,0.35702449083328247,2.9649531841278076,2.9501936435699463,7.427350997924805,0.13074025511741638,7.558065891265869,1.2164810127740837,0.054200000000000005,,,,
