[{"stream_name":"stderr","time":6.142339857,"data":"/usr/local/lib/python3.12/site-packages/nbformat/__init__.py:96: MissingIDFieldWarning: Cell is missing an id field, this will become a hard error in future nbformat versions. You may want to use `normalize()` on your notebooks before validations (available since nbformat 5.1.4). Previous versions of nbformat are fixing this issue transparently, and will stop doing so in the future.\n"}
,{"stream_name":"stderr","time":6.142392557,"data":"  validate(nb)\n"}
,{"stream_name":"stderr","time":8.841341792,"data":"[IPKernelApp] WARNING | Kernel is running over TCP without encryption. All communication (including code and outputs) is sent in plain text and is susceptible to eavesdropping. Use IPC transport or launch with kernel manager-provisioned CurveZMQ keys to enable transport encryption.\n"}
,{"stream_name":"stdout","time":9.709924633,"data":"Cloning into 'oneiro'...\r\n"}
,{"stream_name":"stdout","time":10.317013144,"data":"remote: Enumerating objects: 327, done.\u001b[K\r\n"}
,{"stream_name":"stdout","time":10.317056734,"data":"remote: Counting objects:   0% (1/327)\u001b[K\rremote: Counting objects:   1% (4/327)\u001b[K\rremote: Counting objects:   2% (7/327)\u001b[K\rremote: Counting objects:   3% (10/327)\u001b[K\rremote: Counting objects:   4% (14/327)\u001b[K\rremote: Counting objects:   5% (17/327)\u001b[K\rremote: Counting objects:   6% (20/327)\u001b[K\rremote: Counting objects:   7% (23/327)\u001b[K\rremote: Counting objects:   8% (27/327)\u001b[K\rremote: Counting objects:   9% (30/327)\u001b[K\rremote: Counting objects:  10% (33/327)\u001b[K\rremote: Counting objects:  11% (36/327)\u001b[K\rremote: Counting objects:  12% (40/327)\u001b[K\rremote: Counting objects:  13% (43/327)\u001b[K\rremote: Counting objects:  14% (46/327)\u001b[K\rremote: Counting objects:  15% (50/327)\u001b[K\rremote: Counting objects:  16% (53/327)\u001b[K\rremote: Counting objects:  17% (56/327)\u001b[K\rremote: Counting objects:  18% (59/327)\u001b[K\rremote: Counting objects:  19% (63/327)\u001b[K\rremote: Counting objects:  20% (66/327)\u001b[K\rremote: Counting objects:  21% (69/327)\u001b[K\rremote: Counting objects:  22% (72/327)\u001b[K\rremote: Counting objects:  23% (76/327)\u001b[K\rremote: Counting objects:  24% (79/327)\u001b[K\rremote: Counting objects:  25% (82/327)\u001b[K\rremote: Counting objects:  26% (86/327)\u001b[K\rremote: Counting objects:  27% (89/327)\u001b[K\rremote: Counting objects:  28% (92/327)\u001b[K\rremote: Counting objects:  29% (95/327)\u001b[K\rremote: Counting objects:  30% (99/327)\u001b[K\rremote: Counting objects:  31% (102/327)\u001b[K\rremote: Counting objects:  32% (105/327)\u001b[K\rremote: Counting objects:  33% (108/327)\u001b[K\rremote: Counting objects:  34% (112/327)\u001b[K\rremote: Counting objects:  35% (115/327)\u001b[K\rremote: Counting objects:  36% (118/327)\u001b[K\rremote: Counting objects:  37% (121/327)\u001b[K\rremote: Counting objects:  38% (125/327)\u001b[K\rremote: Counting objects:  39% (128/327)\u001b[K\rremote: Counting objects:  40% (131/327)\u001b[K\rremote: Counting objects:  41% (135/327)\u001b[K\rremote: Counting objects:  42% (138/327)\u001b[K\rremote: Counting objects:  43% (141/327)\u001b[K\rremote: Counting objects:  44% (144/327)\u001b[K\rremote: Counting objects:  45% (148/327)\u001b[K\rremote: Counting objects:  46% (151/327)\u001b[K\rremote: Counting objects:  47% (154/327)\u001b[K\rremote: Counting objects:  48% (157/327)\u001b[K\rremote: Counting objects:  49% (161/327)\u001b[K\rremote: Counting objects:  50% (164/327)\u001b[K\rremote: Counting objects:  51% (167/327)\u001b[K\rremote: Counting objects:  52% (171/327)\u001b[K\rremote: Counting objects:  53% (174/327)\u001b[K\rremote: Counting objects:  54% (177/327)\u001b[K\rremote: Counting objects:  55% (180/327)\u001b[K\rremote: Counting objects:  56% (184/327)\u001b[K\rremote: Counting objects:  57% (187/327)\u001b[K\rremote: Counting objects:  58% (190/327)\u001b[K\rremote: Counting objects:  59% (193/327)\u001b[K\rremote: Counting objects:  60% (197/327)\u001b[K\rremote: Counting objects:  61% (200/327)\u001b[K\rremote: Counting objects:  62% (203/327)\u001b[K\rremote: Counting objects:  63% (207/327)\u001b[K\rremote: Counting objects:  64% (210/327)\u001b[K\rremote: Counting objects:  65% (213/327)\u001b[K\rremote: Counting objects:  66% (216/327)\u001b[K\rremote: Counting objects:  67% (220/327)\u001b[K\rremote: Counting objects:  68% (223/327)\u001b[K\rremote: Counting objects:  69% (226/327)\u001b[K\rremote: Counting objects:  70% (229/327)\u001b[K\rremote: Counting objects:  71% (233/327)\u001b[K\rremote: Counting objects:  72% (236/327)\u001b[K\rremote: Counting objects:  73% (239/327)\u001b[K\rremote: Counting objects:  74% (242/327)\u001b[K\rremote: Counting objects:  75% (246/327)\u001b[K\rremote: Counting objects:  76% (249/327)\u001b[K\rremote: Counting objects:  77% (252/327)\u001b[K\rremote: Counting objects:  78% (256/327)\u001b[K\rremote: Counting objects:  79% (259/327)\u001b[K\rremote: Counting objects:  80% (262/327)\u001b[K\rremote: Counting objects:  81% (265/327)\u001b[K\rremote: Counting objects:  82% (269/327)\u001b[K\rremote: Counting objects:  83% (272/327)\u001b[K\rremote: Counting objects:  84% (275/327)\u001b[K\rremote: Counting objects:  85% (278/327)\u001b[K\rremote: Counting objects:  86% (282/327)\u001b[K\rremote: Counting objects:  87% (285/327)\u001b[K\rremote: Counting objects:  88% (288/327)\u001b[K\rremote: Counting objects:  89% (292/327)\u001b[K\rremote: Counting objects:  90% (295/327)\u001b[K\rremote: Counting objects:  91% (298/327)\u001b[K\rremote: Counting objects:  92% (301/327)\u001b[K\rremote: Counting objects:  93% (305/327)\u001b[K\rremote: Counting objects:  94% (308/327)\u001b[K\rremote: Counting objects:  95% (311/327)\u001b[K\rremote: Counting objects:  96% (314/327)\u001b[K\rremote: Counting objects:  97% (318/327)\u001b[K\rremote: Counting objects:  98% (321/327)\u001b[K\rremote: Counting objects:  99% (324/327)\u001b[K\rremote: Counting objects: 100% (327/327)\u001b[K\rremote: Counting objects: 100% (327/327), done.\u001b[K\r\n"}
,{"stream_name":"stdout","time":10.468199519,"data":"remote: Compressing objects:   0% (1/214)\u001b[K\rremote: Compressing objects:   1% (3/214)\u001b[K\rremote: Compressing objects:   2% (5/214)\u001b[K\rremote: Compressing objects:   3% (7/214)\u001b[K\rremote: Compressing objects:   4% (9/214)\u001b[K\rremote: Compressing objects:   5% (11/214)\u001b[K\rremote: Compressing objects:   6% (13/214)\u001b[K\rremote: Compressing objects:   7% (15/214)\u001b[K\rremote: Compressing objects:   8% (18/214)\u001b[K\rremote: Compressing objects:   9% (20/214)\u001b[K\rremote: Compressing objects:  10% (22/214)\u001b[K\rremote: Compressing objects:  11% (24/214)\u001b[K\rremote: Compressing objects:  12% (26/214)\u001b[K\rremote: Compressing objects:  13% (28/214)\u001b[K\rremote: Compressing objects:  14% (30/214)\u001b[K\rremote: Compressing objects:  15% (33/214)\u001b[K\rremote: Compressing objects:  16% (35/214)\u001b[K\rremote: Compressing objects:  17% (37/214)\u001b[K\rremote: Compressing objects:  18% (39/214)\u001b[K\rremote: Compressing objects:  19% (41/214)\u001b[K\rremote: Compressing objects:  20% (43/214)\u001b[K\rremote: Compressing objects:  21% (45/214)\u001b[K\rremote: Compressing objects:  22% (48/214)\u001b[K\rremote: Compressing objects:  23% (50/214)\u001b[K\rremote: Compressing objects:  24% (52/214)\u001b[K\rremote: Compressing objects:  25% (54/214)\u001b[K\rremote: Compressing objects:  26% (56/214)\u001b[K\rremote: Compressing objects:  27% (58/214)\u001b[K\rremote: Compressing objects:  28% (60/214)\u001b[K\rremote: Compressing objects:  29% (63/214)\u001b[K\rremote: Compressing objects:  30% (65/214)\u001b[K\rremote: Compressing objects:  31% (67/214)\u001b[K\rremote: Compressing objects:  32% (69/214)\u001b[K\rremote: Compressing objects:  33% (71/214)\u001b[K\rremote: Compressing objects:  34% (73/214)\u001b[K\rremote: Compressing objects:  35% (75/214)\u001b[K\rremote: Compressing objects:  36% (78/214)\u001b[K\rremote: Compressing objects:  37% (80/214)\u001b[K\rremote: Compressing objects:  38% (82/214)\u001b[K\rremote: Compressing objects:  39% (84/214)\u001b[K\rremote: Compressing objects:  40% (86/214)\u001b[K\rremote: Compressing objects:  41% (88/214)\u001b[K\rremote: Compressing objects:  42% (90/214)\u001b[K\rremote: Compressing objects:  43% (93/214)\u001b[K\rremote: Compressing objects:  44% (95/214)\u001b[K\rremote: Compressing objects:  45% (97/214)\u001b[K\rremote: Compressing objects:  46% (99/214)\u001b[K\rremote: Compressing objects:  47% (101/214)\u001b[K\rremote: Compressing objects:  48% (103/214)\u001b[K\rremote: Compressing objects:  49% (105/214)\u001b[K\rremote: Compressing objects:  50% (107/214)\u001b[K\rremote: Compressing objects:  51% (110/214)\u001b[K\rremote: Compressing objects:  52% (112/214)\u001b[K\rremote: Compressing objects:  53% (114/214)\u001b[K\rremote: Compressing objects:  54% (116/214)\u001b[K\rremote: Compressing objects:  55% (118/214)\u001b[K\rremote: Compressing objects:  56% (120/214)\u001b[K\rremote: Compressing objects:  57% (122/214)\u001b[K\rremote: Compressing objects:  58% (125/214)\u001b[K\rremote: Compressing objects:  59% (127/214)\u001b[K\rremote: Compressing objects:  60% (129/214)\u001b[K\rremote: Compressing objects:  61% (131/214)\u001b[K\rremote: Compressing objects:  62% (133/214)\u001b[K\rremote: Compressing objects:  63% (135/214)\u001b[K\rremote: Compressing objects:  64% (137/214)\u001b[K\rremote: Compressing objects:  65% (140/214)\u001b[K\rremote: Compressing objects:  66% (142/214)\u001b[K\rremote: Compressing objects:  67% (144/214)\u001b[K\rremote: Compressing objects:  68% (146/214)\u001b[K\rremote: Compressing objects:  69% (148/214)\u001b[K\rremote: Compressing objects:  70% (150/214)\u001b[K\rremote: Compressing objects:  71% (152/214)\u001b[K\rremote: Compressing objects:  72% (155/214)\u001b[K\rremote: Compressing objects:  73% (157/214)\u001b[K\rremote: Compressing objects:  74% (159/214)\u001b[K\rremote: Compressing objects:  75% (161/214)\u001b[K\rremote: Compressing objects:  76% (163/214)\u001b[K\rremote: Compressing objects:  77% (165/214)\u001b[K\rremote: Compressing objects:  78% (167/214)\u001b[K\rremote: Compressing objects:  79% (170/214)\u001b[K\rremote: Compressing objects:  80% (172/214)\u001b[K\rremote: Compressing objects:  81% (174/214)\u001b[K\rremote: Compressing objects:  82% (176/214)\u001b[K\rremote: Compressing objects:  83% (178/214)\u001b[K\rremote: Compressing objects:  84% (180/214)\u001b[K\rremote: Compressing objects:  85% (182/214)\u001b[K\rremote: Compressing objects:  86% (185/214)\u001b[K\rremote: Compressing objects:  87% (187/214)\u001b[K\rremote: Compressing objects:  88% (189/214)\u001b[K\rremote: Compressing objects:  89% (191/214)\u001b[K\rremote: Compressing objects:  90% (193/214)\u001b[K\rremote: Compressing objects:  91% (195/214)\u001b[K\rremote: Compressing objects:  92% (197/214)\u001b[K\rremote: Compressing objects:  93% (200/214)\u001b[K\rremote: Compressing objects:  94% (202/214)\u001b[K\rremote: Compressing objects:  95% (204/214)\u001b[K\rremote: Compressing objects:  96% (206/214)\u001b[K\rremote: Compressing objects:  97% (208/214)\u001b[K\rremote: Compressing objects:  98% (210/214)\u001b[K\rremote: Compressing objects:  99% (212/214)\u001b[K\rremote: Compressing objects: 100% (214/214)\u001b[K\rremote: Compressing objects: 100% (214/214), done.\u001b[K\r\n"}
,{"stream_name":"stdout","time":10.620245085,"data":"Receiving objects:   0% (1/327)\rReceiving objects:   1% (4/327)\rReceiving objects:   2% (7/327)\rReceiving objects:   3% (10/327)\rReceiving objects:   4% (14/327)\rReceiving objects:   5% (17/327)\rReceiving objects:   6% (20/327)\rReceiving objects:   7% (23/327)\rReceiving objects:   8% (27/327)\rReceiving objects:   9% (30/327)\rReceiving objects:  10% (33/327)\rReceiving objects:  11% (36/327)\rReceiving objects:  12% (40/327)\rReceiving objects:  13% (43/327)\rReceiving objects:  14% (46/327)\rReceiving objects:  15% (50/327)\rReceiving objects:  16% (53/327)\rReceiving objects:  17% (56/327)\rReceiving objects:  18% (59/327)\rReceiving objects:  19% (63/327)\rReceiving objects:  20% (66/327)\rReceiving objects:  21% (69/327)\rReceiving objects:  22% (72/327)\rReceiving objects:  23% (76/327)\rReceiving objects:  24% (79/327)\rReceiving objects:  25% (82/327)\rReceiving objects:  26% (86/327)\rReceiving objects:  27% (89/327)\rReceiving objects:  28% (92/327)\rReceiving objects:  29% (95/327)\rReceiving objects:  30% (99/327)\rReceiving objects:  31% (102/327)\rReceiving objects:  32% (105/327)\rReceiving objects:  33% (108/327)\rReceiving objects:  34% (112/327)\rReceiving objects:  35% (115/327)\rReceiving objects:  36% (118/327)\rReceiving objects:  37% (121/327)\rReceiving objects:  38% (125/327)\rReceiving objects:  39% (128/327)\rReceiving objects:  40% (131/327)\rReceiving objects:  41% (135/327)\rReceiving objects:  42% (138/327)\rReceiving objects:  43% (141/327)\rReceiving objects:  44% (144/327)\rReceiving objects:  45% (148/327)\rReceiving objects:  46% (151/327)\rReceiving objects:  47% (154/327)\rReceiving objects:  48% (157/327)\rReceiving objects:  49% (161/327)\rReceiving objects:  50% (164/327)\rReceiving objects:  51% (167/327)\rReceiving objects:  52% (171/327)\rReceiving objects:  53% (174/327)\rReceiving objects:  54% (177/327)\rReceiving objects:  55% (180/327)\rReceiving objects:  56% (184/327)\rReceiving objects:  57% (187/327)\rReceiving objects:  58% (190/327)\rReceiving objects:  59% (193/327)\rReceiving objects:  60% (197/327)\rReceiving objects:  61% (200/327)\rReceiving objects:  62% (203/327)\rReceiving objects:  63% (207/327)\rReceiving objects:  64% (210/327)\rReceiving objects:  65% (213/327)\rReceiving objects:  66% (216/327)\rReceiving objects:  67% (220/327)\rReceiving objects:  68% (223/327)\rReceiving objects:  69% (226/327)\rReceiving objects:  70% (229/327)\rReceiving objects:  71% (233/327)\rReceiving objects:  72% (236/327)\rReceiving objects:  73% (239/327)\rReceiving objects:  74% (242/327)\rReceiving objects:  75% (246/327)\rReceiving objects:  76% (249/327)\rReceiving objects:  77% (252/327)\rReceiving objects:  78% (256/327)\rReceiving objects:  79% (259/327)\rReceiving objects:  80% (262/327)\rReceiving objects:  81% (265/327)\rReceiving objects:  82% (269/327)\rReceiving objects:  83% (272/327)\rReceiving objects:  84% (275/327)\rReceiving objects:  85% (278/327)\rReceiving objects:  86% (282/327)\rReceiving objects:  87% (285/327)\rReceiving objects:  88% (288/327)\rReceiving objects:  89% (292/327)\rReceiving objects:  90% (295/327)\rReceiving objects:  91% (298/327)\rReceiving objects:  92% (301/327)\rremote: Total 327 (delta 165), reused 259 (delta 97), pack-reused 0 (from 0)\u001b[K\r\n"}
,{"stream_name":"stdout","time":10.620555394,"data":"Receiving objects:  93% (305/327)\rReceiving objects:  94% (308/327)\rReceiving objects:  95% (311/327)\rReceiving objects:  96% (314/327)\rReceiving objects:  97% (318/327)\rReceiving objects:  98% (321/327)\rReceiving objects:  99% (324/327)\rReceiving objects: 100% (327/327)\rReceiving objects: 100% (327/327), 3.50 MiB | 22.55 MiB/s, done.\r\n"}
,{"stream_name":"stdout","time":10.620561245,"data":"Resolving deltas:   0% (0/165)\rResolving deltas:   1% (2/165)\rResolving deltas:   2% (4/165)\rResolving deltas:   3% (5/165)\rResolving deltas:   4% (7/165)\rResolving deltas:   5% (9/165)\rResolving deltas:   6% (10/165)\rResolving deltas:   7% (12/165)\rResolving deltas:   8% (14/165)\rResolving deltas:   9% (15/165)\rResolving deltas:  10% (17/165)\rResolving deltas:  11% (19/165)\rResolving deltas:  12% (20/165)\rResolving deltas:  15% (25/165)\rResolving deltas:  16% (27/165)\rResolving deltas:  17% (29/165)\rResolving deltas:  19% (32/165)\rResolving deltas:  20% (33/165)\rResolving deltas:  21% (35/165)\rResolving deltas:  22% (37/165)\rResolving deltas:  23% (38/165)\rResolving deltas:  24% (40/165)\rResolving deltas:  25% (42/165)\rResolving deltas:  26% (43/165)\rResolving deltas:  27% (45/165)\rResolving deltas:  28% (47/165)\rResolving deltas:  29% (48/165)\rResolving deltas:  30% (50/165)\rResolving deltas:  31% (52/165)\rResolving deltas:  32% (53/165)\rResolving deltas:  33% (56/165)\rResolving deltas:  34% (57/165)\rResolving deltas:  35% (58/165)\rResolving deltas:  36% (60/165)\rResolving deltas:  37% (62/165)\rResolving deltas:  38% (63/165)\rResolving deltas:  40% (66/165)\rResolving deltas:  46% (77/165)\rResolving deltas:  47% (78/165)\rResolving deltas:  48% (80/165)\rResolving deltas:  49% (81/165)\rResolving deltas:  50% (84/165)\rResolving deltas:  51% (85/165)\rResolving deltas:  52% (86/165)\rResolving deltas:  53% (88/165)\rResolving deltas:  54% (90/165)\rResolving deltas:  55% (91/165)\rResolving deltas:  56% (93/165)\rResolving deltas:  58% (96/165)\rResolving deltas:  59% (98/165)\rResolving deltas:  60% (99/165)\rResolving deltas:  61% (101/165)\rResolving deltas:  62% (103/165)\rResolving deltas:  63% (104/165)\rResolving deltas:  64% (106/165)\rResolving deltas:  65% (108/165)\rResolving deltas:  67% (111/165)\rResolving deltas:  69% (114/165)\rResolving deltas:  70% (117/165)\rResolving deltas:  71% (118/165)\rResolving deltas:  72% (119/165)\rResolving deltas:  75% (125/165)\rResolving deltas:  76% (126/165)\rResolving deltas:  77% (128/165)\rResolving deltas:  78% (129/165)\rResolving deltas:  80% (132/165)\rResolving deltas:  81% (135/165)\rResolving deltas:  82% (136/165)\rResolving deltas:  83% (137/165)\rResolving deltas:  84% (140/165)\rResolving deltas:  85% (141/165)\rResolving deltas:  86% (142/165)\rResolving deltas:  87% (144/165)\rResolving deltas:  88% (146/165)\rResolving deltas:  89% (147/165)\rResolving deltas:  90% (149/165)\rResolving deltas:  92% (152/165)\rResolving deltas:  93% (154/165)\rResolving deltas:  94% (156/165)\rResolving deltas:  95% (157/165)\rResolving deltas:  96% (159/165)\rResolving deltas:  97% (161/165)\rResolving deltas:  98% (162/165)\rResolving deltas:  99% (164/165)\rResolving deltas: 100% (165/165)\rResolving deltas: 100% (165/165), done.\r\n"}
,{"stream_name":"stdout","time":12.082689796,"data":"/kaggle/working/oneiro\n"}
,{"stream_name":"stdout","time":44.267432986,"data":"\u001b[33mWARNING: Running pip as the 'root' user can result in broken permissions and conflicting behaviour with the system package manager, possibly rendering your system unusable. It is recommended to use a virtual environment instead: https://pip.pypa.io/warnings/venv. Use the --root-user-action option if you know what you are doing and want to suppress this warning.\u001b[0m\u001b[33m\r\n"}
,{"stream_name":"stdout","time":44.36589534,"data":"\u001b[0m\r\n"}
,{"stream_name":"stdout","time":44.36591187,"data":"\u001b[1m[\u001b[0m\u001b[34;49mnotice\u001b[0m\u001b[1;39;49m]\u001b[0m\u001b[39;49m A new release of pip is available: \u001b[0m\u001b[31;49m25.0.1\u001b[0m\u001b[39;49m -\u003e \u001b[0m\u001b[32;49m26.1.2\u001b[0m\r\n"}
,{"stream_name":"stdout","time":44.36591847,"data":"\u001b[1m[\u001b[0m\u001b[34;49mnotice\u001b[0m\u001b[1;39;49m]\u001b[0m\u001b[39;49m To update, run: \u001b[0m\u001b[32;49mpip install --upgrade pip\u001b[0m\r\n"}
,{"stream_name":"stdout","time":58.687485523,"data":"\u001b[33mWARNING: Running pip as the 'root' user can result in broken permissions and conflicting behaviour with the system package manager, possibly rendering your system unusable. It is recommended to use a virtual environment instead: https://pip.pypa.io/warnings/venv. Use the --root-user-action option if you know what you are doing and want to suppress this warning.\u001b[0m\u001b[33m\r\n"}
,{"stream_name":"stdout","time":58.737862635,"data":"\u001b[0m\r\n"}
,{"stream_name":"stdout","time":58.737885365,"data":"\u001b[1m[\u001b[0m\u001b[34;49mnotice\u001b[0m\u001b[1;39;49m]\u001b[0m\u001b[39;49m A new release of pip is available: \u001b[0m\u001b[31;49m25.0.1\u001b[0m\u001b[39;49m -\u003e \u001b[0m\u001b[32;49m26.1.2\u001b[0m\r\n"}
,{"stream_name":"stdout","time":58.737895345,"data":"\u001b[1m[\u001b[0m\u001b[34;49mnotice\u001b[0m\u001b[1;39;49m]\u001b[0m\u001b[39;49m To update, run: \u001b[0m\u001b[32;49mpip install --upgrade pip\u001b[0m\r\n"}
,{"stream_name":"stdout","time":79.470827606,"data":"\u001b[33mWARNING: Running pip as the 'root' user can result in broken permissions and conflicting behaviour with the system package manager, possibly rendering your system unusable. It is recommended to use a virtual environment instead: https://pip.pypa.io/warnings/venv. Use the --root-user-action option if you know what you are doing and want to suppress this warning.\u001b[0m\u001b[33m\r\n"}
,{"stream_name":"stdout","time":79.470862296,"data":"\u001b[0m\r\n"}
,{"stream_name":"stdout","time":79.470868136,"data":"\u001b[1m[\u001b[0m\u001b[34;49mnotice\u001b[0m\u001b[1;39;49m]\u001b[0m\u001b[39;49m A new release of pip is available: \u001b[0m\u001b[31;49m25.0.1\u001b[0m\u001b[39;49m -\u003e \u001b[0m\u001b[32;49m26.1.2\u001b[0m\r\n"}
,{"stream_name":"stdout","time":79.470873236,"data":"\u001b[1m[\u001b[0m\u001b[34;49mnotice\u001b[0m\u001b[1;39;49m]\u001b[0m\u001b[39;49m To update, run: \u001b[0m\u001b[32;49mpip install --upgrade pip\u001b[0m\r\n"}
,{"stream_name":"stdout","time":81.208417638,"data":"/usr/local/lib/python3.12/site-packages/jax/_src/cloud_tpu_init.py:88: UserWarning: Transparent hugepages are not enabled. TPU runtime startup and shutdown time should be significantly improved on TPU v5e and newer. If not already set, you may need to enable transparent hugepages in your VM image (sudo sh -c \"echo always \u003e /sys/kernel/mm/transparent_hugepage/enabled\")\r\n"}
,{"stream_name":"stdout","time":81.208466878,"data":"  warnings.warn(\r\n"}
,{"stream_name":"stdout","time":86.352222249,"data":"Gym has been unmaintained since 2022 and does not support NumPy 2.0 amongst other critical functionality.\r\n"}
,{"stream_name":"stdout","time":86.352289529,"data":"Please upgrade to Gymnasium, the maintained drop-in replacement of Gym, or contact the authors of your software and request that they upgrade.\r\n"}
,{"stream_name":"stdout","time":86.352294599,"data":"Users of this version of Gym should be able to simply replace 'import gym' with 'import gymnasium as gym' in the vast majority of cases.\r\n"}
,{"stream_name":"stdout","time":86.352298639,"data":"See the migration guide at https://gymnasium.farama.org/introduction/migration_guide/ for additional information.\r\n"}
,{"stream_name":"stdout","time":88.772528064,"data":"WARNING: Logging before InitGoogle() is written to STDERR\r\n"}
,{"stream_name":"stdout","time":88.772559744,"data":"E0000 00:00:1783165313.487080     133 common_lib.cc:646] Could not set metric server port: INVALID_ARGUMENT: Could not find SliceBuilder port 8471 in any of the 0 ports provided in `tpu_process_addresses`=\"local\"\r\n"}
,{"stream_name":"stdout","time":88.772564733,"data":"=== Source Location Trace: ===\r\n"}
,{"stream_name":"stdout","time":88.772568273,"data":"learning/45eac/tfrc/runtime/common_lib.cc:228\r\n"}
,{"stream_name":"stdout","time":98.345643076,"data":"JAX backend : tpu\r\n"}
,{"stream_name":"stdout","time":98.345684016,"data":"Device      : [TpuDevice(id=0, process_index=0, coords=(0,0,0), core_on_chip=0), TpuDevice(id=1, process_index=0, coords=(1,0,0), core_on_chip=0), TpuDevice(id=2, process_index=0, coords=(0,1,0), core_on_chip=0), TpuDevice(id=3, process_index=0, coords=(1,1,0), core_on_chip=0), TpuDevice(id=4, process_index=0, coords=(0,2,0), core_on_chip=0), TpuDevice(id=5, process_index=0, coords=(1,2,0), core_on_chip=0), TpuDevice(id=6, process_index=0, coords=(0,3,0), core_on_chip=0), TpuDevice(id=7, process_index=0, coords=(1,3,0), core_on_chip=0)]\r\n"}
,{"stream_name":"stdout","time":98.345692846,"data":"Sharding    : DATA-PARALLEL sur 8 devices (mesh OrderedDict({'data': 8}), axis 'data', batch dim0 shardé, state répliqué)\r\n"}
,{"stream_name":"stdout","time":98.345715786,"data":"Run         : v37-tpu-75m-rnd003\r\n"}
,{"stream_name":"stdout","time":98.345718656,"data":"Config      : entropy=0.0003  train_iter=30000  n_envs=16  batch=16  seq_len=64\r\n"}
,{"stream_name":"stdout","time":98.345721266,"data":"Optim       : lr_wm=1.0e-04  lr_ac=3.0e-05  lr_alpha=1.0e-03  grad_clip=100.0  horizon=16\r\n"}
,{"stream_name":"stdout","time":98.345723746,"data":"Replay      : collect/iter=32  wm_train/iter=4  ac_train/iter=4  → train_ratio≈128\r\n"}
,{"stream_name":"stdout","time":98.345726516,"data":"Flags       : adaptive_alpha=False  auto_explore=False  use_rnd=True\r\n"}
,{"stream_name":"stdout","time":98.345728956,"data":"\r\n"}
,{"stream_name":"stdout","time":102.635359725,"data":"Buffer      : CPU (1,000,000 cap, 12300 MB)\r\n"}
,{"stream_name":"stdout","time":113.532738884,"data":"Adaptive α : OFF (entropy_coef fixe = 0.0003)\r\n"}
,{"stream_name":"stdout","time":113.883969874,"data":"RND        : ON   rnd_coef=0.003   lr_rnd=0.0001\r\n"}
,{"stream_name":"stdout","time":113.883991854,"data":"Auto-explore : OFF\r\n"}
,{"stream_name":"stdout","time":113.883997994,"data":"\r\n"}
,{"stream_name":"stdout","time":113.884002584,"data":"============================================================\r\n"}
,{"stream_name":"stdout","time":113.884007164,"data":"Architecture\r\n"}
,{"stream_name":"stdout","time":113.884011594,"data":"============================================================\r\n"}
,{"stream_name":"stdout","time":113.884015964,"data":"  WM modules (CNNEnc+RSSM+CNNDec+heads) : 54,152,131 params\r\n"}
,{"stream_name":"stdout","time":113.884020224,"data":"  Actor + Critic                        : 21,358,352 params\r\n"}
,{"stream_name":"stdout","time":113.884024594,"data":"  TOTAL                                 : 75,510,483 params (~75.51M)\r\n"}
,{"stream_name":"stdout","time":113.884029164,"data":"\r\n"}
,{"stream_name":"stdout","time":114.590056345,"data":"Output dirs : runs=/kaggle/working/runs  checkpoints=/kaggle/working/checkpoints\r\n"}
,{"stream_name":"stdout","time":114.590093115,"data":"\r\n"}
,{"stream_name":"stdout","time":114.590098355,"data":"============================================================\r\n"}
,{"stream_name":"stdout","time":114.590102355,"data":"Phase 0 : Warmup random (5000 steps, 16 envs)\r\n"}
,{"stream_name":"stdout","time":114.590105964,"data":"============================================================\r\n"}
,{"stream_name":"stdout","time":123.614721437,"data":"Buffer : 4992 transitions en 9.0s\r\n"}
,{"stream_name":"stdout","time":123.614760457,"data":"         Mémoire buffer : 12300.0 MB\r\n"}
,{"stream_name":"stdout","time":123.614766697,"data":"\r\n"}
,{"stream_name":"stdout","time":123.614770937,"data":"============================================================\r\n"}
,{"stream_name":"stdout","time":123.614775187,"data":"Phase 1 : Training Dreamer JAX (30000 itérations)\r\n"}
,{"stream_name":"stdout","time":123.614779817,"data":"============================================================\r\n"}
,{"stream_name":"stdout","time":123.866540995,"data":"[Phase 13] Safeguards : warmup=5000  adaptive_rnd=True  health_auto_stop=False  h_target_schedule=True [1.13→1.13 over 10000]\r\n"}
,{"stream_name":"stdout","time":201.726344794,"data":"  iter    50/30000 [ 0.2%] | WM wm=265.06 rec=261.30 kl=3.56 rew=0.187 con=0.016 | AC act=0.089 crit=1.737 pg=0.090 H=2.23 | img ret=0.11 val=0.07 scale=1.00 p5=0.03 p95=0.10 rnd_c=0.000 rnd_l=0.086 | r/step=0.0110 | 0.6 ips ETA 12h56\r\n"}
,{"stream_name":"stdout","time":239.677281781,"data":"  iter   100/30000 [ 0.3%] | WM wm=125.69 rec=122.38 kl=3.15 rew=0.147 con=0.016 | AC act=0.025 crit=1.392 pg=0.025 H=1.05 | img ret=0.13 val=0.12 scale=1.00 p5=0.09 p95=0.16 rnd_c=0.000 rnd_l=0.051 | r/step=0.0054 | 0.9 ips ETA 9h37\r\n"}
,{"stream_name":"stdout","time":277.836930933,"data":"  iter   150/30000 [ 0.5%] | WM wm=89.47 rec=86.09 kl=3.19 rew=0.174 con=0.018 | AC act=0.005 crit=1.419 pg=0.005 H=0.50 | img ret=0.15 val=0.15 scale=1.00 p5=0.03 p95=0.37 rnd_c=0.000 rnd_l=0.057 | r/step=0.0039 | 1.0 ips ETA 8h30\r\n"}
,{"stream_name":"stdout","time":315.55172981,"data":"  iter   200/30000 [ 0.7%] | WM wm=107.71 rec=103.65 kl=3.89 rew=0.150 con=0.024 | AC act=-0.001 crit=1.792 pg=-0.001 H=0.18 | img ret=0.17 val=0.17 scale=1.00 p5=-0.04 p95=0.55 rnd_c=0.000 rnd_l=0.044 | r/step=0.0026 | 1.0 ips ETA 7h55\r\n"}
,{"stream_name":"stdout","time":315.55176525,"data":"  [health] WARN H_collapse: H=0.18\r\n"}
,{"stream_name":"stdout","time":315.55177116,"data":"  [health] WARN RND_dominates: ratio=161.9\r\n"}
,{"stream_name":"stdout","time":353.594866476,"data":"  iter   250/30000 [ 0.8%] | WM wm=76.68 rec=73.01 kl=3.50 rew=0.143 con=0.026 | AC act=0.004 crit=1.601 pg=0.004 H=0.24 | img ret=0.34 val=0.30 scale=1.00 p5=-0.10 p95=0.63 rnd_c=0.000 rnd_l=0.054 | r/step=0.0139 | 1.1 ips ETA 7h35\r\n"}
,{"stream_name":"stdout","time":353.594905196,"data":"  [health] WARN H_collapse: H=0.24\r\n"}
,{"stream_name":"stdout","time":391.897523785,"data":"  iter   300/30000 [ 1.0%] | WM wm=82.75 rec=78.96 kl=3.65 rew=0.128 con=0.011 | AC act=0.002 crit=1.586 pg=0.002 H=0.25 | img ret=0.35 val=0.32 scale=1.01 p5=-0.18 p95=0.82 rnd_c=0.000 rnd_l=0.034 | r/step=0.0128 | 1.1 ips ETA 7h22\r\n"}
,{"stream_name":"stdout","time":391.897574375,"data":"  [health] WARN H_collapse: H=0.25\r\n"}
,{"stream_name":"stdout","time":429.60769555,"data":"  iter   350/30000 [ 1.2%] | WM wm=66.11 rec=62.73 kl=3.23 rew=0.131 con=0.018 | AC act=-0.000 crit=1.592 pg=-0.000 H=0.21 | img ret=0.34 val=0.30 scale=1.29 p5=-0.25 p95=1.04 rnd_c=0.000 rnd_l=0.033 | r/step=0.0054 | 1.1 ips ETA 7h11\r\n"}
,{"stream_name":"stdout","time":429.60773095,"data":"  [health] WARN H_collapse: H=0.21\r\n"}
,{"stream_name":"stdout","time":467.594274456,"data":"  iter   400/30000 [ 1.3%] | WM wm=52.32 rec=48.72 kl=3.43 rew=0.161 con=0.018 | AC act=-0.001 crit=1.667 pg=-0.001 H=0.23 | img ret=0.19 val=0.20 scale=1.58 p5=-0.31 p95=1.27 rnd_c=0.000 rnd_l=0.026 | r/step=0.0096 | 1.2 ips ETA 7h03\r\n"}
,{"stream_name":"stdout","time":467.594339346,"data":"  [health] WARN H_collapse: H=0.23\r\n"}
,{"stream_name":"stdout","time":467.594348006,"data":"  [health] WARN FATAL: H_collapse persistent (consec=5)\r\n"}
,{"stream_name":"stdout","time":506.013663831,"data":"  iter   450/30000 [ 1.5%] | WM wm=61.00 rec=57.55 kl=3.37 rew=0.069 con=0.007 | AC act=0.001 crit=1.770 pg=0.001 H=0.37 | img ret=0.35 val=0.34 scale=2.03 p5=-0.35 p95=1.68 rnd_c=0.000 rnd_l=0.023 | r/step=0.0115 | 1.2 ips ETA 6h58\r\n"}
,{"stream_name":"stdout","time":506.013697041,"data":"  [health] WARN RND_dominates: ratio=104.2\r\n"}
,{"stream_name":"stdout","time":543.499652585,"data":"  iter   500/30000 [ 1.7%] | WM wm=46.28 rec=42.60 kl=3.51 rew=0.149 con=0.014 | AC act=0.011 crit=1.666 pg=0.011 H=1.02 | img ret=0.66 val=0.62 scale=2.42 p5=-0.41 p95=2.01 rnd_c=0.000 rnd_l=0.018 | r/step=0.0058 | 1.2 ips ETA 6h52\r\n"}
,{"stream_name":"stdout","time":543.499689655,"data":"  [health] WARN RND_dominates: ratio=132.5\r\n"}
,{"stream_name":"stdout","time":581.450671617,"data":"  iter   550/30000 [ 1.8%] | WM wm=49.85 rec=45.61 kl=4.02 rew=0.201 con=0.021 | AC act=-0.008 crit=1.634 pg=-0.008 H=0.79 | img ret=-0.02 val=-0.00 scale=2.68 p5=-0.45 p95=2.22 rnd_c=0.000 rnd_l=0.020 | r/step=0.0108 | 1.2 ips ETA 6h48\r\n"}
,{"stream_name":"stdout","time":581.450707737,"data":"  [health] WARN RND_dominates: ratio=120.8\r\n"}
,{"stream_name":"stdout","time":619.846133099,"data":"  iter   600/30000 [ 2.0%] | WM wm=43.24 rec=39.45 kl=3.68 rew=0.101 con=0.009 | AC act=0.009 crit=2.016 pg=0.009 H=0.37 | img ret=1.17 val=1.06 scale=2.89 p5=-0.46 p95=2.43 rnd_c=0.000 rnd_l=0.014 | r/step=0.0191 | 1.2 ips ETA 6h45\r\n"}
,{"stream_name":"stdout","time":619.846179389,"data":"  [health] WARN RND_dominates: ratio=109.8\r\n"}
,{"stream_name":"stdout","time":658.019342668,"data":"  iter   650/30000 [ 2.2%] | WM wm=42.81 rec=38.91 kl=3.68 rew=0.199 con=0.012 | AC act=0.002 crit=1.933 pg=0.002 H=0.35 | img ret=0.49 val=0.43 scale=3.18 p5=-0.48 p95=2.70 rnd_c=0.000 rnd_l=0.022 | r/step=0.0159 | 1.2 ips ETA 6h41\r\n"}
,{"stream_name":"stdout","time":658.019376178,"data":"  [health] WARN RND_dominates: ratio=116.7\r\n"}
,{"stream_name":"stdout","time":658.019382228,"data":"  [health] WARN FATAL: RND_dominates persistent (consec=5)\r\n"}
,{"stream_name":"stdout","time":695.712180724,"data":"  iter   700/30000 [ 2.3%] | WM wm=49.80 rec=45.54 kl=4.19 rew=0.069 con=0.003 | AC act=-0.006 crit=1.878 pg=-0.006 H=0.46 | img ret=0.70 val=0.74 scale=3.19 p5=-0.51 p95=2.68 rnd_c=0.000 rnd_l=0.016 | r/step=0.0136 | 1.2 ips ETA 6h38\r\n"}
,{"stream_name":"stdout","time":695.712214364,"data":"  [health] WARN RND_dominates: ratio=107.8\r\n"}
,{"stream_name":"stdout","time":695.712219184,"data":"  [health] WARN FATAL: RND_dominates persistent (consec=6)\r\n"}
,{"stream_name":"stdout","time":733.939470766,"data":"  iter   750/30000 [ 2.5%] | WM wm=46.64 rec=42.62 kl=3.96 rew=0.063 con=0.004 | AC act=-0.004 crit=1.776 pg=-0.003 H=0.51 | img ret=0.91 val=0.91 scale=3.14 p5=-0.48 p95=2.66 rnd_c=0.000 rnd_l=0.016 | r/step=0.0089 | 1.2 ips ETA 6h36\r\n"}
,{"stream_name":"stdout","time":733.939502906,"data":"  [health] WARN RND_dominates: ratio=154.9\r\n"}
,{"stream_name":"stdout","time":733.939509056,"data":"  [health] WARN FATAL: RND_dominates persistent (consec=7)\r\n"}
,{"stream_name":"stdout","time":772.352857307,"data":"  iter   800/30000 [ 2.7%] | WM wm=45.41 rec=40.79 kl=4.44 rew=0.159 con=0.020 | AC act=-0.001 crit=1.708 pg=-0.001 H=0.52 | img ret=0.53 val=0.53 scale=3.14 p5=-0.47 p95=2.67 rnd_c=0.000 rnd_l=0.016 | r/step=0.0175 | 1.2 ips ETA 6h34\r\n"}
,{"stream_name":"stdout","time":772.352887647,"data":"  [health] WARN RND_dominates: ratio=112.7\r\n"}
,{"stream_name":"stdout","time":772.352892817,"data":"  [health] WARN FATAL: RND_dominates persistent (consec=8)\r\n"}
,{"stream_name":"stdout","time":810.400762481,"data":"  iter   850/30000 [ 2.8%] | WM wm=41.89 rec=36.99 kl=4.71 rew=0.166 con=0.012 | AC act=-0.009 crit=1.617 pg=-0.008 H=0.68 | img ret=0.38 val=0.41 scale=3.14 p5=-0.47 p95=2.67 rnd_c=0.001 rnd_l=0.015 | r/step=0.0141 | 1.2 ips ETA 6h32\r\n"}
,{"stream_name":"stdout","time":810.400803281,"data":"  [health] WARN RND_dominates: ratio=128.2\r\n"}
,{"stream_name":"stdout","time":810.400809181,"data":"  [health] WARN FATAL: RND_dominates persistent (consec=9)\r\n"}
,{"stream_name":"stdout","time":848.713287366,"data":"  iter   900/30000 [ 3.0%] | WM wm=46.49 rec=41.64 kl=4.72 rew=0.122 con=0.010 | AC act=-0.007 crit=1.568 pg=-0.007 H=0.60 | img ret=0.55 val=0.58 scale=3.15 p5=-0.46 p95=2.68 rnd_c=0.001 rnd_l=0.016 | r/step=0.0148 | 1.2 ips ETA 6h30\r\n"}
,{"stream_name":"stdout","time":848.713325996,"data":"  [health] WARN RND_dominates: ratio=162.0\r\n"}
,{"stream_name":"stdout","time":848.713332196,"data":"  [health] WARN FATAL: RND_dominates persistent (consec=10)\r\n"}
,{"stream_name":"stdout","time":886.343370254,"data":"  iter   950/30000 [ 3.2%] | WM wm=42.03 rec=37.72 kl=4.15 rew=0.149 con=0.009 | AC act=-0.003 crit=1.747 pg=-0.003 H=0.66 | img ret=0.32 val=0.33 scale=3.20 p5=-0.48 p95=2.72 rnd_c=0.001 rnd_l=0.012 | r/step=0.0083 | 1.2 ips ETA 6h28\r\n"}
,{"stream_name":"stdout","time":886.343402054,"data":"  [health] WARN RND_dominates: ratio=192.7\r\n"}
,{"stream_name":"stdout","time":886.343417564,"data":"  [health] WARN FATAL: RND_dominates persistent (consec=11)\r\n"}
,{"stream_name":"stdout","time":924.982360773,"data":"  iter  1000/30000 [ 3.3%] | WM wm=36.60 rec=32.22 kl=4.26 rew=0.107 con=0.007 | AC act=-0.003 crit=1.462 pg=-0.002 H=0.67 | img ret=0.49 val=0.49 scale=3.11 p5=-0.50 p95=2.60 rnd_c=0.001 rnd_l=0.012 | r/step=0.0072 | 1.2 ips ETA 6h27\r\n"}
,{"stream_name":"stdout","time":924.982398953,"data":"  [health] WARN RND_dominates: ratio=211.5\r\n"}
,{"stream_name":"stdout","time":924.982404873,"data":"  [health] WARN FATAL: RND_dominates persistent (consec=12)\r\n"}
,{"stream_name":"stdout","time":962.849740518,"data":"  iter  1050/30000 [ 3.5%] | WM wm=41.53 rec=36.63 kl=4.76 rew=0.138 con=0.007 | AC act=-0.003 crit=1.667 pg=-0.003 H=0.77 | img ret=0.55 val=0.55 scale=3.10 p5=-0.54 p95=2.56 rnd_c=0.001 rnd_l=0.012 | r/step=0.0118 | 1.3 ips ETA 6h25\r\n"}
,{"stream_name":"stdout","time":962.849782168,"data":"  [health] WARN RND_dominates: ratio=129.8\r\n"}
,{"stream_name":"stdout","time":962.849790788,"data":"  [health] WARN FATAL: RND_dominates persistent (consec=13)\r\n"}
,{"stream_name":"stdout","time":1001.413582711,"data":"  iter  1100/30000 [ 3.7%] | WM wm=40.35 rec=35.47 kl=4.68 rew=0.190 con=0.008 | AC act=-0.003 crit=1.518 pg=-0.002 H=0.81 | img ret=0.63 val=0.62 scale=3.16 p5=-0.57 p95=2.58 rnd_c=0.001 rnd_l=0.012 | r/step=0.0097 | 1.3 ips ETA 6h24\r\n"}
,{"stream_name":"stdout","time":1001.413630041,"data":"  [health] WARN RND_dominates: ratio=176.4\r\n"}
,{"stream_name":"stdout","time":1001.413636091,"data":"  [health] WARN FATAL: RND_dominates persistent (consec=14)\r\n"}
,{"stream_name":"stdout","time":1039.199676362,"data":"  iter  1150/30000 [ 3.8%] | WM wm=45.04 rec=39.79 kl=5.12 rew=0.122 con=0.016 | AC act=0.002 crit=1.598 pg=0.002 H=0.81 | img ret=0.46 val=0.42 scale=3.09 p5=-0.56 p95=2.53 rnd_c=0.001 rnd_l=0.011 | r/step=0.0092 | 1.3 ips ETA 6h22\r\n"}
,{"stream_name":"stdout","time":1039.199705751,"data":"  [health] WARN RND_dominates: ratio=149.6\r\n"}
,{"stream_name":"stdout","time":1039.199710751,"data":"  [health] WARN FATAL: RND_dominates persistent (consec=15)\r\n"}
,{"stream_name":"stdout","time":1077.6311205,"data":"  iter  1200/30000 [ 4.0%] | WM wm=33.63 rec=29.28 kl=4.16 rew=0.184 con=0.010 | AC act=-0.013 crit=1.510 pg=-0.013 H=0.91 | img ret=0.45 val=0.49 scale=3.11 p5=-0.59 p95=2.52 rnd_c=0.001 rnd_l=0.010 | r/step=0.0169 | 1.3 ips ETA 6h21\r\n"}
,{"stream_name":"stdout","time":1077.63116787,"data":"  [health] WARN RND_dominates: ratio=109.6\r\n"}
,{"stream_name":"stdout","time":1077.63117378,"data":"  [health] WARN FATAL: RND_dominates persistent (consec=16)\r\n"}
,{"stream_name":"stdout","time":1116.044390963,"data":"  iter  1250/30000 [ 4.2%] | WM wm=28.61 rec=23.52 kl=4.96 rew=0.125 con=0.011 | AC act=-0.007 crit=1.520 pg=-0.007 H=0.83 | img ret=0.21 val=0.23 scale=3.19 p5=-0.57 p95=2.61 rnd_c=0.001 rnd_l=0.010 | r/step=0.0071 | 1.3 ips ETA 6h20\r\n"}
,{"stream_name":"stdout","time":1116.044440412,"data":"  [health] WARN RND_dominates: ratio=132.8\r\n"}
,{"stream_name":"stdout","time":1116.044448692,"data":"  [health] WARN FATAL: RND_dominates persistent (consec=17)\r\n"}
,{"stream_name":"stdout","time":1154.089111421,"data":"  iter  1300/30000 [ 4.3%] | WM wm=31.61 rec=26.62 kl=4.84 rew=0.139 con=0.011 | AC act=-0.008 crit=1.569 pg=-0.007 H=0.81 | img ret=0.13 val=0.15 scale=3.04 p5=-0.55 p95=2.49 rnd_c=0.001 rnd_l=0.010 | r/step=0.0182 | 1.3 ips ETA 6h19\r\n"}
,{"stream_name":"stdout","time":1154.089147432,"data":"  [health] WARN RND_dominates: ratio=105.3\r\n"}
,{"stream_name":"stdout","time":1154.089153621,"data":"  [health] WARN FATAL: RND_dominates persistent (consec=18)\r\n"}
,{"stream_name":"stdout","time":1192.59151959,"data":"  iter  1350/30000 [ 4.5%] | WM wm=32.04 rec=27.01 kl=4.90 rew=0.132 con=0.003 | AC act=-0.009 crit=1.639 pg=-0.009 H=0.73 | img ret=0.27 val=0.31 scale=2.86 p5=-0.54 p95=2.31 rnd_c=0.001 rnd_l=0.010 | r/step=0.0091 | 1.3 ips ETA 6h18\r\n"}
,{"stream_name":"stdout","time":1192.5915714,"data":"  [health] WARN RND_dominates: ratio=148.3\r\n"}
,{"stream_name":"stdout","time":1192.591577,"data":"  [health] WARN FATAL: RND_dominates persistent (consec=19)\r\n"}
,{"stream_name":"stdout","time":1230.873958488,"data":"  iter  1400/30000 [ 4.7%] | WM wm=28.88 rec=24.17 kl=4.59 rew=0.111 con=0.002 | AC act=-0.003 crit=1.679 pg=-0.002 H=0.62 | img ret=0.67 val=0.67 scale=2.79 p5=-0.55 p95=2.25 rnd_c=0.001 rnd_l=0.007 | r/step=0.0121 | 1.3 ips ETA 6h16\r\n"}
,{"stream_name":"stdout","time":1230.874070568,"data":"  [health] WARN RND_dominates: ratio=191.0\r\n"}
,{"stream_name":"stdout","time":1230.874082828,"data":"  [health] WARN FATAL: RND_dominates persistent (consec=20)\r\n"}
,{"stream_name":"stdout","time":1268.817577277,"data":"  iter  1450/30000 [ 4.8%] | WM wm=35.32 rec=29.73 kl=5.42 rew=0.158 con=0.011 | AC act=-0.003 crit=1.493 pg=-0.002 H=0.60 | img ret=0.39 val=0.38 scale=2.75 p5=-0.52 p95=2.23 rnd_c=0.001 rnd_l=0.008 | r/step=0.0101 | 1.3 ips ETA 6h15\r\n"}
,{"stream_name":"stdout","time":1268.817613677,"data":"  [health] WARN RND_dominates: ratio=229.5\r\n"}
,{"stream_name":"stdout","time":1268.817619657,"data":"  [health] WARN FATAL: RND_dominates persistent (consec=21)\r\n"}
,{"stream_name":"stdout","time":1307.097250135,"data":"  iter  1500/30000 [ 5.0%] | WM wm=31.81 rec=26.97 kl=4.72 rew=0.108 con=0.007 | AC act=-0.002 crit=1.461 pg=-0.002 H=0.61 | img ret=0.33 val=0.32 scale=2.85 p5=-0.52 p95=2.32 rnd_c=0.001 rnd_l=0.009 | r/step=0.0058 | 1.3 ips ETA 6h14\r\n"}
,{"stream_name":"stdout","time":1307.097282085,"data":"  [health] WARN RND_dominates: ratio=300.0\r\n"}
,{"stream_name":"stdout","time":1307.097288005,"data":"  [health] WARN FATAL: RND_dominates persistent (consec=22)\r\n"}
,{"stream_name":"stdout","time":1345.652802827,"data":"  iter  1550/30000 [ 5.2%] | WM wm=32.39 rec=26.77 kl=5.45 rew=0.156 con=0.012 | AC act=-0.000 crit=1.615 pg=-0.000 H=0.69 | img ret=0.26 val=0.26 scale=2.86 p5=-0.51 p95=2.35 rnd_c=0.001 rnd_l=0.009 | r/step=0.0113 | 1.3 ips ETA 6h13\r\n"}
,{"stream_name":"stdout","time":1345.652837837,"data":"  [health] WARN RND_dominates: ratio=212.2\r\n"}
,{"stream_name":"stdout","time":1345.652844547,"data":"  [health] WARN FATAL: RND_dominates persistent (consec=23)\r\n"}
,{"stream_name":"stdout","time":1383.610373975,"data":"  iter  1600/30000 [ 5.3%] | WM wm=33.69 rec=27.87 kl=5.73 rew=0.089 con=0.002 | AC act=-0.001 crit=1.583 pg=-0.001 H=0.90 | img ret=0.40 val=0.41 scale=2.84 p5=-0.50 p95=2.33 rnd_c=0.001 rnd_l=0.006 | r/step=0.0011 | 1.3 ips ETA 6h12\r\n"}
,{"stream_name":"stdout","time":1383.610412275,"data":"  [health] WARN RND_dominates: ratio=329.9\r\n"}
,{"stream_name":"stdout","time":1383.610417385,"data":"  [health] WARN FATAL: RND_dominates persistent (consec=24)\r\n"}
,{"stream_name":"stdout","time":1421.504893441,"data":"  iter  1650/30000 [ 5.5%] | WM wm=32.01 rec=26.00 kl=5.79 rew=0.205 con=0.012 | AC act=-0.001 crit=1.579 pg=-0.001 H=0.64 | img ret=0.47 val=0.45 scale=2.70 p5=-0.47 p95=2.23 rnd_c=0.001 rnd_l=0.006 | r/step=0.0124 | 1.3 ips ETA 6h11\r\n"}
,{"stream_name":"stdout","time":1421.504944261,"data":"  [health] WARN RND_dominates: ratio=181.0\r\n"}
,{"stream_name":"stdout","time":1421.504950321,"data":"  [health] WARN FATAL: RND_dominates persistent (consec=25)\r\n"}
,{"stream_name":"stdout","time":1459.455972861,"data":"  iter  1700/30000 [ 5.7%] | WM wm=32.79 rec=27.10 kl=5.55 rew=0.127 con=0.009 | AC act=-0.001 crit=1.573 pg=-0.001 H=0.66 | img ret=0.37 val=0.37 scale=2.70 p5=-0.49 p95=2.21 rnd_c=0.001 rnd_l=0.007 | r/step=0.0081 | 1.3 ips ETA 6h10\r\n"}
,{"stream_name":"stdout","time":1459.456002981,"data":"  [health] WARN RND_dominates: ratio=195.2\r\n"}
,{"stream_name":"stdout","time":1459.456017181,"data":"  [health] WARN FATAL: RND_dominates persistent (consec=26)\r\n"}
,{"stream_name":"stdout","time":1497.769989213,"data":"  iter  1750/30000 [ 5.8%] | WM wm=34.78 rec=28.25 kl=6.25 rew=0.246 con=0.027 | AC act=-0.000 crit=1.647 pg=0.000 H=0.66 | img ret=0.35 val=0.31 scale=2.67 p5=-0.46 p95=2.21 rnd_c=0.001 rnd_l=0.007 | r/step=0.0105 | 1.3 ips ETA 6h09\r\n"}
,{"stream_name":"stdout","time":1497.770022313,"data":"  [health] WARN RND_dominates: ratio=203.7\r\n"}
,{"stream_name":"stdout","time":1497.770028543,"data":"  [health] WARN FATAL: RND_dominates persistent (consec=27)\r\n"}
,{"stream_name":"stdout","time":1535.42023154,"data":"  iter  1800/30000 [ 6.0%] | WM wm=28.49 rec=22.90 kl=5.45 rew=0.125 con=0.014 | AC act=0.007 crit=1.640 pg=0.007 H=0.65 | img ret=0.35 val=0.32 scale=2.60 p5=-0.46 p95=2.14 rnd_c=0.001 rnd_l=0.007 | r/step=0.0087 | 1.3 ips ETA 6h08\r\n"}
,{"stream_name":"stdout","time":1535.42026751,"data":"  [health] WARN RND_dominates: ratio=219.5\r\n"}
,{"stream_name":"stdout","time":1535.42027314,"data":"  [health] WARN FATAL: RND_dominates persistent (consec=28)\r\n"}
,{"stream_name":"stdout","time":1573.956135501,"data":"  iter  1850/30000 [ 6.2%] | WM wm=33.08 rec=27.39 kl=5.55 rew=0.131 con=0.010 | AC act=0.000 crit=1.729 pg=0.000 H=0.55 | img ret=0.72 val=0.68 scale=2.56 p5=-0.44 p95=2.12 rnd_c=0.001 rnd_l=0.006 | r/step=0.0115 | 1.3 ips ETA 6h07\r\n"}
,{"stream_name":"stdout","time":1573.95616793,"data":"  [health] WARN RND_dominates: ratio=195.6\r\n"}
,{"stream_name":"stdout","time":1573.956173961,"data":"  [health] WARN FATAL: RND_dominates persistent (consec=29)\r\n"}
,{"stream_name":"stdout","time":1612.075944354,"data":"  iter  1900/30000 [ 6.3%] | WM wm=36.34 rec=29.11 kl=7.06 rew=0.171 con=0.008 | AC act=-0.005 crit=1.434 pg=-0.004 H=0.74 | img ret=-0.07 val=-0.06 scale=2.56 p5=-0.44 p95=2.12 rnd_c=0.001 rnd_l=0.006 | r/step=0.0180 | 1.3 ips ETA 6h06\r\n"}
,{"stream_name":"stdout","time":1612.076000384,"data":"  [health] WARN RND_dominates: ratio=168.5\r\n"}
,{"stream_name":"stdout","time":1612.076006574,"data":"  [health] WARN FATAL: RND_dominates persistent (consec=30)\r\n"}
,{"stream_name":"stdout","time":1650.27571217,"data":"  iter  1950/30000 [ 6.5%] | WM wm=30.79 rec=24.96 kl=5.72 rew=0.115 con=0.001 | AC act=-0.005 crit=1.538 pg=-0.005 H=0.72 | img ret=0.45 val=0.45 scale=2.55 p5=-0.49 p95=2.07 rnd_c=0.001 rnd_l=0.006 | r/step=0.0129 | 1.3 ips ETA 6h05\r\n"}
,{"stream_name":"stdout","time":1650.27574656,"data":"  [health] WARN RND_dominates: ratio=136.7\r\n"}
,{"stream_name":"stdout","time":1650.27575324,"data":"  [health] WARN FATAL: RND_dominates persistent (consec=31)\r\n"}
,{"stream_name":"stdout","time":1688.991999264,"data":"  iter  2000/30000 [ 6.7%] | WM wm=32.13 rec=25.68 kl=6.28 rew=0.159 con=0.014 | AC act=0.003 crit=1.515 pg=0.003 H=0.75 | img ret=0.14 val=0.12 scale=2.69 p5=-0.51 p95=2.18 rnd_c=0.001 rnd_l=0.006 | r/step=0.0277 | 1.3 ips ETA 6h05\r\n"}
,{"stream_name":"stdout","time":1727.028633706,"data":"  iter  2050/30000 [ 6.8%] | WM wm=27.10 rec=22.19 kl=4.80 rew=0.106 con=0.008 | AC act=-0.002 crit=1.584 pg=-0.002 H=0.57 | img ret=0.74 val=0.74 scale=2.58 p5=-0.49 p95=2.08 rnd_c=0.001 rnd_l=0.005 | r/step=0.0170 | 1.3 ips ETA 6h04\r\n"}
,{"stream_name":"stdout","time":1765.703929046,"data":"  iter  2100/30000 [ 7.0%] | WM wm=28.03 rec=22.58 kl=5.29 rew=0.145 con=0.008 | AC act=0.002 crit=1.559 pg=0.002 H=0.66 | img ret=0.56 val=0.52 scale=2.51 p5=-0.49 p95=2.03 rnd_c=0.001 rnd_l=0.007 | r/step=0.0151 | 1.3 ips ETA 6h03\r\n"}
,{"stream_name":"stdout","time":1803.369807511,"data":"  iter  2150/30000 [ 7.2%] | WM wm=29.88 rec=23.44 kl=6.30 rew=0.128 con=0.007 | AC act=0.001 crit=1.572 pg=0.001 H=0.65 | img ret=0.69 val=0.61 scale=2.62 p5=-0.50 p95=2.13 rnd_c=0.001 rnd_l=0.006 | r/step=0.0168 | 1.3 ips ETA 6h02\r\n"}
,{"stream_name":"stdout","time":1803.369850091,"data":"  [health] WARN RND_dominates: ratio=101.5\r\n"}
,{"stream_name":"stdout","time":1841.669600906,"data":"  iter  2200/30000 [ 7.3%] | WM wm=28.97 rec=22.55 kl=6.26 rew=0.160 con=0.006 | AC act=-0.002 crit=1.309 pg=-0.002 H=0.70 | img ret=0.27 val=0.26 scale=2.64 p5=-0.51 p95=2.13 rnd_c=0.001 rnd_l=0.006 | r/step=0.0196 | 1.3 ips ETA 6h01\r\n"}
,{"stream_name":"stdout","time":1879.704882704,"data":"  iter  2250/30000 [ 7.5%] | WM wm=28.42 rec=23.08 kl=5.28 rew=0.064 con=0.004 | AC act=-0.000 crit=1.560 pg=-0.000 H=0.74 | img ret=0.32 val=0.31 scale=2.74 p5=-0.53 p95=2.21 rnd_c=0.001 rnd_l=0.005 | r/step=0.0134 | 1.3 ips ETA 6h00\r\n"}
,{"stream_name":"stdout","time":1879.704925404,"data":"  [health] WARN RND_dominates: ratio=107.6\r\n"}
,{"stream_name":"stdout","time":1918.146123438,"data":"  iter  2300/30000 [ 7.7%] | WM wm=28.60 rec=22.88 kl=5.57 rew=0.140 con=0.007 | AC act=-0.004 crit=1.593 pg=-0.004 H=0.71 | img ret=0.46 val=0.47 scale=2.81 p5=-0.54 p95=2.26 rnd_c=0.001 rnd_l=0.006 | r/step=0.0202 | 1.3 ips ETA 6h00\r\n"}
,{"stream_name":"stdout","time":1918.146172698,"data":"  [health] WARN RND_dominates: ratio=128.1\r\n"}
,{"stream_name":"stdout","time":1956.089000459,"data":"  iter  2350/30000 [ 7.8%] | WM wm=27.00 rec=20.97 kl=5.90 rew=0.124 con=0.007 | AC act=-0.004 crit=1.614 pg=-0.003 H=0.67 | img ret=0.48 val=0.49 scale=2.79 p5=-0.55 p95=2.24 rnd_c=0.001 rnd_l=0.004 | r/step=0.0244 | 1.3 ips ETA 5h59\r\n"}
,{"stream_name":"stdout","time":1994.306934731,"data":"  iter  2400/30000 [ 8.0%] | WM wm=27.01 rec=21.35 kl=5.51 rew=0.135 con=0.013 | AC act=-0.001 crit=1.544 pg=-0.001 H=0.64 | img ret=0.38 val=0.36 scale=2.78 p5=-0.52 p95=2.26 rnd_c=0.001 rnd_l=0.005 | r/step=0.0113 | 1.3 ips ETA 5h58\r\n"}
,{"stream_name":"stdout","time":1994.306965511,"data":"  [health] WARN RND_dominates: ratio=102.0\r\n"}
,{"stream_name":"stdout","time":2032.624214185,"data":"  iter  2450/30000 [ 8.2%] | WM wm=28.18 rec=21.74 kl=6.32 rew=0.123 con=0.003 | AC act=-0.000 crit=1.472 pg=0.000 H=0.67 | img ret=0.31 val=0.31 scale=2.71 p5=-0.52 p95=2.19 rnd_c=0.001 rnd_l=0.005 | r/step=0.0159 | 1.3 ips ETA 5h57\r\n"}
,{"stream_name":"stdout","time":2070.60675153,"data":"  iter  2500/30000 [ 8.3%] | WM wm=29.03 rec=22.42 kl=6.51 rew=0.094 con=0.003 | AC act=-0.001 crit=1.482 pg=-0.001 H=0.66 | img ret=0.43 val=0.43 scale=2.73 p5=-0.49 p95=2.24 rnd_c=0.001 rnd_l=0.004 | r/step=0.0171 | 1.3 ips ETA 5h56\r\n"}
,{"stream_name":"stdout","time":2104.981087188,"data":"  \u003e\u003e\u003e EVAL @ iter 2500 : score=2.10  length=168  achievements=3.00 =  sample=2.60  (best=3.00 @2500)  crafter_score=1.57% [451 train eps]\r\n"}
,{"stream_name":"stdout","time":2104.981125688,"data":"      unlocked (4/22): collect_sapling=100%  wake_up=100%  place_plant=80%  collect_wood=20%\r\n"}
,{"stream_name":"stdout","time":2116.02344964,"data":"  Checkpoint saved : dreamer_crafter_jax_v37-tpu-75m-rnd003_iter002500.npz\r\n"}
,{"stream_name":"stdout","time":2154.245269215,"data":"  iter  2550/30000 [ 8.5%] | WM wm=27.18 rec=20.78 kl=6.28 rew=0.119 con=0.005 | AC act=-0.004 crit=1.517 pg=-0.004 H=0.54 | img ret=0.33 val=0.35 scale=2.68 p5=-0.45 p95=2.22 rnd_c=0.002 rnd_l=0.005 | r/step=0.0145 | 1.3 ips ETA 6h04\r\n"}
,{"stream_name":"stdout","time":2192.731446706,"data":"  iter  2600/30000 [ 8.7%] | WM wm=25.46 rec=19.26 kl=6.07 rew=0.133 con=0.005 | AC act=0.003 crit=1.573 pg=0.003 H=0.63 | img ret=0.50 val=0.44 scale=2.63 p5=-0.43 p95=2.20 rnd_c=0.002 rnd_l=0.005 | r/step=0.0123 | 1.3 ips ETA 6h03\r\n"}
,{"stream_name":"stdout","time":2192.731481706,"data":"  [health] WARN RND_dominates: ratio=111.0\r\n"}
,{"stream_name":"stdout","time":2230.618939163,"data":"  iter  2650/30000 [ 8.8%] | WM wm=31.96 rec=25.00 kl=6.82 rew=0.132 con=0.004 | AC act=-0.002 crit=1.543 pg=-0.001 H=0.71 | img ret=0.41 val=0.41 scale=2.62 p5=-0.45 p95=2.17 rnd_c=0.002 rnd_l=0.004 | r/step=0.0160 | 1.3 ips ETA 6h02\r\n"}
,{"stream_name":"stdout","time":2230.618992373,"data":"  [health] WARN RND_dominates: ratio=116.3\r\n"}
,{"stream_name":"stdout","time":2268.76994581,"data":"  iter  2700/30000 [ 9.0%] | WM wm=25.15 rec=18.60 kl=6.40 rew=0.142 con=0.011 | AC act=-0.006 crit=1.502 pg=-0.006 H=0.68 | img ret=0.39 val=0.42 scale=2.52 p5=-0.44 p95=2.08 rnd_c=0.002 rnd_l=0.004 | r/step=0.0162 | 1.3 ips ETA 6h01\r\n"}
,{"stream_name":"stdout","time":2268.76998176,"data":"  [health] WARN RND_dominates: ratio=106.3\r\n"}
,{"stream_name":"stdout","time":2307.104931295,"data":"  iter  2750/30000 [ 9.2%] | WM wm=30.18 rec=23.46 kl=6.58 rew=0.131 con=0.011 | AC act=-0.000 crit=1.616 pg=-0.000 H=0.60 | img ret=0.44 val=0.43 scale=2.42 p5=-0.43 p95=1.99 rnd_c=0.002 rnd_l=0.004 | r/step=0.0118 | 1.3 ips ETA 6h00\r\n"}
,{"stream_name":"stdout","time":2307.104971685,"data":"  [health] WARN RND_dominates: ratio=124.7\r\n"}
,{"stream_name":"stdout","time":2345.403214177,"data":"  iter  2800/30000 [ 9.3%] | WM wm=30.63 rec=23.39 kl=7.11 rew=0.128 con=0.004 | AC act=-0.001 crit=1.462 pg=-0.001 H=0.61 | img ret=0.44 val=0.44 scale=2.48 p5=-0.45 p95=2.03 rnd_c=0.002 rnd_l=0.005 | r/step=0.0145 | 1.3 ips ETA 5h59\r\n"}
,{"stream_name":"stdout","time":2345.403247067,"data":"  [health] WARN RND_dominates: ratio=115.9\r\n"}
,{"stream_name":"stdout","time":2345.403251977,"data":"  [health] WARN FATAL: RND_dominates persistent (consec=5)\r\n"}
,{"stream_name":"stdout","time":2383.755457301,"data":"  iter  2850/30000 [ 9.5%] | WM wm=27.86 rec=21.51 kl=6.21 rew=0.139 con=0.004 | AC act=-0.001 crit=1.559 pg=-0.001 H=0.52 | img ret=0.22 val=0.21 scale=2.47 p5=-0.44 p95=2.03 rnd_c=0.002 rnd_l=0.005 | r/step=0.0090 | 1.3 ips ETA 5h58\r\n"}
,{"stream_name":"stdout","time":2383.755487971,"data":"  [health] WARN RND_dominates: ratio=144.4\r\n"}
,{"stream_name":"stdout","time":2383.755492911,"data":"  [health] WARN FATAL: RND_dominates persistent (consec=6)\r\n"}
,{"stream_name":"stdout","time":2421.455785402,"data":"  iter  2900/30000 [ 9.7%] | WM wm=28.08 rec=21.61 kl=6.35 rew=0.122 con=0.004 | AC act=0.006 crit=1.555 pg=0.006 H=0.59 | img ret=0.15 val=0.11 scale=2.48 p5=-0.45 p95=2.03 rnd_c=0.002 rnd_l=0.005 | r/step=0.0136 | 1.3 ips ETA 5h57\r\n"}
,{"stream_name":"stdout","time":2421.455824052,"data":"  [health] WARN RND_dominates: ratio=161.3\r\n"}
,{"stream_name":"stdout","time":2421.455829972,"data":"  [health] WARN FATAL: RND_dominates persistent (consec=7)\r\n"}
,{"stream_name":"stdout","time":2460.048563381,"data":"  iter  2950/30000 [ 9.8%] | WM wm=34.50 rec=26.76 kl=7.58 rew=0.161 con=0.004 | AC act=0.002 crit=1.464 pg=0.002 H=0.64 | img ret=0.46 val=0.43 scale=2.46 p5=-0.45 p95=2.02 rnd_c=0.002 rnd_l=0.004 | r/step=0.0093 | 1.3 ips ETA 5h57\r\n"}
,{"stream_name":"stdout","time":2460.048596721,"data":"  [health] WARN RND_dominates: ratio=132.0\r\n"}
,{"stream_name":"stdout","time":2460.048602681,"data":"  [health] WARN FATAL: RND_dominates persistent (consec=8)\r\n"}
,{"stream_name":"stdout","time":2498.127750897,"data":"  iter  3000/30000 [10.0%] | WM wm=26.43 rec=19.81 kl=6.45 rew=0.148 con=0.013 | AC act=0.002 crit=1.404 pg=0.002 H=0.66 | img ret=0.14 val=0.12 scale=2.44 p5=-0.46 p95=1.98 rnd_c=0.002 rnd_l=0.004 | r/step=0.0110 | 1.3 ips ETA 5h56\r\n"}
,{"stream_name":"stdout","time":2498.127784727,"data":"  [health] WARN RND_dominates: ratio=140.1\r\n"}
,{"stream_name":"stdout","time":2498.127790847,"data":"  [health] WARN FATAL: RND_dominates persistent (consec=9)\r\n"}
,{"stream_name":"stdout","time":2536.578708509,"data":"  iter  3050/30000 [10.2%] | WM wm=23.67 rec=17.63 kl=5.93 rew=0.112 con=0.004 | AC act=-0.001 crit=1.386 pg=-0.001 H=0.52 | img ret=0.20 val=0.20 scale=2.43 p5=-0.46 p95=1.96 rnd_c=0.002 rnd_l=0.004 | r/step=0.0217 | 1.3 ips ETA 5h55\r\n"}
,{"stream_name":"stdout","time":2575.076202432,"data":"  iter  3100/30000 [10.3%] | WM wm=33.28 rec=26.04 kl=7.09 rew=0.135 con=0.015 | AC act=-0.000 crit=1.449 pg=-0.000 H=0.55 | img ret=0.61 val=0.62 scale=2.43 p5=-0.47 p95=1.97 rnd_c=0.002 rnd_l=0.003 | r/step=0.0095 | 1.3 ips ETA 5h54\r\n"}
,{"stream_name":"stdout","time":2575.076234962,"data":"  [health] WARN RND_dominates: ratio=108.8\r\n"}
,{"stream_name":"stdout","time":2613.389225019,"data":"  iter  3150/30000 [10.5%] | WM wm=24.87 rec=18.30 kl=6.43 rew=0.137 con=0.005 | AC act=0.001 crit=1.392 pg=0.001 H=0.69 | img ret=0.34 val=0.34 scale=2.35 p5=-0.45 p95=1.90 rnd_c=0.002 rnd_l=0.003 | r/step=0.0191 | 1.3 ips ETA 5h53\r\n"}
,{"stream_name":"stdout","time":2613.389255849,"data":"  [health] WARN RND_dominates: ratio=124.3\r\n"}
,{"stream_name":"stdout","time":2651.625317894,"data":"  iter  3200/30000 [10.7%] | WM wm=24.40 rec=17.18 kl=7.06 rew=0.148 con=0.008 | AC act=0.005 crit=1.576 pg=0.005 H=0.57 | img ret=0.53 val=0.51 scale=2.40 p5=-0.43 p95=1.97 rnd_c=0.002 rnd_l=0.003 | r/step=0.0098 | 1.3 ips ETA 5h52\r\n"}
,{"stream_name":"stdout","time":2651.625346114,"data":"  [health] WARN RND_dominates: ratio=170.3\r\n"}
,{"stream_name":"stdout","time":2689.913681872,"data":"  iter  3250/30000 [10.8%] | WM wm=26.92 rec=19.78 kl=6.99 rew=0.148 con=0.006 | AC act=0.001 crit=1.532 pg=0.001 H=0.59 | img ret=0.27 val=0.23 scale=2.44 p5=-0.44 p95=2.00 rnd_c=0.002 rnd_l=0.003 | r/step=0.0172 | 1.3 ips ETA 5h52\r\n"}
,{"stream_name":"stdout","time":2727.976541849,"data":"  iter  3300/30000 [11.0%] | WM wm=25.84 rec=18.68 kl=6.96 rew=0.188 con=0.009 | AC act=-0.003 crit=1.524 pg=-0.002 H=0.78 | img ret=0.30 val=0.31 scale=2.55 p5=-0.45 p95=2.10 rnd_c=0.002 rnd_l=0.003 | r/step=0.0061 | 1.3 ips ETA 5h51\r\n"}
,{"stream_name":"stdout","time":2727.97657754,"data":"  [health] WARN RND_dominates: ratio=187.2\r\n"}
,{"stream_name":"stdout","time":2766.251380498,"data":"  iter  3350/30000 [11.2%] | WM wm=26.54 rec=19.66 kl=6.71 rew=0.153 con=0.010 | AC act=0.001 crit=1.459 pg=0.002 H=0.72 | img ret=0.16 val=0.16 scale=2.56 p5=-0.45 p95=2.11 rnd_c=0.002 rnd_l=0.004 | r/step=0.0175 | 1.3 ips ETA 5h50\r\n"}
,{"stream_name":"stdout","time":2766.251413949,"data":"  [health] WARN RND_dominates: ratio=110.9\r\n"}
,{"stream_name":"stdout","time":2804.513175797,"data":"  iter  3400/30000 [11.3%] | WM wm=25.22 rec=18.56 kl=6.54 rew=0.111 con=0.007 | AC act=-0.001 crit=1.643 pg=-0.000 H=0.60 | img ret=0.54 val=0.53 scale=2.49 p5=-0.44 p95=2.06 rnd_c=0.002 rnd_l=0.003 | r/step=0.0112 | 1.3 ips ETA 5h49\r\n"}
,{"stream_name":"stdout","time":2804.558261612,"data":"  [health] WARN RND_dominates: ratio=138.6\r\n"}
,{"stream_name":"stdout","time":2843.158413775,"data":"  iter  3450/30000 [11.5%] | WM wm=22.90 rec=16.42 kl=6.36 rew=0.118 con=0.005 | AC act=-0.000 crit=1.538 pg=0.000 H=0.65 | img ret=0.62 val=0.60 scale=2.44 p5=-0.42 p95=2.03 rnd_c=0.002 rnd_l=0.003 | r/step=0.0144 | 1.3 ips ETA 5h48\r\n"}
,{"stream_name":"stdout","time":2843.158450005,"data":"  [health] WARN RND_dominates: ratio=107.0\r\n"}
,{"stream_name":"stdout","time":2881.38627792,"data":"  iter  3500/30000 [11.7%] | WM wm=25.05 rec=17.97 kl=6.91 rew=0.155 con=0.005 | AC act=-0.003 crit=1.585 pg=-0.003 H=0.67 | img ret=0.23 val=0.23 scale=2.46 p5=-0.44 p95=2.02 rnd_c=0.002 rnd_l=0.003 | r/step=0.0087 | 1.3 ips ETA 5h47\r\n"}
,{"stream_name":"stdout","time":2881.38632877,"data":"  [health] WARN RND_dominates: ratio=130.3\r\n"}
,{"stream_name":"stdout","time":2881.38633656,"data":"  [health] WARN FATAL: RND_dominates persistent (consec=5)\r\n"}
,{"stream_name":"stdout","time":2919.90654205,"data":"  iter  3550/30000 [11.8%] | WM wm=24.84 rec=17.43 kl=7.26 rew=0.145 con=0.005 | AC act=-0.002 crit=1.527 pg=-0.002 H=0.62 | img ret=0.60 val=0.61 scale=2.41 p5=-0.41 p95=1.99 rnd_c=0.002 rnd_l=0.005 | r/step=0.0089 | 1.3 ips ETA 5h47\r\n"}
,{"stream_name":"stdout","time":2919.906578961,"data":"  [health] WARN RND_dominates: ratio=169.3\r\n"}
,{"stream_name":"stdout","time":2919.90658281,"data":"  [health] WARN FATAL: RND_dominates persistent (consec=6)\r\n"}
,{"stream_name":"stdout","time":2957.772366226,"data":"  iter  3600/30000 [12.0%] | WM wm=29.28 rec=21.43 kl=7.70 rew=0.143 con=0.004 | AC act=-0.003 crit=1.462 pg=-0.003 H=0.74 | img ret=0.39 val=0.40 scale=2.37 p5=-0.41 p95=1.96 rnd_c=0.002 rnd_l=0.003 | r/step=0.0122 | 1.3 ips ETA 5h46\r\n"}
,{"stream_name":"stdout","time":2957.772400856,"data":"  [health] WARN RND_dominates: ratio=131.3\r\n"}
,{"stream_name":"stdout","time":2957.772406676,"data":"  [health] WARN FATAL: RND_dominates persistent (consec=7)\r\n"}
,{"stream_name":"stdout","time":2996.383269053,"data":"  iter  3650/30000 [12.2%] | WM wm=32.54 rec=24.46 kl=7.96 rew=0.119 con=0.001 | AC act=0.000 crit=1.563 pg=0.001 H=0.61 | img ret=0.30 val=0.30 scale=2.30 p5=-0.42 p95=1.88 rnd_c=0.002 rnd_l=0.003 | r/step=0.0131 | 1.3 ips ETA 5h45\r\n"}
,{"stream_name":"stdout","time":2996.383316353,"data":"  [health] WARN RND_dominates: ratio=105.6\r\n"}
,{"stream_name":"stdout","time":2996.383324073,"data":"  [health] WARN FATAL: RND_dominates persistent (consec=8)\r\n"}
,{"stream_name":"stdout","time":3034.59033422,"data":"  iter  3700/30000 [12.3%] | WM wm=22.67 rec=16.43 kl=6.12 rew=0.120 con=0.005 | AC act=-0.003 crit=1.498 pg=-0.003 H=0.64 | img ret=0.43 val=0.39 scale=2.25 p5=-0.41 p95=1.84 rnd_c=0.002 rnd_l=0.003 | r/step=0.0126 | 1.3 ips ETA 5h44\r\n"}
,{"stream_name":"stdout","time":3034.59036788,"data":"  [health] WARN RND_dominates: ratio=106.8\r\n"}
,{"stream_name":"stdout","time":3034.59037422,"data":"  [health] WARN FATAL: RND_dominates persistent (consec=9)\r\n"}
,{"stream_name":"stdout","time":3072.87045669,"data":"  iter  3750/30000 [12.5%] | WM wm=24.26 rec=17.54 kl=6.60 rew=0.114 con=0.005 | AC act=-0.000 crit=1.380 pg=0.000 H=0.77 | img ret=0.24 val=0.23 scale=2.21 p5=-0.38 p95=1.83 rnd_c=0.002 rnd_l=0.003 | r/step=0.0094 | 1.3 ips ETA 5h44\r\n"}
,{"stream_name":"stdout","time":3072.870490141,"data":"  [health] WARN RND_dominates: ratio=141.3\r\n"}
,{"stream_name":"stdout","time":3072.870496101,"data":"  [health] WARN FATAL: RND_dominates persistent (consec=10)\r\n"}
,{"stream_name":"stdout","time":3111.041217024,"data":"  iter  3800/30000 [12.7%] | WM wm=25.50 rec=18.23 kl=7.15 rew=0.116 con=0.005 | AC act=0.001 crit=1.523 pg=0.001 H=0.62 | img ret=0.32 val=0.30 scale=2.22 p5=-0.38 p95=1.84 rnd_c=0.002 rnd_l=0.003 | r/step=0.0119 | 1.3 ips ETA 5h43\r\n"}
,{"stream_name":"stdout","time":3111.041248924,"data":"  [health] WARN RND_dominates: ratio=137.5\r\n"}
,{"stream_name":"stdout","time":3111.041254964,"data":"  [health] WARN FATAL: RND_dominates persistent (consec=11)\r\n"}
,{"stream_name":"stdout","time":3149.490740475,"data":"  iter  3850/30000 [12.8%] | WM wm=22.13 rec=15.40 kl=6.60 rew=0.132 con=0.004 | AC act=0.003 crit=1.592 pg=0.004 H=0.66 | img ret=0.32 val=0.31 scale=2.15 p5=-0.38 p95=1.78 rnd_c=0.002 rnd_l=0.004 | r/step=0.0119 | 1.3 ips ETA 5h42\r\n"}
,{"stream_name":"stdout","time":3149.490771564,"data":"  [health] WARN RND_dominates: ratio=112.1\r\n"}
,{"stream_name":"stdout","time":3149.490776435,"data":"  [health] WARN FATAL: RND_dominates persistent (consec=12)\r\n"}
,{"stream_name":"stdout","time":3187.631823242,"data":"  iter  3900/30000 [13.0%] | WM wm=21.14 rec=14.95 kl=6.06 rew=0.118 con=0.006 | AC act=0.004 crit=1.482 pg=0.004 H=0.61 | img ret=0.25 val=0.23 scale=2.14 p5=-0.37 p95=1.76 rnd_c=0.002 rnd_l=0.003 | r/step=0.0105 | 1.3 ips ETA 5h41\r\n"}
,{"stream_name":"stdout","time":3187.631852502,"data":"  [health] WARN RND_dominates: ratio=128.1\r\n"}
,{"stream_name":"stdout","time":3187.631867072,"data":"  [health] WARN FATAL: RND_dominates persistent (consec=13)\r\n"}
,{"stream_name":"stdout","time":3226.041799259,"data":"  iter  3950/30000 [13.2%] | WM wm=20.94 rec=14.34 kl=6.49 rew=0.109 con=0.006 | AC act=0.002 crit=1.425 pg=0.002 H=0.57 | img ret=0.43 val=0.43 scale=2.11 p5=-0.34 p95=1.77 rnd_c=0.002 rnd_l=0.003 | r/step=0.0078 | 1.3 ips ETA 5h40\r\n"}
,{"stream_name":"stdout","time":3226.041844749,"data":"  [health] WARN RND_dominates: ratio=158.9\r\n"}
,{"stream_name":"stdout","time":3226.041851499,"data":"  [health] WARN FATAL: RND_dominates persistent (consec=14)\r\n"}
,{"stream_name":"stdout","time":3264.237840477,"data":"  iter  4000/30000 [13.3%] | WM wm=25.27 rec=17.79 kl=7.32 rew=0.150 con=0.008 | AC act=-0.003 crit=1.403 pg=-0.003 H=0.61 | img ret=0.62 val=0.61 scale=2.23 p5=-0.36 p95=1.86 rnd_c=0.002 rnd_l=0.002 | r/step=0.0119 | 1.3 ips ETA 5h40\r\n"}
,{"stream_name":"stdout","time":3264.237876986,"data":"  [health] WARN RND_dominates: ratio=139.8\r\n"}
,{"stream_name":"stdout","time":3264.237882997,"data":"  [health] WARN FATAL: RND_dominates persistent (consec=15)\r\n"}
,{"stream_name":"stdout","time":3302.692768185,"data":"  iter  4050/30000 [13.5%] | WM wm=23.18 rec=15.85 kl=7.18 rew=0.137 con=0.007 | AC act=0.007 crit=1.561 pg=0.007 H=0.60 | img ret=0.62 val=0.60 scale=2.20 p5=-0.36 p95=1.85 rnd_c=0.002 rnd_l=0.003 | r/step=0.0097 | 1.3 ips ETA 5h39\r\n"}
,{"stream_name":"stdout","time":3302.692796095,"data":"  [health] WARN RND_dominates: ratio=149.2\r\n"}
,{"stream_name":"stdout","time":3302.692801225,"data":"  [health] WARN FATAL: RND_dominates persistent (consec=16)\r\n"}
,{"stream_name":"stdout","time":3341.03206686,"data":"  iter  4100/30000 [13.7%] | WM wm=25.52 rec=18.46 kl=6.92 rew=0.145 con=0.004 | AC act=0.006 crit=1.683 pg=0.007 H=0.59 | img ret=0.50 val=0.44 scale=2.26 p5=-0.36 p95=1.90 rnd_c=0.002 rnd_l=0.004 | r/step=0.0121 | 1.3 ips ETA 5h38\r\n"}
,{"stream_name":"stdout","time":3341.0321026,"data":"  [health] WARN RND_dominates: ratio=125.4\r\n"}
,{"stream_name":"stdout","time":3341.032112,"data":"  [health] WARN FATAL: RND_dominates persistent (consec=17)\r\n"}
,{"stream_name":"stdout","time":3379.523293425,"data":"  iter  4150/30000 [13.8%] | WM wm=22.93 rec=16.73 kl=6.08 rew=0.124 con=0.003 | AC act=-0.003 crit=1.447 pg=-0.003 H=0.68 | img ret=0.40 val=0.40 scale=2.30 p5=-0.35 p95=1.95 rnd_c=0.002 rnd_l=0.003 | r/step=0.0204 | 1.3 ips ETA 5h37\r\n"}
,{"stream_name":"stdout","time":3417.690689533,"data":"  iter  4200/30000 [14.0%] | WM wm=25.35 rec=17.91 kl=7.32 rew=0.116 con=0.007 | AC act=0.002 crit=1.440 pg=0.002 H=0.56 | img ret=0.66 val=0.63 scale=2.39 p5=-0.35 p95=2.05 rnd_c=0.003 rnd_l=0.003 | r/step=0.0130 | 1.3 ips ETA 5h37\r\n"}
,{"stream_name":"stdout","time":3455.807912999,"data":"  iter  4250/30000 [14.2%] | WM wm=26.37 rec=17.96 kl=8.27 rew=0.136 con=0.004 | AC act=0.000 crit=1.467 pg=0.001 H=0.72 | img ret=0.42 val=0.41 scale=2.55 p5=-0.35 p95=2.20 rnd_c=0.003 rnd_l=0.003 | r/step=0.0114 | 1.3 ips ETA 5h36\r\n"}
,{"stream_name":"stdout","time":3494.253642807,"data":"  iter  4300/30000 [14.3%] | WM wm=24.02 rec=16.72 kl=7.20 rew=0.103 con=0.005 | AC act=0.002 crit=1.287 pg=0.002 H=0.79 | img ret=0.29 val=0.28 scale=2.60 p5=-0.36 p95=2.23 rnd_c=0.003 rnd_l=0.002 | r/step=0.0098 | 1.3 ips ETA 5h35\r\n"}
,{"stream_name":"stdout","time":3494.253668867,"data":"  [health] WARN RND_dominates: ratio=159.5\r\n"}
,{"stream_name":"stdout","time":3532.578847819,"data":"  iter  4350/30000 [14.5%] | WM wm=23.77 rec=16.55 kl=7.08 rew=0.138 con=0.004 | AC act=0.000 crit=1.493 pg=0.000 H=0.64 | img ret=0.46 val=0.45 scale=2.52 p5=-0.35 p95=2.18 rnd_c=0.003 rnd_l=0.003 | r/step=0.0154 | 1.3 ips ETA 5h34\r\n"}
,{"stream_name":"stdout","time":3532.57888049,"data":"  [health] WARN RND_dominates: ratio=114.4\r\n"}
,{"stream_name":"stdout","time":3571.394656193,"data":"  iter  4400/30000 [14.7%] | WM wm=27.16 rec=18.73 kl=8.32 rew=0.109 con=0.000 | AC act=-0.003 crit=1.391 pg=-0.003 H=0.63 | img ret=0.26 val=0.26 scale=2.47 p5=-0.35 p95=2.12 rnd_c=0.003 rnd_l=0.002 | r/step=0.0194 | 1.3 ips ETA 5h34\r\n"}
,{"stream_name":"stdout","time":3609.378356779,"data":"  iter  4450/30000 [14.8%] | WM wm=20.97 rec=14.67 kl=6.14 rew=0.153 con=0.004 | AC act=-0.001 crit=1.572 pg=-0.001 H=0.54 | img ret=0.43 val=0.44 scale=2.41 p5=-0.35 p95=2.06 rnd_c=0.003 rnd_l=0.002 | r/step=0.0130 | 1.3 ips ETA 5h33\r\n"}
,{"stream_name":"stdout","time":3647.948711808,"data":"  iter  4500/30000 [15.0%] | WM wm=27.66 rec=20.66 kl=6.89 rew=0.117 con=0.002 | AC act=-0.002 crit=1.523 pg=-0.002 H=0.66 | img ret=0.58 val=0.56 scale=2.49 p5=-0.33 p95=2.16 rnd_c=0.003 rnd_l=0.003 | r/step=0.0093 | 1.3 ips ETA 5h32\r\n"}
,{"stream_name":"stdout","time":3647.948752638,"data":"  [health] WARN RND_dominates: ratio=107.8\r\n"}
,{"stream_name":"stdout","time":3685.779881725,"data":"  iter  4550/30000 [15.2%] | WM wm=24.86 rec=16.67 kl=7.99 rew=0.197 con=0.008 | AC act=-0.001 crit=1.494 pg=-0.001 H=0.50 | img ret=0.25 val=0.26 scale=2.51 p5=-0.34 p95=2.17 rnd_c=0.003 rnd_l=0.002 | r/step=0.0057 | 1.3 ips ETA 5h32\r\n"}
,{"stream_name":"stdout","time":3685.779915336,"data":"  [health] WARN RND_dominates: ratio=114.3\r\n"}
,{"stream_name":"stdout","time":3724.055405005,"data":"  iter  4600/30000 [15.3%] | WM wm=23.53 rec=16.46 kl=6.95 rew=0.117 con=0.008 | AC act=0.002 crit=1.603 pg=0.002 H=0.50 | img ret=0.81 val=0.73 scale=2.60 p5=-0.33 p95=2.27 rnd_c=0.003 rnd_l=0.002 | r/step=0.0150 | 1.3 ips ETA 5h31\r\n"}
,{"stream_name":"stdout","time":3724.055438765,"data":"  [health] WARN RND_dominates: ratio=108.2\r\n"}
,{"stream_name":"stdout","time":3762.397792994,"data":"  iter  4650/30000 [15.5%] | WM wm=20.80 rec=13.73 kl=6.90 rew=0.158 con=0.004 | AC act=-0.002 crit=1.498 pg=-0.002 H=0.54 | img ret=0.38 val=0.36 scale=2.61 p5=-0.33 p95=2.28 rnd_c=0.003 rnd_l=0.002 | r/step=0.0071 | 1.3 ips ETA 5h30\r\n"}
,{"stream_name":"stdout","time":3762.397854834,"data":"  [health] WARN RND_dominates: ratio=123.7\r\n"}
,{"stream_name":"stdout","time":3800.834499316,"data":"  iter  4700/30000 [15.7%] | WM wm=22.08 rec=14.44 kl=7.51 rew=0.132 con=0.003 | AC act=-0.002 crit=1.386 pg=-0.002 H=0.68 | img ret=0.29 val=0.29 scale=2.49 p5=-0.32 p95=2.17 rnd_c=0.003 rnd_l=0.002 | r/step=0.0108 | 1.3 ips ETA 5h29\r\n"}
,{"stream_name":"stdout","time":3800.834536526,"data":"  [health] WARN RND_dominates: ratio=113.9\r\n"}
,{"stream_name":"stdout","time":3800.834542456,"data":"  [health] WARN FATAL: RND_dominates persistent (consec=5)\r\n"}
,{"stream_name":"stdout","time":3838.978117467,"data":"  iter  4750/30000 [15.8%] | WM wm=22.44 rec=15.25 kl=7.04 rew=0.146 con=0.003 | AC act=-0.006 crit=1.433 pg=-0.006 H=0.61 | img ret=0.30 val=0.31 scale=2.41 p5=-0.32 p95=2.08 rnd_c=0.003 rnd_l=0.002 | r/step=0.0080 | 1.3 ips ETA 5h29\r\n"}
,{"stream_name":"stdout","time":3838.978155957,"data":"  [health] WARN RND_dominates: ratio=133.3\r\n"}
,{"stream_name":"stdout","time":3838.978162607,"data":"  [health] WARN FATAL: RND_dominates persistent (consec=6)\r\n"}
,{"stream_name":"stdout","time":3877.790954396,"data":"  iter  4800/30000 [16.0%] | WM wm=24.61 rec=17.58 kl=6.90 rew=0.127 con=0.007 | AC act=-0.007 crit=1.571 pg=-0.006 H=0.59 | img ret=0.66 val=0.68 scale=2.33 p5=-0.32 p95=2.01 rnd_c=0.003 rnd_l=0.003 | r/step=0.0150 | 1.3 ips ETA 5h28\r\n"}
,{"stream_name":"stdout","time":3916.246150287,"data":"  iter  4850/30000 [16.2%] | WM wm=27.44 rec=19.55 kl=7.74 rew=0.142 con=0.007 | AC act=-0.003 crit=1.273 pg=-0.003 H=0.84 | img ret=0.20 val=0.21 scale=2.29 p5=-0.30 p95=1.99 rnd_c=0.003 rnd_l=0.003 | r/step=0.0115 | 1.3 ips ETA 5h27\r\n"}
,{"stream_name":"stdout","time":3953.997716068,"data":"  iter  4900/30000 [16.3%] | WM wm=26.83 rec=19.08 kl=7.64 rew=0.111 con=0.002 | AC act=0.002 crit=1.525 pg=0.002 H=0.56 | img ret=0.52 val=0.49 scale=2.21 p5=-0.28 p95=1.93 rnd_c=0.003 rnd_l=0.002 | r/step=0.0136 | 1.3 ips ETA 5h26\r\n"}
,{"stream_name":"stdout","time":3992.703461557,"data":"  iter  4950/30000 [16.5%] | WM wm=20.78 rec=13.85 kl=6.82 rew=0.112 con=0.004 | AC act=0.003 crit=1.545 pg=0.003 H=0.56 | img ret=0.42 val=0.41 scale=2.19 p5=-0.28 p95=1.91 rnd_c=0.003 rnd_l=0.003 | r/step=0.0175 | 1.3 ips ETA 5h26\r\n"}
,{"stream_name":"stdout","time":4031.003616698,"data":"  iter  5000/30000 [16.7%] | WM wm=19.56 rec=13.43 kl=6.02 rew=0.098 con=0.008 | AC act=-0.001 crit=1.510 pg=-0.001 H=0.54 | img ret=0.34 val=0.32 scale=2.20 p5=-0.28 p95=1.92 rnd_c=0.003 rnd_l=0.002 | r/step=0.0114 | 1.3 ips ETA 5h25\r\n"}
,{"stream_name":"stdout","time":4031.003657158,"data":"  [health] WARN RND_dominates: ratio=105.4\r\n"}
,{"stream_name":"stdout","time":4069.62804904,"data":"  \u003e\u003e\u003e EVAL @ iter 5000 : score=2.30  length=194  achievements=3.20 ↑  sample=3.40  (best=3.20 @5000)  crafter_score=1.46% [897 train eps]\r\n"}
,{"stream_name":"stdout","time":4069.6280954,"data":"      unlocked (4/22): collect_sapling=100%  place_plant=100%  wake_up=100%  collect_wood=20%\r\n"}
,{"stream_name":"stdout","time":4080.619491649,"data":"  Checkpoint saved : dreamer_crafter_jax_v37-tpu-75m-rnd003_iter005000.npz\r\n"}
,{"stream_name":"stdout","time":4118.867406547,"data":"  iter  5050/30000 [16.8%] | WM wm=23.09 rec=15.87 kl=7.09 rew=0.127 con=0.001 | AC act=-0.003 crit=1.487 pg=-0.002 H=0.62 | img ret=0.27 val=0.27 scale=2.26 p5=-0.27 p95=1.99 rnd_c=0.003 rnd_l=0.002 | r/step=0.0137 | 1.3 ips ETA 5h28\r\n"}
,{"stream_name":"stdout","time":4118.867443707,"data":"  [health] WARN RND_dominates: ratio=104.2\r\n"}
,{"stream_name":"stdout","time":4157.467134501,"data":"  iter  5100/30000 [17.0%] | WM wm=21.02 rec=13.75 kl=7.13 rew=0.134 con=0.006 | AC act=0.001 crit=1.495 pg=0.001 H=0.57 | img ret=0.38 val=0.36 scale=2.27 p5=-0.28 p95=1.98 rnd_c=0.003 rnd_l=0.003 | r/step=0.0107 | 1.3 ips ETA 5h28\r\n"}
,{"stream_name":"stdout","time":4157.467170341,"data":"  [health] WARN RND_dominates: ratio=115.0\r\n"}
,{"stream_name":"stdout","time":4195.96094666,"data":"  iter  5150/30000 [17.2%] | WM wm=19.17 rec=12.29 kl=6.77 rew=0.105 con=0.000 | AC act=0.000 crit=1.440 pg=0.000 H=0.53 | img ret=0.30 val=0.29 scale=2.34 p5=-0.28 p95=2.05 rnd_c=0.003 rnd_l=0.003 | r/step=0.0117 | 1.3 ips ETA 5h27\r\n"}
,{"stream_name":"stdout","time":4195.96097704,"data":"  [health] WARN RND_dominates: ratio=113.2\r\n"}
,{"stream_name":"stdout","time":4234.720555563,"data":"  iter  5200/30000 [17.3%] | WM wm=20.59 rec=13.67 kl=6.80 rew=0.121 con=0.005 | AC act=0.001 crit=1.556 pg=0.002 H=0.69 | img ret=0.50 val=0.50 scale=2.30 p5=-0.28 p95=2.02 rnd_c=0.003 rnd_l=0.002 | r/step=0.0098 | 1.3 ips ETA 5h26\r\n"}
,{"stream_name":"stdout","time":4234.720588733,"data":"  [health] WARN RND_dominates: ratio=120.2\r\n"}
,{"stream_name":"stdout","time":4234.720594663,"data":"  [health] WARN FATAL: RND_dominates persistent (consec=5)\r\n"}
,{"stream_name":"stdout","time":4272.751535315,"data":"  iter  5250/30000 [17.5%] | WM wm=21.62 rec=14.47 kl=7.03 rew=0.120 con=0.001 | AC act=0.001 crit=1.458 pg=0.001 H=0.61 | img ret=0.47 val=0.44 scale=2.26 p5=-0.26 p95=2.00 rnd_c=0.003 rnd_l=0.002 | r/step=0.0082 | 1.3 ips ETA 5h25\r\n"}
,{"stream_name":"stdout","time":4272.751572755,"data":"  [health] WARN RND_dominates: ratio=119.8\r\n"}
,{"stream_name":"stdout","time":4272.751580965,"data":"  [health] WARN FATAL: RND_dominates persistent (consec=6)\r\n"}
,{"stream_name":"stdout","time":4311.307865557,"data":"  iter  5300/30000 [17.7%] | WM wm=18.41 rec=11.86 kl=6.44 rew=0.108 con=0.003 | AC act=0.003 crit=1.454 pg=0.003 H=0.65 | img ret=0.37 val=0.35 scale=2.36 p5=-0.27 p95=2.09 rnd_c=0.003 rnd_l=0.002 | r/step=0.0139 | 1.3 ips ETA 5h25\r\n"}
,{"stream_name":"stdout","time":4311.307912187,"data":"  [health] WARN RND_dominates: ratio=116.2\r\n"}
,{"stream_name":"stdout","time":4311.307916867,"data":"  [health] WARN FATAL: RND_dominates persistent (consec=7)\r\n"}
,{"stream_name":"stdout","time":4349.75369065,"data":"  iter  5350/30000 [17.8%] | WM wm=23.95 rec=16.19 kl=7.64 rew=0.116 con=0.001 | AC act=0.001 crit=1.466 pg=0.001 H=0.66 | img ret=0.69 val=0.65 scale=2.38 p5=-0.29 p95=2.09 rnd_c=0.003 rnd_l=0.002 | r/step=0.0117 | 1.3 ips ETA 5h24\r\n"}
,{"stream_name":"stdout","time":4388.556766384,"data":"  iter  5400/30000 [18.0%] | WM wm=19.65 rec=12.41 kl=7.08 rew=0.155 con=0.003 | AC act=-0.001 crit=1.551 pg=-0.001 H=0.58 | img ret=0.32 val=0.31 scale=2.31 p5=-0.30 p95=2.01 rnd_c=0.003 rnd_l=0.002 | r/step=0.0116 | 1.3 ips ETA 5h23\r\n"}
,{"stream_name":"stdout","time":4427.063629444,"data":"  iter  5450/30000 [18.2%] | WM wm=20.84 rec=12.88 kl=7.84 rew=0.123 con=0.001 | AC act=-0.003 crit=1.368 pg=-0.003 H=0.50 | img ret=0.52 val=0.54 scale=2.35 p5=-0.27 p95=2.07 rnd_c=0.003 rnd_l=0.002 | r/step=0.0100 | 1.3 ips ETA 5h23\r\n"}
,{"stream_name":"stdout","time":4427.063661644,"data":"  [health] WARN RND_dominates: ratio=105.2\r\n"}
,{"stream_name":"stdout","time":4465.198341525,"data":"  iter  5500/30000 [18.3%] | WM wm=21.32 rec=13.42 kl=7.80 rew=0.098 con=0.005 | AC act=0.001 crit=1.427 pg=0.001 H=0.56 | img ret=0.50 val=0.49 scale=2.38 p5=-0.27 p95=2.10 rnd_c=0.003 rnd_l=0.002 | r/step=0.0107 | 1.3 ips ETA 5h22\r\n"}
,{"stream_name":"stdout","time":4465.198382985,"data":"  [health] WARN RND_dominates: ratio=127.3\r\n"}
,{"stream_name":"stdout","time":4503.57741313,"data":"  iter  5550/30000 [18.5%] | WM wm=21.11 rec=13.95 kl=7.02 rew=0.136 con=0.005 | AC act=-0.002 crit=1.580 pg=-0.002 H=0.69 | img ret=0.42 val=0.45 scale=2.44 p5=-0.29 p95=2.15 rnd_c=0.003 rnd_l=0.002 | r/step=0.0128 | 1.3 ips ETA 5h21\r\n"}
,{"stream_name":"stdout","time":4503.57745792,"data":"  [health] WARN RND_dominates: ratio=123.5\r\n"}
,{"stream_name":"stdout","time":4542.245445252,"data":"  iter  5600/30000 [18.7%] | WM wm=26.22 rec=18.31 kl=7.75 rew=0.150 con=0.003 | AC act=-0.000 crit=1.544 pg=0.000 H=0.62 | img ret=0.42 val=0.40 scale=2.38 p5=-0.28 p95=2.10 rnd_c=0.003 rnd_l=0.003 | r/step=0.0078 | 1.3 ips ETA 5h20\r\n"}
,{"stream_name":"stdout","time":4542.245484942,"data":"  [health] WARN RND_dominates: ratio=151.8\r\n"}
,{"stream_name":"stdout","time":4580.755738482,"data":"  iter  5650/30000 [18.8%] | WM wm=21.64 rec=14.72 kl=6.75 rew=0.166 con=0.008 | AC act=-0.007 crit=1.417 pg=-0.006 H=0.60 | img ret=0.64 val=0.66 scale=2.44 p5=-0.26 p95=2.18 rnd_c=0.003 rnd_l=0.002 | r/step=0.0116 | 1.3 ips ETA 5h20\r\n"}
,{"stream_name":"stdout","time":4580.755775762,"data":"  [health] WARN RND_dominates: ratio=110.6\r\n"}
,{"stream_name":"stdout","time":4580.755781932,"data":"  [health] WARN FATAL: RND_dominates persistent (consec=5)\r\n"}
,{"stream_name":"stdout","time":4619.225700316,"data":"  iter  5700/30000 [19.0%] | WM wm=19.14 rec=11.96 kl=7.01 rew=0.166 con=0.012 | AC act=-0.005 crit=1.591 pg=-0.005 H=0.62 | img ret=0.39 val=0.42 scale=2.43 p5=-0.26 p95=2.17 rnd_c=0.003 rnd_l=0.002 | r/step=0.0095 | 1.3 ips ETA 5h19\r\n"}
,{"stream_name":"stdout","time":4619.225743576,"data":"  [health] WARN RND_dominates: ratio=111.4\r\n"}
,{"stream_name":"stdout","time":4619.225748566,"data":"  [health] WARN FATAL: RND_dominates persistent (consec=6)\r\n"}
,{"stream_name":"stdout","time":4657.61329495,"data":"  iter  5750/30000 [19.2%] | WM wm=18.26 rec=11.31 kl=6.84 rew=0.110 con=0.002 | AC act=-0.004 crit=1.496 pg=-0.004 H=0.56 | img ret=0.67 val=0.69 scale=2.30 p5=-0.26 p95=2.05 rnd_c=0.003 rnd_l=0.002 | r/step=0.0100 | 1.3 ips ETA 5h18\r\n"}
,{"stream_name":"stdout","time":4657.6133426,"data":"  [health] WARN RND_dominates: ratio=100.3\r\n"}
,{"stream_name":"stdout","time":4657.61335917,"data":"  [health] WARN FATAL: RND_dominates persistent (consec=7)\r\n"}
,{"stream_name":"stdout","time":4696.112013706,"data":"  iter  5800/30000 [19.3%] | WM wm=23.39 rec=16.19 kl=7.02 rew=0.159 con=0.019 | AC act=-0.005 crit=1.364 pg=-0.004 H=0.71 | img ret=0.53 val=0.54 scale=2.30 p5=-0.27 p95=2.02 rnd_c=0.003 rnd_l=0.002 | r/step=0.0170 | 1.3 ips ETA 5h17\r\n"}
,{"stream_name":"stdout","time":4734.317183958,"data":"  iter  5850/30000 [19.5%] | WM wm=24.96 rec=17.23 kl=7.57 rew=0.153 con=0.006 | AC act=0.007 crit=1.468 pg=0.007 H=0.70 | img ret=0.74 val=0.69 scale=2.30 p5=-0.27 p95=2.04 rnd_c=0.003 rnd_l=0.002 | r/step=0.0058 | 1.3 ips ETA 5h17\r\n"}
,{"stream_name":"stdout","time":4734.317212958,"data":"  [health] WARN RND_dominates: ratio=149.4\r\n"}
,{"stream_name":"stdout","time":4772.954522271,"data":"  iter  5900/30000 [19.7%] | WM wm=25.72 rec=17.95 kl=7.60 rew=0.157 con=0.002 | AC act=0.006 crit=1.417 pg=0.006 H=0.72 | img ret=0.38 val=0.36 scale=2.37 p5=-0.26 p95=2.10 rnd_c=0.003 rnd_l=0.002 | r/step=0.0129 | 1.3 ips ETA 5h16\r\n"}
,{"stream_name":"stdout","time":4772.954565971,"data":"  [health] WARN RND_dominates: ratio=116.2\r\n"}
,{"stream_name":"stdout","time":4811.01998822,"data":"  iter  5950/30000 [19.8%] | WM wm=18.45 rec=11.27 kl=7.06 rew=0.117 con=0.003 | AC act=-0.002 crit=1.334 pg=-0.001 H=0.75 | img ret=0.47 val=0.47 scale=2.38 p5=-0.27 p95=2.10 rnd_c=0.003 rnd_l=0.002 | r/step=0.0042 | 1.3 ips ETA 5h15\r\n"}
,{"stream_name":"stdout","time":4811.02002949,"data":"  [health] WARN RND_dominates: ratio=124.7\r\n"}
,{"stream_name":"stdout","time":4849.443447542,"data":"  iter  6000/30000 [20.0%] | WM wm=20.78 rec=13.68 kl=6.91 rew=0.187 con=0.004 | AC act=0.001 crit=1.292 pg=0.001 H=0.68 | img ret=0.29 val=0.29 scale=2.40 p5=-0.27 p95=2.12 rnd_c=0.003 rnd_l=0.002 | r/step=0.0141 | 1.3 ips ETA 5h15\r\n"}
,{"stream_name":"stdout","time":4849.443480512,"data":"  [health] WARN RND_dominates: ratio=111.7\r\n"}
,{"stream_name":"stdout","time":4887.690845024,"data":"  iter  6050/30000 [20.2%] | WM wm=22.66 rec=15.13 kl=7.43 rew=0.098 con=0.004 | AC act=-0.003 crit=1.441 pg=-0.003 H=0.55 | img ret=0.57 val=0.58 scale=2.41 p5=-0.30 p95=2.12 rnd_c=0.003 rnd_l=0.002 | r/step=0.0095 | 1.3 ips ETA 5h14\r\n"}
,{"stream_name":"stdout","time":4887.690877615,"data":"  [health] WARN RND_dominates: ratio=126.6\r\n"}
,{"stream_name":"stdout","time":4887.690883235,"data":"  [health] WARN FATAL: RND_dominates persistent (consec=5)\r\n"}
,{"stream_name":"stdout","time":4926.214443823,"data":"  iter  6100/30000 [20.3%] | WM wm=20.88 rec=13.32 kl=7.37 rew=0.169 con=0.012 | AC act=-0.000 crit=1.556 pg=0.000 H=0.61 | img ret=0.82 val=0.77 scale=2.40 p5=-0.29 p95=2.12 rnd_c=0.003 rnd_l=0.002 | r/step=0.0206 | 1.3 ips ETA 5h13\r\n"}
,{"stream_name":"stdout","time":4964.318298112,"data":"  iter  6150/30000 [20.5%] | WM wm=25.67 rec=17.25 kl=8.25 rew=0.165 con=0.005 | AC act=-0.002 crit=1.565 pg=-0.002 H=0.54 | img ret=0.65 val=0.66 scale=2.43 p5=-0.28 p95=2.15 rnd_c=0.003 rnd_l=0.003 | r/step=0.0062 | 1.3 ips ETA 5h12\r\n"}
,{"stream_name":"stdout","time":4964.318350722,"data":"  [health] WARN RND_dominates: ratio=149.0\r\n"}
,{"stream_name":"stdout","time":5003.027975561,"data":"  iter  6200/30000 [20.7%] | WM wm=17.36 rec=11.00 kl=6.22 rew=0.133 con=0.006 | AC act=-0.003 crit=1.463 pg=-0.002 H=0.65 | img ret=0.32 val=0.32 scale=2.34 p5=-0.27 p95=2.07 rnd_c=0.003 rnd_l=0.002 | r/step=0.0181 | 1.3 ips ETA 5h12\r\n"}
,{"stream_name":"stdout","time":5041.168152672,"data":"  iter  6250/30000 [20.8%] | WM wm=27.06 rec=18.88 kl=8.04 rew=0.135 con=0.002 | AC act=-0.002 crit=1.524 pg=-0.002 H=0.54 | img ret=0.40 val=0.40 scale=2.31 p5=-0.25 p95=2.06 rnd_c=0.003 rnd_l=0.002 | r/step=0.0051 | 1.3 ips ETA 5h11\r\n"}
,{"stream_name":"stdout","time":5041.168188223,"data":"  [health] WARN RND_dominates: ratio=109.3\r\n"}
,{"stream_name":"stdout","time":5079.780953722,"data":"  iter  6300/30000 [21.0%] | WM wm=19.96 rec=12.72 kl=7.07 rew=0.149 con=0.011 | AC act=-0.001 crit=1.463 pg=-0.001 H=0.59 | img ret=0.35 val=0.34 scale=2.28 p5=-0.25 p95=2.02 rnd_c=0.003 rnd_l=0.002 | r/step=0.0149 | 1.3 ips ETA 5h10\r\n"}
,{"stream_name":"stdout","time":5079.780989582,"data":"  [health] WARN RND_dominates: ratio=142.8\r\n"}
,{"stream_name":"stdout","time":5117.794183019,"data":"  iter  6350/30000 [21.2%] | WM wm=18.85 rec=11.84 kl=6.83 rew=0.164 con=0.005 | AC act=-0.003 crit=1.537 pg=-0.002 H=0.75 | img ret=0.37 val=0.38 scale=2.32 p5=-0.26 p95=2.06 rnd_c=0.003 rnd_l=0.002 | r/step=0.0114 | 1.3 ips ETA 5h09\r\n"}
,{"stream_name":"stdout","time":5117.794214399,"data":"  [health] WARN RND_dominates: ratio=122.8\r\n"}
,{"stream_name":"stdout","time":5156.310472558,"data":"  iter  6400/30000 [21.3%] | WM wm=15.75 rec=9.59 kl=6.09 rew=0.076 con=0.001 | AC act=0.005 crit=1.433 pg=0.006 H=0.80 | img ret=0.50 val=0.49 scale=2.19 p5=-0.24 p95=1.95 rnd_c=0.003 rnd_l=0.003 | r/step=0.0135 | 1.3 ips ETA 5h09\r\n"}
,{"stream_name":"stdout","time":5194.73479968,"data":"  iter  6450/30000 [21.5%] | WM wm=20.91 rec=13.30 kl=7.43 rew=0.166 con=0.007 | AC act=0.000 crit=1.428 pg=0.000 H=0.70 | img ret=0.54 val=0.53 scale=2.27 p5=-0.26 p95=2.01 rnd_c=0.003 rnd_l=0.002 | r/step=0.0156 | 1.3 ips ETA 5h08\r\n"}
,{"stream_name":"stdout","time":5233.051478122,"data":"  iter  6500/30000 [21.7%] | WM wm=22.08 rec=14.94 kl=6.96 rew=0.179 con=0.004 | AC act=0.002 crit=1.353 pg=0.002 H=0.67 | img ret=0.45 val=0.44 scale=2.20 p5=-0.24 p95=1.96 rnd_c=0.003 rnd_l=0.002 | r/step=0.0176 | 1.3 ips ETA 5h07\r\n"}
,{"stream_name":"stdout","time":5271.302540764,"data":"  iter  6550/30000 [21.8%] | WM wm=20.39 rec=13.42 kl=6.83 rew=0.138 con=0.004 | AC act=-0.004 crit=1.448 pg=-0.004 H=0.63 | img ret=0.53 val=0.53 scale=2.25 p5=-0.24 p95=2.01 rnd_c=0.003 rnd_l=0.003 | r/step=0.0112 | 1.3 ips ETA 5h07\r\n"}
,{"stream_name":"stdout","time":5309.646171735,"data":"  iter  6600/30000 [22.0%] | WM wm=24.63 rec=16.47 kl=7.98 rew=0.181 con=0.005 | AC act=0.006 crit=1.396 pg=0.006 H=0.67 | img ret=0.70 val=0.67 scale=2.29 p5=-0.24 p95=2.06 rnd_c=0.003 rnd_l=0.002 | r/step=0.0095 | 1.3 ips ETA 5h06\r\n"}
,{"stream_name":"stdout","time":5309.646201245,"data":"  [health] WARN RND_dominates: ratio=180.5\r\n"}
,{"stream_name":"stdout","time":5348.341551766,"data":"  iter  6650/30000 [22.2%] | WM wm=20.47 rec=13.21 kl=7.11 rew=0.144 con=0.005 | AC act=-0.002 crit=1.537 pg=-0.001 H=0.58 | img ret=0.35 val=0.35 scale=2.32 p5=-0.24 p95=2.08 rnd_c=0.003 rnd_l=0.002 | r/step=0.0224 | 1.3 ips ETA 5h05\r\n"}
,{"stream_name":"stdout","time":5387.008039141,"data":"  iter  6700/30000 [22.3%] | WM wm=20.07 rec=12.89 kl=7.01 rew=0.162 con=0.005 | AC act=-0.003 crit=1.501 pg=-0.003 H=0.65 | img ret=0.58 val=0.56 scale=2.36 p5=-0.24 p95=2.12 rnd_c=0.003 rnd_l=0.002 | r/step=0.0075 | 1.3 ips ETA 5h05\r\n"}
,{"stream_name":"stdout","time":5387.00807205,"data":"  [health] WARN RND_dominates: ratio=107.3\r\n"}
,{"stream_name":"stdout","time":5425.714937059,"data":"  iter  6750/30000 [22.5%] | WM wm=21.84 rec=14.09 kl=7.64 rew=0.110 con=0.003 | AC act=-0.002 crit=1.628 pg=-0.001 H=0.72 | img ret=0.53 val=0.51 scale=2.33 p5=-0.23 p95=2.09 rnd_c=0.003 rnd_l=0.001 | r/step=0.0137 | 1.3 ips ETA 5h04\r\n"}
,{"stream_name":"stdout","time":5425.714968019,"data":"  [health] WARN RND_dominates: ratio=111.6\r\n"}
,{"stream_name":"stdout","time":5463.899378289,"data":"  iter  6800/30000 [22.7%] | WM wm=21.00 rec=13.76 kl=7.08 rew=0.148 con=0.002 | AC act=-0.004 crit=1.535 pg=-0.003 H=0.67 | img ret=0.53 val=0.51 scale=2.29 p5=-0.22 p95=2.07 rnd_c=0.003 rnd_l=0.002 | r/step=0.0099 | 1.3 ips ETA 5h03\r\n"}
,{"stream_name":"stdout","time":5463.899412829,"data":"  [health] WARN RND_dominates: ratio=138.1\r\n"}
,{"stream_name":"stdout","time":5502.298900185,"data":"  iter  6850/30000 [22.8%] | WM wm=23.92 rec=15.26 kl=8.42 rew=0.232 con=0.009 | AC act=-0.000 crit=1.348 pg=-0.000 H=0.67 | img ret=0.52 val=0.51 scale=2.32 p5=-0.22 p95=2.10 rnd_c=0.003 rnd_l=0.001 | r/step=0.0161 | 1.3 ips ETA 5h02\r\n"}
,{"stream_name":"stdout","time":5502.298935245,"data":"  [health] WARN RND_dominates: ratio=126.0\r\n"}
,{"stream_name":"stdout","time":5540.795367999,"data":"  iter  6900/30000 [23.0%] | WM wm=24.73 rec=16.36 kl=8.16 rew=0.198 con=0.002 | AC act=0.008 crit=1.579 pg=0.008 H=0.82 | img ret=0.43 val=0.40 scale=2.45 p5=-0.23 p95=2.22 rnd_c=0.003 rnd_l=0.002 | r/step=0.0161 | 1.3 ips ETA 5h02\r\n"}
,{"stream_name":"stdout","time":5579.466616226,"data":"  iter  6950/30000 [23.2%] | WM wm=20.79 rec=12.99 kl=7.65 rew=0.150 con=0.005 | AC act=0.001 crit=1.478 pg=0.001 H=0.68 | img ret=0.64 val=0.61 scale=2.52 p5=-0.24 p95=2.28 rnd_c=0.003 rnd_l=0.002 | r/step=0.0163 | 1.3 ips ETA 5h01\r\n"}
,{"stream_name":"stdout","time":5617.881738086,"data":"  iter  7000/30000 [23.3%] | WM wm=20.49 rec=12.89 kl=7.46 rew=0.138 con=0.001 | AC act=-0.001 crit=1.525 pg=-0.001 H=0.71 | img ret=0.88 val=0.86 scale=2.41 p5=-0.24 p95=2.18 rnd_c=0.003 rnd_l=0.001 | r/step=0.0144 | 1.3 ips ETA 5h00\r\n"}
,{"stream_name":"stdout","time":5656.430803344,"data":"  iter  7050/30000 [23.5%] | WM wm=22.17 rec=13.49 kl=8.46 rew=0.214 con=0.007 | AC act=-0.003 crit=1.436 pg=-0.003 H=0.63 | img ret=0.46 val=0.47 scale=2.38 p5=-0.25 p95=2.13 rnd_c=0.003 rnd_l=0.002 | r/step=0.0200 | 1.3 ips ETA 5h00\r\n"}
,{"stream_name":"stdout","time":5694.970375104,"data":"  iter  7100/30000 [23.7%] | WM wm=20.00 rec=13.18 kl=6.69 rew=0.119 con=0.003 | AC act=0.001 crit=1.454 pg=0.001 H=0.67 | img ret=0.62 val=0.61 scale=2.33 p5=-0.24 p95=2.09 rnd_c=0.003 rnd_l=0.002 | r/step=0.0105 | 1.3 ips ETA 4h59\r\n"}
,{"stream_name":"stdout","time":5733.62909291,"data":"  iter  7150/30000 [23.8%] | WM wm=17.99 rec=10.66 kl=7.20 rew=0.122 con=0.005 | AC act=0.000 crit=1.402 pg=0.001 H=0.76 | img ret=0.50 val=0.48 scale=2.34 p5=-0.24 p95=2.10 rnd_c=0.003 rnd_l=0.002 | r/step=0.0154 | 1.3 ips ETA 4h58\r\n"}
,{"stream_name":"stdout","time":5771.924078512,"data":"  iter  7200/30000 [24.0%] | WM wm=23.42 rec=15.54 kl=7.70 rew=0.177 con=0.004 | AC act=0.002 crit=1.548 pg=0.002 H=0.79 | img ret=0.61 val=0.58 scale=2.37 p5=-0.23 p95=2.14 rnd_c=0.003 rnd_l=0.002 | r/step=0.0178 | 1.3 ips ETA 4h58\r\n"}
,{"stream_name":"stdout","time":5810.199973988,"data":"  iter  7250/30000 [24.2%] | WM wm=20.18 rec=12.93 kl=7.07 rew=0.178 con=0.004 | AC act=-0.001 crit=1.664 pg=-0.001 H=0.66 | img ret=0.78 val=0.78 scale=2.47 p5=-0.23 p95=2.25 rnd_c=0.003 rnd_l=0.002 | r/step=0.0203 | 1.3 ips ETA 4h57\r\n"}
,{"stream_name":"stdout","time":5848.687160517,"data":"  iter  7300/30000 [24.3%] | WM wm=21.91 rec=14.01 kl=7.73 rew=0.173 con=0.007 | AC act=0.010 crit=1.672 pg=0.011 H=0.73 | img ret=0.57 val=0.51 scale=2.44 p5=-0.24 p95=2.21 rnd_c=0.003 rnd_l=0.002 | r/step=0.0131 | 1.3 ips ETA 4h56\r\n"}
,{"stream_name":"stdout","time":5887.043692446,"data":"  iter  7350/30000 [24.5%] | WM wm=18.08 rec=10.96 kl=6.98 rew=0.129 con=0.004 | AC act=-0.002 crit=1.424 pg=-0.002 H=0.64 | img ret=0.35 val=0.37 scale=2.55 p5=-0.24 p95=2.31 rnd_c=0.003 rnd_l=0.002 | r/step=0.0155 | 1.3 ips ETA 4h56\r\n"}
,{"stream_name":"stdout","time":5925.440218512,"data":"  iter  7400/30000 [24.7%] | WM wm=21.37 rec=13.65 kl=7.54 rew=0.176 con=0.004 | AC act=0.005 crit=1.553 pg=0.005 H=0.66 | img ret=0.79 val=0.73 scale=2.57 p5=-0.22 p95=2.35 rnd_c=0.003 rnd_l=0.002 | r/step=0.0104 | 1.3 ips ETA 4h55\r\n"}
,{"stream_name":"stdout","time":5925.440253401,"data":"  [health] WARN RND_dominates: ratio=122.0\r\n"}
,{"stream_name":"stdout","time":5963.70820367,"data":"  iter  7450/30000 [24.8%] | WM wm=22.81 rec=15.04 kl=7.65 rew=0.114 con=0.005 | AC act=0.000 crit=1.417 pg=0.000 H=0.69 | img ret=0.51 val=0.50 scale=2.57 p5=-0.22 p95=2.35 rnd_c=0.003 rnd_l=0.001 | r/step=0.0181 | 1.3 ips ETA 4h54\r\n"}
,{"stream_name":"stdout","time":6002.018416686,"data":"  iter  7500/30000 [25.0%] | WM wm=18.77 rec=11.48 kl=7.15 rew=0.133 con=0.008 | AC act=0.001 crit=1.441 pg=0.002 H=0.71 | img ret=0.25 val=0.24 scale=2.56 p5=-0.23 p95=2.33 rnd_c=0.003 rnd_l=0.002 | r/step=0.0092 | 1.3 ips ETA 4h53\r\n"}
,{"stream_name":"stdout","time":6040.192509125,"data":"  \u003e\u003e\u003e EVAL @ iter 7500 : score=2.00  length=191  achievements=2.90 ↓  sample=3.00  (best=3.20 @5000)  crafter_score=1.44% [1324 train eps]\r\n"}
,{"stream_name":"stdout","time":6040.192551235,"data":"      unlocked (3/22): collect_sapling=100%  place_plant=100%  wake_up=90%\r\n"}
,{"stream_name":"stdout","time":6051.186263737,"data":"  Checkpoint saved : dreamer_crafter_jax_v37-tpu-75m-rnd003_iter007500.npz\r\n"}
,{"stream_name":"stdout","time":6089.411561444,"data":"  iter  7550/30000 [25.2%] | WM wm=22.27 rec=14.27 kl=7.86 rew=0.141 con=0.003 | AC act=0.002 crit=1.483 pg=0.002 H=0.65 | img ret=0.79 val=0.77 scale=2.70 p5=-0.22 p95=2.47 rnd_c=0.003 rnd_l=0.002 | r/step=0.0109 | 1.3 ips ETA 4h55\r\n"}
,{"stream_name":"stdout","time":6127.842283415,"data":"  iter  7600/30000 [25.3%] | WM wm=23.56 rec=15.38 kl=7.99 rew=0.181 con=0.006 | AC act=-0.002 crit=1.415 pg=-0.001 H=0.73 | img ret=0.67 val=0.68 scale=2.74 p5=-0.22 p95=2.52 rnd_c=0.003 rnd_l=0.003 | r/step=0.0162 | 1.3 ips ETA 4h54\r\n"}
,{"stream_name":"stdout","time":6166.189683745,"data":"  iter  7650/30000 [25.5%] | WM wm=19.18 rec=11.85 kl=7.22 rew=0.106 con=0.005 | AC act=-0.007 crit=1.460 pg=-0.007 H=0.89 | img ret=0.42 val=0.43 scale=2.73 p5=-0.23 p95=2.48 rnd_c=0.003 rnd_l=0.002 | r/step=0.0178 | 1.3 ips ETA 4h54\r\n"}
,{"stream_name":"stdout","time":6204.546169186,"data":"  iter  7700/30000 [25.7%] | WM wm=18.04 rec=11.07 kl=6.82 rew=0.146 con=0.007 | AC act=-0.003 crit=1.582 pg=-0.003 H=0.75 | img ret=0.49 val=0.49 scale=2.69 p5=-0.24 p95=2.45 rnd_c=0.003 rnd_l=0.002 | r/step=0.0127 | 1.3 ips ETA 4h53\r\n"}
,{"stream_name":"stdout","time":6242.445999083,"data":"  iter  7750/30000 [25.8%] | WM wm=19.49 rec=11.97 kl=7.37 rew=0.142 con=0.010 | AC act=-0.003 crit=1.493 pg=-0.003 H=0.77 | img ret=0.52 val=0.53 scale=2.67 p5=-0.23 p95=2.44 rnd_c=0.003 rnd_l=0.002 | r/step=0.0091 | 1.3 ips ETA 4h52\r\n"}
,{"stream_name":"stdout","time":6242.446039133,"data":"  [health] WARN RND_dominates: ratio=120.9\r\n"}
,{"stream_name":"stdout","time":6281.020576329,"data":"  iter  7800/30000 [26.0%] | WM wm=21.19 rec=13.34 kl=7.72 rew=0.130 con=0.001 | AC act=0.002 crit=1.462 pg=0.002 H=0.76 | img ret=0.93 val=0.93 scale=2.70 p5=-0.25 p95=2.46 rnd_c=0.003 rnd_l=0.002 | r/step=0.0112 | 1.3 ips ETA 4h52\r\n"}
,{"stream_name":"stdout","time":6281.020612229,"data":"  [health] WARN RND_dominates: ratio=128.2\r\n"}
,{"stream_name":"stdout","time":6319.250948761,"data":"  iter  7850/30000 [26.2%] | WM wm=21.08 rec=13.63 kl=7.29 rew=0.162 con=0.005 | AC act=-0.002 crit=1.445 pg=-0.002 H=0.84 | img ret=0.61 val=0.61 scale=2.69 p5=-0.25 p95=2.44 rnd_c=0.003 rnd_l=0.002 | r/step=0.0093 | 1.3 ips ETA 4h51\r\n"}
,{"stream_name":"stdout","time":6319.250982051,"data":"  [health] WARN RND_dominates: ratio=111.0\r\n"}
,{"stream_name":"stdout","time":6357.714982099,"data":"  iter  7900/30000 [26.3%] | WM wm=23.08 rec=15.00 kl=7.93 rew=0.147 con=0.007 | AC act=-0.004 crit=1.378 pg=-0.003 H=0.78 | img ret=0.38 val=0.39 scale=2.61 p5=-0.25 p95=2.35 rnd_c=0.003 rnd_l=0.002 | r/step=0.0117 | 1.3 ips ETA 4h50\r\n"}
,{"stream_name":"stdout","time":6357.715023239,"data":"  [health] WARN RND_dominates: ratio=111.4\r\n"}
,{"stream_name":"stdout","time":6395.791620758,"data":"  iter  7950/30000 [26.5%] | WM wm=21.95 rec=14.60 kl=7.23 rew=0.121 con=0.001 | AC act=-0.000 crit=1.400 pg=0.000 H=0.80 | img ret=0.50 val=0.49 scale=2.64 p5=-0.26 p95=2.37 rnd_c=0.003 rnd_l=0.002 | r/step=0.0102 | 1.3 ips ETA 4h49\r\n"}
,{"stream_name":"stdout","time":6395.791666028,"data":"  [health] WARN RND_dominates: ratio=103.0\r\n"}
,{"stream_name":"stdout","time":6395.791670658,"data":"  [health] WARN FATAL: RND_dominates persistent (consec=5)\r\n"}
,{"stream_name":"stdout","time":6434.067667288,"data":"  iter  8000/30000 [26.7%] | WM wm=20.92 rec=13.61 kl=7.14 rew=0.161 con=0.004 | AC act=-0.000 crit=1.647 pg=0.000 H=0.66 | img ret=0.54 val=0.54 scale=2.55 p5=-0.24 p95=2.31 rnd_c=0.003 rnd_l=0.002 | r/step=0.0105 | 1.3 ips ETA 4h49\r\n"}
,{"stream_name":"stdout","time":6434.067693637,"data":"  [health] WARN RND_dominates: ratio=116.0\r\n"}
,{"stream_name":"stdout","time":6434.067698597,"data":"  [health] WARN FATAL: RND_dominates persistent (consec=6)\r\n"}
,{"stream_name":"stdout","time":6472.178105813,"data":"  iter  8050/30000 [26.8%] | WM wm=19.60 rec=12.19 kl=7.28 rew=0.134 con=0.003 | AC act=0.001 crit=1.395 pg=0.001 H=0.77 | img ret=0.71 val=0.68 scale=2.45 p5=-0.23 p95=2.23 rnd_c=0.003 rnd_l=0.001 | r/step=0.0023 | 1.3 ips ETA 4h48\r\n"}
,{"stream_name":"stdout","time":6472.178138613,"data":"  [health] WARN RND_dominates: ratio=240.5\r\n"}
,{"stream_name":"stdout","time":6472.178143523,"data":"  [health] WARN FATAL: RND_dominates persistent (consec=7)\r\n"}
,{"stream_name":"stdout","time":6510.647728231,"data":"  iter  8100/30000 [27.0%] | WM wm=17.17 rec=10.37 kl=6.62 rew=0.172 con=0.008 | AC act=-0.002 crit=1.432 pg=-0.001 H=0.79 | img ret=0.31 val=0.31 scale=2.49 p5=-0.25 p95=2.24 rnd_c=0.003 rnd_l=0.002 | r/step=0.0112 | 1.3 ips ETA 4h47\r\n"}
,{"stream_name":"stdout","time":6549.040790437,"data":"  iter  8150/30000 [27.2%] | WM wm=19.10 rec=11.57 kl=7.40 rew=0.127 con=0.005 | AC act=-0.002 crit=1.498 pg=-0.001 H=0.83 | img ret=0.56 val=0.56 scale=2.43 p5=-0.23 p95=2.20 rnd_c=0.003 rnd_l=0.001 | r/step=0.0026 | 1.3 ips ETA 4h47\r\n"}
,{"stream_name":"stdout","time":6549.040823537,"data":"  [health] WARN RND_dominates: ratio=219.9\r\n"}
,{"stream_name":"stdout","time":6587.505753603,"data":"  iter  8200/30000 [27.3%] | WM wm=19.26 rec=13.07 kl=6.04 rew=0.135 con=0.010 | AC act=-0.001 crit=1.379 pg=-0.000 H=0.81 | img ret=0.47 val=0.47 scale=2.38 p5=-0.23 p95=2.15 rnd_c=0.003 rnd_l=0.002 | r/step=0.0159 | 1.3 ips ETA 4h46\r\n"}
,{"stream_name":"stdout","time":6625.734359317,"data":"  iter  8250/30000 [27.5%] | WM wm=20.64 rec=13.59 kl=6.90 rew=0.148 con=0.002 | AC act=-0.007 crit=1.493 pg=-0.007 H=0.77 | img ret=0.66 val=0.67 scale=2.38 p5=-0.23 p95=2.15 rnd_c=0.003 rnd_l=0.002 | r/step=0.0014 | 1.3 ips ETA 4h45\r\n"}
,{"stream_name":"stdout","time":6664.035924972,"data":"  iter  8300/30000 [27.7%] | WM wm=19.46 rec=12.03 kl=7.32 rew=0.098 con=0.003 | AC act=-0.000 crit=1.464 pg=-0.000 H=0.61 | img ret=0.70 val=0.69 scale=2.42 p5=-0.25 p95=2.17 rnd_c=0.003 rnd_l=0.002 | r/step=0.0045 | 1.3 ips ETA 4h44\r\n"}
,{"stream_name":"stdout","time":6664.035964542,"data":"  [health] WARN RND_dominates: ratio=143.3\r\n"}
,{"stream_name":"stdout","time":6702.343581047,"data":"  iter  8350/30000 [27.8%] | WM wm=25.48 rec=16.48 kl=8.87 rew=0.119 con=0.003 | AC act=0.001 crit=1.431 pg=0.001 H=0.75 | img ret=0.40 val=0.38 scale=2.45 p5=-0.25 p95=2.20 rnd_c=0.003 rnd_l=0.003 | r/step=0.0118 | 1.3 ips ETA 4h44\r\n"}
,{"stream_name":"stdout","time":6740.780525488,"data":"  iter  8400/30000 [28.0%] | WM wm=19.22 rec=11.72 kl=7.36 rew=0.136 con=0.008 | AC act=-0.003 crit=1.401 pg=-0.003 H=0.74 | img ret=0.60 val=0.60 scale=2.54 p5=-0.24 p95=2.30 rnd_c=0.003 rnd_l=0.002 | r/step=0.0173 | 1.3 ips ETA 4h43\r\n"}
,{"stream_name":"stdout","time":6779.038603749,"data":"  iter  8450/30000 [28.2%] | WM wm=23.42 rec=14.87 kl=8.36 rew=0.186 con=0.007 | AC act=0.001 crit=1.452 pg=0.002 H=0.74 | img ret=0.75 val=0.73 scale=2.64 p5=-0.25 p95=2.39 rnd_c=0.003 rnd_l=0.002 | r/step=0.0143 | 1.3 ips ETA 4h42\r\n"}
,{"stream_name":"stdout","time":6817.659488821,"data":"  iter  8500/30000 [28.3%] | WM wm=18.29 rec=11.59 kl=6.57 rew=0.121 con=0.002 | AC act=-0.002 crit=1.632 pg=-0.002 H=0.87 | img ret=0.59 val=0.59 scale=2.60 p5=-0.25 p95=2.35 rnd_c=0.003 rnd_l=0.002 | r/step=0.0201 | 1.3 ips ETA 4h42\r\n"}
,{"stream_name":"stdout","time":6856.003060361,"data":"  iter  8550/30000 [28.5%] | WM wm=25.83 rec=17.95 kl=7.71 rew=0.158 con=0.007 | AC act=-0.002 crit=1.432 pg=-0.002 H=0.84 | img ret=0.53 val=0.53 scale=2.53 p5=-0.26 p95=2.27 rnd_c=0.003 rnd_l=0.002 | r/step=0.0099 | 1.3 ips ETA 4h41\r\n"}
,{"stream_name":"stdout","time":6856.003108181,"data":"  [health] WARN RND_dominates: ratio=118.5\r\n"}
,{"stream_name":"stdout","time":6894.660379657,"data":"  iter  8600/30000 [28.7%] | WM wm=24.08 rec=15.41 kl=8.52 rew=0.143 con=0.005 | AC act=-0.002 crit=1.486 pg=-0.001 H=0.72 | img ret=0.52 val=0.53 scale=2.47 p5=-0.26 p95=2.20 rnd_c=0.003 rnd_l=0.002 | r/step=0.0178 | 1.3 ips ETA 4h40\r\n"}
,{"stream_name":"stdout","time":6932.795358459,"data":"  iter  8650/30000 [28.8%] | WM wm=23.62 rec=15.64 kl=7.85 rew=0.131 con=0.000 | AC act=0.001 crit=1.398 pg=0.001 H=0.82 | img ret=0.67 val=0.65 scale=2.42 p5=-0.24 p95=2.18 rnd_c=0.003 rnd_l=0.002 | r/step=0.0112 | 1.3 ips ETA 4h40\r\n"}
,{"stream_name":"stdout","time":6971.28728486,"data":"  iter  8700/30000 [29.0%] | WM wm=19.63 rec=12.17 kl=7.26 rew=0.196 con=0.004 | AC act=-0.007 crit=1.313 pg=-0.007 H=1.04 | img ret=0.42 val=0.43 scale=2.27 p5=-0.23 p95=2.03 rnd_c=0.003 rnd_l=0.002 | r/step=0.0150 | 1.3 ips ETA 4h39\r\n"}
,{"stream_name":"stdout","time":7009.411657192,"data":"  iter  8750/30000 [29.2%] | WM wm=15.53 rec=9.22 kl=6.21 rew=0.100 con=0.004 | AC act=-0.001 crit=1.569 pg=-0.001 H=0.64 | img ret=0.70 val=0.67 scale=2.28 p5=-0.24 p95=2.05 rnd_c=0.003 rnd_l=0.002 | r/step=0.0116 | 1.3 ips ETA 4h38\r\n"}
,{"stream_name":"stdout","time":7047.730181942,"data":"  iter  8800/30000 [29.3%] | WM wm=17.69 rec=10.70 kl=6.84 rew=0.138 con=0.005 | AC act=-0.003 crit=1.355 pg=-0.003 H=0.79 | img ret=0.45 val=0.46 scale=2.31 p5=-0.23 p95=2.08 rnd_c=0.003 rnd_l=0.002 | r/step=0.0116 | 1.3 ips ETA 4h38\r\n"}
,{"stream_name":"stdout","time":7085.784282741,"data":"  iter  8850/30000 [29.5%] | WM wm=21.92 rec=13.90 kl=7.85 rew=0.160 con=0.003 | AC act=-0.003 crit=1.393 pg=-0.003 H=0.79 | img ret=0.41 val=0.41 scale=2.39 p5=-0.23 p95=2.16 rnd_c=0.003 rnd_l=0.001 | r/step=0.0058 | 1.3 ips ETA 4h37\r\n"}
,{"stream_name":"stdout","time":7085.784348301,"data":"  [health] WARN RND_dominates: ratio=128.6\r\n"}
,{"stream_name":"stdout","time":7124.227488337,"data":"  iter  8900/30000 [29.7%] | WM wm=18.79 rec=12.11 kl=6.57 rew=0.109 con=0.001 | AC act=-0.001 crit=1.503 pg=-0.001 H=0.78 | img ret=0.58 val=0.56 scale=2.42 p5=-0.23 p95=2.19 rnd_c=0.003 rnd_l=0.002 | r/step=0.0184 | 1.3 ips ETA 4h36\r\n"}
,{"stream_name":"stdout","time":7162.60716935,"data":"  iter  8950/30000 [29.8%] | WM wm=17.59 rec=10.73 kl=6.73 rew=0.127 con=0.004 | AC act=0.001 crit=1.590 pg=0.001 H=0.70 | img ret=0.64 val=0.60 scale=2.44 p5=-0.23 p95=2.22 rnd_c=0.003 rnd_l=0.001 | r/step=0.0053 | 1.3 ips ETA 4h35\r\n"}
,{"stream_name":"stdout","time":7162.60720025,"data":"  [health] WARN RND_dominates: ratio=158.5\r\n"}
,{"stream_name":"stdout","time":7201.11706512,"data":"  iter  9000/30000 [30.0%] | WM wm=21.52 rec=14.87 kl=6.50 rew=0.148 con=0.007 | AC act=0.001 crit=1.428 pg=0.002 H=0.65 | img ret=0.59 val=0.59 scale=2.42 p5=-0.22 p95=2.20 rnd_c=0.003 rnd_l=0.001 | r/step=0.0163 | 1.3 ips ETA 4h35\r\n"}
,{"stream_name":"stdout","time":7239.429398791,"data":"  iter  9050/30000 [30.2%] | WM wm=19.66 rec=12.20 kl=7.30 rew=0.147 con=0.010 | AC act=0.000 crit=1.464 pg=0.000 H=0.74 | img ret=0.70 val=0.70 scale=2.52 p5=-0.23 p95=2.29 rnd_c=0.003 rnd_l=0.002 | r/step=0.0108 | 1.3 ips ETA 4h34\r\n"}
,{"stream_name":"stdout","time":7239.429433101,"data":"  [health] WARN RND_dominates: ratio=108.3\r\n"}
,{"stream_name":"stdout","time":7277.727447773,"data":"  iter  9100/30000 [30.3%] | WM wm=17.53 rec=10.81 kl=6.58 rew=0.134 con=0.006 | AC act=0.006 crit=1.619 pg=0.006 H=0.65 | img ret=0.88 val=0.80 scale=2.53 p5=-0.24 p95=2.30 rnd_c=0.003 rnd_l=0.002 | r/step=0.0112 | 1.3 ips ETA 4h33\r\n"}
,{"stream_name":"stdout","time":7316.168215071,"data":"  iter  9150/30000 [30.5%] | WM wm=18.44 rec=11.70 kl=6.57 rew=0.165 con=0.006 | AC act=0.001 crit=1.497 pg=0.001 H=0.70 | img ret=0.88 val=0.86 scale=2.57 p5=-0.23 p95=2.35 rnd_c=0.003 rnd_l=0.001 | r/step=0.0110 | 1.3 ips ETA 4h33\r\n"}
,{"stream_name":"stdout","time":7354.687205318,"data":"  iter  9200/30000 [30.7%] | WM wm=18.22 rec=11.22 kl=6.87 rew=0.132 con=0.001 | AC act=0.003 crit=1.533 pg=0.003 H=0.78 | img ret=0.61 val=0.59 scale=2.75 p5=-0.22 p95=2.53 rnd_c=0.002 rnd_l=0.002 | r/step=0.0174 | 1.3 ips ETA 4h32\r\n"}
,{"stream_name":"stdout","time":7393.158516412,"data":"  iter  9250/30000 [30.8%] | WM wm=21.22 rec=13.34 kl=7.74 rew=0.146 con=0.001 | AC act=-0.002 crit=1.587 pg=-0.002 H=0.69 | img ret=0.86 val=0.86 scale=2.91 p5=-0.24 p95=2.67 rnd_c=0.002 rnd_l=0.002 | r/step=0.0151 | 1.3 ips ETA 4h31\r\n"}
,{"stream_name":"stdout","time":7431.245897418,"data":"  iter  9300/30000 [31.0%] | WM wm=18.27 rec=11.46 kl=6.64 rew=0.169 con=0.006 | AC act=-0.006 crit=1.534 pg=-0.006 H=0.70 | img ret=0.58 val=0.61 scale=2.85 p5=-0.24 p95=2.61 rnd_c=0.002 rnd_l=0.001 | r/step=0.0091 | 1.3 ips ETA 4h31\r\n"}
,{"stream_name":"stdout","time":7431.245931128,"data":"  [health] WARN RND_dominates: ratio=107.9\r\n"}
,{"stream_name":"stdout","time":7469.598611384,"data":"  iter  9350/30000 [31.2%] | WM wm=20.68 rec=12.91 kl=7.60 rew=0.162 con=0.002 | AC act=-0.002 crit=1.519 pg=-0.001 H=0.86 | img ret=0.35 val=0.34 scale=2.89 p5=-0.24 p95=2.64 rnd_c=0.002 rnd_l=0.002 | r/step=0.0104 | 1.3 ips ETA 4h30\r\n"}
,{"stream_name":"stdout","time":7469.598646184,"data":"  [health] WARN RND_dominates: ratio=111.4\r\n"}
,{"stream_name":"stdout","time":7508.336649797,"data":"  iter  9400/30000 [31.3%] | WM wm=19.02 rec=11.63 kl=7.24 rew=0.149 con=0.005 | AC act=0.000 crit=1.559 pg=0.000 H=0.72 | img ret=0.75 val=0.74 scale=2.80 p5=-0.24 p95=2.56 rnd_c=0.002 rnd_l=0.002 | r/step=0.0214 | 1.3 ips ETA 4h29\r\n"}
,{"stream_name":"stdout","time":7546.339060582,"data":"  iter  9450/30000 [31.5%] | WM wm=16.54 rec=10.02 kl=6.42 rew=0.104 con=0.003 | AC act=-0.006 crit=1.531 pg=-0.006 H=0.83 | img ret=0.77 val=0.79 scale=2.71 p5=-0.22 p95=2.49 rnd_c=0.002 rnd_l=0.001 | r/step=0.0049 | 1.3 ips ETA 4h29\r\n"}
,{"stream_name":"stdout","time":7584.790486586,"data":"  iter  9500/30000 [31.7%] | WM wm=18.05 rec=10.91 kl=7.02 rew=0.116 con=0.009 | AC act=-0.003 crit=1.517 pg=-0.002 H=0.68 | img ret=0.52 val=0.52 scale=2.61 p5=-0.23 p95=2.38 rnd_c=0.002 rnd_l=0.001 | r/step=0.0146 | 1.3 ips ETA 4h28\r\n"}
,{"stream_name":"stdout","time":7623.049749702,"data":"  iter  9550/30000 [31.8%] | WM wm=19.88 rec=13.10 kl=6.63 rew=0.141 con=0.010 | AC act=-0.001 crit=1.428 pg=-0.001 H=0.69 | img ret=0.98 val=0.95 scale=2.67 p5=-0.24 p95=2.43 rnd_c=0.002 rnd_l=0.002 | r/step=0.0085 | 1.3 ips ETA 4h27\r\n"}
,{"stream_name":"stdout","time":7661.427637848,"data":"  iter  9600/30000 [32.0%] | WM wm=18.74 rec=11.66 kl=6.94 rew=0.151 con=0.003 | AC act=-0.003 crit=1.507 pg=-0.003 H=0.78 | img ret=0.83 val=0.84 scale=2.57 p5=-0.23 p95=2.34 rnd_c=0.002 rnd_l=0.002 | r/step=0.0089 | 1.3 ips ETA 4h26\r\n"}
,{"stream_name":"stdout","time":7699.916387907,"data":"  iter  9650/30000 [32.2%] | WM wm=17.83 rec=10.38 kl=7.30 rew=0.142 con=0.005 | AC act=-0.003 crit=1.446 pg=-0.003 H=0.69 | img ret=0.68 val=0.69 scale=2.51 p5=-0.23 p95=2.29 rnd_c=0.002 rnd_l=0.001 | r/step=0.0041 | 1.3 ips ETA 4h26\r\n"}
,{"stream_name":"stdout","time":7699.916423987,"data":"  [health] WARN RND_dominates: ratio=147.7\r\n"}
,{"stream_name":"stdout","time":7737.935584799,"data":"  iter  9700/30000 [32.3%] | WM wm=19.20 rec=11.74 kl=7.30 rew=0.152 con=0.002 | AC act=-0.001 crit=1.569 pg=-0.000 H=0.78 | img ret=0.64 val=0.61 scale=2.53 p5=-0.23 p95=2.31 rnd_c=0.002 rnd_l=0.002 | r/step=0.0103 | 1.3 ips ETA 4h25\r\n"}
,{"stream_name":"stdout","time":7737.93562443,"data":"  [health] WARN RND_dominates: ratio=108.7\r\n"}
,{"stream_name":"stdout","time":7776.340055639,"data":"  iter  9750/30000 [32.5%] | WM wm=16.80 rec=10.20 kl=6.50 rew=0.108 con=0.003 | AC act=-0.004 crit=1.459 pg=-0.004 H=0.61 | img ret=0.66 val=0.68 scale=2.59 p5=-0.23 p95=2.36 rnd_c=0.002 rnd_l=0.001 | r/step=0.0093 | 1.3 ips ETA 4h24\r\n"}
,{"stream_name":"stdout","time":7776.340082729,"data":"  [health] WARN RND_dominates: ratio=133.3\r\n"}
,{"stream_name":"stdout","time":7814.734327769,"data":"  iter  9800/30000 [32.7%] | WM wm=19.70 rec=12.29 kl=7.27 rew=0.131 con=0.001 | AC act=-0.002 crit=1.542 pg=-0.002 H=0.69 | img ret=0.64 val=0.65 scale=2.51 p5=-0.23 p95=2.27 rnd_c=0.002 rnd_l=0.001 | r/step=0.0120 | 1.3 ips ETA 4h24\r\n"}
,{"stream_name":"stdout","time":7814.734357589,"data":"  [health] WARN RND_dominates: ratio=103.5\r\n"}
,{"stream_name":"stdout","time":7852.699393956,"data":"  iter  9850/30000 [32.8%] | WM wm=20.33 rec=12.80 kl=7.36 rew=0.165 con=0.004 | AC act=-0.006 crit=1.526 pg=-0.005 H=0.77 | img ret=0.59 val=0.60 scale=2.46 p5=-0.25 p95=2.21 rnd_c=0.002 rnd_l=0.001 | r/step=0.0035 | 1.3 ips ETA 4h23\r\n"}
,{"stream_name":"stdout","time":7852.699428506,"data":"  [health] WARN RND_dominates: ratio=212.6\r\n"}
,{"stream_name":"stdout","time":7852.699434506,"data":"  [health] WARN FATAL: RND_dominates persistent (consec=5)\r\n"}
,{"stream_name":"stdout","time":7890.996061548,"data":"  iter  9900/30000 [33.0%] | WM wm=20.40 rec=12.67 kl=7.54 rew=0.184 con=0.006 | AC act=-0.003 crit=1.441 pg=-0.002 H=0.65 | img ret=0.38 val=0.40 scale=2.36 p5=-0.25 p95=2.11 rnd_c=0.002 rnd_l=0.001 | r/step=0.0121 | 1.3 ips ETA 4h22\r\n"}
,{"stream_name":"stdout","time":7890.996096558,"data":"  [health] WARN RND_dominates: ratio=104.3\r\n"}
,{"stream_name":"stdout","time":7890.996102858,"data":"  [health] WARN FATAL: RND_dominates persistent (consec=6)\r\n"}
,{"stream_name":"stdout","time":7929.080954715,"data":"  iter  9950/30000 [33.2%] | WM wm=18.93 rec=10.98 kl=7.79 rew=0.154 con=0.003 | AC act=-0.002 crit=1.293 pg=-0.002 H=0.83 | img ret=0.46 val=0.47 scale=2.42 p5=-0.23 p95=2.18 rnd_c=0.002 rnd_l=0.001 | r/step=0.0063 | 1.3 ips ETA 4h22\r\n"}
,{"stream_name":"stdout","time":7929.080992325,"data":"  [health] WARN RND_dominates: ratio=132.2\r\n"}
,{"stream_name":"stdout","time":7929.080998395,"data":"  [health] WARN FATAL: RND_dominates persistent (consec=7)\r\n"}
,{"stream_name":"stdout","time":7967.11914149,"data":"  iter 10000/30000 [33.3%] | WM wm=17.87 rec=10.72 kl=7.03 rew=0.125 con=0.008 | AC act=0.001 crit=1.561 pg=0.001 H=0.67 | img ret=0.52 val=0.51 scale=2.36 p5=-0.23 p95=2.13 rnd_c=0.002 rnd_l=0.001 | r/step=0.0143 | 1.3 ips ETA 4h21\r\n"}
,{"stream_name":"stdout","time":7967.11918073,"data":"  [health] WARN RND_dominates: ratio=106.6\r\n"}
,{"stream_name":"stdout","time":7967.11918624,"data":"  [health] WARN FATAL: RND_dominates persistent (consec=8)\r\n"}
,{"stream_name":"stdout","time":8007.999707698,"data":"  \u003e\u003e\u003e EVAL @ iter 10000 : score=1.50  length=216  achievements=2.40 ↓  sample=2.40  (best=3.20 @5000)  crafter_score=1.41% [1750 train eps]\r\n"}
,{"stream_name":"stdout","time":8007.999747028,"data":"      unlocked (3/22): collect_sapling=100%  wake_up=100%  place_plant=40%\r\n"}
,{"stream_name":"stdout","time":8018.988555234,"data":"  Checkpoint saved : dreamer_crafter_jax_v37-tpu-75m-rnd003_iter010000.npz\r\n"}
,{"stream_name":"stdout","time":8056.951541939,"data":"  iter 10050/30000 [33.5%] | WM wm=15.50 rec=9.40 kl=5.97 rew=0.126 con=0.005 | AC act=-0.006 crit=1.475 pg=-0.006 H=0.73 | img ret=0.42 val=0.45 scale=2.34 p5=-0.21 p95=2.12 rnd_c=0.002 rnd_l=0.001 | r/step=0.0116 | 1.3 ips ETA 4h22\r\n"}
,{"stream_name":"stdout","time":8056.951585919,"data":"  [health] WARN RND_dominates: ratio=122.5\r\n"}
,{"stream_name":"stdout","time":8056.951590589,"data":"  [health] WARN FATAL: RND_dominates persistent (consec=9)\r\n"}
,{"stream_name":"stdout","time":8095.018761483,"data":"  iter 10100/30000 [33.7%] | WM wm=17.83 rec=10.56 kl=7.09 rew=0.168 con=0.010 | AC act=0.003 crit=1.446 pg=0.003 H=0.74 | img ret=0.57 val=0.53 scale=2.40 p5=-0.21 p95=2.19 rnd_c=0.002 rnd_l=0.001 | r/step=0.0080 | 1.3 ips ETA 4h21\r\n"}
,{"stream_name":"stdout","time":8095.018810223,"data":"  [health] WARN RND_dominates: ratio=153.4\r\n"}
,{"stream_name":"stdout","time":8095.018819883,"data":"  [health] WARN FATAL: RND_dominates persistent (consec=10)\r\n"}
,{"stream_name":"stdout","time":8133.306559253,"data":"  iter 10150/30000 [33.8%] | WM wm=16.69 rec=9.90 kl=6.67 rew=0.117 con=0.005 | AC act=0.002 crit=1.461 pg=0.002 H=0.77 | img ret=0.47 val=0.45 scale=2.42 p5=-0.22 p95=2.21 rnd_c=0.002 rnd_l=0.001 | r/step=0.0129 | 1.3 ips ETA 4h21\r\n"}
,{"stream_name":"stdout","time":8171.310078826,"data":"  iter 10200/30000 [34.0%] | WM wm=16.78 rec=9.92 kl=6.68 rew=0.179 con=0.009 | AC act=0.002 crit=1.485 pg=0.002 H=0.67 | img ret=0.45 val=0.43 scale=2.53 p5=-0.23 p95=2.29 rnd_c=0.002 rnd_l=0.001 | r/step=0.0127 | 1.3 ips ETA 4h20\r\n"}
,{"stream_name":"stdout","time":8209.407899907,"data":"  iter 10250/30000 [34.2%] | WM wm=17.97 rec=10.42 kl=7.43 rew=0.123 con=0.006 | AC act=-0.000 crit=1.551 pg=0.000 H=0.67 | img ret=0.65 val=0.64 scale=2.50 p5=-0.24 p95=2.26 rnd_c=0.002 rnd_l=0.001 | r/step=0.0110 | 1.3 ips ETA 4h19\r\n"}
,{"stream_name":"stdout","time":8209.407927956,"data":"  [health] WARN RND_dominates: ratio=108.0\r\n"}
,{"stream_name":"stdout","time":8247.378334924,"data":"  iter 10300/30000 [34.3%] | WM wm=19.55 rec=12.28 kl=7.12 rew=0.150 con=0.002 | AC act=0.002 crit=1.481 pg=0.002 H=0.90 | img ret=0.39 val=0.37 scale=2.61 p5=-0.24 p95=2.36 rnd_c=0.002 rnd_l=0.001 | r/step=0.0123 | 1.3 ips ETA 4h18\r\n"}
,{"stream_name":"stdout","time":8285.429941629,"data":"  iter 10350/30000 [34.5%] | WM wm=17.03 rec=10.18 kl=6.77 rew=0.087 con=0.004 | AC act=0.006 crit=1.448 pg=0.006 H=0.63 | img ret=0.66 val=0.62 scale=2.45 p5=-0.23 p95=2.24 rnd_c=0.002 rnd_l=0.001 | r/step=0.0098 | 1.3 ips ETA 4h18\r\n"}
,{"stream_name":"stdout","time":8285.429979129,"data":"  [health] WARN RND_dominates: ratio=119.0\r\n"}
,{"stream_name":"stdout","time":8323.472752764,"data":"  iter 10400/30000 [34.7%] | WM wm=21.33 rec=12.84 kl=8.35 rew=0.134 con=0.002 | AC act=0.000 crit=1.495 pg=0.001 H=0.67 | img ret=0.65 val=0.63 scale=2.56 p5=-0.22 p95=2.34 rnd_c=0.002 rnd_l=0.001 | r/step=0.0145 | 1.3 ips ETA 4h17\r\n"}
,{"stream_name":"stdout","time":8361.810847009,"data":"  iter 10450/30000 [34.8%] | WM wm=15.16 rec=9.00 kl=6.04 rew=0.108 con=0.010 | AC act=-0.002 crit=1.457 pg=-0.002 H=0.83 | img ret=0.64 val=0.65 scale=2.57 p5=-0.21 p95=2.36 rnd_c=0.002 rnd_l=0.001 | r/step=0.0091 | 1.3 ips ETA 4h16\r\n"}
,{"stream_name":"stdout","time":8361.810880619,"data":"  [health] WARN RND_dominates: ratio=113.1\r\n"}
,{"stream_name":"stdout","time":8399.861866978,"data":"  iter 10500/30000 [35.0%] | WM wm=18.50 rec=11.60 kl=6.77 rew=0.120 con=0.005 | AC act=-0.000 crit=1.517 pg=0.000 H=1.00 | img ret=0.47 val=0.47 scale=2.53 p5=-0.23 p95=2.30 rnd_c=0.002 rnd_l=0.002 | r/step=0.0141 | 1.3 ips ETA 4h16\r\n"}
,{"stream_name":"stdout","time":8437.962397089,"data":"  iter 10550/30000 [35.2%] | WM wm=19.37 rec=11.91 kl=7.33 rew=0.130 con=0.001 | AC act=-0.001 crit=1.413 pg=-0.001 H=0.72 | img ret=0.62 val=0.61 scale=2.55 p5=-0.23 p95=2.32 rnd_c=0.002 rnd_l=0.001 | r/step=0.0124 | 1.3 ips ETA 4h15\r\n"}
,{"stream_name":"stdout","time":8475.988901877,"data":"  iter 10600/30000 [35.3%] | WM wm=17.47 rec=10.86 kl=6.48 rew=0.131 con=0.007 | AC act=-0.003 crit=1.540 pg=-0.003 H=0.73 | img ret=0.68 val=0.69 scale=2.57 p5=-0.25 p95=2.32 rnd_c=0.002 rnd_l=0.001 | r/step=0.0113 | 1.3 ips ETA 4h14\r\n"}
,{"stream_name":"stdout","time":8475.988934917,"data":"  [health] WARN RND_dominates: ratio=100.3\r\n"}
,{"stream_name":"stdout","time":8514.335873771,"data":"  iter 10650/30000 [35.5%] | WM wm=20.57 rec=13.34 kl=7.07 rew=0.151 con=0.002 | AC act=-0.005 crit=1.517 pg=-0.005 H=0.81 | img ret=0.38 val=0.40 scale=2.60 p5=-0.24 p95=2.35 rnd_c=0.002 rnd_l=0.001 | r/step=0.0175 | 1.3 ips ETA 4h14\r\n"}
,{"stream_name":"stdout","time":8552.131202026,"data":"  iter 10700/30000 [35.7%] | WM wm=17.75 rec=10.49 kl=7.09 rew=0.149 con=0.017 | AC act=0.003 crit=1.542 pg=0.003 H=0.76 | img ret=0.60 val=0.58 scale=2.51 p5=-0.24 p95=2.28 rnd_c=0.002 rnd_l=0.002 | r/step=0.0103 | 1.3 ips ETA 4h13\r\n"}
,{"stream_name":"stdout","time":8590.346335883,"data":"  iter 10750/30000 [35.8%] | WM wm=23.61 rec=15.97 kl=7.44 rew=0.200 con=0.002 | AC act=0.009 crit=1.620 pg=0.009 H=0.70 | img ret=0.49 val=0.44 scale=2.57 p5=-0.26 p95=2.32 rnd_c=0.002 rnd_l=0.001 | r/step=0.0139 | 1.3 ips ETA 4h12\r\n"}
,{"stream_name":"stdout","time":8628.141762937,"data":"  iter 10800/30000 [36.0%] | WM wm=21.14 rec=13.41 kl=7.57 rew=0.152 con=0.007 | AC act=0.001 crit=1.470 pg=0.002 H=0.85 | img ret=0.48 val=0.48 scale=2.49 p5=-0.26 p95=2.23 rnd_c=0.002 rnd_l=0.001 | r/step=0.0110 | 1.3 ips ETA 4h11\r\n"}
,{"stream_name":"stdout","time":8666.667541291,"data":"  iter 10850/30000 [36.2%] | WM wm=20.46 rec=12.72 kl=7.60 rew=0.143 con=0.001 | AC act=0.003 crit=1.390 pg=0.003 H=0.76 | img ret=0.38 val=0.37 scale=2.54 p5=-0.25 p95=2.29 rnd_c=0.002 rnd_l=0.002 | r/step=0.0151 | 1.3 ips ETA 4h11\r\n"}
,{"stream_name":"stdout","time":8704.280791315,"data":"  iter 10900/30000 [36.3%] | WM wm=18.63 rec=12.14 kl=6.37 rew=0.117 con=0.003 | AC act=-0.002 crit=1.501 pg=-0.002 H=0.76 | img ret=0.66 val=0.66 scale=2.66 p5=-0.25 p95=2.41 rnd_c=0.002 rnd_l=0.001 | r/step=0.0049 | 1.3 ips ETA 4h10\r\n"}
,{"stream_name":"stdout","time":8704.280820915,"data":"  [health] WARN RND_dominates: ratio=131.5\r\n"}
,{"stream_name":"stdout","time":8742.625997458,"data":"  iter 10950/30000 [36.5%] | WM wm=20.76 rec=13.20 kl=7.39 rew=0.171 con=0.004 | AC act=0.012 crit=1.606 pg=0.012 H=0.81 | img ret=0.68 val=0.64 scale=2.74 p5=-0.24 p95=2.50 rnd_c=0.002 rnd_l=0.001 | r/step=0.0180 | 1.3 ips ETA 4h09\r\n"}
,{"stream_name":"stdout","time":8780.649493157,"data":"  iter 11000/30000 [36.7%] | WM wm=22.32 rec=13.81 kl=8.30 rew=0.198 con=0.011 | AC act=-0.002 crit=1.596 pg=-0.002 H=0.84 | img ret=0.42 val=0.42 scale=2.69 p5=-0.25 p95=2.43 rnd_c=0.002 rnd_l=0.001 | r/step=0.0134 | 1.3 ips ETA 4h09\r\n"}
,{"stream_name":"stdout","time":8818.773506876,"data":"  iter 11050/30000 [36.8%] | WM wm=19.59 rec=12.51 kl=6.93 rew=0.147 con=0.003 | AC act=-0.002 crit=1.407 pg=-0.002 H=0.83 | img ret=0.57 val=0.57 scale=2.57 p5=-0.24 p95=2.32 rnd_c=0.002 rnd_l=0.001 | r/step=0.0132 | 1.3 ips ETA 4h08\r\n"}
,{"stream_name":"stdout","time":8856.934493789,"data":"  iter 11100/30000 [37.0%] | WM wm=20.02 rec=12.16 kl=7.72 rew=0.132 con=0.005 | AC act=-0.002 crit=1.351 pg=-0.002 H=0.78 | img ret=0.47 val=0.47 scale=2.57 p5=-0.24 p95=2.32 rnd_c=0.002 rnd_l=0.002 | r/step=0.0119 | 1.3 ips ETA 4h07\r\n"}
,{"stream_name":"stdout","time":8894.653579644,"data":"  iter 11150/30000 [37.2%] | WM wm=21.12 rec=13.58 kl=7.40 rew=0.140 con=0.001 | AC act=0.001 crit=1.463 pg=0.001 H=0.73 | img ret=0.45 val=0.44 scale=2.64 p5=-0.24 p95=2.40 rnd_c=0.002 rnd_l=0.002 | r/step=0.0120 | 1.3 ips ETA 4h07\r\n"}
,{"stream_name":"stdout","time":8933.145208938,"data":"  iter 11200/30000 [37.3%] | WM wm=19.50 rec=12.10 kl=7.19 rew=0.201 con=0.005 | AC act=-0.003 crit=1.430 pg=-0.003 H=0.86 | img ret=0.32 val=0.32 scale=2.66 p5=-0.26 p95=2.40 rnd_c=0.002 rnd_l=0.001 | r/step=0.0130 | 1.3 ips ETA 4h06\r\n"}
,{"stream_name":"stdout","time":8970.8909445,"data":"  iter 11250/30000 [37.5%] | WM wm=19.99 rec=13.26 kl=6.56 rew=0.162 con=0.002 | AC act=0.002 crit=1.581 pg=0.002 H=0.74 | img ret=0.43 val=0.42 scale=2.59 p5=-0.26 p95=2.33 rnd_c=0.002 rnd_l=0.001 | r/step=0.0116 | 1.3 ips ETA 4h05\r\n"}
,{"stream_name":"stdout","time":9009.279766173,"data":"  iter 11300/30000 [37.7%] | WM wm=19.24 rec=11.62 kl=7.49 rew=0.125 con=0.004 | AC act=0.008 crit=1.659 pg=0.008 H=0.74 | img ret=1.00 val=0.97 scale=2.56 p5=-0.26 p95=2.31 rnd_c=0.002 rnd_l=0.002 | r/step=0.0212 | 1.3 ips ETA 4h05\r\n"}
,{"stream_name":"stdout","time":9047.062383617,"data":"  iter 11350/30000 [37.8%] | WM wm=19.38 rec=11.94 kl=7.30 rew=0.128 con=0.005 | AC act=-0.000 crit=1.450 pg=-0.000 H=0.81 | img ret=0.59 val=0.60 scale=2.57 p5=-0.25 p95=2.32 rnd_c=0.002 rnd_l=0.002 | r/step=0.0099 | 1.3 ips ETA 4h04\r\n"}
,{"stream_name":"stdout","time":9085.305213946,"data":"  iter 11400/30000 [38.0%] | WM wm=18.96 rec=11.74 kl=7.09 rew=0.136 con=0.001 | AC act=-0.002 crit=1.564 pg=-0.002 H=0.85 | img ret=0.57 val=0.58 scale=2.57 p5=-0.26 p95=2.30 rnd_c=0.002 rnd_l=0.001 | r/step=0.0228 | 1.3 ips ETA 4h03\r\n"}
,{"stream_name":"stdout","time":9123.492185612,"data":"  iter 11450/30000 [38.2%] | WM wm=17.20 rec=10.32 kl=6.74 rew=0.133 con=0.010 | AC act=-0.002 crit=1.460 pg=-0.002 H=0.72 | img ret=0.56 val=0.56 scale=2.56 p5=-0.26 p95=2.30 rnd_c=0.002 rnd_l=0.001 | r/step=0.0101 | 1.3 ips ETA 4h03\r\n"}
,{"stream_name":"stdout","time":9161.593173527,"data":"  iter 11500/30000 [38.3%] | WM wm=16.34 rec=9.39 kl=6.80 rew=0.151 con=0.008 | AC act=0.001 crit=1.518 pg=0.001 H=0.62 | img ret=0.94 val=0.91 scale=2.57 p5=-0.27 p95=2.32 rnd_c=0.002 rnd_l=0.002 | r/step=0.0148 | 1.3 ips ETA 4h02\r\n"}
,{"stream_name":"stdout","time":9199.645791616,"data":"  iter 11550/30000 [38.5%] | WM wm=18.32 rec=11.04 kl=7.12 rew=0.150 con=0.006 | AC act=-0.002 crit=1.535 pg=-0.002 H=0.77 | img ret=0.64 val=0.64 scale=2.61 p5=-0.28 p95=2.34 rnd_c=0.002 rnd_l=0.001 | r/step=0.0136 | 1.3 ips ETA 4h01\r\n"}
,{"stream_name":"stdout","time":9237.706432355,"data":"  iter 11600/30000 [38.7%] | WM wm=18.09 rec=11.44 kl=6.50 rew=0.136 con=0.005 | AC act=-0.003 crit=1.573 pg=-0.003 H=0.87 | img ret=0.36 val=0.38 scale=2.60 p5=-0.28 p95=2.31 rnd_c=0.002 rnd_l=0.001 | r/step=0.0078 | 1.3 ips ETA 4h00\r\n"}
,{"stream_name":"stdout","time":9275.539498891,"data":"  iter 11650/30000 [38.8%] | WM wm=18.46 rec=11.48 kl=6.82 rew=0.154 con=0.006 | AC act=0.002 crit=1.530 pg=0.002 H=0.75 | img ret=0.63 val=0.61 scale=2.50 p5=-0.27 p95=2.24 rnd_c=0.002 rnd_l=0.001 | r/step=0.0059 | 1.3 ips ETA 4h00\r\n"}
,{"stream_name":"stdout","time":9275.539531791,"data":"  [health] WARN RND_dominates: ratio=113.7\r\n"}
,{"stream_name":"stdout","time":9313.780064423,"data":"  iter 11700/30000 [39.0%] | WM wm=24.45 rec=16.86 kl=7.46 rew=0.129 con=0.003 | AC act=-0.005 crit=1.467 pg=-0.005 H=0.71 | img ret=0.92 val=0.91 scale=2.62 p5=-0.27 p95=2.35 rnd_c=0.002 rnd_l=0.002 | r/step=0.0172 | 1.3 ips ETA 3h59\r\n"}
,{"stream_name":"stdout","time":9351.691611269,"data":"  iter 11750/30000 [39.2%] | WM wm=23.37 rec=14.99 kl=8.20 rew=0.175 con=0.005 | AC act=-0.001 crit=1.303 pg=-0.001 H=0.92 | img ret=0.47 val=0.47 scale=2.59 p5=-0.25 p95=2.33 rnd_c=0.002 rnd_l=0.002 | r/step=0.0120 | 1.3 ips ETA 3h58\r\n"}
,{"stream_name":"stdout","time":9390.046987984,"data":"  iter 11800/30000 [39.3%] | WM wm=18.12 rec=10.74 kl=7.22 rew=0.156 con=0.005 | AC act=-0.008 crit=1.600 pg=-0.008 H=0.91 | img ret=0.53 val=0.52 scale=2.54 p5=-0.24 p95=2.30 rnd_c=0.002 rnd_l=0.001 | r/step=0.0090 | 1.3 ips ETA 3h58\r\n"}
,{"stream_name":"stdout","time":9390.047021124,"data":"  [health] WARN RND_dominates: ratio=110.2\r\n"}
,{"stream_name":"stdout","time":9428.133514613,"data":"  iter 11850/30000 [39.5%] | WM wm=15.22 rec=8.70 kl=6.41 rew=0.111 con=0.001 | AC act=0.007 crit=1.491 pg=0.007 H=0.91 | img ret=0.52 val=0.49 scale=2.60 p5=-0.25 p95=2.35 rnd_c=0.002 rnd_l=0.001 | r/step=0.0185 | 1.3 ips ETA 3h57\r\n"}
,{"stream_name":"stdout","time":9466.258068067,"data":"  iter 11900/30000 [39.7%] | WM wm=21.28 rec=13.44 kl=7.71 rew=0.135 con=0.002 | AC act=-0.002 crit=1.577 pg=-0.002 H=0.81 | img ret=0.69 val=0.67 scale=2.71 p5=-0.26 p95=2.45 rnd_c=0.002 rnd_l=0.001 | r/step=0.0083 | 1.3 ips ETA 3h56\r\n"}
,{"stream_name":"stdout","time":9504.438938525,"data":"  iter 11950/30000 [39.8%] | WM wm=17.57 rec=10.10 kl=7.29 rew=0.169 con=0.008 | AC act=0.002 crit=1.574 pg=0.002 H=0.91 | img ret=0.52 val=0.50 scale=2.86 p5=-0.24 p95=2.62 rnd_c=0.002 rnd_l=0.002 | r/step=0.0128 | 1.3 ips ETA 3h56\r\n"}
,{"stream_name":"stdout","time":9542.253928244,"data":"  iter 12000/30000 [40.0%] | WM wm=16.43 rec=9.54 kl=6.75 rew=0.144 con=0.005 | AC act=-0.002 crit=1.504 pg=-0.002 H=0.85 | img ret=0.57 val=0.58 scale=2.88 p5=-0.23 p95=2.65 rnd_c=0.002 rnd_l=0.001 | r/step=0.0050 | 1.3 ips ETA 3h55\r\n"}
,{"stream_name":"stdout","time":9542.253964254,"data":"  [health] WARN RND_dominates: ratio=134.5\r\n"}
,{"stream_name":"stdout","time":9580.520069191,"data":"  iter 12050/30000 [40.2%] | WM wm=22.25 rec=13.50 kl=8.57 rew=0.166 con=0.007 | AC act=-0.008 crit=1.481 pg=-0.008 H=1.05 | img ret=0.55 val=0.59 scale=2.84 p5=-0.22 p95=2.62 rnd_c=0.002 rnd_l=0.001 | r/step=0.0212 | 1.3 ips ETA 3h54\r\n"}
,{"stream_name":"stdout","time":9618.544541385,"data":"  iter 12100/30000 [40.3%] | WM wm=18.38 rec=10.82 kl=7.44 rew=0.119 con=0.003 | AC act=-0.000 crit=1.455 pg=-0.000 H=0.94 | img ret=0.45 val=0.45 scale=2.63 p5=-0.23 p95=2.40 rnd_c=0.002 rnd_l=0.001 | r/step=0.0037 | 1.3 ips ETA 3h54\r\n"}
,{"stream_name":"stdout","time":9618.544572735,"data":"  [health] WARN RND_dominates: ratio=102.0\r\n"}
,{"stream_name":"stdout","time":9656.987226833,"data":"  iter 12150/30000 [40.5%] | WM wm=16.19 rec=9.12 kl=6.93 rew=0.134 con=0.006 | AC act=-0.002 crit=1.422 pg=-0.001 H=0.80 | img ret=0.83 val=0.79 scale=2.53 p5=-0.23 p95=2.30 rnd_c=0.002 rnd_l=0.001 | r/step=0.0101 | 1.3 ips ETA 3h53\r\n"}
,{"stream_name":"stdout","time":9656.987260193,"data":"  [health] WARN RND_dominates: ratio=102.9\r\n"}
,{"stream_name":"stdout","time":9694.377267037,"data":"  iter 12200/30000 [40.7%] | WM wm=21.95 rec=13.67 kl=8.10 rew=0.178 con=0.001 | AC act=-0.004 crit=1.506 pg=-0.003 H=0.89 | img ret=0.31 val=0.31 scale=2.53 p5=-0.24 p95=2.30 rnd_c=0.002 rnd_l=0.001 | r/step=0.0110 | 1.3 ips ETA 3h52\r\n"}
,{"stream_name":"stdout","time":9732.660030191,"data":"  iter 12250/30000 [40.8%] | WM wm=18.30 rec=11.09 kl=7.09 rew=0.113 con=0.003 | AC act=-0.004 crit=1.529 pg=-0.004 H=0.69 | img ret=0.39 val=0.40 scale=2.65 p5=-0.25 p95=2.40 rnd_c=0.002 rnd_l=0.001 | r/step=0.0123 | 1.3 ips ETA 3h52\r\n"}
,{"stream_name":"stdout","time":9770.544044999,"data":"  iter 12300/30000 [41.0%] | WM wm=14.27 rec=8.02 kl=6.12 rew=0.125 con=0.002 | AC act=0.001 crit=1.441 pg=0.001 H=0.80 | img ret=0.52 val=0.51 scale=2.66 p5=-0.24 p95=2.41 rnd_c=0.002 rnd_l=0.001 | r/step=0.0123 | 1.3 ips ETA 3h51\r\n"}
,{"stream_name":"stdout","time":9808.846051395,"data":"  iter 12350/30000 [41.2%] | WM wm=21.56 rec=14.01 kl=7.38 rew=0.169 con=0.004 | AC act=-0.000 crit=1.506 pg=-0.000 H=0.71 | img ret=0.48 val=0.49 scale=2.71 p5=-0.27 p95=2.43 rnd_c=0.002 rnd_l=0.002 | r/step=0.0064 | 1.3 ips ETA 3h50\r\n"}
,{"stream_name":"stdout","time":9808.846084985,"data":"  [health] WARN RND_dominates: ratio=124.1\r\n"}
,{"stream_name":"stdout","time":9846.571914463,"data":"  iter 12400/30000 [41.3%] | WM wm=21.67 rec=13.37 kl=8.11 rew=0.186 con=0.006 | AC act=0.005 crit=1.593 pg=0.005 H=0.55 | img ret=0.93 val=0.87 scale=2.52 p5=-0.25 p95=2.28 rnd_c=0.002 rnd_l=0.002 | r/step=0.0122 | 1.3 ips ETA 3h49\r\n"}
,{"stream_name":"stdout","time":9884.698142456,"data":"  iter 12450/30000 [41.5%] | WM wm=19.17 rec=11.79 kl=7.27 rew=0.114 con=0.002 | AC act=0.001 crit=1.585 pg=0.001 H=0.81 | img ret=0.41 val=0.38 scale=2.62 p5=-0.23 p95=2.39 rnd_c=0.002 rnd_l=0.001 | r/step=0.0124 | 1.3 ips ETA 3h49\r\n"}
,{"stream_name":"stdout","time":9922.786291652,"data":"  iter 12500/30000 [41.7%] | WM wm=18.55 rec=11.69 kl=6.70 rew=0.157 con=0.010 | AC act=-0.002 crit=1.526 pg=-0.002 H=0.94 | img ret=0.46 val=0.44 scale=2.66 p5=-0.24 p95=2.42 rnd_c=0.002 rnd_l=0.001 | r/step=0.0090 | 1.3 ips ETA 3h48\r\n"}
,{"stream_name":"stdout","time":9922.786348583,"data":"  [health] WARN RND_dominates: ratio=120.5\r\n"}
,{"stream_name":"stdout","time":9960.818111449,"data":"  \u003e\u003e\u003e EVAL @ iter 12500 : score=1.50  length=194  achievements=2.40 =  sample=2.40  (best=3.20 @5000)  crafter_score=1.38% [2178 train eps]\r\n"}
,{"stream_name":"stdout","time":9960.818152319,"data":"      unlocked (4/22): collect_sapling=100%  wake_up=100%  place_plant=30%  collect_wood=10%\r\n"}
,{"stream_name":"stdout","time":9971.958788838,"data":"  Checkpoint saved : dreamer_crafter_jax_v37-tpu-75m-rnd003_iter012500.npz\r\n"}
,{"stream_name":"stdout","time":10013.54481899,"data":"  iter 12550/30000 [41.8%] | WM wm=21.51 rec=13.75 kl=7.60 rew=0.157 con=0.003 | AC act=-0.001 crit=1.488 pg=-0.001 H=0.73 | img ret=0.31 val=0.31 scale=2.62 p5=-0.25 p95=2.37 rnd_c=0.002 rnd_l=0.001 | r/step=0.0139 | 1.3 ips ETA 3h49\r\n"}
,{"stream_name":"stdout","time":10051.349082287,"data":"  iter 12600/30000 [42.0%] | WM wm=13.98 rec=7.93 kl=5.95 rew=0.089 con=0.006 | AC act=-0.001 crit=1.483 pg=-0.000 H=0.85 | img ret=0.52 val=0.50 scale=2.59 p5=-0.25 p95=2.34 rnd_c=0.002 rnd_l=0.001 | r/step=0.0149 | 1.3 ips ETA 3h48\r\n"}
,{"stream_name":"stdout","time":10090.015770807,"data":"  iter 12650/30000 [42.2%] | WM wm=21.03 rec=13.84 kl=7.03 rew=0.150 con=0.002 | AC act=0.006 crit=1.553 pg=0.006 H=0.73 | img ret=0.66 val=0.65 scale=2.61 p5=-0.26 p95=2.35 rnd_c=0.002 rnd_l=0.001 | r/step=0.0125 | 1.3 ips ETA 3h47\r\n"}
,{"stream_name":"stdout","time":10127.7885379,"data":"  iter 12700/30000 [42.3%] | WM wm=17.42 rec=10.67 kl=6.61 rew=0.140 con=0.003 | AC act=-0.002 crit=1.421 pg=-0.002 H=0.69 | img ret=0.66 val=0.67 scale=2.54 p5=-0.25 p95=2.29 rnd_c=0.002 rnd_l=0.001 | r/step=0.0148 | 1.3 ips ETA 3h47\r\n"}
,{"stream_name":"stdout","time":10165.966112173,"data":"  iter 12750/30000 [42.5%] | WM wm=16.46 rec=9.59 kl=6.76 rew=0.106 con=0.005 | AC act=-0.000 crit=1.414 pg=-0.000 H=1.01 | img ret=0.32 val=0.32 scale=2.60 p5=-0.25 p95=2.35 rnd_c=0.002 rnd_l=0.001 | r/step=0.0132 | 1.3 ips ETA 3h46\r\n"}
,{"stream_name":"stdout","time":10203.918565134,"data":"  iter 12800/30000 [42.7%] | WM wm=19.21 rec=11.58 kl=7.45 rew=0.174 con=0.002 | AC act=0.003 crit=1.504 pg=0.004 H=0.75 | img ret=0.67 val=0.66 scale=2.59 p5=-0.25 p95=2.34 rnd_c=0.002 rnd_l=0.001 | r/step=0.0084 | 1.3 ips ETA 3h45\r\n"}
,{"stream_name":"stdout","time":10242.277258336,"data":"  iter 12850/30000 [42.8%] | WM wm=21.92 rec=13.94 kl=7.84 rew=0.146 con=0.004 | AC act=0.027 crit=1.777 pg=0.027 H=0.72 | img ret=0.86 val=0.78 scale=2.63 p5=-0.25 p95=2.40 rnd_c=0.002 rnd_l=0.001 | r/step=0.0100 | 1.3 ips ETA 3h45\r\n"}
,{"stream_name":"stdout","time":10279.836200808,"data":"  iter 12900/30000 [43.0%] | WM wm=18.11 rec=11.01 kl=6.98 rew=0.114 con=0.002 | AC act=0.002 crit=1.580 pg=0.003 H=0.68 | img ret=0.77 val=0.75 scale=2.66 p5=-0.25 p95=2.42 rnd_c=0.002 rnd_l=0.001 | r/step=0.0045 | 1.3 ips ETA 3h44\r\n"}
,{"stream_name":"stdout","time":10318.287744941,"data":"  iter 12950/30000 [43.2%] | WM wm=19.35 rec=11.68 kl=7.53 rew=0.126 con=0.013 | AC act=0.000 crit=1.408 pg=0.001 H=0.78 | img ret=0.34 val=0.34 scale=2.54 p5=-0.25 p95=2.29 rnd_c=0.002 rnd_l=0.001 | r/step=0.0122 | 1.3 ips ETA 3h43\r\n"}
,{"stream_name":"stdout","time":10356.456154867,"data":"  iter 13000/30000 [43.3%] | WM wm=17.96 rec=10.88 kl=6.93 rew=0.142 con=0.011 | AC act=0.001 crit=1.444 pg=0.002 H=0.86 | img ret=0.62 val=0.62 scale=2.58 p5=-0.25 p95=2.33 rnd_c=0.002 rnd_l=0.001 | r/step=0.0166 | 1.3 ips ETA 3h43\r\n"}
,{"stream_name":"stdout","time":10394.84147011,"data":"  iter 13050/30000 [43.5%] | WM wm=17.05 rec=9.89 kl=7.00 rew=0.153 con=0.010 | AC act=0.002 crit=1.579 pg=0.003 H=0.73 | img ret=0.71 val=0.69 scale=2.75 p5=-0.25 p95=2.51 rnd_c=0.002 rnd_l=0.001 | r/step=0.0096 | 1.3 ips ETA 3h42\r\n"}
,{"stream_name":"stdout","time":10432.824989893,"data":"  iter 13100/30000 [43.7%] | WM wm=16.53 rec=9.03 kl=7.38 rew=0.123 con=0.002 | AC act=-0.001 crit=1.391 pg=-0.001 H=0.84 | img ret=0.31 val=0.31 scale=2.75 p5=-0.26 p95=2.48 rnd_c=0.002 rnd_l=0.001 | r/step=0.0131 | 1.3 ips ETA 3h41\r\n"}
,{"stream_name":"stdout","time":10470.762927433,"data":"  iter 13150/30000 [43.8%] | WM wm=20.80 rec=13.19 kl=7.45 rew=0.156 con=0.004 | AC act=-0.003 crit=1.533 pg=-0.003 H=0.76 | img ret=0.72 val=0.70 scale=2.67 p5=-0.24 p95=2.43 rnd_c=0.002 rnd_l=0.001 | r/step=0.0105 | 1.3 ips ETA 3h40\r\n"}
,{"stream_name":"stdout","time":10508.8952918,"data":"  iter 13200/30000 [44.0%] | WM wm=17.47 rec=10.26 kl=7.04 rew=0.160 con=0.006 | AC act=0.001 crit=1.390 pg=0.001 H=0.84 | img ret=0.53 val=0.51 scale=2.63 p5=-0.25 p95=2.37 rnd_c=0.002 rnd_l=0.001 | r/step=0.0124 | 1.3 ips ETA 3h40\r\n"}
,{"stream_name":"stdout","time":10547.230883027,"data":"  iter 13250/30000 [44.2%] | WM wm=23.36 rec=15.61 kl=7.62 rew=0.126 con=0.000 | AC act=-0.000 crit=1.580 pg=-0.000 H=0.84 | img ret=0.70 val=0.70 scale=2.61 p5=-0.24 p95=2.38 rnd_c=0.002 rnd_l=0.001 | r/step=0.0139 | 1.3 ips ETA 3h39\r\n"}
,{"stream_name":"stdout","time":10585.129890163,"data":"  iter 13300/30000 [44.3%] | WM wm=16.81 rec=10.37 kl=6.31 rew=0.138 con=0.000 | AC act=-0.005 crit=1.474 pg=-0.005 H=0.71 | img ret=0.51 val=0.52 scale=2.67 p5=-0.26 p95=2.40 rnd_c=0.002 rnd_l=0.001 | r/step=0.0068 | 1.3 ips ETA 3h38\r\n"}
,{"stream_name":"stdout","time":10585.129939753,"data":"  [health] WARN RND_dominates: ratio=110.1\r\n"}
,{"stream_name":"stdout","time":10623.348412615,"data":"  iter 13350/30000 [44.5%] | WM wm=16.12 rec=8.99 kl=6.98 rew=0.152 con=0.005 | AC act=0.001 crit=1.529 pg=0.001 H=0.84 | img ret=0.51 val=0.50 scale=2.58 p5=-0.25 p95=2.33 rnd_c=0.002 rnd_l=0.001 | r/step=0.0107 | 1.3 ips ETA 3h38\r\n"}
,{"stream_name":"stdout","time":10623.348450715,"data":"  [health] WARN RND_dominates: ratio=110.2\r\n"}
,{"stream_name":"stdout","time":10661.206692485,"data":"  iter 13400/30000 [44.7%] | WM wm=16.89 rec=10.12 kl=6.61 rew=0.153 con=0.004 | AC act=-0.002 crit=1.531 pg=-0.002 H=0.64 | img ret=0.62 val=0.62 scale=2.60 p5=-0.25 p95=2.35 rnd_c=0.002 rnd_l=0.001 | r/step=0.0083 | 1.3 ips ETA 3h37\r\n"}
,{"stream_name":"stdout","time":10661.206730345,"data":"  [health] WARN RND_dominates: ratio=130.6\r\n"}
,{"stream_name":"stdout","time":10699.786193056,"data":"  iter 13450/30000 [44.8%] | WM wm=17.55 rec=10.75 kl=6.66 rew=0.125 con=0.005 | AC act=-0.001 crit=1.411 pg=-0.001 H=0.78 | img ret=0.58 val=0.58 scale=2.64 p5=-0.25 p95=2.39 rnd_c=0.002 rnd_l=0.001 | r/step=0.0151 | 1.3 ips ETA 3h36\r\n"}
,{"stream_name":"stdout","time":10699.786241566,"data":"  [health] WARN RND_dominates: ratio=115.1\r\n"}
,{"stream_name":"stdout","time":10737.821044816,"data":"  iter 13500/30000 [45.0%] | WM wm=17.72 rec=10.87 kl=6.67 rew=0.170 con=0.007 | AC act=-0.004 crit=1.497 pg=-0.004 H=0.67 | img ret=0.54 val=0.54 scale=2.65 p5=-0.24 p95=2.40 rnd_c=0.002 rnd_l=0.001 | r/step=0.0029 | 1.3 ips ETA 3h36\r\n"}
,{"stream_name":"stdout","time":10737.821080846,"data":"  [health] WARN RND_dominates: ratio=140.6\r\n"}
,{"stream_name":"stdout","time":10737.821086816,"data":"  [health] WARN FATAL: RND_dominates persistent (consec=5)\r\n"}
,{"stream_name":"stdout","time":10776.0000009,"data":"  iter 13550/30000 [45.2%] | WM wm=20.22 rec=12.39 kl=7.69 rew=0.129 con=0.003 | AC act=0.001 crit=1.604 pg=0.001 H=0.55 | img ret=0.47 val=0.44 scale=2.71 p5=-0.25 p95=2.45 rnd_c=0.002 rnd_l=0.001 | r/step=0.0110 | 1.3 ips ETA 3h35\r\n"}
,{"stream_name":"stdout","time":10814.111851603,"data":"  iter 13600/30000 [45.3%] | WM wm=18.05 rec=10.91 kl=6.99 rew=0.151 con=0.005 | AC act=-0.000 crit=1.523 pg=-0.000 H=0.78 | img ret=0.45 val=0.44 scale=2.60 p5=-0.25 p95=2.34 rnd_c=0.002 rnd_l=0.001 | r/step=0.0089 | 1.3 ips ETA 3h34\r\n"}
,{"stream_name":"stdout","time":10852.317800967,"data":"  iter 13650/30000 [45.5%] | WM wm=17.68 rec=10.72 kl=6.79 rew=0.167 con=0.006 | AC act=0.008 crit=1.664 pg=0.008 H=0.70 | img ret=0.85 val=0.82 scale=2.53 p5=-0.25 p95=2.29 rnd_c=0.002 rnd_l=0.001 | r/step=0.0085 | 1.3 ips ETA 3h34\r\n"}
,{"stream_name":"stdout","time":10852.317835567,"data":"  [health] WARN RND_dominates: ratio=122.0\r\n"}
,{"stream_name":"stdout","time":10890.382882754,"data":"  iter 13700/30000 [45.7%] | WM wm=13.89 rec=7.29 kl=6.48 rew=0.117 con=0.003 | AC act=-0.001 crit=1.394 pg=-0.001 H=0.97 | img ret=0.37 val=0.38 scale=2.60 p5=-0.25 p95=2.35 rnd_c=0.002 rnd_l=0.001 | r/step=0.0083 | 1.3 ips ETA 3h33\r\n"}
,{"stream_name":"stdout","time":10890.382916374,"data":"  [health] WARN RND_dominates: ratio=105.9\r\n"}
,{"stream_name":"stdout","time":10928.265705573,"data":"  iter 13750/30000 [45.8%] | WM wm=17.70 rec=10.36 kl=7.19 rew=0.142 con=0.009 | AC act=0.001 crit=1.610 pg=0.001 H=0.87 | img ret=0.46 val=0.44 scale=2.63 p5=-0.26 p95=2.37 rnd_c=0.002 rnd_l=0.001 | r/step=0.0096 | 1.3 ips ETA 3h32\r\n"}
,{"stream_name":"stdout","time":10928.265740043,"data":"  [health] WARN RND_dominates: ratio=111.1\r\n"}
,{"stream_name":"stdout","time":10966.423398998,"data":"  iter 13800/30000 [46.0%] | WM wm=17.61 rec=10.29 kl=7.19 rew=0.130 con=0.003 | AC act=0.003 crit=1.530 pg=0.003 H=0.83 | img ret=0.34 val=0.33 scale=2.60 p5=-0.26 p95=2.33 rnd_c=0.002 rnd_l=0.001 | r/step=0.0153 | 1.3 ips ETA 3h32\r\n"}
,{"stream_name":"stdout","time":11004.564396666,"data":"  iter 13850/30000 [46.2%] | WM wm=15.26 rec=9.06 kl=6.06 rew=0.131 con=0.004 | AC act=-0.000 crit=1.439 pg=-0.000 H=0.89 | img ret=0.36 val=0.36 scale=2.67 p5=-0.26 p95=2.40 rnd_c=0.002 rnd_l=0.001 | r/step=0.0128 | 1.3 ips ETA 3h31\r\n"}
,{"stream_name":"stdout","time":11042.735704074,"data":"  iter 13900/30000 [46.3%] | WM wm=20.63 rec=12.84 kl=7.66 rew=0.118 con=0.009 | AC act=-0.006 crit=1.426 pg=-0.005 H=0.93 | img ret=0.41 val=0.42 scale=2.66 p5=-0.25 p95=2.41 rnd_c=0.002 rnd_l=0.001 | r/step=0.0139 | 1.3 ips ETA 3h30\r\n"}
,{"stream_name":"stdout","time":11080.573716598,"data":"  iter 13950/30000 [46.5%] | WM wm=21.52 rec=13.27 kl=8.08 rew=0.167 con=0.005 | AC act=-0.004 crit=1.431 pg=-0.004 H=0.72 | img ret=0.39 val=0.40 scale=2.54 p5=-0.25 p95=2.29 rnd_c=0.002 rnd_l=0.001 | r/step=0.0095 | 1.3 ips ETA 3h30\r\n"}
,{"stream_name":"stdout","time":11080.573748828,"data":"  [health] WARN RND_dominates: ratio=116.2\r\n"}
,{"stream_name":"stdout","time":11118.651434855,"data":"  iter 14000/30000 [46.7%] | WM wm=16.02 rec=9.55 kl=6.34 rew=0.123 con=0.004 | AC act=-0.008 crit=1.521 pg=-0.007 H=0.74 | img ret=0.52 val=0.53 scale=2.63 p5=-0.26 p95=2.37 rnd_c=0.002 rnd_l=0.001 | r/step=0.0160 | 1.3 ips ETA 3h29\r\n"}
,{"stream_name":"stdout","time":11156.707619882,"data":"  iter 14050/30000 [46.8%] | WM wm=14.23 rec=8.53 kl=5.57 rew=0.118 con=0.014 | AC act=0.006 crit=1.611 pg=0.006 H=0.73 | img ret=0.65 val=0.61 scale=2.51 p5=-0.25 p95=2.26 rnd_c=0.002 rnd_l=0.001 | r/step=0.0088 | 1.3 ips ETA 3h28\r\n"}
,{"stream_name":"stdout","time":11194.983795509,"data":"  iter 14100/30000 [47.0%] | WM wm=20.52 rec=13.53 kl=6.83 rew=0.145 con=0.005 | AC act=-0.001 crit=1.503 pg=-0.001 H=0.77 | img ret=0.75 val=0.74 scale=2.50 p5=-0.24 p95=2.27 rnd_c=0.002 rnd_l=0.001 | r/step=0.0161 | 1.3 ips ETA 3h28\r\n"}
,{"stream_name":"stdout","time":11233.123451448,"data":"  iter 14150/30000 [47.2%] | WM wm=17.49 rec=10.51 kl=6.82 rew=0.145 con=0.009 | AC act=-0.002 crit=1.390 pg=-0.002 H=0.91 | img ret=0.40 val=0.36 scale=2.51 p5=-0.26 p95=2.24 rnd_c=0.002 rnd_l=0.001 | r/step=0.0077 | 1.3 ips ETA 3h27\r\n"}
,{"stream_name":"stdout","time":11271.232951701,"data":"  iter 14200/30000 [47.3%] | WM wm=16.18 rec=9.29 kl=6.76 rew=0.121 con=0.006 | AC act=0.000 crit=1.452 pg=0.000 H=0.81 | img ret=0.48 val=0.47 scale=2.46 p5=-0.25 p95=2.20 rnd_c=0.002 rnd_l=0.001 | r/step=0.0142 | 1.3 ips ETA 3h26\r\n"}
,{"stream_name":"stdout","time":11309.567656449,"data":"  iter 14250/30000 [47.5%] | WM wm=15.69 rec=8.86 kl=6.68 rew=0.141 con=0.003 | AC act=-0.004 crit=1.458 pg=-0.003 H=0.66 | img ret=0.51 val=0.50 scale=2.54 p5=-0.27 p95=2.27 rnd_c=0.002 rnd_l=0.001 | r/step=0.0111 | 1.3 ips ETA 3h26\r\n"}
,{"stream_name":"stdout","time":11347.974895799,"data":"  iter 14300/30000 [47.7%] | WM wm=19.17 rec=11.99 kl=7.07 rew=0.119 con=0.003 | AC act=0.001 crit=1.580 pg=0.001 H=0.71 | img ret=0.81 val=0.77 scale=2.51 p5=-0.26 p95=2.26 rnd_c=0.002 rnd_l=0.001 | r/step=0.0179 | 1.3 ips ETA 3h25\r\n"}
,{"stream_name":"stdout","time":11385.992512036,"data":"  iter 14350/30000 [47.8%] | WM wm=16.77 rec=10.45 kl=6.20 rew=0.111 con=0.003 | AC act=-0.005 crit=1.579 pg=-0.005 H=0.80 | img ret=0.54 val=0.55 scale=2.54 p5=-0.26 p95=2.29 rnd_c=0.002 rnd_l=0.001 | r/step=0.0087 | 1.3 ips ETA 3h24\r\n"}
,{"stream_name":"stdout","time":11385.992561416,"data":"  [health] WARN RND_dominates: ratio=126.0\r\n"}
,{"stream_name":"stdout","time":11423.979163345,"data":"  iter 14400/30000 [48.0%] | WM wm=16.63 rec=10.09 kl=6.41 rew=0.127 con=0.003 | AC act=0.008 crit=1.486 pg=0.008 H=0.91 | img ret=0.77 val=0.71 scale=2.58 p5=-0.24 p95=2.34 rnd_c=0.002 rnd_l=0.001 | r/step=0.0140 | 1.3 ips ETA 3h24\r\n"}
,{"stream_name":"stdout","time":11423.979194845,"data":"  [health] WARN RND_dominates: ratio=105.9\r\n"}
,{"stream_name":"stdout","time":11462.222713004,"data":"  iter 14450/30000 [48.2%] | WM wm=15.11 rec=8.97 kl=6.00 rew=0.132 con=0.002 | AC act=0.001 crit=1.463 pg=0.001 H=0.83 | img ret=0.69 val=0.66 scale=2.54 p5=-0.25 p95=2.30 rnd_c=0.002 rnd_l=0.001 | r/step=0.0088 | 1.3 ips ETA 3h23\r\n"}
,{"stream_name":"stdout","time":11500.29014452,"data":"  iter 14500/30000 [48.3%] | WM wm=16.33 rec=9.45 kl=6.72 rew=0.152 con=0.010 | AC act=-0.001 crit=1.451 pg=-0.001 H=0.93 | img ret=0.66 val=0.67 scale=2.53 p5=-0.26 p95=2.27 rnd_c=0.002 rnd_l=0.001 | r/step=0.0134 | 1.3 ips ETA 3h22\r\n"}
,{"stream_name":"stdout","time":11538.643605465,"data":"  iter 14550/30000 [48.5%] | WM wm=20.31 rec=12.87 kl=7.25 rew=0.182 con=0.004 | AC act=-0.003 crit=1.468 pg=-0.003 H=0.92 | img ret=0.55 val=0.56 scale=2.56 p5=-0.26 p95=2.31 rnd_c=0.002 rnd_l=0.001 | r/step=0.0100 | 1.3 ips ETA 3h22\r\n"}
,{"stream_name":"stdout","time":11538.643642305,"data":"  [health] WARN RND_dominates: ratio=124.8\r\n"}
,{"stream_name":"stdout","time":11576.593377336,"data":"  iter 14600/30000 [48.7%] | WM wm=16.85 rec=10.16 kl=6.56 rew=0.121 con=0.007 | AC act=-0.011 crit=1.453 pg=-0.010 H=0.96 | img ret=0.46 val=0.48 scale=2.52 p5=-0.26 p95=2.26 rnd_c=0.002 rnd_l=0.001 | r/step=0.0125 | 1.3 ips ETA 3h21\r\n"}
,{"stream_name":"stdout","time":11615.022123444,"data":"  iter 14650/30000 [48.8%] | WM wm=17.29 rec=10.10 kl=7.04 rew=0.143 con=0.007 | AC act=0.001 crit=1.443 pg=0.001 H=0.80 | img ret=0.38 val=0.37 scale=2.47 p5=-0.26 p95=2.21 rnd_c=0.002 rnd_l=0.001 | r/step=0.0129 | 1.3 ips ETA 3h20\r\n"}
,{"stream_name":"stdout","time":11653.222287596,"data":"  iter 14700/30000 [49.0%] | WM wm=15.58 rec=8.83 kl=6.60 rew=0.144 con=0.003 | AC act=-0.002 crit=1.424 pg=-0.002 H=0.79 | img ret=0.44 val=0.43 scale=2.48 p5=-0.25 p95=2.23 rnd_c=0.002 rnd_l=0.001 | r/step=0.0098 | 1.3 ips ETA 3h19\r\n"}
,{"stream_name":"stdout","time":11691.303193342,"data":"  iter 14750/30000 [49.2%] | WM wm=16.10 rec=9.28 kl=6.69 rew=0.128 con=0.005 | AC act=-0.004 crit=1.474 pg=-0.003 H=0.82 | img ret=0.56 val=0.55 scale=2.47 p5=-0.26 p95=2.22 rnd_c=0.002 rnd_l=0.001 | r/step=0.0116 | 1.3 ips ETA 3h19\r\n"}
,{"stream_name":"stdout","time":11691.303241002,"data":"  [health] WARN RND_dominates: ratio=105.4\r\n"}
,{"stream_name":"stdout","time":11729.348139385,"data":"  iter 14800/30000 [49.3%] | WM wm=18.28 rec=11.33 kl=6.80 rew=0.147 con=0.003 | AC act=-0.001 crit=1.554 pg=-0.001 H=0.78 | img ret=0.43 val=0.44 scale=2.44 p5=-0.26 p95=2.18 rnd_c=0.002 rnd_l=0.001 | r/step=0.0147 | 1.3 ips ETA 3h18\r\n"}
,{"stream_name":"stdout","time":11767.482627527,"data":"  iter 14850/30000 [49.5%] | WM wm=17.15 rec=9.84 kl=7.11 rew=0.184 con=0.009 | AC act=-0.002 crit=1.491 pg=-0.002 H=0.78 | img ret=0.42 val=0.41 scale=2.53 p5=-0.27 p95=2.26 rnd_c=0.002 rnd_l=0.001 | r/step=0.0088 | 1.3 ips ETA 3h17\r\n"}
,{"stream_name":"stdout","time":11767.482662517,"data":"  [health] WARN RND_dominates: ratio=129.0\r\n"}
,{"stream_name":"stdout","time":11805.703592859,"data":"  iter 14900/30000 [49.7%] | WM wm=17.19 rec=9.99 kl=7.06 rew=0.123 con=0.007 | AC act=-0.002 crit=1.289 pg=-0.002 H=0.84 | img ret=0.42 val=0.41 scale=2.49 p5=-0.26 p95=2.22 rnd_c=0.002 rnd_l=0.001 | r/step=0.0053 | 1.3 ips ETA 3h17\r\n"}
,{"stream_name":"stdout","time":11805.703624188,"data":"  [health] WARN RND_dominates: ratio=114.2\r\n"}
,{"stream_name":"stdout","time":11843.748832981,"data":"  iter 14950/30000 [49.8%] | WM wm=17.29 rec=9.58 kl=7.56 rew=0.137 con=0.004 | AC act=-0.004 crit=1.522 pg=-0.004 H=0.77 | img ret=0.59 val=0.60 scale=2.36 p5=-0.26 p95=2.11 rnd_c=0.002 rnd_l=0.001 | r/step=0.0124 | 1.3 ips ETA 3h16\r\n"}
,{"stream_name":"stdout","time":11882.038039183,"data":"  iter 15000/30000 [50.0%] | WM wm=18.21 rec=10.98 kl=7.12 rew=0.114 con=0.001 | AC act=0.004 crit=1.424 pg=0.004 H=0.91 | img ret=0.45 val=0.43 scale=2.40 p5=-0.25 p95=2.14 rnd_c=0.002 rnd_l=0.001 | r/step=0.0144 | 1.3 ips ETA 3h15\r\n"}
,{"stream_name":"stdout","time":11922.325681588,"data":"  \u003e\u003e\u003e EVAL @ iter 15000 : score=1.60  length=200  achievements=2.50 ↑  sample=2.80  (best=3.20 @5000)  crafter_score=1.35% [2605 train eps]\r\n"}
,{"stream_name":"stdout","time":11922.325708848,"data":"      unlocked (5/22): wake_up=100%  collect_sapling=90%  place_plant=40%  collect_wood=10%  eat_cow=10%\r\n"}
,{"stream_name":"stdout","time":11933.162069579,"data":"  Checkpoint saved : dreamer_crafter_jax_v37-tpu-75m-rnd003_iter015000.npz\r\n"}
,{"stream_name":"stdout","time":11971.504616497,"data":"  iter 15050/30000 [50.2%] | WM wm=15.03 rec=8.52 kl=6.38 rew=0.133 con=0.002 | AC act=-0.001 crit=1.584 pg=-0.001 H=0.84 | img ret=0.55 val=0.55 scale=2.57 p5=-0.26 p95=2.30 rnd_c=0.002 rnd_l=0.001 | r/step=0.0121 | 1.3 ips ETA 3h16\r\n"}
,{"stream_name":"stdout","time":12009.537564789,"data":"  iter 15100/30000 [50.3%] | WM wm=15.92 rec=9.12 kl=6.70 rew=0.095 con=0.001 | AC act=-0.001 crit=1.518 pg=-0.001 H=0.69 | img ret=0.59 val=0.58 scale=2.49 p5=-0.25 p95=2.24 rnd_c=0.002 rnd_l=0.001 | r/step=0.0118 | 1.3 ips ETA 3h15\r\n"}
,{"stream_name":"stdout","time":12047.538102222,"data":"  iter 15150/30000 [50.5%] | WM wm=17.33 rec=10.65 kl=6.53 rew=0.151 con=0.003 | AC act=-0.000 crit=1.558 pg=0.000 H=0.78 | img ret=0.73 val=0.71 scale=2.52 p5=-0.27 p95=2.27 rnd_c=0.002 rnd_l=0.001 | r/step=0.0208 | 1.3 ips ETA 3h14\r\n"}
,{"stream_name":"stdout","time":12085.701035433,"data":"  iter 15200/30000 [50.7%] | WM wm=15.56 rec=8.84 kl=6.58 rew=0.123 con=0.009 | AC act=0.000 crit=1.419 pg=0.000 H=0.93 | img ret=0.30 val=0.29 scale=2.48 p5=-0.28 p95=2.20 rnd_c=0.002 rnd_l=0.001 | r/step=0.0075 | 1.3 ips ETA 3h14\r\n"}
,{"stream_name":"stdout","time":12085.701159263,"data":"  [health] WARN RND_dominates: ratio=117.4\r\n"}
,{"stream_name":"stdout","time":12124.012901294,"data":"  iter 15250/30000 [50.8%] | WM wm=19.09 rec=11.75 kl=7.18 rew=0.151 con=0.002 | AC act=-0.003 crit=1.495 pg=-0.002 H=0.78 | img ret=0.54 val=0.54 scale=2.50 p5=-0.28 p95=2.21 rnd_c=0.002 rnd_l=0.001 | r/step=0.0121 | 1.3 ips ETA 3h13\r\n"}
,{"stream_name":"stdout","time":12161.900871294,"data":"  iter 15300/30000 [51.0%] | WM wm=19.31 rec=11.44 kl=7.71 rew=0.155 con=0.008 | AC act=-0.003 crit=1.538 pg=-0.003 H=0.81 | img ret=0.72 val=0.71 scale=2.40 p5=-0.28 p95=2.12 rnd_c=0.002 rnd_l=0.001 | r/step=0.0033 | 1.3 ips ETA 3h12\r\n"}
,{"stream_name":"stdout","time":12161.900913665,"data":"  [health] WARN RND_dominates: ratio=153.7\r\n"}
,{"stream_name":"stdout","time":12200.395635314,"data":"  iter 15350/30000 [51.2%] | WM wm=16.30 rec=9.92 kl=6.23 rew=0.138 con=0.013 | AC act=-0.003 crit=1.513 pg=-0.003 H=0.98 | img ret=0.42 val=0.41 scale=2.36 p5=-0.26 p95=2.11 rnd_c=0.002 rnd_l=0.001 | r/step=0.0139 | 1.3 ips ETA 3h12\r\n"}
,{"stream_name":"stdout","time":12200.395670594,"data":"  [health] WARN RND_dominates: ratio=111.0\r\n"}
,{"stream_name":"stdout","time":12238.119211775,"data":"  iter 15400/30000 [51.3%] | WM wm=15.56 rec=8.85 kl=6.55 rew=0.150 con=0.005 | AC act=-0.003 crit=1.373 pg=-0.003 H=0.72 | img ret=0.60 val=0.61 scale=2.35 p5=-0.26 p95=2.09 rnd_c=0.002 rnd_l=0.001 | r/step=0.0105 | 1.3 ips ETA 3h11\r\n"}
,{"stream_name":"stdout","time":12276.620945261,"data":"  iter 15450/30000 [51.5%] | WM wm=12.99 rec=7.12 kl=5.78 rew=0.084 con=0.006 | AC act=-0.007 crit=1.561 pg=-0.007 H=0.67 | img ret=0.45 val=0.47 scale=2.37 p5=-0.26 p95=2.11 rnd_c=0.002 rnd_l=0.001 | r/step=0.0076 | 1.3 ips ETA 3h10\r\n"}
,{"stream_name":"stdout","time":12276.620986081,"data":"  [health] WARN RND_dominates: ratio=104.5\r\n"}
,{"stream_name":"stdout","time":12314.614092149,"data":"  iter 15500/30000 [51.7%] | WM wm=18.63 rec=11.26 kl=7.19 rew=0.167 con=0.009 | AC act=-0.001 crit=1.411 pg=-0.000 H=0.93 | img ret=0.41 val=0.40 scale=2.35 p5=-0.27 p95=2.08 rnd_c=0.002 rnd_l=0.001 | r/step=0.0067 | 1.3 ips ETA 3h10\r\n"}
,{"stream_name":"stdout","time":12352.674834401,"data":"  iter 15550/30000 [51.8%] | WM wm=16.78 rec=10.17 kl=6.45 rew=0.154 con=0.006 | AC act=0.000 crit=1.363 pg=0.000 H=0.90 | img ret=0.26 val=0.27 scale=2.35 p5=-0.26 p95=2.09 rnd_c=0.002 rnd_l=0.001 | r/step=0.0110 | 1.3 ips ETA 3h09\r\n"}
,{"stream_name":"stdout","time":12352.674878481,"data":"  [health] WARN RND_dominates: ratio=100.4\r\n"}
,{"stream_name":"stdout","time":12390.658911475,"data":"  iter 15600/30000 [52.0%] | WM wm=15.38 rec=8.56 kl=6.68 rew=0.138 con=0.005 | AC act=0.003 crit=1.513 pg=0.003 H=0.88 | img ret=0.46 val=0.45 scale=2.31 p5=-0.27 p95=2.04 rnd_c=0.002 rnd_l=0.001 | r/step=0.0089 | 1.3 ips ETA 3h08\r\n"}
,{"stream_name":"stdout","time":12428.890275747,"data":"  iter 15650/30000 [52.2%] | WM wm=20.47 rec=13.13 kl=7.18 rew=0.161 con=0.003 | AC act=0.002 crit=1.589 pg=0.003 H=0.83 | img ret=0.50 val=0.46 scale=2.35 p5=-0.29 p95=2.06 rnd_c=0.002 rnd_l=0.001 | r/step=0.0106 | 1.3 ips ETA 3h08\r\n"}
,{"stream_name":"stdout","time":12428.890324607,"data":"  [health] WARN RND_dominates: ratio=101.8\r\n"}
,{"stream_name":"stdout","time":12467.187825279,"data":"  iter 15700/30000 [52.3%] | WM wm=11.25 rec=6.56 kl=4.59 rew=0.105 con=0.000 | AC act=-0.002 crit=1.397 pg=-0.001 H=0.83 | img ret=0.14 val=0.14 scale=2.32 p5=-0.28 p95=2.03 rnd_c=0.002 rnd_l=0.001 | r/step=0.0105 | 1.3 ips ETA 3h07\r\n"}
,{"stream_name":"stdout","time":12505.367024606,"data":"  iter 15750/30000 [52.5%] | WM wm=16.40 rec=9.78 kl=6.49 rew=0.126 con=0.000 | AC act=-0.001 crit=1.531 pg=-0.001 H=0.73 | img ret=0.57 val=0.55 scale=2.38 p5=-0.28 p95=2.11 rnd_c=0.002 rnd_l=0.001 | r/step=0.0092 | 1.3 ips ETA 3h06\r\n"}
,{"stream_name":"stdout","time":12505.367072216,"data":"  [health] WARN RND_dominates: ratio=126.2\r\n"}
,{"stream_name":"stdout","time":12543.20739605,"data":"  iter 15800/30000 [52.7%] | WM wm=19.54 rec=12.36 kl=6.99 rew=0.189 con=0.004 | AC act=-0.001 crit=1.397 pg=-0.001 H=0.89 | img ret=0.45 val=0.45 scale=2.44 p5=-0.27 p95=2.17 rnd_c=0.002 rnd_l=0.001 | r/step=0.0051 | 1.3 ips ETA 3h06\r\n"}
,{"stream_name":"stdout","time":12543.20744534,"data":"  [health] WARN RND_dominates: ratio=124.3\r\n"}
,{"stream_name":"stdout","time":12581.7219123,"data":"  iter 15850/30000 [52.8%] | WM wm=18.84 rec=11.42 kl=7.28 rew=0.141 con=0.002 | AC act=-0.003 crit=1.423 pg=-0.003 H=0.63 | img ret=0.50 val=0.50 scale=2.29 p5=-0.27 p95=2.02 rnd_c=0.002 rnd_l=0.001 | r/step=0.0118 | 1.3 ips ETA 3h05\r\n"}
,{"stream_name":"stdout","time":12619.672622063,"data":"  iter 15900/30000 [53.0%] | WM wm=16.66 rec=9.82 kl=6.67 rew=0.157 con=0.013 | AC act=0.005 crit=1.449 pg=0.005 H=0.81 | img ret=0.65 val=0.63 scale=2.28 p5=-0.26 p95=2.02 rnd_c=0.002 rnd_l=0.001 | r/step=0.0040 | 1.3 ips ETA 3h04\r\n"}
,{"stream_name":"stdout","time":12619.672652833,"data":"  [health] WARN RND_dominates: ratio=158.6\r\n"}
,{"stream_name":"stdout","time":12657.697952586,"data":"  iter 15950/30000 [53.2%] | WM wm=19.86 rec=11.82 kl=7.93 rew=0.104 con=0.001 | AC act=-0.000 crit=1.508 pg=-0.000 H=0.79 | img ret=0.49 val=0.48 scale=2.40 p5=-0.25 p95=2.15 rnd_c=0.002 rnd_l=0.001 | r/step=0.0155 | 1.3 ips ETA 3h04\r\n"}
,{"stream_name":"stdout","time":12696.083189501,"data":"  iter 16000/30000 [53.3%] | WM wm=16.20 rec=9.18 kl=6.84 rew=0.169 con=0.005 | AC act=-0.007 crit=1.432 pg=-0.006 H=0.88 | img ret=0.37 val=0.38 scale=2.45 p5=-0.26 p95=2.19 rnd_c=0.002 rnd_l=0.001 | r/step=0.0050 | 1.3 ips ETA 3h03\r\n"}
,{"stream_name":"stdout","time":12696.083229441,"data":"  [health] WARN RND_dominates: ratio=141.2\r\n"}
,{"stream_name":"stdout","time":12734.059670101,"data":"  iter 16050/30000 [53.5%] | WM wm=16.34 rec=9.48 kl=6.72 rew=0.126 con=0.003 | AC act=0.003 crit=1.489 pg=0.004 H=0.81 | img ret=0.36 val=0.34 scale=2.40 p5=-0.26 p95=2.14 rnd_c=0.002 rnd_l=0.001 | r/step=0.0116 | 1.3 ips ETA 3h02\r\n"}
,{"stream_name":"stdout","time":12772.271236264,"data":"  iter 16100/30000 [53.7%] | WM wm=18.91 rec=11.69 kl=7.07 rew=0.148 con=0.009 | AC act=0.001 crit=1.489 pg=0.001 H=0.92 | img ret=0.32 val=0.30 scale=2.42 p5=-0.25 p95=2.17 rnd_c=0.002 rnd_l=0.001 | r/step=0.0099 | 1.3 ips ETA 3h02\r\n"}
,{"stream_name":"stdout","time":12772.271270604,"data":"  [health] WARN RND_dominates: ratio=104.0\r\n"}
,{"stream_name":"stdout","time":12809.920234562,"data":"  iter 16150/30000 [53.8%] | WM wm=15.91 rec=9.40 kl=6.34 rew=0.163 con=0.008 | AC act=0.001 crit=1.366 pg=0.001 H=0.81 | img ret=0.37 val=0.36 scale=2.42 p5=-0.24 p95=2.18 rnd_c=0.002 rnd_l=0.001 | r/step=0.0042 | 1.3 ips ETA 3h01\r\n"}
,{"stream_name":"stdout","time":12809.920282152,"data":"  [health] WARN RND_dominates: ratio=143.3\r\n"}
,{"stream_name":"stdout","time":12848.019899788,"data":"  iter 16200/30000 [54.0%] | WM wm=14.25 rec=7.84 kl=6.22 rew=0.180 con=0.009 | AC act=0.004 crit=1.602 pg=0.004 H=0.67 | img ret=0.62 val=0.57 scale=2.53 p5=-0.26 p95=2.28 rnd_c=0.002 rnd_l=0.001 | r/step=0.0086 | 1.3 ips ETA 3h00\r\n"}
,{"stream_name":"stdout","time":12848.019932688,"data":"  [health] WARN RND_dominates: ratio=132.9\r\n"}
,{"stream_name":"stdout","time":12886.24628666,"data":"  iter 16250/30000 [54.2%] | WM wm=18.17 rec=10.97 kl=7.07 rew=0.131 con=0.004 | AC act=0.001 crit=1.523 pg=0.002 H=0.89 | img ret=0.38 val=0.35 scale=2.51 p5=-0.26 p95=2.24 rnd_c=0.002 rnd_l=0.001 | r/step=0.0051 | 1.3 ips ETA 2h59\r\n"}
,{"stream_name":"stdout","time":12886.24634137,"data":"  [health] WARN RND_dominates: ratio=161.6\r\n"}
,{"stream_name":"stdout","time":12924.569625731,"data":"  iter 16300/30000 [54.3%] | WM wm=18.28 rec=10.45 kl=7.66 rew=0.164 con=0.007 | AC act=0.004 crit=1.523 pg=0.004 H=0.75 | img ret=0.39 val=0.38 scale=2.50 p5=-0.26 p95=2.23 rnd_c=0.002 rnd_l=0.001 | r/step=0.0147 | 1.3 ips ETA 2h59\r\n"}
,{"stream_name":"stdout","time":12962.58977272,"data":"  iter 16350/30000 [54.5%] | WM wm=16.66 rec=9.92 kl=6.53 rew=0.195 con=0.012 | AC act=-0.002 crit=1.426 pg=-0.002 H=0.81 | img ret=0.51 val=0.49 scale=2.58 p5=-0.26 p95=2.31 rnd_c=0.002 rnd_l=0.001 | r/step=0.0192 | 1.3 ips ETA 2h58\r\n"}
,{"stream_name":"stdout","time":13000.569334089,"data":"  iter 16400/30000 [54.7%] | WM wm=18.62 rec=11.30 kl=7.11 rew=0.195 con=0.015 | AC act=-0.001 crit=1.337 pg=-0.000 H=0.86 | img ret=0.53 val=0.51 scale=2.53 p5=-0.27 p95=2.26 rnd_c=0.002 rnd_l=0.001 | r/step=0.0076 | 1.3 ips ETA 2h57\r\n"}
,{"stream_name":"stdout","time":13000.5693703,"data":"  [health] WARN RND_dominates: ratio=114.8\r\n"}
,{"stream_name":"stdout","time":13038.834162889,"data":"  iter 16450/30000 [54.8%] | WM wm=15.57 rec=9.65 kl=5.81 rew=0.116 con=0.002 | AC act=-0.001 crit=1.501 pg=-0.001 H=0.76 | img ret=0.70 val=0.69 scale=2.47 p5=-0.26 p95=2.21 rnd_c=0.002 rnd_l=0.001 | r/step=0.0142 | 1.3 ips ETA 2h57\r\n"}
,{"stream_name":"stdout","time":13076.932466307,"data":"  iter 16500/30000 [55.0%] | WM wm=17.62 rec=10.87 kl=6.63 rew=0.117 con=0.003 | AC act=0.002 crit=1.491 pg=0.002 H=0.82 | img ret=0.49 val=0.47 scale=2.47 p5=-0.26 p95=2.22 rnd_c=0.002 rnd_l=0.001 | r/step=0.0109 | 1.3 ips ETA 2h56\r\n"}
,{"stream_name":"stdout","time":13115.267420703,"data":"  iter 16550/30000 [55.2%] | WM wm=20.23 rec=12.04 kl=8.04 rew=0.144 con=0.004 | AC act=0.001 crit=1.538 pg=0.001 H=0.77 | img ret=0.53 val=0.53 scale=2.36 p5=-0.26 p95=2.10 rnd_c=0.002 rnd_l=0.001 | r/step=0.0179 | 1.3 ips ETA 2h55\r\n"}
,{"stream_name":"stdout","time":13153.195193915,"data":"  iter 16600/30000 [55.3%] | WM wm=18.02 rec=10.48 kl=7.38 rew=0.150 con=0.013 | AC act=0.001 crit=1.529 pg=0.001 H=0.83 | img ret=0.65 val=0.60 scale=2.37 p5=-0.26 p95=2.11 rnd_c=0.002 rnd_l=0.001 | r/step=0.0069 | 1.3 ips ETA 2h55\r\n"}
,{"stream_name":"stdout","time":13153.195236735,"data":"  [health] WARN RND_dominates: ratio=121.4\r\n"}
,{"stream_name":"stdout","time":13191.305148154,"data":"  iter 16650/30000 [55.5%] | WM wm=18.39 rec=10.93 kl=7.30 rew=0.158 con=0.001 | AC act=-0.002 crit=1.483 pg=-0.002 H=0.86 | img ret=0.35 val=0.33 scale=2.42 p5=-0.28 p95=2.14 rnd_c=0.002 rnd_l=0.001 | r/step=0.0116 | 1.3 ips ETA 2h54\r\n"}
,{"stream_name":"stdout","time":13229.503082825,"data":"  iter 16700/30000 [55.7%] | WM wm=13.32 rec=8.08 kl=5.09 rew=0.134 con=0.005 | AC act=-0.002 crit=1.416 pg=-0.002 H=0.91 | img ret=0.35 val=0.35 scale=2.50 p5=-0.28 p95=2.22 rnd_c=0.002 rnd_l=0.001 | r/step=0.0133 | 1.3 ips ETA 2h53\r\n"}
,{"stream_name":"stdout","time":13267.403593119,"data":"  iter 16750/30000 [55.8%] | WM wm=14.27 rec=8.17 kl=5.94 rew=0.156 con=0.007 | AC act=0.001 crit=1.552 pg=0.001 H=0.87 | img ret=0.38 val=0.33 scale=2.61 p5=-0.29 p95=2.32 rnd_c=0.002 rnd_l=0.001 | r/step=0.0134 | 1.3 ips ETA 2h53\r\n"}
,{"stream_name":"stdout","time":13305.636073158,"data":"  iter 16800/30000 [56.0%] | WM wm=16.06 rec=9.80 kl=6.10 rew=0.160 con=0.005 | AC act=-0.000 crit=1.506 pg=-0.000 H=0.89 | img ret=0.35 val=0.33 scale=2.54 p5=-0.28 p95=2.26 rnd_c=0.002 rnd_l=0.001 | r/step=0.0122 | 1.3 ips ETA 2h52\r\n"}
,{"stream_name":"stdout","time":13305.636107658,"data":"  [health] WARN RND_dominates: ratio=109.1\r\n"}
,{"stream_name":"stdout","time":13343.428042568,"data":"  iter 16850/30000 [56.2%] | WM wm=18.31 rec=10.99 kl=7.18 rew=0.136 con=0.003 | AC act=-0.000 crit=1.415 pg=-0.000 H=0.86 | img ret=0.72 val=0.69 scale=2.61 p5=-0.30 p95=2.31 rnd_c=0.002 rnd_l=0.001 | r/step=0.0154 | 1.3 ips ETA 2h51\r\n"}
,{"stream_name":"stdout","time":13381.748070846,"data":"  iter 16900/30000 [56.3%] | WM wm=16.29 rec=9.47 kl=6.64 rew=0.170 con=0.004 | AC act=0.001 crit=1.408 pg=0.001 H=0.72 | img ret=0.55 val=0.53 scale=2.53 p5=-0.29 p95=2.24 rnd_c=0.002 rnd_l=0.001 | r/step=0.0094 | 1.3 ips ETA 2h51\r\n"}
,{"stream_name":"stdout","time":13420.036952198,"data":"  iter 16950/30000 [56.5%] | WM wm=18.07 rec=10.49 kl=7.42 rew=0.156 con=0.005 | AC act=-0.003 crit=1.562 pg=-0.003 H=0.78 | img ret=0.65 val=0.64 scale=2.51 p5=-0.29 p95=2.22 rnd_c=0.002 rnd_l=0.001 | r/step=0.0168 | 1.3 ips ETA 2h50\r\n"}
,{"stream_name":"stdout","time":13457.86542367,"data":"  iter 17000/30000 [56.7%] | WM wm=17.13 rec=10.39 kl=6.59 rew=0.145 con=0.005 | AC act=0.005 crit=1.473 pg=0.005 H=0.85 | img ret=0.63 val=0.60 scale=2.52 p5=-0.30 p95=2.22 rnd_c=0.002 rnd_l=0.001 | r/step=0.0178 | 1.3 ips ETA 2h49\r\n"}
,{"stream_name":"stdout","time":13496.32488547,"data":"  iter 17050/30000 [56.8%] | WM wm=15.80 rec=9.36 kl=6.36 rew=0.088 con=0.000 | AC act=-0.001 crit=1.490 pg=-0.000 H=0.89 | img ret=0.59 val=0.58 scale=2.56 p5=-0.28 p95=2.27 rnd_c=0.002 rnd_l=0.001 | r/step=0.0130 | 1.3 ips ETA 2h49\r\n"}
,{"stream_name":"stdout","time":13534.34959495,"data":"  iter 17100/30000 [57.0%] | WM wm=14.94 rec=8.75 kl=6.07 rew=0.130 con=0.002 | AC act=0.000 crit=1.531 pg=0.001 H=0.75 | img ret=0.57 val=0.53 scale=2.47 p5=-0.28 p95=2.19 rnd_c=0.002 rnd_l=0.001 | r/step=0.0101 | 1.3 ips ETA 2h48\r\n"}
,{"stream_name":"stdout","time":13572.620553679,"data":"  iter 17150/30000 [57.2%] | WM wm=15.83 rec=9.13 kl=6.57 rew=0.127 con=0.001 | AC act=-0.002 crit=1.527 pg=-0.001 H=0.89 | img ret=0.59 val=0.59 scale=2.52 p5=-0.28 p95=2.24 rnd_c=0.002 rnd_l=0.001 | r/step=0.0168 | 1.3 ips ETA 2h47\r\n"}
,{"stream_name":"stdout","time":13610.472361317,"data":"  iter 17200/30000 [57.3%] | WM wm=11.28 rec=6.08 kl=5.11 rew=0.084 con=0.004 | AC act=0.002 crit=1.322 pg=0.002 H=1.02 | img ret=0.28 val=0.27 scale=2.44 p5=-0.29 p95=2.15 rnd_c=0.002 rnd_l=0.001 | r/step=0.0084 | 1.3 ips ETA 2h47\r\n"}
,{"stream_name":"stdout","time":13610.472393666,"data":"  [health] WARN RND_dominates: ratio=106.1\r\n"}
,{"stream_name":"stdout","time":13648.996561859,"data":"  iter 17250/30000 [57.5%] | WM wm=14.91 rec=7.91 kl=6.89 rew=0.118 con=0.002 | AC act=-0.001 crit=1.452 pg=-0.001 H=0.86 | img ret=0.42 val=0.42 scale=2.39 p5=-0.29 p95=2.11 rnd_c=0.002 rnd_l=0.001 | r/step=0.0156 | 1.3 ips ETA 2h46\r\n"}
,{"stream_name":"stdout","time":13687.028964748,"data":"  iter 17300/30000 [57.7%] | WM wm=13.91 rec=7.33 kl=6.49 rew=0.082 con=0.000 | AC act=-0.000 crit=1.413 pg=0.000 H=0.83 | img ret=0.41 val=0.41 scale=2.35 p5=-0.28 p95=2.07 rnd_c=0.002 rnd_l=0.001 | r/step=0.0073 | 1.3 ips ETA 2h45\r\n"}
,{"stream_name":"stdout","time":13687.028993758,"data":"  [health] WARN RND_dominates: ratio=106.2\r\n"}
,{"stream_name":"stdout","time":13725.147547547,"data":"  iter 17350/30000 [57.8%] | WM wm=12.73 rec=7.20 kl=5.42 rew=0.112 con=0.002 | AC act=-0.004 crit=1.442 pg=-0.004 H=0.81 | img ret=0.19 val=0.20 scale=2.35 p5=-0.28 p95=2.06 rnd_c=0.002 rnd_l=0.001 | r/step=0.0173 | 1.3 ips ETA 2h45\r\n"}
,{"stream_name":"stdout","time":13763.017107655,"data":"  iter 17400/30000 [58.0%] | WM wm=20.17 rec=12.66 kl=7.33 rew=0.174 con=0.006 | AC act=-0.000 crit=1.505 pg=-0.000 H=0.98 | img ret=0.41 val=0.41 scale=2.43 p5=-0.29 p95=2.14 rnd_c=0.002 rnd_l=0.001 | r/step=0.0080 | 1.3 ips ETA 2h44\r\n"}
,{"stream_name":"stdout","time":13763.017141555,"data":"  [health] WARN RND_dominates: ratio=107.2\r\n"}
,{"stream_name":"stdout","time":13801.131696335,"data":"  iter 17450/30000 [58.2%] | WM wm=17.46 rec=10.08 kl=7.22 rew=0.161 con=0.005 | AC act=0.001 crit=1.489 pg=0.001 H=0.81 | img ret=0.80 val=0.78 scale=2.44 p5=-0.30 p95=2.14 rnd_c=0.002 rnd_l=0.001 | r/step=0.0141 | 1.3 ips ETA 2h43\r\n"}
,{"stream_name":"stdout","time":13839.119651781,"data":"  iter 17500/30000 [58.3%] | WM wm=19.42 rec=12.29 kl=6.98 rew=0.149 con=0.005 | AC act=0.001 crit=1.432 pg=0.001 H=0.94 | img ret=0.71 val=0.69 scale=2.58 p5=-0.30 p95=2.28 rnd_c=0.002 rnd_l=0.001 | r/step=0.0077 | 1.3 ips ETA 2h43\r\n"}
,{"stream_name":"stdout","time":13873.848767696,"data":"  \u003e\u003e\u003e EVAL @ iter 17500 : score=1.40  length=183  achievements=2.60 ↑  sample=2.60  (best=3.20 @5000)  crafter_score=1.36% [3032 train eps]\r\n"}
,{"stream_name":"stdout","time":13873.848803946,"data":"      unlocked (3/22): collect_sapling=100%  place_plant=80%  wake_up=80%\r\n"}
,{"stream_name":"stdout","time":13884.830344646,"data":"  Checkpoint saved : dreamer_crafter_jax_v37-tpu-75m-rnd003_iter017500.npz\r\n"}
,{"stream_name":"stdout","time":13923.427746592,"data":"  iter 17550/30000 [58.5%] | WM wm=15.52 rec=8.50 kl=6.83 rew=0.174 con=0.007 | AC act=0.001 crit=1.441 pg=0.002 H=0.97 | img ret=0.36 val=0.35 scale=2.53 p5=-0.29 p95=2.23 rnd_c=0.001 rnd_l=0.001 | r/step=0.0103 | 1.3 ips ETA 2h43\r\n"}
,{"stream_name":"stdout","time":13961.74821368,"data":"  iter 17600/30000 [58.7%] | WM wm=17.21 rec=9.71 kl=7.34 rew=0.148 con=0.007 | AC act=-0.001 crit=1.327 pg=-0.001 H=0.96 | img ret=0.45 val=0.46 scale=2.53 p5=-0.30 p95=2.23 rnd_c=0.001 rnd_l=0.001 | r/step=0.0097 | 1.3 ips ETA 2h42\r\n"}
,{"stream_name":"stdout","time":13961.74824955,"data":"  [health] WARN RND_dominates: ratio=108.5\r\n"}
,{"stream_name":"stdout","time":14000.05005148,"data":"  iter 17650/30000 [58.8%] | WM wm=13.68 rec=7.68 kl=5.85 rew=0.142 con=0.009 | AC act=-0.002 crit=1.406 pg=-0.001 H=0.81 | img ret=0.35 val=0.35 scale=2.61 p5=-0.28 p95=2.33 rnd_c=0.001 rnd_l=0.001 | r/step=0.0167 | 1.3 ips ETA 2h41\r\n"}
,{"stream_name":"stdout","time":14038.44822976,"data":"  iter 17700/30000 [59.0%] | WM wm=14.24 rec=8.36 kl=5.73 rew=0.143 con=0.006 | AC act=-0.005 crit=1.440 pg=-0.005 H=0.74 | img ret=0.36 val=0.38 scale=2.69 p5=-0.28 p95=2.41 rnd_c=0.001 rnd_l=0.001 | r/step=0.0083 | 1.3 ips ETA 2h41\r\n"}
,{"stream_name":"stdout","time":14038.44827399,"data":"  [health] WARN RND_dominates: ratio=106.2\r\n"}
,{"stream_name":"stdout","time":14076.57236427,"data":"  iter 17750/30000 [59.2%] | WM wm=16.75 rec=9.85 kl=6.76 rew=0.136 con=0.001 | AC act=-0.002 crit=1.503 pg=-0.001 H=0.88 | img ret=0.52 val=0.52 scale=2.72 p5=-0.30 p95=2.43 rnd_c=0.001 rnd_l=0.001 | r/step=0.0150 | 1.3 ips ETA 2h40\r\n"}
,{"stream_name":"stdout","time":14115.170144828,"data":"  iter 17800/30000 [59.3%] | WM wm=15.80 rec=9.01 kl=6.61 rew=0.167 con=0.009 | AC act=-0.003 crit=1.453 pg=-0.002 H=0.80 | img ret=0.53 val=0.54 scale=2.67 p5=-0.28 p95=2.39 rnd_c=0.001 rnd_l=0.001 | r/step=0.0071 | 1.3 ips ETA 2h39\r\n"}
,{"stream_name":"stdout","time":14115.170190098,"data":"  [health] WARN RND_dominates: ratio=116.8\r\n"}
,{"stream_name":"stdout","time":14153.453560171,"data":"  iter 17850/30000 [59.5%] | WM wm=14.26 rec=7.59 kl=6.56 rew=0.113 con=0.001 | AC act=-0.003 crit=1.440 pg=-0.003 H=0.87 | img ret=0.46 val=0.46 scale=2.70 p5=-0.30 p95=2.40 rnd_c=0.001 rnd_l=0.001 | r/step=0.0152 | 1.3 ips ETA 2h39\r\n"}
,{"stream_name":"stdout","time":14191.531947848,"data":"  iter 17900/30000 [59.7%] | WM wm=17.12 rec=10.03 kl=6.95 rew=0.145 con=0.002 | AC act=-0.005 crit=1.584 pg=-0.005 H=0.80 | img ret=0.42 val=0.41 scale=2.63 p5=-0.29 p95=2.34 rnd_c=0.001 rnd_l=0.001 | r/step=0.0037 | 1.3 ips ETA 2h38\r\n"}
,{"stream_name":"stdout","time":14191.531991808,"data":"  [health] WARN RND_dominates: ratio=184.9\r\n"}
,{"stream_name":"stdout","time":14230.087239736,"data":"  iter 17950/30000 [59.8%] | WM wm=17.98 rec=10.72 kl=7.11 rew=0.151 con=0.001 | AC act=-0.001 crit=1.538 pg=-0.001 H=0.70 | img ret=0.45 val=0.46 scale=2.62 p5=-0.29 p95=2.32 rnd_c=0.001 rnd_l=0.001 | r/step=0.0123 | 1.3 ips ETA 2h37\r\n"}
,{"stream_name":"stdout","time":14268.301677556,"data":"  iter 18000/30000 [60.0%] | WM wm=15.37 rec=8.54 kl=6.68 rew=0.138 con=0.005 | AC act=-0.001 crit=1.548 pg=-0.001 H=0.88 | img ret=0.47 val=0.46 scale=2.50 p5=-0.30 p95=2.20 rnd_c=0.001 rnd_l=0.001 | r/step=0.0024 | 1.3 ips ETA 2h37\r\n"}
,{"stream_name":"stdout","time":14268.301707176,"data":"  [health] WARN RND_dominates: ratio=195.9\r\n"}
,{"stream_name":"stdout","time":14306.985276832,"data":"  iter 18050/30000 [60.2%] | WM wm=15.97 rec=9.04 kl=6.80 rew=0.131 con=0.006 | AC act=0.004 crit=1.505 pg=0.004 H=0.78 | img ret=0.40 val=0.38 scale=2.50 p5=-0.31 p95=2.19 rnd_c=0.001 rnd_l=0.001 | r/step=0.0074 | 1.3 ips ETA 2h36\r\n"}
,{"stream_name":"stdout","time":14306.985341452,"data":"  [health] WARN RND_dominates: ratio=133.4\r\n"}
,{"stream_name":"stdout","time":14344.75042149,"data":"  iter 18100/30000 [60.3%] | WM wm=18.18 rec=10.89 kl=7.17 rew=0.114 con=0.006 | AC act=-0.002 crit=1.510 pg=-0.002 H=0.87 | img ret=0.86 val=0.83 scale=2.48 p5=-0.31 p95=2.18 rnd_c=0.001 rnd_l=0.001 | r/step=0.0117 | 1.3 ips ETA 2h35\r\n"}
,{"stream_name":"stdout","time":14383.256150006,"data":"  iter 18150/30000 [60.5%] | WM wm=13.60 rec=7.57 kl=5.92 rew=0.112 con=0.002 | AC act=0.004 crit=1.606 pg=0.005 H=0.77 | img ret=0.61 val=0.58 scale=2.47 p5=-0.29 p95=2.17 rnd_c=0.001 rnd_l=0.001 | r/step=0.0069 | 1.3 ips ETA 2h35\r\n"}
,{"stream_name":"stdout","time":14383.256186286,"data":"  [health] WARN RND_dominates: ratio=154.1\r\n"}
,{"stream_name":"stdout","time":14421.50931814,"data":"  iter 18200/30000 [60.7%] | WM wm=16.26 rec=9.68 kl=6.43 rew=0.133 con=0.011 | AC act=-0.004 crit=1.429 pg=-0.004 H=0.85 | img ret=0.70 val=0.71 scale=2.43 p5=-0.29 p95=2.14 rnd_c=0.001 rnd_l=0.001 | r/step=0.0125 | 1.3 ips ETA 2h34\r\n"}
,{"stream_name":"stdout","time":14459.727892138,"data":"  iter 18250/30000 [60.8%] | WM wm=14.33 rec=7.44 kl=6.74 rew=0.141 con=0.008 | AC act=-0.004 crit=1.376 pg=-0.004 H=0.83 | img ret=0.33 val=0.34 scale=2.40 p5=-0.28 p95=2.12 rnd_c=0.001 rnd_l=0.001 | r/step=0.0090 | 1.3 ips ETA 2h33\r\n"}
,{"stream_name":"stdout","time":14459.727927258,"data":"  [health] WARN RND_dominates: ratio=144.3\r\n"}
,{"stream_name":"stdout","time":14497.991496552,"data":"  iter 18300/30000 [61.0%] | WM wm=16.76 rec=10.07 kl=6.56 rew=0.128 con=0.002 | AC act=0.004 crit=1.530 pg=0.004 H=0.71 | img ret=0.81 val=0.76 scale=2.46 p5=-0.29 p95=2.18 rnd_c=0.001 rnd_l=0.001 | r/step=0.0113 | 1.3 ips ETA 2h33\r\n"}
,{"stream_name":"stdout","time":14536.02732674,"data":"  iter 18350/30000 [61.2%] | WM wm=14.08 rec=7.60 kl=6.34 rew=0.132 con=0.006 | AC act=0.003 crit=1.466 pg=0.003 H=0.84 | img ret=0.51 val=0.50 scale=2.47 p5=-0.29 p95=2.17 rnd_c=0.001 rnd_l=0.001 | r/step=0.0063 | 1.3 ips ETA 2h32\r\n"}
,{"stream_name":"stdout","time":14536.0273704,"data":"  [health] WARN RND_dominates: ratio=161.4\r\n"}
,{"stream_name":"stdout","time":14574.851391419,"data":"  iter 18400/30000 [61.3%] | WM wm=11.46 rec=5.87 kl=5.46 rew=0.124 con=0.005 | AC act=0.005 crit=1.497 pg=0.005 H=0.99 | img ret=0.22 val=0.20 scale=2.44 p5=-0.30 p95=2.13 rnd_c=0.001 rnd_l=0.001 | r/step=0.0153 | 1.3 ips ETA 2h31\r\n"}
,{"stream_name":"stdout","time":14612.961422418,"data":"  iter 18450/30000 [61.5%] | WM wm=17.26 rec=10.53 kl=6.60 rew=0.125 con=0.005 | AC act=0.000 crit=1.407 pg=0.000 H=0.97 | img ret=0.46 val=0.45 scale=2.52 p5=-0.31 p95=2.20 rnd_c=0.001 rnd_l=0.001 | r/step=0.0072 | 1.3 ips ETA 2h31\r\n"}
,{"stream_name":"stdout","time":14612.961454658,"data":"  [health] WARN RND_dominates: ratio=137.3\r\n"}
,{"stream_name":"stdout","time":14651.596389667,"data":"  iter 18500/30000 [61.7%] | WM wm=15.73 rec=9.74 kl=5.84 rew=0.149 con=0.004 | AC act=-0.008 crit=1.631 pg=-0.008 H=0.90 | img ret=0.32 val=0.33 scale=2.47 p5=-0.30 p95=2.16 rnd_c=0.001 rnd_l=0.001 | r/step=0.0099 | 1.3 ips ETA 2h30\r\n"}
,{"stream_name":"stdout","time":14651.596415877,"data":"  [health] WARN RND_dominates: ratio=114.2\r\n"}
,{"stream_name":"stdout","time":14689.382847952,"data":"  iter 18550/30000 [61.8%] | WM wm=18.00 rec=11.20 kl=6.65 rew=0.134 con=0.007 | AC act=0.003 crit=1.668 pg=0.004 H=0.81 | img ret=0.46 val=0.45 scale=2.58 p5=-0.30 p95=2.27 rnd_c=0.001 rnd_l=0.001 | r/step=0.0036 | 1.3 ips ETA 2h29\r\n"}
,{"stream_name":"stdout","time":14689.382878561,"data":"  [health] WARN RND_dominates: ratio=147.3\r\n"}
,{"stream_name":"stdout","time":14727.963540159,"data":"  iter 18600/30000 [62.0%] | WM wm=17.21 rec=9.93 kl=7.09 rew=0.176 con=0.013 | AC act=0.005 crit=1.481 pg=0.005 H=1.00 | img ret=0.32 val=0.28 scale=2.60 p5=-0.29 p95=2.31 rnd_c=0.001 rnd_l=0.001 | r/step=0.0116 | 1.3 ips ETA 2h29\r\n"}
,{"stream_name":"stdout","time":14727.963602839,"data":"  [health] WARN RND_dominates: ratio=133.1\r\n"}
,{"stream_name":"stdout","time":14766.246371767,"data":"  iter 18650/30000 [62.2%] | WM wm=18.30 rec=11.12 kl=7.02 rew=0.143 con=0.004 | AC act=-0.004 crit=1.392 pg=-0.003 H=0.89 | img ret=0.46 val=0.46 scale=2.51 p5=-0.30 p95=2.20 rnd_c=0.001 rnd_l=0.001 | r/step=0.0052 | 1.3 ips ETA 2h28\r\n"}
,{"stream_name":"stdout","time":14766.246408178,"data":"  [health] WARN RND_dominates: ratio=150.0\r\n"}
,{"stream_name":"stdout","time":14766.246414067,"data":"  [health] WARN FATAL: RND_dominates persistent (consec=5)\r\n"}
,{"stream_name":"stdout","time":14804.706587577,"data":"  iter 18700/30000 [62.3%] | WM wm=13.54 rec=7.14 kl=6.28 rew=0.112 con=0.005 | AC act=-0.002 crit=1.459 pg=-0.002 H=0.76 | img ret=0.56 val=0.57 scale=2.42 p5=-0.29 p95=2.13 rnd_c=0.001 rnd_l=0.001 | r/step=0.0180 | 1.3 ips ETA 2h27\r\n"}
,{"stream_name":"stdout","time":14843.006506735,"data":"  iter 18750/30000 [62.5%] | WM wm=13.70 rec=7.94 kl=5.61 rew=0.143 con=0.007 | AC act=-0.010 crit=1.502 pg=-0.010 H=1.17 | img ret=0.19 val=0.22 scale=2.36 p5=-0.30 p95=2.06 rnd_c=0.001 rnd_l=0.001 | r/step=0.0071 | 1.3 ips ETA 2h27\r\n"}
,{"stream_name":"stdout","time":14843.006540255,"data":"  [health] WARN RND_dominates: ratio=109.2\r\n"}
,{"stream_name":"stdout","time":14881.553679416,"data":"  iter 18800/30000 [62.7%] | WM wm=16.45 rec=9.29 kl=7.05 rew=0.110 con=0.002 | AC act=-0.003 crit=1.409 pg=-0.003 H=0.98 | img ret=0.32 val=0.32 scale=2.39 p5=-0.32 p95=2.06 rnd_c=0.001 rnd_l=0.001 | r/step=0.0135 | 1.3 ips ETA 2h26\r\n"}
,{"stream_name":"stdout","time":14919.922479126,"data":"  iter 18850/30000 [62.8%] | WM wm=13.31 rec=7.39 kl=5.81 rew=0.109 con=0.002 | AC act=-0.002 crit=1.489 pg=-0.001 H=0.79 | img ret=0.38 val=0.38 scale=2.36 p5=-0.32 p95=2.03 rnd_c=0.001 rnd_l=0.001 | r/step=0.0081 | 1.3 ips ETA 2h25\r\n"}
,{"stream_name":"stdout","time":14958.336398819,"data":"  iter 18900/30000 [63.0%] | WM wm=19.05 rec=11.11 kl=7.78 rew=0.158 con=0.006 | AC act=0.011 crit=1.561 pg=0.011 H=0.83 | img ret=0.65 val=0.57 scale=2.35 p5=-0.30 p95=2.06 rnd_c=0.001 rnd_l=0.001 | r/step=0.0111 | 1.3 ips ETA 2h25\r\n"}
,{"stream_name":"stdout","time":14996.324628012,"data":"  iter 18950/30000 [63.2%] | WM wm=11.30 rec=5.98 kl=5.19 rew=0.124 con=0.002 | AC act=-0.005 crit=1.536 pg=-0.005 H=0.79 | img ret=0.51 val=0.53 scale=2.37 p5=-0.29 p95=2.08 rnd_c=0.001 rnd_l=0.001 | r/step=0.0043 | 1.3 ips ETA 2h24\r\n"}
,{"stream_name":"stdout","time":14996.324659081,"data":"  [health] WARN RND_dominates: ratio=154.5\r\n"}
,{"stream_name":"stdout","time":15034.808484649,"data":"  iter 19000/30000 [63.3%] | WM wm=17.92 rec=10.85 kl=6.94 rew=0.124 con=0.010 | AC act=-0.005 crit=1.580 pg=-0.005 H=0.87 | img ret=0.48 val=0.47 scale=2.43 p5=-0.30 p95=2.14 rnd_c=0.001 rnd_l=0.001 | r/step=0.0104 | 1.3 ips ETA 2h23\r\n"}
,{"stream_name":"stdout","time":15073.33308254,"data":"  iter 19050/30000 [63.5%] | WM wm=16.66 rec=9.51 kl=6.99 rew=0.152 con=0.004 | AC act=-0.007 crit=1.413 pg=-0.006 H=1.00 | img ret=0.16 val=0.17 scale=2.31 p5=-0.29 p95=2.01 rnd_c=0.001 rnd_l=0.000 | r/step=0.0117 | 1.3 ips ETA 2h23\r\n"}
,{"stream_name":"stdout","time":15111.606934019,"data":"  iter 19100/30000 [63.7%] | WM wm=14.40 rec=7.82 kl=6.43 rew=0.149 con=0.004 | AC act=0.001 crit=1.452 pg=0.001 H=0.85 | img ret=0.33 val=0.33 scale=2.34 p5=-0.28 p95=2.06 rnd_c=0.001 rnd_l=0.001 | r/step=0.0122 | 1.3 ips ETA 2h22\r\n"}
,{"stream_name":"stdout","time":15149.597848276,"data":"  iter 19150/30000 [63.8%] | WM wm=17.83 rec=9.55 kl=8.14 rew=0.134 con=0.005 | AC act=-0.000 crit=1.477 pg=-0.000 H=0.79 | img ret=0.24 val=0.25 scale=2.36 p5=-0.29 p95=2.07 rnd_c=0.001 rnd_l=0.001 | r/step=0.0096 | 1.3 ips ETA 2h21\r\n"}
,{"stream_name":"stdout","time":15188.202093509,"data":"  iter 19200/30000 [64.0%] | WM wm=18.68 rec=11.20 kl=7.35 rew=0.121 con=0.007 | AC act=-0.002 crit=1.400 pg=-0.001 H=0.95 | img ret=0.40 val=0.40 scale=2.37 p5=-0.30 p95=2.06 rnd_c=0.001 rnd_l=0.001 | r/step=0.0163 | 1.3 ips ETA 2h21\r\n"}
,{"stream_name":"stdout","time":15226.226123626,"data":"  iter 19250/30000 [64.2%] | WM wm=17.87 rec=10.84 kl=6.87 rew=0.149 con=0.005 | AC act=0.000 crit=1.477 pg=0.000 H=0.83 | img ret=0.62 val=0.61 scale=2.36 p5=-0.31 p95=2.05 rnd_c=0.001 rnd_l=0.001 | r/step=0.0095 | 1.3 ips ETA 2h20\r\n"}
,{"stream_name":"stdout","time":15264.827203044,"data":"  iter 19300/30000 [64.3%] | WM wm=14.34 rec=7.76 kl=6.43 rew=0.154 con=0.006 | AC act=0.005 crit=1.582 pg=0.005 H=0.93 | img ret=0.58 val=0.55 scale=2.37 p5=-0.31 p95=2.07 rnd_c=0.001 rnd_l=0.000 | r/step=0.0094 | 1.3 ips ETA 2h19\r\n"}
,{"stream_name":"stdout","time":15264.827238115,"data":"  [health] WARN RND_dominates: ratio=139.2\r\n"}
,{"stream_name":"stdout","time":15303.151865651,"data":"  iter 19350/30000 [64.5%] | WM wm=14.67 rec=8.29 kl=6.22 rew=0.143 con=0.005 | AC act=-0.003 crit=1.357 pg=-0.002 H=1.05 | img ret=0.32 val=0.33 scale=2.36 p5=-0.31 p95=2.04 rnd_c=0.001 rnd_l=0.001 | r/step=0.0075 | 1.3 ips ETA 2h19\r\n"}
,{"stream_name":"stdout","time":15303.151899421,"data":"  [health] WARN RND_dominates: ratio=112.2\r\n"}
,{"stream_name":"stdout","time":15341.746780454,"data":"  iter 19400/30000 [64.7%] | WM wm=17.77 rec=10.73 kl=6.90 rew=0.131 con=0.004 | AC act=-0.001 crit=1.383 pg=-0.001 H=0.94 | img ret=0.40 val=0.40 scale=2.36 p5=-0.31 p95=2.04 rnd_c=0.001 rnd_l=0.001 | r/step=0.0170 | 1.3 ips ETA 2h18\r\n"}
,{"stream_name":"stdout","time":15380.110209568,"data":"  iter 19450/30000 [64.8%] | WM wm=14.98 rec=8.78 kl=6.07 rew=0.137 con=0.002 | AC act=0.003 crit=1.408 pg=0.004 H=0.96 | img ret=0.66 val=0.65 scale=2.43 p5=-0.32 p95=2.11 rnd_c=0.001 rnd_l=0.001 | r/step=0.0079 | 1.3 ips ETA 2h17\r\n"}
,{"stream_name":"stdout","time":15380.110248588,"data":"  [health] WARN RND_dominates: ratio=124.9\r\n"}
,{"stream_name":"stdout","time":15418.507294452,"data":"  iter 19500/30000 [65.0%] | WM wm=20.40 rec=13.01 kl=7.21 rew=0.173 con=0.008 | AC act=-0.002 crit=1.486 pg=-0.002 H=0.82 | img ret=0.56 val=0.56 scale=2.44 p5=-0.33 p95=2.12 rnd_c=0.001 rnd_l=0.001 | r/step=0.0126 | 1.3 ips ETA 2h17\r\n"}
,{"stream_name":"stdout","time":15456.78625633,"data":"  iter 19550/30000 [65.2%] | WM wm=13.66 rec=7.28 kl=6.21 rew=0.154 con=0.010 | AC act=-0.003 crit=1.523 pg=-0.003 H=0.83 | img ret=0.49 val=0.47 scale=2.38 p5=-0.31 p95=2.08 rnd_c=0.001 rnd_l=0.001 | r/step=0.0132 | 1.3 ips ETA 2h16\r\n"}
,{"stream_name":"stdout","time":15495.070826037,"data":"  iter 19600/30000 [65.3%] | WM wm=16.47 rec=9.25 kl=7.07 rew=0.135 con=0.011 | AC act=-0.002 crit=1.565 pg=-0.002 H=0.80 | img ret=0.62 val=0.62 scale=2.34 p5=-0.31 p95=2.03 rnd_c=0.001 rnd_l=0.001 | r/step=0.0096 | 1.3 ips ETA 2h15\r\n"}
,{"stream_name":"stdout","time":15495.070857277,"data":"  [health] WARN RND_dominates: ratio=102.4\r\n"}
,{"stream_name":"stdout","time":15533.222861791,"data":"  iter 19650/30000 [65.5%] | WM wm=13.18 rec=7.16 kl=5.90 rew=0.119 con=0.005 | AC act=-0.003 crit=1.518 pg=-0.002 H=0.65 | img ret=0.62 val=0.63 scale=2.45 p5=-0.30 p95=2.14 rnd_c=0.001 rnd_l=0.001 | r/step=0.0101 | 1.3 ips ETA 2h15\r\n"}
,{"stream_name":"stdout","time":15533.222910461,"data":"  [health] WARN RND_dominates: ratio=103.4\r\n"}
,{"stream_name":"stdout","time":15571.822574746,"data":"  iter 19700/30000 [65.7%] | WM wm=13.81 rec=7.56 kl=6.11 rew=0.128 con=0.005 | AC act=-0.003 crit=1.474 pg=-0.002 H=0.84 | img ret=0.30 val=0.30 scale=2.32 p5=-0.30 p95=2.01 rnd_c=0.001 rnd_l=0.001 | r/step=0.0068 | 1.3 ips ETA 2h14\r\n"}
,{"stream_name":"stdout","time":15571.822613876,"data":"  [health] WARN RND_dominates: ratio=142.6\r\n"}
,{"stream_name":"stdout","time":15609.930950582,"data":"  iter 19750/30000 [65.8%] | WM wm=16.68 rec=9.87 kl=6.66 rew=0.147 con=0.003 | AC act=0.001 crit=1.530 pg=0.001 H=0.81 | img ret=0.40 val=0.39 scale=2.40 p5=-0.32 p95=2.08 rnd_c=0.001 rnd_l=0.001 | r/step=0.0073 | 1.3 ips ETA 2h13\r\n"}
,{"stream_name":"stdout","time":15609.930999742,"data":"  [health] WARN RND_dominates: ratio=125.2\r\n"}
,{"stream_name":"stdout","time":15648.203532442,"data":"  iter 19800/30000 [66.0%] | WM wm=17.49 rec=10.38 kl=6.95 rew=0.159 con=0.004 | AC act=-0.004 crit=1.519 pg=-0.004 H=0.65 | img ret=0.22 val=0.23 scale=2.44 p5=-0.32 p95=2.12 rnd_c=0.001 rnd_l=0.001 | r/step=0.0091 | 1.3 ips ETA 2h13\r\n"}
,{"stream_name":"stdout","time":15648.203557852,"data":"  [health] WARN RND_dominates: ratio=121.2\r\n"}
,{"stream_name":"stdout","time":15648.203563832,"data":"  [health] WARN FATAL: RND_dominates persistent (consec=5)\r\n"}
,{"stream_name":"stdout","time":15686.464247072,"data":"  iter 19850/30000 [66.2%] | WM wm=14.41 rec=8.34 kl=5.89 rew=0.168 con=0.009 | AC act=0.001 crit=1.352 pg=0.001 H=1.00 | img ret=0.08 val=0.08 scale=2.65 p5=-0.32 p95=2.31 rnd_c=0.001 rnd_l=0.001 | r/step=0.0150 | 1.3 ips ETA 2h12\r\n"}
,{"stream_name":"stdout","time":15725.044412806,"data":"  iter 19900/30000 [66.3%] | WM wm=13.73 rec=7.68 kl=5.91 rew=0.133 con=0.005 | AC act=-0.005 crit=1.407 pg=-0.005 H=0.81 | img ret=0.46 val=0.47 scale=2.60 p5=-0.32 p95=2.28 rnd_c=0.001 rnd_l=0.001 | r/step=0.0112 | 1.3 ips ETA 2h11\r\n"}
,{"stream_name":"stdout","time":15763.083589681,"data":"  iter 19950/30000 [66.5%] | WM wm=17.46 rec=10.25 kl=7.08 rew=0.132 con=0.002 | AC act=-0.001 crit=1.408 pg=-0.001 H=0.80 | img ret=0.34 val=0.35 scale=2.51 p5=-0.33 p95=2.18 rnd_c=0.001 rnd_l=0.001 | r/step=0.0123 | 1.3 ips ETA 2h11\r\n"}
,{"stream_name":"stdout","time":15801.707360582,"data":"  iter 20000/30000 [66.7%] | WM wm=16.31 rec=9.65 kl=6.53 rew=0.123 con=0.004 | AC act=-0.003 crit=1.428 pg=-0.003 H=0.85 | img ret=0.52 val=0.52 scale=2.49 p5=-0.31 p95=2.17 rnd_c=0.001 rnd_l=0.001 | r/step=0.0179 | 1.3 ips ETA 2h10\r\n"}
,{"stream_name":"stdout","time":15842.373355072,"data":"  \u003e\u003e\u003e EVAL @ iter 20000 : score=2.40  length=199  achievements=3.30 ↑  sample=2.80  (best=3.30 @20000)  crafter_score=1.36% [3455 train eps]\r\n"}
,{"stream_name":"stdout","time":15842.373387942,"data":"      unlocked (6/22): collect_sapling=100%  wake_up=100%  place_plant=80%  collect_wood=30%  defeat_zombie=10%  eat_cow=10%\r\n"}
,{"stream_name":"stdout","time":15853.261403776,"data":"  Checkpoint saved : dreamer_crafter_jax_v37-tpu-75m-rnd003_iter020000.npz\r\n"}
,{"stream_name":"stdout","time":15891.464654424,"data":"  iter 20050/30000 [66.8%] | WM wm=16.69 rec=9.64 kl=6.89 rew=0.153 con=0.007 | AC act=-0.000 crit=1.429 pg=0.000 H=0.84 | img ret=0.09 val=0.09 scale=2.51 p5=-0.34 p95=2.16 rnd_c=0.001 rnd_l=0.001 | r/step=0.0076 | 1.3 ips ETA 2h10\r\n"}
,{"stream_name":"stdout","time":15929.780173339,"data":"  iter 20100/30000 [67.0%] | WM wm=15.21 rec=8.74 kl=6.35 rew=0.114 con=0.004 | AC act=0.001 crit=1.491 pg=0.001 H=0.79 | img ret=0.57 val=0.54 scale=2.38 p5=-0.32 p95=2.07 rnd_c=0.001 rnd_l=0.001 | r/step=0.0138 | 1.3 ips ETA 2h09\r\n"}
,{"stream_name":"stdout","time":15968.013561034,"data":"  iter 20150/30000 [67.2%] | WM wm=17.91 rec=10.64 kl=7.13 rew=0.129 con=0.008 | AC act=0.002 crit=1.455 pg=0.002 H=0.89 | img ret=0.46 val=0.43 scale=2.52 p5=-0.32 p95=2.21 rnd_c=0.001 rnd_l=0.001 | r/step=0.0094 | 1.3 ips ETA 2h09\r\n"}
,{"stream_name":"stdout","time":15968.013595484,"data":"  [health] WARN RND_dominates: ratio=112.3\r\n"}
,{"stream_name":"stdout","time":16006.439077449,"data":"  iter 20200/30000 [67.3%] | WM wm=13.14 rec=7.10 kl=5.90 rew=0.138 con=0.008 | AC act=-0.006 crit=1.434 pg=-0.006 H=0.72 | img ret=0.44 val=0.46 scale=2.40 p5=-0.31 p95=2.09 rnd_c=0.001 rnd_l=0.001 | r/step=0.0065 | 1.3 ips ETA 2h08\r\n"}
,{"stream_name":"stdout","time":16006.439124849,"data":"  [health] WARN RND_dominates: ratio=148.6\r\n"}
,{"stream_name":"stdout","time":16044.916514506,"data":"  iter 20250/30000 [67.5%] | WM wm=15.30 rec=9.37 kl=5.78 rew=0.152 con=0.008 | AC act=0.002 crit=1.426 pg=0.002 H=0.99 | img ret=0.22 val=0.21 scale=2.33 p5=-0.31 p95=2.01 rnd_c=0.001 rnd_l=0.001 | r/step=0.0132 | 1.3 ips ETA 2h07\r\n"}
,{"stream_name":"stdout","time":16083.451571437,"data":"  iter 20300/30000 [67.7%] | WM wm=18.50 rec=11.85 kl=6.49 rew=0.159 con=0.004 | AC act=-0.003 crit=1.427 pg=-0.003 H=0.76 | img ret=0.60 val=0.58 scale=2.28 p5=-0.31 p95=1.97 rnd_c=0.001 rnd_l=0.001 | r/step=0.0068 | 1.3 ips ETA 2h07\r\n"}
,{"stream_name":"stdout","time":16083.451606217,"data":"  [health] WARN RND_dominates: ratio=123.4\r\n"}
,{"stream_name":"stdout","time":16121.457730736,"data":"  iter 20350/30000 [67.8%] | WM wm=16.37 rec=9.63 kl=6.60 rew=0.147 con=0.002 | AC act=0.000 crit=1.593 pg=0.001 H=0.91 | img ret=0.66 val=0.64 scale=2.26 p5=-0.32 p95=1.95 rnd_c=0.001 rnd_l=0.000 | r/step=0.0102 | 1.3 ips ETA 2h06\r\n"}
,{"stream_name":"stdout","time":16159.778399661,"data":"  iter 20400/30000 [68.0%] | WM wm=15.33 rec=8.26 kl=6.95 rew=0.123 con=0.001 | AC act=-0.005 crit=1.515 pg=-0.005 H=0.81 | img ret=0.29 val=0.30 scale=2.23 p5=-0.32 p95=1.91 rnd_c=0.001 rnd_l=0.001 | r/step=0.0075 | 1.3 ips ETA 2h05\r\n"}
,{"stream_name":"stdout","time":16159.778431141,"data":"  [health] WARN RND_dominates: ratio=115.4\r\n"}
,{"stream_name":"stdout","time":16198.115220641,"data":"  iter 20450/30000 [68.2%] | WM wm=11.27 rec=5.44 kl=5.70 rew=0.121 con=0.008 | AC act=-0.003 crit=1.521 pg=-0.003 H=0.76 | img ret=0.51 val=0.51 scale=2.21 p5=-0.32 p95=1.90 rnd_c=0.001 rnd_l=0.001 | r/step=0.0090 | 1.3 ips ETA 2h05\r\n"}
,{"stream_name":"stdout","time":16198.115265031,"data":"  [health] WARN RND_dominates: ratio=105.2\r\n"}
,{"stream_name":"stdout","time":16236.418106945,"data":"  iter 20500/30000 [68.3%] | WM wm=14.01 rec=8.02 kl=5.90 rew=0.084 con=0.001 | AC act=0.004 crit=1.482 pg=0.004 H=0.75 | img ret=0.61 val=0.58 scale=2.23 p5=-0.32 p95=1.92 rnd_c=0.001 rnd_l=0.001 | r/step=0.0094 | 1.3 ips ETA 2h04\r\n"}
,{"stream_name":"stdout","time":16236.418139675,"data":"  [health] WARN RND_dominates: ratio=101.4\r\n"}
,{"stream_name":"stdout","time":16274.762854223,"data":"  iter 20550/30000 [68.5%] | WM wm=15.53 rec=9.00 kl=6.39 rew=0.134 con=0.007 | AC act=0.001 crit=1.698 pg=0.001 H=0.63 | img ret=0.41 val=0.38 scale=2.28 p5=-0.32 p95=1.96 rnd_c=0.001 rnd_l=0.001 | r/step=0.0185 | 1.3 ips ETA 2h03\r\n"}
,{"stream_name":"stdout","time":16313.057782398,"data":"  iter 20600/30000 [68.7%] | WM wm=15.56 rec=9.35 kl=6.08 rew=0.132 con=0.004 | AC act=0.001 crit=1.484 pg=0.001 H=0.86 | img ret=0.41 val=0.40 scale=2.29 p5=-0.31 p95=1.98 rnd_c=0.001 rnd_l=0.001 | r/step=0.0131 | 1.3 ips ETA 2h03\r\n"}
,{"stream_name":"stdout","time":16351.264910189,"data":"  iter 20650/30000 [68.8%] | WM wm=14.22 rec=7.81 kl=6.25 rew=0.157 con=0.007 | AC act=0.001 crit=1.513 pg=0.002 H=0.75 | img ret=0.64 val=0.63 scale=2.25 p5=-0.31 p95=1.95 rnd_c=0.001 rnd_l=0.001 | r/step=0.0143 | 1.3 ips ETA 2h02\r\n"}
,{"stream_name":"stdout","time":16389.669704639,"data":"  iter 20700/30000 [69.0%] | WM wm=16.90 rec=9.74 kl=7.02 rew=0.143 con=0.001 | AC act=0.004 crit=1.529 pg=0.004 H=0.86 | img ret=0.34 val=0.31 scale=2.21 p5=-0.31 p95=1.90 rnd_c=0.001 rnd_l=0.001 | r/step=0.0114 | 1.3 ips ETA 2h01\r\n"}
,{"stream_name":"stdout","time":16389.669736429,"data":"  [health] WARN RND_dominates: ratio=108.0\r\n"}
,{"stream_name":"stdout","time":16427.624353032,"data":"  iter 20750/30000 [69.2%] | WM wm=12.65 rec=7.31 kl=5.19 rew=0.140 con=0.002 | AC act=0.002 crit=1.332 pg=0.002 H=1.01 | img ret=0.22 val=0.21 scale=2.22 p5=-0.31 p95=1.91 rnd_c=0.001 rnd_l=0.001 | r/step=0.0054 | 1.3 ips ETA 2h01\r\n"}
,{"stream_name":"stdout","time":16466.236946521,"data":"  iter 20800/30000 [69.3%] | WM wm=16.81 rec=9.98 kl=6.70 rew=0.126 con=0.005 | AC act=-0.004 crit=1.610 pg=-0.003 H=0.80 | img ret=0.60 val=0.57 scale=2.26 p5=-0.32 p95=1.95 rnd_c=0.001 rnd_l=0.001 | r/step=0.0152 | 1.3 ips ETA 2h00\r\n"}
,{"stream_name":"stdout","time":16504.616293332,"data":"  iter 20850/30000 [69.5%] | WM wm=17.96 rec=10.08 kl=7.74 rew=0.133 con=0.008 | AC act=0.000 crit=1.547 pg=0.001 H=0.90 | img ret=0.42 val=0.41 scale=2.28 p5=-0.32 p95=1.96 rnd_c=0.001 rnd_l=0.001 | r/step=0.0131 | 1.3 ips ETA 1h59\r\n"}
,{"stream_name":"stdout","time":16543.107044185,"data":"  iter 20900/30000 [69.7%] | WM wm=14.28 rec=8.35 kl=5.78 rew=0.146 con=0.002 | AC act=-0.003 crit=1.467 pg=-0.003 H=0.76 | img ret=0.39 val=0.39 scale=2.37 p5=-0.34 p95=2.03 rnd_c=0.001 rnd_l=0.001 | r/step=0.0047 | 1.3 ips ETA 1h59\r\n"}
,{"stream_name":"stdout","time":16581.359454879,"data":"  iter 20950/30000 [69.8%] | WM wm=15.75 rec=9.40 kl=6.24 rew=0.108 con=0.004 | AC act=0.001 crit=1.685 pg=0.001 H=0.73 | img ret=0.79 val=0.77 scale=2.29 p5=-0.34 p95=1.95 rnd_c=0.001 rnd_l=0.001 | r/step=0.0083 | 1.3 ips ETA 1h58\r\n"}
,{"stream_name":"stdout","time":16619.863572617,"data":"  iter 21000/30000 [70.0%] | WM wm=18.03 rec=10.28 kl=7.58 rew=0.169 con=0.005 | AC act=-0.001 crit=1.394 pg=-0.001 H=0.77 | img ret=0.49 val=0.48 scale=2.33 p5=-0.34 p95=1.99 rnd_c=0.001 rnd_l=0.001 | r/step=0.0145 | 1.3 ips ETA 1h57\r\n"}
,{"stream_name":"stdout","time":16658.329052492,"data":"  iter 21050/30000 [70.2%] | WM wm=14.99 rec=9.07 kl=5.85 rew=0.075 con=0.003 | AC act=-0.004 crit=1.431 pg=-0.004 H=0.72 | img ret=0.40 val=0.40 scale=2.34 p5=-0.33 p95=2.00 rnd_c=0.001 rnd_l=0.001 | r/step=0.0150 | 1.3 ips ETA 1h57\r\n"}
,{"stream_name":"stdout","time":16696.804624595,"data":"  iter 21100/30000 [70.3%] | WM wm=16.67 rec=9.20 kl=7.30 rew=0.153 con=0.006 | AC act=-0.001 crit=1.449 pg=-0.001 H=0.92 | img ret=0.21 val=0.21 scale=2.32 p5=-0.32 p95=1.99 rnd_c=0.001 rnd_l=0.000 | r/step=0.0160 | 1.3 ips ETA 1h56\r\n"}
,{"stream_name":"stdout","time":16734.854175445,"data":"  iter 21150/30000 [70.5%] | WM wm=15.39 rec=8.55 kl=6.73 rew=0.111 con=0.002 | AC act=0.007 crit=1.633 pg=0.007 H=0.77 | img ret=0.57 val=0.56 scale=2.38 p5=-0.31 p95=2.07 rnd_c=0.001 rnd_l=0.001 | r/step=0.0096 | 1.3 ips ETA 1h55\r\n"}
,{"stream_name":"stdout","time":16773.421808906,"data":"  iter 21200/30000 [70.7%] | WM wm=19.00 rec=10.87 kl=8.01 rew=0.123 con=0.001 | AC act=0.004 crit=1.533 pg=0.004 H=0.73 | img ret=0.43 val=0.41 scale=2.36 p5=-0.31 p95=2.05 rnd_c=0.001 rnd_l=0.000 | r/step=0.0126 | 1.3 ips ETA 1h55\r\n"}
,{"stream_name":"stdout","time":16811.666028628,"data":"  iter 21250/30000 [70.8%] | WM wm=16.02 rec=9.42 kl=6.45 rew=0.146 con=0.001 | AC act=0.001 crit=1.522 pg=0.001 H=0.77 | img ret=0.32 val=0.29 scale=2.32 p5=-0.33 p95=1.99 rnd_c=0.001 rnd_l=0.000 | r/step=0.0159 | 1.3 ips ETA 1h54\r\n"}
,{"stream_name":"stdout","time":16850.112452995,"data":"  iter 21300/30000 [71.0%] | WM wm=18.02 rec=11.22 kl=6.67 rew=0.127 con=0.004 | AC act=0.003 crit=1.619 pg=0.004 H=0.75 | img ret=0.26 val=0.26 scale=2.38 p5=-0.31 p95=2.06 rnd_c=0.001 rnd_l=0.001 | r/step=0.0125 | 1.3 ips ETA 1h53\r\n"}
,{"stream_name":"stdout","time":16888.140840197,"data":"  iter 21350/30000 [71.2%] | WM wm=15.35 rec=9.00 kl=6.22 rew=0.128 con=0.002 | AC act=-0.001 crit=1.504 pg=-0.001 H=0.72 | img ret=0.61 val=0.60 scale=2.28 p5=-0.32 p95=1.96 rnd_c=0.001 rnd_l=0.001 | r/step=0.0210 | 1.3 ips ETA 1h53\r\n"}
,{"stream_name":"stdout","time":16926.406656334,"data":"  iter 21400/30000 [71.3%] | WM wm=16.78 rec=9.49 kl=7.13 rew=0.150 con=0.010 | AC act=-0.001 crit=1.453 pg=-0.000 H=0.78 | img ret=0.40 val=0.39 scale=2.29 p5=-0.32 p95=1.96 rnd_c=0.001 rnd_l=0.001 | r/step=0.0145 | 1.3 ips ETA 1h52\r\n"}
,{"stream_name":"stdout","time":16964.739843641,"data":"  iter 21450/30000 [71.5%] | WM wm=15.73 rec=9.12 kl=6.47 rew=0.135 con=0.004 | AC act=0.000 crit=1.512 pg=0.001 H=0.75 | img ret=0.41 val=0.40 scale=2.36 p5=-0.32 p95=2.03 rnd_c=0.001 rnd_l=0.001 | r/step=0.0167 | 1.3 ips ETA 1h51\r\n"}
,{"stream_name":"stdout","time":17003.342651241,"data":"  iter 21500/30000 [71.7%] | WM wm=11.75 rec=6.02 kl=5.62 rew=0.109 con=0.003 | AC act=0.004 crit=1.431 pg=0.005 H=0.96 | img ret=0.18 val=0.17 scale=2.32 p5=-0.31 p95=2.00 rnd_c=0.001 rnd_l=0.001 | r/step=0.0146 | 1.3 ips ETA 1h51\r\n"}
,{"stream_name":"stdout","time":17041.315363741,"data":"  iter 21550/30000 [71.8%] | WM wm=14.15 rec=8.16 kl=5.83 rew=0.149 con=0.008 | AC act=-0.003 crit=1.439 pg=-0.003 H=0.88 | img ret=0.51 val=0.50 scale=2.40 p5=-0.31 p95=2.09 rnd_c=0.001 rnd_l=0.001 | r/step=0.0134 | 1.3 ips ETA 1h50\r\n"}
,{"stream_name":"stdout","time":17080.001350131,"data":"  iter 21600/30000 [72.0%] | WM wm=19.24 rec=11.16 kl=7.93 rew=0.135 con=0.009 | AC act=0.001 crit=1.508 pg=0.001 H=0.75 | img ret=0.55 val=0.55 scale=2.40 p5=-0.31 p95=2.09 rnd_c=0.001 rnd_l=0.000 | r/step=0.0127 | 1.3 ips ETA 1h49\r\n"}
,{"stream_name":"stdout","time":17117.851481474,"data":"  iter 21650/30000 [72.2%] | WM wm=15.61 rec=9.16 kl=6.33 rew=0.121 con=0.004 | AC act=-0.001 crit=1.502 pg=-0.001 H=0.81 | img ret=0.50 val=0.49 scale=2.36 p5=-0.32 p95=2.04 rnd_c=0.001 rnd_l=0.001 | r/step=0.0240 | 1.3 ips ETA 1h49\r\n"}
,{"stream_name":"stdout","time":17156.645068081,"data":"  iter 21700/30000 [72.3%] | WM wm=15.95 rec=8.74 kl=7.10 rew=0.113 con=0.003 | AC act=-0.002 crit=1.503 pg=-0.002 H=0.82 | img ret=0.53 val=0.52 scale=2.41 p5=-0.33 p95=2.08 rnd_c=0.001 rnd_l=0.001 | r/step=0.0092 | 1.3 ips ETA 1h48\r\n"}
,{"stream_name":"stdout","time":17194.666508515,"data":"  iter 21750/30000 [72.5%] | WM wm=14.67 rec=8.45 kl=6.09 rew=0.131 con=0.006 | AC act=0.000 crit=1.501 pg=0.001 H=0.85 | img ret=0.18 val=0.17 scale=2.45 p5=-0.32 p95=2.13 rnd_c=0.001 rnd_l=0.001 | r/step=0.0105 | 1.3 ips ETA 1h47\r\n"}
,{"stream_name":"stdout","time":17233.179252538,"data":"  iter 21800/30000 [72.7%] | WM wm=16.38 rec=9.22 kl=7.02 rew=0.135 con=0.003 | AC act=-0.004 crit=1.398 pg=-0.004 H=0.92 | img ret=0.33 val=0.33 scale=2.52 p5=-0.30 p95=2.22 rnd_c=0.001 rnd_l=0.001 | r/step=0.0082 | 1.3 ips ETA 1h47\r\n"}
,{"stream_name":"stdout","time":17233.179290458,"data":"  [health] WARN RND_dominates: ratio=104.4\r\n"}
,{"stream_name":"stdout","time":17271.375669909,"data":"  iter 21850/30000 [72.8%] | WM wm=16.50 rec=10.20 kl=6.20 rew=0.103 con=0.001 | AC act=-0.004 crit=1.410 pg=-0.003 H=0.87 | img ret=0.10 val=0.11 scale=2.59 p5=-0.32 p95=2.26 rnd_c=0.001 rnd_l=0.001 | r/step=0.0126 | 1.3 ips ETA 1h46\r\n"}
,{"stream_name":"stdout","time":17309.865285403,"data":"  iter 21900/30000 [73.0%] | WM wm=17.28 rec=9.55 kl=7.59 rew=0.132 con=0.005 | AC act=0.003 crit=1.463 pg=0.003 H=1.00 | img ret=0.31 val=0.29 scale=2.50 p5=-0.32 p95=2.18 rnd_c=0.001 rnd_l=0.001 | r/step=0.0197 | 1.3 ips ETA 1h45\r\n"}
,{"stream_name":"stdout","time":17348.036805543,"data":"  iter 21950/30000 [73.2%] | WM wm=15.92 rec=8.62 kl=7.15 rew=0.141 con=0.008 | AC act=-0.002 crit=1.479 pg=-0.002 H=0.72 | img ret=0.39 val=0.39 scale=2.51 p5=-0.33 p95=2.17 rnd_c=0.001 rnd_l=0.001 | r/step=0.0060 | 1.3 ips ETA 1h45\r\n"}
,{"stream_name":"stdout","time":17386.475172994,"data":"  iter 22000/30000 [73.3%] | WM wm=14.34 rec=7.96 kl=6.24 rew=0.136 con=0.006 | AC act=-0.001 crit=1.489 pg=-0.001 H=0.89 | img ret=0.33 val=0.32 scale=2.51 p5=-0.34 p95=2.17 rnd_c=0.001 rnd_l=0.001 | r/step=0.0150 | 1.3 ips ETA 1h44\r\n"}
,{"stream_name":"stdout","time":17424.79973229,"data":"  iter 22050/30000 [73.5%] | WM wm=16.57 rec=10.36 kl=6.07 rew=0.134 con=0.007 | AC act=0.001 crit=1.508 pg=0.001 H=0.88 | img ret=0.32 val=0.29 scale=2.51 p5=-0.34 p95=2.17 rnd_c=0.001 rnd_l=0.001 | r/step=0.0119 | 1.3 ips ETA 1h43\r\n"}
,{"stream_name":"stdout","time":17463.210742747,"data":"  iter 22100/30000 [73.7%] | WM wm=15.48 rec=8.69 kl=6.64 rew=0.141 con=0.005 | AC act=0.000 crit=1.458 pg=0.001 H=0.87 | img ret=0.34 val=0.33 scale=2.47 p5=-0.35 p95=2.12 rnd_c=0.001 rnd_l=0.001 | r/step=0.0132 | 1.3 ips ETA 1h43\r\n"}
,{"stream_name":"stdout","time":17501.556865869,"data":"  iter 22150/30000 [73.8%] | WM wm=14.53 rec=8.17 kl=6.19 rew=0.175 con=0.005 | AC act=-0.002 crit=1.442 pg=-0.002 H=0.82 | img ret=0.54 val=0.52 scale=2.52 p5=-0.35 p95=2.16 rnd_c=0.001 rnd_l=0.001 | r/step=0.0219 | 1.3 ips ETA 1h42\r\n"}
,{"stream_name":"stdout","time":17540.039649725,"data":"  iter 22200/30000 [74.0%] | WM wm=16.81 rec=10.31 kl=6.36 rew=0.127 con=0.011 | AC act=0.003 crit=1.611 pg=0.003 H=0.84 | img ret=0.74 val=0.70 scale=2.48 p5=-0.34 p95=2.15 rnd_c=0.001 rnd_l=0.001 | r/step=0.0092 | 1.3 ips ETA 1h41\r\n"}
,{"stream_name":"stdout","time":17578.0787827,"data":"  iter 22250/30000 [74.2%] | WM wm=14.29 rec=8.01 kl=6.17 rew=0.112 con=0.002 | AC act=-0.000 crit=1.462 pg=-0.000 H=0.92 | img ret=0.40 val=0.39 scale=2.49 p5=-0.33 p95=2.16 rnd_c=0.001 rnd_l=0.001 | r/step=0.0083 | 1.3 ips ETA 1h41\r\n"}
,{"stream_name":"stdout","time":17616.887761261,"data":"  iter 22300/30000 [74.3%] | WM wm=14.08 rec=7.68 kl=6.21 rew=0.172 con=0.011 | AC act=-0.001 crit=1.480 pg=-0.001 H=0.85 | img ret=0.55 val=0.51 scale=2.55 p5=-0.34 p95=2.22 rnd_c=0.001 rnd_l=0.001 | r/step=0.0101 | 1.3 ips ETA 1h40\r\n"}
,{"stream_name":"stdout","time":17655.109990058,"data":"  iter 22350/30000 [74.5%] | WM wm=15.74 rec=9.25 kl=6.36 rew=0.136 con=0.003 | AC act=-0.001 crit=1.436 pg=-0.000 H=1.03 | img ret=0.38 val=0.37 scale=2.62 p5=-0.33 p95=2.29 rnd_c=0.001 rnd_l=0.001 | r/step=0.0061 | 1.3 ips ETA 1h40\r\n"}
,{"stream_name":"stdout","time":17693.331277044,"data":"  iter 22400/30000 [74.7%] | WM wm=13.84 rec=7.86 kl=5.84 rew=0.134 con=0.004 | AC act=-0.004 crit=1.404 pg=-0.004 H=0.97 | img ret=0.50 val=0.50 scale=2.61 p5=-0.33 p95=2.28 rnd_c=0.001 rnd_l=0.001 | r/step=0.0125 | 1.3 ips ETA 1h39\r\n"}
,{"stream_name":"stdout","time":17731.641335687,"data":"  iter 22450/30000 [74.8%] | WM wm=15.71 rec=9.02 kl=6.53 rew=0.155 con=0.005 | AC act=0.000 crit=1.659 pg=0.000 H=0.83 | img ret=0.62 val=0.58 scale=2.63 p5=-0.34 p95=2.29 rnd_c=0.001 rnd_l=0.001 | r/step=0.0049 | 1.3 ips ETA 1h38\r\n"}
,{"stream_name":"stdout","time":17731.641373917,"data":"  [health] WARN RND_dominates: ratio=126.1\r\n"}
,{"stream_name":"stdout","time":17770.191467145,"data":"  iter 22500/30000 [75.0%] | WM wm=17.95 rec=11.15 kl=6.63 rew=0.170 con=0.001 | AC act=-0.005 crit=1.459 pg=-0.005 H=0.84 | img ret=0.62 val=0.62 scale=2.71 p5=-0.34 p95=2.38 rnd_c=0.001 rnd_l=0.001 | r/step=0.0165 | 1.3 ips ETA 1h38\r\n"}
,{"stream_name":"stdout","time":17806.697497042,"data":"  \u003e\u003e\u003e EVAL @ iter 22500 : score=2.20  length=182  achievements=3.10 ↓  sample=2.40  (best=3.30 @20000)  crafter_score=1.42% [3876 train eps]\r\n"}
,{"stream_name":"stdout","time":17806.697542673,"data":"      unlocked (5/22): collect_sapling=100%  wake_up=100%  place_plant=80%  collect_wood=20%  eat_cow=10%\r\n"}
,{"stream_name":"stdout","time":17817.679497064,"data":"  Checkpoint saved : dreamer_crafter_jax_v37-tpu-75m-rnd003_iter022500.npz\r\n"}
,{"stream_name":"stdout","time":17856.058957536,"data":"  iter 22550/30000 [75.2%] | WM wm=13.25 rec=7.23 kl=5.89 rew=0.126 con=0.001 | AC act=-0.001 crit=1.562 pg=-0.000 H=0.76 | img ret=0.52 val=0.51 scale=2.66 p5=-0.33 p95=2.34 rnd_c=0.001 rnd_l=0.001 | r/step=0.0091 | 1.3 ips ETA 1h37\r\n"}
,{"stream_name":"stdout","time":17894.407339827,"data":"  iter 22600/30000 [75.3%] | WM wm=14.74 rec=8.09 kl=6.49 rew=0.154 con=0.008 | AC act=0.002 crit=1.491 pg=0.002 H=0.97 | img ret=0.64 val=0.60 scale=2.75 p5=-0.34 p95=2.41 rnd_c=0.001 rnd_l=0.001 | r/step=0.0055 | 1.3 ips ETA 1h36\r\n"}
,{"stream_name":"stdout","time":17894.407382877,"data":"  [health] WARN RND_dominates: ratio=108.7\r\n"}
,{"stream_name":"stdout","time":17932.637401702,"data":"  iter 22650/30000 [75.5%] | WM wm=13.41 rec=7.75 kl=5.54 rew=0.109 con=0.006 | AC act=-0.008 crit=1.484 pg=-0.008 H=0.79 | img ret=0.59 val=0.61 scale=2.70 p5=-0.34 p95=2.36 rnd_c=0.001 rnd_l=0.001 | r/step=0.0144 | 1.3 ips ETA 1h36\r\n"}
,{"stream_name":"stdout","time":17970.719364825,"data":"  iter 22700/30000 [75.7%] | WM wm=17.20 rec=9.46 kl=7.58 rew=0.155 con=0.002 | AC act=-0.001 crit=1.413 pg=-0.000 H=0.87 | img ret=0.76 val=0.75 scale=2.72 p5=-0.34 p95=2.38 rnd_c=0.001 rnd_l=0.001 | r/step=0.0012 | 1.3 ips ETA 1h35\r\n"}
,{"stream_name":"stdout","time":17970.719396905,"data":"  [health] WARN RND_dominates: ratio=132.3\r\n"}
,{"stream_name":"stdout","time":18008.821184734,"data":"  iter 22750/30000 [75.8%] | WM wm=12.31 rec=6.39 kl=5.80 rew=0.107 con=0.006 | AC act=-0.000 crit=1.403 pg=0.000 H=0.94 | img ret=0.20 val=0.20 scale=2.67 p5=-0.34 p95=2.33 rnd_c=0.001 rnd_l=0.001 | r/step=0.0117 | 1.3 ips ETA 1h34\r\n"}
,{"stream_name":"stdout","time":18047.088180002,"data":"  iter 22800/30000 [76.0%] | WM wm=15.47 rec=8.86 kl=6.47 rew=0.137 con=0.006 | AC act=0.003 crit=1.536 pg=0.003 H=0.85 | img ret=0.57 val=0.53 scale=2.74 p5=-0.35 p95=2.40 rnd_c=0.001 rnd_l=0.001 | r/step=0.0121 | 1.3 ips ETA 1h34\r\n"}
,{"stream_name":"stdout","time":18085.357185513,"data":"  iter 22850/30000 [76.2%] | WM wm=11.87 rec=5.83 kl=5.93 rew=0.101 con=0.012 | AC act=0.006 crit=1.584 pg=0.006 H=0.72 | img ret=0.83 val=0.81 scale=2.66 p5=-0.34 p95=2.32 rnd_c=0.001 rnd_l=0.001 | r/step=0.0089 | 1.3 ips ETA 1h33\r\n"}
,{"stream_name":"stdout","time":18123.463574022,"data":"  iter 22900/30000 [76.3%] | WM wm=17.29 rec=10.39 kl=6.74 rew=0.155 con=0.008 | AC act=-0.000 crit=1.462 pg=0.000 H=0.90 | img ret=0.62 val=0.60 scale=2.79 p5=-0.33 p95=2.46 rnd_c=0.001 rnd_l=0.000 | r/step=0.0116 | 1.3 ips ETA 1h33\r\n"}
,{"stream_name":"stdout","time":18161.74289513,"data":"  iter 22950/30000 [76.5%] | WM wm=14.78 rec=8.50 kl=6.16 rew=0.125 con=0.002 | AC act=-0.000 crit=1.500 pg=-0.000 H=0.95 | img ret=0.71 val=0.69 scale=2.87 p5=-0.36 p95=2.52 rnd_c=0.001 rnd_l=0.001 | r/step=0.0155 | 1.3 ips ETA 1h32\r\n"}
,{"stream_name":"stdout","time":18199.944292537,"data":"  iter 23000/30000 [76.7%] | WM wm=12.20 rec=6.18 kl=5.92 rew=0.096 con=0.004 | AC act=0.007 crit=1.508 pg=0.008 H=1.01 | img ret=0.43 val=0.41 scale=2.80 p5=-0.35 p95=2.45 rnd_c=0.001 rnd_l=0.000 | r/step=0.0068 | 1.3 ips ETA 1h31\r\n"}
,{"stream_name":"stdout","time":18237.735231571,"data":"  iter 23050/30000 [76.8%] | WM wm=12.74 rec=6.70 kl=5.89 rew=0.148 con=0.005 | AC act=0.001 crit=1.447 pg=0.001 H=0.89 | img ret=0.50 val=0.49 scale=2.80 p5=-0.36 p95=2.44 rnd_c=0.001 rnd_l=0.000 | r/step=0.0093 | 1.3 ips ETA 1h31\r\n"}
,{"stream_name":"stdout","time":18237.735258501,"data":"  [health] WARN RND_dominates: ratio=111.6\r\n"}
,{"stream_name":"stdout","time":18275.864481431,"data":"  iter 23100/30000 [77.0%] | WM wm=10.24 rec=5.16 kl=4.98 rew=0.102 con=0.005 | AC act=-0.000 crit=1.454 pg=-0.000 H=0.88 | img ret=0.47 val=0.47 scale=2.74 p5=-0.36 p95=2.38 rnd_c=0.001 rnd_l=0.000 | r/step=0.0097 | 1.3 ips ETA 1h30\r\n"}
,{"stream_name":"stdout","time":18314.108947904,"data":"  iter 23150/30000 [77.2%] | WM wm=13.13 rec=7.58 kl=5.46 rew=0.097 con=0.001 | AC act=-0.006 crit=1.575 pg=-0.005 H=0.84 | img ret=0.63 val=0.60 scale=2.63 p5=-0.36 p95=2.27 rnd_c=0.001 rnd_l=0.001 | r/step=0.0090 | 1.3 ips ETA 1h29\r\n"}
,{"stream_name":"stdout","time":18352.271504875,"data":"  iter 23200/30000 [77.3%] | WM wm=18.14 rec=10.85 kl=7.16 rew=0.130 con=0.004 | AC act=-0.001 crit=1.398 pg=-0.001 H=0.91 | img ret=0.34 val=0.34 scale=2.60 p5=-0.34 p95=2.25 rnd_c=0.001 rnd_l=0.001 | r/step=0.0071 | 1.3 ips ETA 1h29\r\n"}
,{"stream_name":"stdout","time":18352.271542746,"data":"  [health] WARN RND_dominates: ratio=100.5\r\n"}
,{"stream_name":"stdout","time":18390.519464219,"data":"  iter 23250/30000 [77.5%] | WM wm=13.93 rec=7.39 kl=6.41 rew=0.118 con=0.005 | AC act=-0.000 crit=1.428 pg=0.000 H=0.86 | img ret=0.54 val=0.54 scale=2.61 p5=-0.35 p95=2.26 rnd_c=0.001 rnd_l=0.001 | r/step=0.0118 | 1.3 ips ETA 1h28\r\n"}
,{"stream_name":"stdout","time":18428.14714518,"data":"  iter 23300/30000 [77.7%] | WM wm=15.84 rec=9.24 kl=6.47 rew=0.118 con=0.006 | AC act=-0.003 crit=1.406 pg=-0.003 H=0.90 | img ret=0.46 val=0.47 scale=2.59 p5=-0.35 p95=2.24 rnd_c=0.001 rnd_l=0.000 | r/step=0.0051 | 1.3 ips ETA 1h27\r\n"}
,{"stream_name":"stdout","time":18466.57768542,"data":"  iter 23350/30000 [77.8%] | WM wm=15.02 rec=8.49 kl=6.38 rew=0.147 con=0.001 | AC act=0.003 crit=1.506 pg=0.003 H=0.94 | img ret=0.29 val=0.28 scale=2.61 p5=-0.35 p95=2.26 rnd_c=0.001 rnd_l=0.001 | r/step=0.0134 | 1.3 ips ETA 1h27\r\n"}
,{"stream_name":"stdout","time":18504.596696436,"data":"  iter 23400/30000 [78.0%] | WM wm=14.02 rec=8.19 kl=5.70 rew=0.129 con=0.004 | AC act=-0.005 crit=1.411 pg=-0.005 H=0.93 | img ret=0.35 val=0.37 scale=2.48 p5=-0.34 p95=2.13 rnd_c=0.001 rnd_l=0.001 | r/step=0.0110 | 1.3 ips ETA 1h26\r\n"}
,{"stream_name":"stdout","time":18542.749977287,"data":"  iter 23450/30000 [78.2%] | WM wm=14.92 rec=8.03 kl=6.73 rew=0.156 con=0.008 | AC act=-0.007 crit=1.335 pg=-0.007 H=1.06 | img ret=0.59 val=0.60 scale=2.46 p5=-0.35 p95=2.11 rnd_c=0.001 rnd_l=0.001 | r/step=0.0105 | 1.3 ips ETA 1h25\r\n"}
,{"stream_name":"stdout","time":18580.858657095,"data":"  iter 23500/30000 [78.3%] | WM wm=14.78 rec=8.59 kl=6.06 rew=0.126 con=0.004 | AC act=0.001 crit=1.363 pg=0.001 H=1.06 | img ret=0.36 val=0.35 scale=2.41 p5=-0.34 p95=2.07 rnd_c=0.001 rnd_l=0.000 | r/step=0.0116 | 1.3 ips ETA 1h25\r\n"}
,{"stream_name":"stdout","time":18619.033584083,"data":"  iter 23550/30000 [78.5%] | WM wm=15.30 rec=8.70 kl=6.45 rew=0.152 con=0.004 | AC act=-0.002 crit=1.400 pg=-0.002 H=0.80 | img ret=0.34 val=0.35 scale=2.37 p5=-0.33 p95=2.04 rnd_c=0.001 rnd_l=0.001 | r/step=0.0113 | 1.3 ips ETA 1h24\r\n"}
,{"stream_name":"stdout","time":18657.51069891,"data":"  iter 23600/30000 [78.7%] | WM wm=15.36 rec=9.53 kl=5.70 rew=0.128 con=0.001 | AC act=-0.001 crit=1.566 pg=-0.001 H=0.85 | img ret=0.56 val=0.54 scale=2.53 p5=-0.34 p95=2.19 rnd_c=0.001 rnd_l=0.001 | r/step=0.0140 | 1.3 ips ETA 1h23\r\n"}
,{"stream_name":"stdout","time":18695.523174608,"data":"  iter 23650/30000 [78.8%] | WM wm=15.89 rec=9.38 kl=6.36 rew=0.154 con=0.003 | AC act=-0.006 crit=1.519 pg=-0.006 H=0.94 | img ret=0.57 val=0.59 scale=2.50 p5=-0.35 p95=2.15 rnd_c=0.001 rnd_l=0.001 | r/step=0.0102 | 1.3 ips ETA 1h23\r\n"}
,{"stream_name":"stdout","time":18734.004095876,"data":"  iter 23700/30000 [79.0%] | WM wm=15.00 rec=7.98 kl=6.88 rew=0.126 con=0.008 | AC act=-0.002 crit=1.499 pg=-0.002 H=0.90 | img ret=0.40 val=0.40 scale=2.57 p5=-0.36 p95=2.21 rnd_c=0.001 rnd_l=0.001 | r/step=0.0185 | 1.3 ips ETA 1h22\r\n"}
,{"stream_name":"stdout","time":18771.719975346,"data":"  iter 23750/30000 [79.2%] | WM wm=15.83 rec=9.12 kl=6.59 rew=0.114 con=0.006 | AC act=-0.004 crit=1.492 pg=-0.004 H=0.88 | img ret=0.49 val=0.51 scale=2.60 p5=-0.35 p95=2.25 rnd_c=0.001 rnd_l=0.001 | r/step=0.0114 | 1.3 ips ETA 1h21\r\n"}
,{"stream_name":"stdout","time":18810.024268831,"data":"  iter 23800/30000 [79.3%] | WM wm=12.04 rec=6.52 kl=5.37 rew=0.131 con=0.009 | AC act=-0.005 crit=1.500 pg=-0.005 H=0.82 | img ret=0.27 val=0.28 scale=2.69 p5=-0.35 p95=2.33 rnd_c=0.001 rnd_l=0.001 | r/step=0.0113 | 1.3 ips ETA 1h21\r\n"}
,{"stream_name":"stdout","time":18810.024333031,"data":"  [health] WARN RND_dominates: ratio=104.2\r\n"}
,{"stream_name":"stdout","time":18848.051563068,"data":"  iter 23850/30000 [79.5%] | WM wm=14.37 rec=8.06 kl=6.22 rew=0.086 con=0.006 | AC act=0.004 crit=1.559 pg=0.004 H=0.88 | img ret=0.60 val=0.59 scale=2.71 p5=-0.34 p95=2.37 rnd_c=0.001 rnd_l=0.001 | r/step=0.0176 | 1.3 ips ETA 1h20\r\n"}
,{"stream_name":"stdout","time":18886.638675933,"data":"  iter 23900/30000 [79.7%] | WM wm=14.69 rec=9.06 kl=5.51 rew=0.121 con=0.001 | AC act=-0.001 crit=1.499 pg=-0.001 H=0.88 | img ret=0.58 val=0.57 scale=2.77 p5=-0.33 p95=2.43 rnd_c=0.001 rnd_l=0.001 | r/step=0.0163 | 1.3 ips ETA 1h19\r\n"}
,{"stream_name":"stdout","time":18924.458461723,"data":"  iter 23950/30000 [79.8%] | WM wm=15.58 rec=8.56 kl=6.85 rew=0.155 con=0.008 | AC act=0.003 crit=1.651 pg=0.004 H=0.90 | img ret=0.45 val=0.41 scale=2.75 p5=-0.33 p95=2.42 rnd_c=0.001 rnd_l=0.001 | r/step=0.0094 | 1.3 ips ETA 1h19\r\n"}
,{"stream_name":"stdout","time":18962.966506587,"data":"  iter 24000/30000 [80.0%] | WM wm=17.10 rec=10.13 kl=6.82 rew=0.141 con=0.006 | AC act=0.003 crit=1.521 pg=0.003 H=0.74 | img ret=0.98 val=0.96 scale=2.75 p5=-0.32 p95=2.43 rnd_c=0.001 rnd_l=0.001 | r/step=0.0167 | 1.3 ips ETA 1h18\r\n"}
,{"stream_name":"stdout","time":19001.292137189,"data":"  iter 24050/30000 [80.2%] | WM wm=15.94 rec=9.21 kl=6.60 rew=0.127 con=0.002 | AC act=0.006 crit=1.530 pg=0.006 H=0.76 | img ret=0.48 val=0.44 scale=2.74 p5=-0.35 p95=2.39 rnd_c=0.001 rnd_l=0.001 | r/step=0.0110 | 1.3 ips ETA 1h17\r\n"}
,{"stream_name":"stdout","time":19039.588783917,"data":"  iter 24100/30000 [80.3%] | WM wm=15.37 rec=9.36 kl=5.86 rew=0.132 con=0.011 | AC act=-0.003 crit=1.497 pg=-0.003 H=0.86 | img ret=0.40 val=0.37 scale=2.78 p5=-0.35 p95=2.43 rnd_c=0.001 rnd_l=0.001 | r/step=0.0091 | 1.3 ips ETA 1h17\r\n"}
,{"stream_name":"stdout","time":19077.54291979,"data":"  iter 24150/30000 [80.5%] | WM wm=15.16 rec=7.82 kl=7.20 rew=0.144 con=0.001 | AC act=-0.002 crit=1.432 pg=-0.001 H=0.78 | img ret=0.44 val=0.42 scale=2.67 p5=-0.35 p95=2.32 rnd_c=0.001 rnd_l=0.001 | r/step=0.0099 | 1.3 ips ETA 1h16\r\n"}
,{"stream_name":"stdout","time":19115.960050122,"data":"  iter 24200/30000 [80.7%] | WM wm=12.81 rec=7.37 kl=5.32 rew=0.122 con=0.002 | AC act=0.003 crit=1.442 pg=0.003 H=0.98 | img ret=0.20 val=0.20 scale=2.68 p5=-0.33 p95=2.35 rnd_c=0.001 rnd_l=0.001 | r/step=0.0139 | 1.3 ips ETA 1h15\r\n"}
,{"stream_name":"stdout","time":19154.222129613,"data":"  iter 24250/30000 [80.8%] | WM wm=13.51 rec=7.86 kl=5.54 rew=0.106 con=0.002 | AC act=-0.004 crit=1.419 pg=-0.004 H=0.89 | img ret=0.44 val=0.45 scale=2.64 p5=-0.34 p95=2.30 rnd_c=0.001 rnd_l=0.001 | r/step=0.0212 | 1.3 ips ETA 1h15\r\n"}
,{"stream_name":"stdout","time":19192.466368486,"data":"  iter 24300/30000 [81.0%] | WM wm=11.94 rec=6.44 kl=5.38 rew=0.114 con=0.004 | AC act=0.001 crit=1.414 pg=0.001 H=0.88 | img ret=0.25 val=0.24 scale=2.69 p5=-0.34 p95=2.34 rnd_c=0.001 rnd_l=0.001 | r/step=0.0156 | 1.3 ips ETA 1h14\r\n"}
,{"stream_name":"stdout","time":19230.313393343,"data":"  iter 24350/30000 [81.2%] | WM wm=10.64 rec=5.92 kl=4.62 rew=0.095 con=0.003 | AC act=0.000 crit=1.383 pg=0.000 H=1.00 | img ret=0.12 val=0.13 scale=2.53 p5=-0.35 p95=2.18 rnd_c=0.001 rnd_l=0.001 | r/step=0.0124 | 1.3 ips ETA 1h13\r\n"}
,{"stream_name":"stdout","time":19268.610616708,"data":"  iter 24400/30000 [81.3%] | WM wm=15.72 rec=9.23 kl=6.34 rew=0.151 con=0.004 | AC act=-0.002 crit=1.357 pg=-0.001 H=0.89 | img ret=0.68 val=0.68 scale=2.52 p5=-0.33 p95=2.20 rnd_c=0.001 rnd_l=0.001 | r/step=0.0161 | 1.3 ips ETA 1h13\r\n"}
,{"stream_name":"stdout","time":19306.98756657,"data":"  iter 24450/30000 [81.5%] | WM wm=17.65 rec=11.00 kl=6.52 rew=0.123 con=0.003 | AC act=-0.003 crit=1.548 pg=-0.003 H=0.83 | img ret=0.70 val=0.69 scale=2.52 p5=-0.33 p95=2.20 rnd_c=0.001 rnd_l=0.000 | r/step=0.0128 | 1.3 ips ETA 1h12\r\n"}
,{"stream_name":"stdout","time":19345.5121337,"data":"  iter 24500/30000 [81.7%] | WM wm=14.30 rec=8.24 kl=5.92 rew=0.139 con=0.006 | AC act=-0.001 crit=1.447 pg=-0.001 H=0.93 | img ret=0.33 val=0.34 scale=2.62 p5=-0.35 p95=2.27 rnd_c=0.001 rnd_l=0.000 | r/step=0.0130 | 1.3 ips ETA 1h11\r\n"}
,{"stream_name":"stdout","time":19383.462883834,"data":"  iter 24550/30000 [81.8%] | WM wm=15.15 rec=8.14 kl=6.87 rew=0.139 con=0.002 | AC act=-0.003 crit=1.478 pg=-0.003 H=0.81 | img ret=0.46 val=0.46 scale=2.72 p5=-0.36 p95=2.36 rnd_c=0.001 rnd_l=0.001 | r/step=0.0094 | 1.3 ips ETA 1h11\r\n"}
,{"stream_name":"stdout","time":19421.859562326,"data":"  iter 24600/30000 [82.0%] | WM wm=13.97 rec=7.80 kl=6.03 rew=0.139 con=0.008 | AC act=-0.003 crit=1.464 pg=-0.002 H=1.01 | img ret=0.47 val=0.46 scale=2.82 p5=-0.35 p95=2.47 rnd_c=0.001 rnd_l=0.000 | r/step=0.0188 | 1.3 ips ETA 1h10\r\n"}
,{"stream_name":"stdout","time":19459.879296193,"data":"  iter 24650/30000 [82.2%] | WM wm=16.62 rec=9.80 kl=6.69 rew=0.124 con=0.007 | AC act=-0.002 crit=1.547 pg=-0.002 H=0.92 | img ret=0.69 val=0.65 scale=2.90 p5=-0.35 p95=2.55 rnd_c=0.001 rnd_l=0.001 | r/step=0.0154 | 1.3 ips ETA 1h09\r\n"}
,{"stream_name":"stdout","time":19498.056858432,"data":"  iter 24700/30000 [82.3%] | WM wm=14.60 rec=8.22 kl=6.28 rew=0.106 con=0.001 | AC act=-0.006 crit=1.502 pg=-0.005 H=0.83 | img ret=0.28 val=0.30 scale=2.99 p5=-0.35 p95=2.63 rnd_c=0.001 rnd_l=0.001 | r/step=0.0156 | 1.3 ips ETA 1h09\r\n"}
,{"stream_name":"stdout","time":19536.211174911,"data":"  iter 24750/30000 [82.5%] | WM wm=11.26 rec=5.83 kl=5.31 rew=0.120 con=0.007 | AC act=-0.001 crit=1.453 pg=-0.001 H=0.87 | img ret=0.33 val=0.33 scale=2.94 p5=-0.36 p95=2.58 rnd_c=0.001 rnd_l=0.001 | r/step=0.0151 | 1.3 ips ETA 1h08\r\n"}
,{"stream_name":"stdout","time":19574.275070352,"data":"  iter 24800/30000 [82.7%] | WM wm=13.99 rec=7.82 kl=6.03 rew=0.135 con=0.004 | AC act=-0.002 crit=1.585 pg=-0.002 H=0.86 | img ret=0.54 val=0.53 scale=2.93 p5=-0.35 p95=2.59 rnd_c=0.001 rnd_l=0.001 | r/step=0.0073 | 1.3 ips ETA 1h07\r\n"}
,{"stream_name":"stdout","time":19612.371717409,"data":"  iter 24850/30000 [82.8%] | WM wm=14.10 rec=7.74 kl=6.21 rew=0.144 con=0.006 | AC act=-0.002 crit=1.399 pg=-0.002 H=0.91 | img ret=0.37 val=0.37 scale=3.02 p5=-0.35 p95=2.66 rnd_c=0.001 rnd_l=0.001 | r/step=0.0135 | 1.3 ips ETA 1h07\r\n"}
,{"stream_name":"stdout","time":19650.529812118,"data":"  iter 24900/30000 [83.0%] | WM wm=13.64 rec=7.83 kl=5.69 rew=0.118 con=0.006 | AC act=0.002 crit=1.671 pg=0.002 H=0.84 | img ret=0.53 val=0.50 scale=3.00 p5=-0.37 p95=2.64 rnd_c=0.001 rnd_l=0.000 | r/step=0.0059 | 1.3 ips ETA 1h06\r\n"}
,{"stream_name":"stdout","time":19650.529844258,"data":"  [health] WARN RND_dominates: ratio=125.4\r\n"}
,{"stream_name":"stdout","time":19688.6158987,"data":"  iter 24950/30000 [83.2%] | WM wm=13.50 rec=7.71 kl=5.63 rew=0.147 con=0.003 | AC act=-0.005 crit=1.424 pg=-0.004 H=0.73 | img ret=0.33 val=0.35 scale=2.92 p5=-0.36 p95=2.56 rnd_c=0.001 rnd_l=0.001 | r/step=0.0113 | 1.3 ips ETA 1h05\r\n"}
,{"stream_name":"stdout","time":19726.527961318,"data":"  iter 25000/30000 [83.3%] | WM wm=14.98 rec=8.00 kl=6.83 rew=0.144 con=0.008 | AC act=0.008 crit=1.596 pg=0.008 H=0.85 | img ret=0.49 val=0.45 scale=2.93 p5=-0.38 p95=2.56 rnd_c=0.001 rnd_l=0.001 | r/step=0.0048 | 1.3 ips ETA 1h05\r\n"}
,{"stream_name":"stdout","time":19726.527998048,"data":"  [health] WARN RND_dominates: ratio=120.0\r\n"}
,{"stream_name":"stdout","time":19768.272995858,"data":"  \u003e\u003e\u003e EVAL @ iter 25000 : score=2.10  length=215  achievements=3.00 ↓  sample=3.00  (best=3.30 @20000)  crafter_score=1.44% [4303 train eps]\r\n"}
,{"stream_name":"stdout","time":19768.273043338,"data":"      unlocked (6/22): collect_sapling=100%  wake_up=100%  collect_wood=40%  place_plant=40%  collect_drink=10%  eat_cow=10%\r\n"}
,{"stream_name":"stdout","time":19779.150276035,"data":"  Checkpoint saved : dreamer_crafter_jax_v37-tpu-75m-rnd003_iter025000.npz\r\n"}
,{"stream_name":"stdout","time":19817.453811269,"data":"  iter 25050/30000 [83.5%] | WM wm=13.84 rec=7.39 kl=6.27 rew=0.161 con=0.011 | AC act=-0.003 crit=1.510 pg=-0.003 H=0.75 | img ret=0.47 val=0.49 scale=2.99 p5=-0.38 p95=2.61 rnd_c=0.001 rnd_l=0.001 | r/step=0.0168 | 1.3 ips ETA 1h04\r\n"}
,{"stream_name":"stdout","time":19855.52322279,"data":"  iter 25100/30000 [83.7%] | WM wm=15.18 rec=8.15 kl=6.90 rew=0.125 con=0.006 | AC act=-0.001 crit=1.556 pg=-0.001 H=0.67 | img ret=0.54 val=0.53 scale=2.95 p5=-0.36 p95=2.59 rnd_c=0.001 rnd_l=0.001 | r/step=0.0098 | 1.3 ips ETA 1h04\r\n"}
,{"stream_name":"stdout","time":19893.601648168,"data":"  iter 25150/30000 [83.8%] | WM wm=13.61 rec=7.67 kl=5.78 rew=0.149 con=0.009 | AC act=0.000 crit=1.452 pg=0.000 H=0.85 | img ret=0.42 val=0.40 scale=2.82 p5=-0.36 p95=2.45 rnd_c=0.001 rnd_l=0.001 | r/step=0.0105 | 1.3 ips ETA 1h03\r\n"}
,{"stream_name":"stdout","time":19931.764214269,"data":"  iter 25200/30000 [84.0%] | WM wm=14.67 rec=8.37 kl=6.18 rew=0.120 con=0.000 | AC act=-0.001 crit=1.415 pg=-0.001 H=0.85 | img ret=0.37 val=0.37 scale=2.63 p5=-0.36 p95=2.27 rnd_c=0.001 rnd_l=0.001 | r/step=0.0105 | 1.3 ips ETA 1h02\r\n"}
,{"stream_name":"stdout","time":19970.269882358,"data":"  iter 25250/30000 [84.2%] | WM wm=15.47 rec=8.70 kl=6.55 rew=0.217 con=0.009 | AC act=-0.003 crit=1.432 pg=-0.003 H=1.05 | img ret=-0.05 val=-0.05 scale=2.72 p5=-0.38 p95=2.32 rnd_c=0.001 rnd_l=0.001 | r/step=0.0120 | 1.3 ips ETA 1h02\r\n"}
,{"stream_name":"stdout","time":20008.368757277,"data":"  iter 25300/30000 [84.3%] | WM wm=15.97 rec=9.14 kl=6.71 rew=0.109 con=0.000 | AC act=0.002 crit=1.410 pg=0.002 H=0.92 | img ret=0.29 val=0.28 scale=2.61 p5=-0.38 p95=2.23 rnd_c=0.001 rnd_l=0.001 | r/step=0.0089 | 1.3 ips ETA 1h01\r\n"}
,{"stream_name":"stdout","time":20046.426662318,"data":"  iter 25350/30000 [84.5%] | WM wm=13.62 rec=7.70 kl=5.81 rew=0.103 con=0.002 | AC act=0.006 crit=1.536 pg=0.007 H=0.65 | img ret=0.71 val=0.67 scale=2.57 p5=-0.35 p95=2.22 rnd_c=0.001 rnd_l=0.000 | r/step=0.0150 | 1.3 ips ETA 1h00\r\n"}
,{"stream_name":"stdout","time":20084.65957454,"data":"  iter 25400/30000 [84.7%] | WM wm=14.88 rec=8.60 kl=6.11 rew=0.166 con=0.005 | AC act=0.001 crit=1.471 pg=0.001 H=0.79 | img ret=0.58 val=0.57 scale=2.55 p5=-0.35 p95=2.20 rnd_c=0.001 rnd_l=0.001 | r/step=0.0094 | 1.3 ips ETA 1h00\r\n"}
,{"stream_name":"stdout","time":20122.829979261,"data":"  iter 25450/30000 [84.8%] | WM wm=15.48 rec=9.27 kl=6.09 rew=0.111 con=0.011 | AC act=0.002 crit=1.553 pg=0.002 H=0.93 | img ret=0.52 val=0.50 scale=2.58 p5=-0.34 p95=2.23 rnd_c=0.001 rnd_l=0.001 | r/step=0.0091 | 1.3 ips ETA 59m35\r\n"}
,{"stream_name":"stdout","time":20160.799833493,"data":"  iter 25500/30000 [85.0%] | WM wm=14.53 rec=8.07 kl=6.31 rew=0.150 con=0.007 | AC act=-0.005 crit=1.417 pg=-0.004 H=1.08 | img ret=0.39 val=0.39 scale=2.57 p5=-0.35 p95=2.22 rnd_c=0.001 rnd_l=0.001 | r/step=0.0070 | 1.3 ips ETA 58m55\r\n"}
,{"stream_name":"stdout","time":20198.779119992,"data":"  iter 25550/30000 [85.2%] | WM wm=12.59 rec=6.52 kl=5.96 rew=0.112 con=0.001 | AC act=0.001 crit=1.479 pg=0.001 H=0.86 | img ret=0.55 val=0.55 scale=2.53 p5=-0.35 p95=2.18 rnd_c=0.001 rnd_l=0.000 | r/step=0.0103 | 1.3 ips ETA 58m16\r\n"}
,{"stream_name":"stdout","time":20236.832981484,"data":"  iter 25600/30000 [85.3%] | WM wm=14.12 rec=7.91 kl=6.08 rew=0.118 con=0.000 | AC act=-0.002 crit=1.411 pg=-0.001 H=0.83 | img ret=0.41 val=0.40 scale=2.52 p5=-0.37 p95=2.14 rnd_c=0.001 rnd_l=0.000 | r/step=0.0139 | 1.3 ips ETA 57m36\r\n"}
,{"stream_name":"stdout","time":20275.19100933,"data":"  iter 25650/30000 [85.5%] | WM wm=10.61 rec=5.11 kl=5.40 rew=0.088 con=0.005 | AC act=-0.002 crit=1.441 pg=-0.002 H=0.83 | img ret=0.47 val=0.45 scale=2.67 p5=-0.38 p95=2.29 rnd_c=0.001 rnd_l=0.000 | r/step=0.0041 | 1.3 ips ETA 56m57\r\n"}
,{"stream_name":"stdout","time":20275.19104561,"data":"  [health] WARN RND_dominates: ratio=120.7\r\n"}
,{"stream_name":"stdout","time":20313.043534043,"data":"  iter 25700/30000 [85.7%] | WM wm=16.47 rec=9.75 kl=6.53 rew=0.170 con=0.007 | AC act=-0.005 crit=1.538 pg=-0.005 H=0.85 | img ret=0.43 val=0.42 scale=2.61 p5=-0.37 p95=2.25 rnd_c=0.001 rnd_l=0.001 | r/step=0.0085 | 1.3 ips ETA 56m17\r\n"}
,{"stream_name":"stdout","time":20351.323319409,"data":"  iter 25750/30000 [85.8%] | WM wm=13.64 rec=7.23 kl=6.32 rew=0.082 con=0.001 | AC act=0.001 crit=1.388 pg=0.002 H=1.05 | img ret=0.28 val=0.26 scale=2.57 p5=-0.37 p95=2.19 rnd_c=0.001 rnd_l=0.001 | r/step=0.0145 | 1.3 ips ETA 55m38\r\n"}
,{"stream_name":"stdout","time":20389.380490787,"data":"  iter 25800/30000 [86.0%] | WM wm=17.67 rec=10.05 kl=7.48 rew=0.143 con=0.001 | AC act=-0.003 crit=1.431 pg=-0.003 H=0.81 | img ret=0.40 val=0.40 scale=2.60 p5=-0.37 p95=2.23 rnd_c=0.001 rnd_l=0.001 | r/step=0.0079 | 1.3 ips ETA 54m59\r\n"}
,{"stream_name":"stdout","time":20427.429826804,"data":"  iter 25850/30000 [86.2%] | WM wm=12.86 rec=6.94 kl=5.83 rew=0.094 con=0.003 | AC act=-0.002 crit=1.574 pg=-0.001 H=0.81 | img ret=0.57 val=0.57 scale=2.51 p5=-0.36 p95=2.16 rnd_c=0.000 rnd_l=0.001 | r/step=0.0085 | 1.3 ips ETA 54m19\r\n"}
,{"stream_name":"stdout","time":20465.822555666,"data":"  iter 25900/30000 [86.3%] | WM wm=11.91 rec=6.14 kl=5.64 rew=0.123 con=0.007 | AC act=0.004 crit=1.442 pg=0.004 H=0.88 | img ret=0.32 val=0.30 scale=2.44 p5=-0.36 p95=2.09 rnd_c=0.000 rnd_l=0.001 | r/step=0.0084 | 1.3 ips ETA 53m40\r\n"}
,{"stream_name":"stdout","time":20465.822587566,"data":"  [health] WARN RND_dominates: ratio=102.7\r\n"}
,{"stream_name":"stdout","time":20503.559988301,"data":"  iter 25950/30000 [86.5%] | WM wm=18.22 rec=11.09 kl=6.96 rew=0.168 con=0.003 | AC act=-0.007 crit=1.501 pg=-0.007 H=0.92 | img ret=0.31 val=0.33 scale=2.48 p5=-0.36 p95=2.12 rnd_c=0.000 rnd_l=0.000 | r/step=0.0054 | 1.3 ips ETA 53m00\r\n"}
,{"stream_name":"stdout","time":20503.560030971,"data":"  [health] WARN RND_dominates: ratio=110.5\r\n"}
,{"stream_name":"stdout","time":20541.735102238,"data":"  iter 26000/30000 [86.7%] | WM wm=13.97 rec=7.86 kl=5.98 rew=0.122 con=0.007 | AC act=-0.005 crit=1.495 pg=-0.005 H=0.97 | img ret=0.33 val=0.32 scale=2.52 p5=-0.38 p95=2.13 rnd_c=0.000 rnd_l=0.001 | r/step=0.0120 | 1.3 ips ETA 52m21\r\n"}
,{"stream_name":"stdout","time":20579.980748866,"data":"  iter 26050/30000 [86.8%] | WM wm=18.25 rec=11.08 kl=7.02 rew=0.147 con=0.002 | AC act=-0.001 crit=1.424 pg=-0.001 H=1.10 | img ret=0.28 val=0.27 scale=2.56 p5=-0.37 p95=2.19 rnd_c=0.000 rnd_l=0.001 | r/step=0.0067 | 1.3 ips ETA 51m41\r\n"}
,{"stream_name":"stdout","time":20579.980780706,"data":"  [health] WARN RND_dominates: ratio=103.5\r\n"}
,{"stream_name":"stdout","time":20618.161951389,"data":"  iter 26100/30000 [87.0%] | WM wm=14.47 rec=8.38 kl=5.93 rew=0.154 con=0.005 | AC act=0.006 crit=1.545 pg=0.007 H=0.73 | img ret=0.89 val=0.85 scale=2.56 p5=-0.38 p95=2.19 rnd_c=0.000 rnd_l=0.000 | r/step=0.0095 | 1.3 ips ETA 51m02\r\n"}
,{"stream_name":"stdout","time":20655.672073278,"data":"  iter 26150/30000 [87.2%] | WM wm=13.54 rec=7.34 kl=6.07 rew=0.125 con=0.004 | AC act=-0.003 crit=1.439 pg=-0.003 H=0.81 | img ret=0.21 val=0.21 scale=2.54 p5=-0.37 p95=2.17 rnd_c=0.000 rnd_l=0.001 | r/step=0.0090 | 1.3 ips ETA 50m22\r\n"}
,{"stream_name":"stdout","time":20655.672106878,"data":"  [health] WARN RND_dominates: ratio=116.6\r\n"}
,{"stream_name":"stdout","time":20693.991235967,"data":"  iter 26200/30000 [87.3%] | WM wm=13.93 rec=7.90 kl=5.89 rew=0.136 con=0.007 | AC act=0.000 crit=1.427 pg=0.001 H=1.01 | img ret=0.25 val=0.22 scale=2.55 p5=-0.37 p95=2.18 rnd_c=0.000 rnd_l=0.000 | r/step=0.0154 | 1.3 ips ETA 49m43\r\n"}
,{"stream_name":"stdout","time":20731.858376286,"data":"  iter 26250/30000 [87.5%] | WM wm=14.24 rec=8.36 kl=5.74 rew=0.134 con=0.005 | AC act=0.001 crit=1.516 pg=0.001 H=0.72 | img ret=0.48 val=0.47 scale=2.52 p5=-0.35 p95=2.18 rnd_c=0.000 rnd_l=0.001 | r/step=0.0084 | 1.3 ips ETA 49m03\r\n"}
,{"stream_name":"stdout","time":20770.017532874,"data":"  iter 26300/30000 [87.7%] | WM wm=14.64 rec=8.21 kl=6.27 rew=0.164 con=0.003 | AC act=-0.003 crit=1.392 pg=-0.003 H=0.70 | img ret=0.40 val=0.40 scale=2.45 p5=-0.35 p95=2.10 rnd_c=0.000 rnd_l=0.000 | r/step=0.0171 | 1.3 ips ETA 48m24\r\n"}
,{"stream_name":"stdout","time":20808.214374226,"data":"  iter 26350/30000 [87.8%] | WM wm=12.74 rec=6.92 kl=5.68 rew=0.132 con=0.007 | AC act=-0.002 crit=1.547 pg=-0.002 H=0.74 | img ret=0.46 val=0.46 scale=2.44 p5=-0.36 p95=2.09 rnd_c=0.000 rnd_l=0.000 | r/step=0.0083 | 1.3 ips ETA 47m45\r\n"}
,{"stream_name":"stdout","time":20846.041183251,"data":"  iter 26400/30000 [88.0%] | WM wm=13.73 rec=7.86 kl=5.75 rew=0.124 con=0.002 | AC act=-0.002 crit=1.486 pg=-0.001 H=0.80 | img ret=0.44 val=0.44 scale=2.53 p5=-0.36 p95=2.17 rnd_c=0.000 rnd_l=0.001 | r/step=0.0096 | 1.3 ips ETA 47m05\r\n"}
,{"stream_name":"stdout","time":20884.01704556,"data":"  iter 26450/30000 [88.2%] | WM wm=13.79 rec=7.20 kl=6.44 rew=0.144 con=0.009 | AC act=0.001 crit=1.514 pg=0.001 H=0.71 | img ret=0.28 val=0.27 scale=2.48 p5=-0.34 p95=2.14 rnd_c=0.000 rnd_l=0.001 | r/step=0.0136 | 1.3 ips ETA 46m26\r\n"}
,{"stream_name":"stdout","time":20922.2379014,"data":"  iter 26500/30000 [88.3%] | WM wm=14.99 rec=8.11 kl=6.70 rew=0.181 con=0.004 | AC act=-0.005 crit=1.521 pg=-0.005 H=0.76 | img ret=0.60 val=0.60 scale=2.49 p5=-0.34 p95=2.15 rnd_c=0.000 rnd_l=0.000 | r/step=0.0099 | 1.3 ips ETA 45m46\r\n"}
,{"stream_name":"stdout","time":20960.247001335,"data":"  iter 26550/30000 [88.5%] | WM wm=12.79 rec=7.17 kl=5.53 rew=0.088 con=0.003 | AC act=0.004 crit=1.624 pg=0.004 H=0.69 | img ret=0.71 val=0.68 scale=2.52 p5=-0.34 p95=2.18 rnd_c=0.000 rnd_l=0.000 | r/step=0.0105 | 1.3 ips ETA 45m07\r\n"}
,{"stream_name":"stdout","time":20998.406053611,"data":"  iter 26600/30000 [88.7%] | WM wm=13.97 rec=7.42 kl=6.45 rew=0.102 con=0.003 | AC act=-0.006 crit=1.431 pg=-0.006 H=0.90 | img ret=0.16 val=0.17 scale=2.53 p5=-0.37 p95=2.16 rnd_c=0.000 rnd_l=0.001 | r/step=0.0128 | 1.3 ips ETA 44m28\r\n"}
,{"stream_name":"stdout","time":21036.573919254,"data":"  iter 26650/30000 [88.8%] | WM wm=15.52 rec=8.63 kl=6.76 rew=0.120 con=0.005 | AC act=-0.003 crit=1.497 pg=-0.002 H=0.79 | img ret=0.42 val=0.43 scale=2.55 p5=-0.37 p95=2.18 rnd_c=0.000 rnd_l=0.000 | r/step=0.0086 | 1.3 ips ETA 43m48\r\n"}
,{"stream_name":"stdout","time":21036.573957264,"data":"  [health] WARN RND_dominates: ratio=116.3\r\n"}
,{"stream_name":"stdout","time":21074.810463062,"data":"  iter 26700/30000 [89.0%] | WM wm=10.57 rec=5.41 kl=5.04 rew=0.110 con=0.009 | AC act=-0.001 crit=1.344 pg=-0.001 H=0.90 | img ret=0.35 val=0.36 scale=2.52 p5=-0.36 p95=2.16 rnd_c=0.000 rnd_l=0.001 | r/step=0.0138 | 1.3 ips ETA 43m09\r\n"}
,{"stream_name":"stdout","time":21112.899315658,"data":"  iter 26750/30000 [89.2%] | WM wm=15.42 rec=8.95 kl=6.32 rew=0.138 con=0.005 | AC act=0.001 crit=1.546 pg=0.001 H=0.66 | img ret=0.64 val=0.63 scale=2.48 p5=-0.36 p95=2.11 rnd_c=0.000 rnd_l=0.001 | r/step=0.0070 | 1.3 ips ETA 42m30\r\n"}
,{"stream_name":"stdout","time":21112.899361518,"data":"  [health] WARN RND_dominates: ratio=101.9\r\n"}
,{"stream_name":"stdout","time":21150.772648087,"data":"  iter 26800/30000 [89.3%] | WM wm=13.08 rec=7.18 kl=5.79 rew=0.103 con=0.001 | AC act=0.001 crit=1.489 pg=0.001 H=0.67 | img ret=0.31 val=0.27 scale=2.56 p5=-0.37 p95=2.19 rnd_c=0.000 rnd_l=0.000 | r/step=0.0119 | 1.3 ips ETA 41m50\r\n"}
,{"stream_name":"stdout","time":21189.05073448,"data":"  iter 26850/30000 [89.5%] | WM wm=12.93 rec=7.24 kl=5.56 rew=0.123 con=0.004 | AC act=-0.002 crit=1.387 pg=-0.002 H=1.12 | img ret=0.07 val=0.08 scale=2.63 p5=-0.37 p95=2.26 rnd_c=0.000 rnd_l=0.000 | r/step=0.0099 | 1.3 ips ETA 41m11\r\n"}
,{"stream_name":"stdout","time":21227.058281195,"data":"  iter 26900/30000 [89.7%] | WM wm=15.01 rec=8.78 kl=6.11 rew=0.119 con=0.003 | AC act=-0.002 crit=1.495 pg=-0.002 H=0.65 | img ret=0.40 val=0.40 scale=2.58 p5=-0.36 p95=2.21 rnd_c=0.000 rnd_l=0.001 | r/step=0.0090 | 1.3 ips ETA 40m31\r\n"}
,{"stream_name":"stdout","time":21265.449095353,"data":"  iter 26950/30000 [89.8%] | WM wm=14.33 rec=7.68 kl=6.51 rew=0.133 con=0.004 | AC act=0.000 crit=1.431 pg=0.001 H=0.84 | img ret=0.39 val=0.39 scale=2.56 p5=-0.36 p95=2.20 rnd_c=0.000 rnd_l=0.001 | r/step=0.0177 | 1.3 ips ETA 39m52\r\n"}
,{"stream_name":"stdout","time":21303.325373869,"data":"  iter 27000/30000 [90.0%] | WM wm=13.11 rec=7.66 kl=5.33 rew=0.115 con=0.003 | AC act=-0.004 crit=1.528 pg=-0.004 H=0.68 | img ret=0.31 val=0.33 scale=2.49 p5=-0.35 p95=2.14 rnd_c=0.000 rnd_l=0.001 | r/step=0.0060 | 1.3 ips ETA 39m13\r\n"}
,{"stream_name":"stdout","time":21303.32542788,"data":"  [health] WARN RND_dominates: ratio=108.9\r\n"}
,{"stream_name":"stdout","time":21341.648278419,"data":"  iter 27050/30000 [90.2%] | WM wm=11.37 rec=5.86 kl=5.37 rew=0.136 con=0.006 | AC act=-0.002 crit=1.417 pg=-0.002 H=0.83 | img ret=0.32 val=0.31 scale=2.51 p5=-0.36 p95=2.15 rnd_c=0.000 rnd_l=0.001 | r/step=0.0226 | 1.3 ips ETA 38m33\r\n"}
,{"stream_name":"stdout","time":21379.747364263,"data":"  iter 27100/30000 [90.3%] | WM wm=13.07 rec=6.90 kl=6.04 rew=0.118 con=0.006 | AC act=0.008 crit=1.517 pg=0.008 H=0.67 | img ret=0.43 val=0.39 scale=2.49 p5=-0.36 p95=2.14 rnd_c=0.000 rnd_l=0.000 | r/step=0.0101 | 1.3 ips ETA 37m54\r\n"}
,{"stream_name":"stdout","time":21418.133743373,"data":"  iter 27150/30000 [90.5%] | WM wm=15.35 rec=8.65 kl=6.55 rew=0.135 con=0.009 | AC act=-0.001 crit=1.440 pg=-0.001 H=0.70 | img ret=0.25 val=0.25 scale=2.44 p5=-0.36 p95=2.08 rnd_c=0.000 rnd_l=0.000 | r/step=0.0200 | 1.3 ips ETA 37m15\r\n"}
,{"stream_name":"stdout","time":21455.609762266,"data":"  iter 27200/30000 [90.7%] | WM wm=18.78 rec=11.70 kl=6.94 rew=0.142 con=0.002 | AC act=-0.002 crit=1.416 pg=-0.002 H=0.78 | img ret=0.33 val=0.33 scale=2.48 p5=-0.37 p95=2.11 rnd_c=0.000 rnd_l=0.000 | r/step=0.0016 | 1.3 ips ETA 36m35\r\n"}
,{"stream_name":"stdout","time":21455.609796375,"data":"  [health] WARN RND_dominates: ratio=158.6\r\n"}
,{"stream_name":"stdout","time":21494.323166729,"data":"  iter 27250/30000 [90.8%] | WM wm=14.35 rec=8.00 kl=6.24 rew=0.104 con=0.013 | AC act=-0.003 crit=1.400 pg=-0.003 H=0.89 | img ret=0.27 val=0.29 scale=2.46 p5=-0.37 p95=2.08 rnd_c=0.000 rnd_l=0.001 | r/step=0.0108 | 1.3 ips ETA 35m56\r\n"}
,{"stream_name":"stdout","time":21494.323203459,"data":"  [health] WARN RND_dominates: ratio=121.6\r\n"}
,{"stream_name":"stdout","time":21532.296022046,"data":"  iter 27300/30000 [91.0%] | WM wm=15.27 rec=8.99 kl=6.15 rew=0.121 con=0.012 | AC act=-0.002 crit=1.314 pg=-0.001 H=0.96 | img ret=0.35 val=0.33 scale=2.36 p5=-0.37 p95=1.99 rnd_c=0.000 rnd_l=0.000 | r/step=0.0058 | 1.3 ips ETA 35m17\r\n"}
,{"stream_name":"stdout","time":21532.296065756,"data":"  [health] WARN RND_dominates: ratio=118.9\r\n"}
,{"stream_name":"stdout","time":21570.417861416,"data":"  iter 27350/30000 [91.2%] | WM wm=13.37 rec=7.48 kl=5.72 rew=0.154 con=0.006 | AC act=-0.001 crit=1.397 pg=-0.001 H=0.75 | img ret=0.38 val=0.37 scale=2.37 p5=-0.37 p95=2.00 rnd_c=0.000 rnd_l=0.001 | r/step=0.0078 | 1.3 ips ETA 34m37\r\n"}
,{"stream_name":"stdout","time":21608.446586378,"data":"  iter 27400/30000 [91.3%] | WM wm=13.46 rec=7.01 kl=6.29 rew=0.153 con=0.006 | AC act=0.002 crit=1.531 pg=0.003 H=0.85 | img ret=0.42 val=0.40 scale=2.47 p5=-0.38 p95=2.09 rnd_c=0.000 rnd_l=0.000 | r/step=0.0071 | 1.3 ips ETA 33m58\r\n"}
,{"stream_name":"stdout","time":21608.446621178,"data":"  [health] WARN RND_dominates: ratio=114.0\r\n"}
,{"stream_name":"stdout","time":21646.482552167,"data":"  iter 27450/30000 [91.5%] | WM wm=15.83 rec=8.99 kl=6.72 rew=0.124 con=0.004 | AC act=-0.004 crit=1.490 pg=-0.004 H=0.86 | img ret=0.28 val=0.29 scale=2.47 p5=-0.38 p95=2.08 rnd_c=0.000 rnd_l=0.000 | r/step=0.0064 | 1.3 ips ETA 33m19\r\n"}
,{"stream_name":"stdout","time":21646.482584917,"data":"  [health] WARN RND_dominates: ratio=115.2\r\n"}
,{"stream_name":"stdout","time":21684.691711976,"data":"  iter 27500/30000 [91.7%] | WM wm=12.34 rec=6.70 kl=5.54 rew=0.097 con=0.006 | AC act=0.014 crit=1.528 pg=0.014 H=0.96 | img ret=0.31 val=0.28 scale=2.45 p5=-0.38 p95=2.07 rnd_c=0.000 rnd_l=0.001 | r/step=0.0055 | 1.3 ips ETA 32m40\r\n"}
,{"stream_name":"stdout","time":21684.691742626,"data":"  [health] WARN RND_dominates: ratio=127.5\r\n"}
,{"stream_name":"stdout","time":21723.222390801,"data":"  \u003e\u003e\u003e EVAL @ iter 27500 : score=1.20  length=194  achievements=2.10 ↓  sample=2.20  (best=3.30 @20000)  crafter_score=1.43% [4721 train eps]\r\n"}
,{"stream_name":"stdout","time":21723.222435531,"data":"      unlocked (4/22): collect_sapling=100%  wake_up=90%  collect_drink=10%  place_plant=10%\r\n"}
,{"stream_name":"stdout","time":21734.149554877,"data":"  Checkpoint saved : dreamer_crafter_jax_v37-tpu-75m-rnd003_iter027500.npz\r\n"}
,{"stream_name":"stdout","time":21772.16238376,"data":"  iter 27550/30000 [91.8%] | WM wm=14.22 rec=7.39 kl=6.68 rew=0.131 con=0.016 | AC act=-0.004 crit=1.376 pg=-0.003 H=0.92 | img ret=0.08 val=0.09 scale=2.55 p5=-0.39 p95=2.15 rnd_c=0.000 rnd_l=0.000 | r/step=0.0077 | 1.3 ips ETA 32m05\r\n"}
,{"stream_name":"stdout","time":21772.16241525,"data":"  [health] WARN RND_dominates: ratio=117.9\r\n"}
,{"stream_name":"stdout","time":21810.398552316,"data":"  iter 27600/30000 [92.0%] | WM wm=14.20 rec=7.28 kl=6.80 rew=0.115 con=0.003 | AC act=-0.001 crit=1.337 pg=-0.001 H=1.01 | img ret=0.21 val=0.21 scale=2.47 p5=-0.41 p95=2.06 rnd_c=0.000 rnd_l=0.001 | r/step=0.0108 | 1.3 ips ETA 31m25\r\n"}
,{"stream_name":"stdout","time":21848.955352077,"data":"  iter 27650/30000 [92.2%] | WM wm=15.15 rec=8.33 kl=6.67 rew=0.141 con=0.004 | AC act=-0.000 crit=1.468 pg=-0.000 H=0.92 | img ret=0.25 val=0.24 scale=2.48 p5=-0.39 p95=2.09 rnd_c=0.000 rnd_l=0.001 | r/step=0.0101 | 1.3 ips ETA 30m46\r\n"}
,{"stream_name":"stdout","time":21848.955391908,"data":"  [health] WARN RND_dominates: ratio=101.9\r\n"}
,{"stream_name":"stdout","time":21887.203879994,"data":"  iter 27700/30000 [92.3%] | WM wm=15.32 rec=8.44 kl=6.74 rew=0.132 con=0.005 | AC act=-0.001 crit=1.490 pg=-0.001 H=0.91 | img ret=0.52 val=0.52 scale=2.46 p5=-0.38 p95=2.07 rnd_c=0.000 rnd_l=0.001 | r/step=0.0104 | 1.3 ips ETA 30m07\r\n"}
,{"stream_name":"stdout","time":21925.384794351,"data":"  iter 27750/30000 [92.5%] | WM wm=15.03 rec=8.82 kl=6.08 rew=0.131 con=0.002 | AC act=-0.004 crit=1.539 pg=-0.003 H=0.92 | img ret=0.34 val=0.33 scale=2.56 p5=-0.38 p95=2.19 rnd_c=0.000 rnd_l=0.001 | r/step=0.0083 | 1.3 ips ETA 29m27\r\n"}
,{"stream_name":"stdout","time":21963.855272405,"data":"  iter 27800/30000 [92.7%] | WM wm=13.86 rec=7.66 kl=6.07 rew=0.121 con=0.006 | AC act=0.002 crit=1.491 pg=0.002 H=0.86 | img ret=0.61 val=0.60 scale=2.45 p5=-0.38 p95=2.07 rnd_c=0.000 rnd_l=0.000 | r/step=0.0077 | 1.3 ips ETA 28m48\r\n"}
,{"stream_name":"stdout","time":22002.076530686,"data":"  iter 27850/30000 [92.8%] | WM wm=14.07 rec=7.87 kl=6.07 rew=0.128 con=0.004 | AC act=-0.000 crit=1.454 pg=0.000 H=0.80 | img ret=0.21 val=0.21 scale=2.37 p5=-0.38 p95=1.99 rnd_c=0.000 rnd_l=0.001 | r/step=0.0035 | 1.3 ips ETA 28m08\r\n"}
,{"stream_name":"stdout","time":22040.231426083,"data":"  iter 27900/30000 [93.0%] | WM wm=14.61 rec=8.27 kl=6.18 rew=0.144 con=0.020 | AC act=-0.003 crit=1.448 pg=-0.002 H=0.91 | img ret=0.13 val=0.14 scale=2.35 p5=-0.38 p95=1.97 rnd_c=0.000 rnd_l=0.000 | r/step=0.0104 | 1.3 ips ETA 27m29\r\n"}
,{"stream_name":"stdout","time":22078.582640418,"data":"  iter 27950/30000 [93.2%] | WM wm=13.56 rec=8.10 kl=5.33 rew=0.125 con=0.003 | AC act=0.001 crit=1.501 pg=0.002 H=0.74 | img ret=0.47 val=0.44 scale=2.40 p5=-0.39 p95=2.02 rnd_c=0.000 rnd_l=0.001 | r/step=0.0068 | 1.3 ips ETA 26m50\r\n"}
,{"stream_name":"stdout","time":22116.817888765,"data":"  iter 28000/30000 [93.3%] | WM wm=12.53 rec=6.31 kl=6.10 rew=0.109 con=0.004 | AC act=-0.001 crit=1.469 pg=-0.001 H=0.82 | img ret=0.40 val=0.40 scale=2.40 p5=-0.41 p95=2.00 rnd_c=0.000 rnd_l=0.001 | r/step=0.0064 | 1.3 ips ETA 26m10\r\n"}
,{"stream_name":"stdout","time":22155.198963316,"data":"  iter 28050/30000 [93.5%] | WM wm=16.37 rec=9.79 kl=6.43 rew=0.145 con=0.002 | AC act=0.005 crit=1.521 pg=0.005 H=0.84 | img ret=0.40 val=0.36 scale=2.44 p5=-0.41 p95=2.03 rnd_c=0.000 rnd_l=0.001 | r/step=0.0111 | 1.3 ips ETA 25m31\r\n"}
,{"stream_name":"stdout","time":22193.465505812,"data":"  iter 28100/30000 [93.7%] | WM wm=17.02 rec=8.05 kl=8.82 rew=0.147 con=0.011 | AC act=0.003 crit=1.579 pg=0.003 H=0.92 | img ret=0.28 val=0.24 scale=2.44 p5=-0.41 p95=2.03 rnd_c=0.000 rnd_l=0.000 | r/step=0.0124 | 1.3 ips ETA 24m52\r\n"}
,{"stream_name":"stdout","time":22231.389682166,"data":"  iter 28150/30000 [93.8%] | WM wm=16.56 rec=9.66 kl=6.76 rew=0.131 con=0.008 | AC act=0.002 crit=1.685 pg=0.003 H=0.78 | img ret=0.34 val=0.34 scale=2.64 p5=-0.39 p95=2.24 rnd_c=0.000 rnd_l=0.000 | r/step=0.0036 | 1.3 ips ETA 24m12\r\n"}
,{"stream_name":"stdout","time":22231.389715716,"data":"  [health] WARN RND_dominates: ratio=140.3\r\n"}
,{"stream_name":"stdout","time":22269.814333551,"data":"  iter 28200/30000 [94.0%] | WM wm=15.77 rec=9.04 kl=6.59 rew=0.140 con=0.001 | AC act=0.001 crit=1.489 pg=0.001 H=0.96 | img ret=0.43 val=0.43 scale=2.49 p5=-0.37 p95=2.12 rnd_c=0.000 rnd_l=0.001 | r/step=0.0112 | 1.3 ips ETA 23m33\r\n"}
,{"stream_name":"stdout","time":22269.814371141,"data":"  [health] WARN RND_dominates: ratio=107.5\r\n"}
,{"stream_name":"stdout","time":22307.944905591,"data":"  iter 28250/30000 [94.2%] | WM wm=14.56 rec=8.00 kl=6.41 rew=0.146 con=0.010 | AC act=-0.004 crit=1.421 pg=-0.004 H=0.99 | img ret=0.33 val=0.34 scale=2.45 p5=-0.37 p95=2.08 rnd_c=0.000 rnd_l=0.000 | r/step=0.0070 | 1.3 ips ETA 22m54\r\n"}
,{"stream_name":"stdout","time":22307.944943261,"data":"  [health] WARN RND_dominates: ratio=114.3\r\n"}
,{"stream_name":"stdout","time":22346.231234133,"data":"  iter 28300/30000 [94.3%] | WM wm=14.04 rec=7.56 kl=6.36 rew=0.115 con=0.004 | AC act=-0.008 crit=1.434 pg=-0.008 H=1.02 | img ret=0.26 val=0.26 scale=2.43 p5=-0.37 p95=2.06 rnd_c=0.000 rnd_l=0.000 | r/step=0.0130 | 1.3 ips ETA 22m14\r\n"}
,{"stream_name":"stdout","time":22346.231282623,"data":"  [health] WARN RND_dominates: ratio=101.7\r\n"}
,{"stream_name":"stdout","time":22384.204564693,"data":"  iter 28350/30000 [94.5%] | WM wm=13.83 rec=8.33 kl=5.40 rew=0.102 con=0.002 | AC act=0.015 crit=1.634 pg=0.016 H=0.98 | img ret=0.22 val=0.18 scale=2.41 p5=-0.38 p95=2.03 rnd_c=0.000 rnd_l=0.001 | r/step=0.0052 | 1.3 ips ETA 21m35\r\n"}
,{"stream_name":"stdout","time":22384.204609633,"data":"  [health] WARN RND_dominates: ratio=150.6\r\n"}
,{"stream_name":"stdout","time":22384.204615633,"data":"  [health] WARN FATAL: RND_dominates persistent (consec=5)\r\n"}
,{"stream_name":"stdout","time":22422.522840606,"data":"  iter 28400/30000 [94.7%] | WM wm=11.99 rec=6.05 kl=5.83 rew=0.102 con=0.004 | AC act=-0.001 crit=1.490 pg=-0.001 H=0.86 | img ret=0.37 val=0.36 scale=2.32 p5=-0.38 p95=1.94 rnd_c=0.000 rnd_l=0.000 | r/step=0.0106 | 1.3 ips ETA 20m56\r\n"}
,{"stream_name":"stdout","time":22422.522879136,"data":"  [health] WARN RND_dominates: ratio=128.7\r\n"}
,{"stream_name":"stdout","time":22422.522890066,"data":"  [health] WARN FATAL: RND_dominates persistent (consec=6)\r\n"}
,{"stream_name":"stdout","time":22460.766917837,"data":"  iter 28450/30000 [94.8%] | WM wm=14.77 rec=8.04 kl=6.58 rew=0.138 con=0.009 | AC act=0.004 crit=1.524 pg=0.004 H=0.83 | img ret=0.26 val=0.24 scale=2.29 p5=-0.39 p95=1.90 rnd_c=0.000 rnd_l=0.001 | r/step=0.0092 | 1.3 ips ETA 20m16\r\n"}
,{"stream_name":"stdout","time":22460.766952557,"data":"  [health] WARN RND_dominates: ratio=119.5\r\n"}
,{"stream_name":"stdout","time":22460.766959007,"data":"  [health] WARN FATAL: RND_dominates persistent (consec=7)\r\n"}
,{"stream_name":"stdout","time":22499.116146036,"data":"  iter 28500/30000 [95.0%] | WM wm=12.62 rec=7.01 kl=5.45 rew=0.156 con=0.003 | AC act=-0.004 crit=1.447 pg=-0.004 H=0.97 | img ret=0.23 val=0.23 scale=2.40 p5=-0.40 p95=2.00 rnd_c=0.000 rnd_l=0.000 | r/step=0.0093 | 1.3 ips ETA 19m37\r\n"}
,{"stream_name":"stdout","time":22499.116179156,"data":"  [health] WARN RND_dominates: ratio=113.6\r\n"}
,{"stream_name":"stdout","time":22499.116185386,"data":"  [health] WARN FATAL: RND_dominates persistent (consec=8)\r\n"}
,{"stream_name":"stdout","time":22537.370376945,"data":"  iter 28550/30000 [95.2%] | WM wm=12.49 rec=7.09 kl=5.29 rew=0.104 con=0.001 | AC act=-0.005 crit=1.454 pg=-0.005 H=0.87 | img ret=0.26 val=0.27 scale=2.47 p5=-0.41 p95=2.07 rnd_c=0.000 rnd_l=0.000 | r/step=0.0054 | 1.3 ips ETA 18m58\r\n"}
,{"stream_name":"stdout","time":22537.370440145,"data":"  [health] WARN RND_dominates: ratio=180.4\r\n"}
,{"stream_name":"stdout","time":22537.370445385,"data":"  [health] WARN FATAL: RND_dominates persistent (consec=9)\r\n"}
,{"stream_name":"stdout","time":22575.460667855,"data":"  iter 28600/30000 [95.3%] | WM wm=10.61 rec=5.25 kl=5.25 rew=0.112 con=0.001 | AC act=-0.000 crit=1.488 pg=-0.000 H=0.74 | img ret=0.53 val=0.52 scale=2.45 p5=-0.42 p95=2.04 rnd_c=0.000 rnd_l=0.000 | r/step=0.0080 | 1.3 ips ETA 18m19\r\n"}
,{"stream_name":"stdout","time":22575.460701645,"data":"  [health] WARN RND_dominates: ratio=145.5\r\n"}
,{"stream_name":"stdout","time":22575.460707075,"data":"  [health] WARN FATAL: RND_dominates persistent (consec=10)\r\n"}
,{"stream_name":"stdout","time":22614.045040578,"data":"  iter 28650/30000 [95.5%] | WM wm=14.30 rec=8.23 kl=5.97 rew=0.101 con=0.001 | AC act=0.002 crit=1.561 pg=0.003 H=0.91 | img ret=0.46 val=0.45 scale=2.49 p5=-0.42 p95=2.08 rnd_c=0.000 rnd_l=0.001 | r/step=0.0070 | 1.3 ips ETA 17m39\r\n"}
,{"stream_name":"stdout","time":22614.045082769,"data":"  [health] WARN RND_dominates: ratio=138.8\r\n"}
,{"stream_name":"stdout","time":22614.045091698,"data":"  [health] WARN FATAL: RND_dominates persistent (consec=11)\r\n"}
,{"stream_name":"stdout","time":22652.464091238,"data":"  iter 28700/30000 [95.7%] | WM wm=14.89 rec=8.57 kl=6.19 rew=0.128 con=0.010 | AC act=0.003 crit=1.521 pg=0.003 H=0.70 | img ret=0.31 val=0.30 scale=2.41 p5=-0.40 p95=2.01 rnd_c=0.000 rnd_l=0.001 | r/step=0.0121 | 1.3 ips ETA 17m00\r\n"}
,{"stream_name":"stdout","time":22690.737771019,"data":"  iter 28750/30000 [95.8%] | WM wm=13.78 rec=8.00 kl=5.65 rew=0.116 con=0.001 | AC act=0.001 crit=1.477 pg=0.001 H=0.90 | img ret=0.42 val=0.42 scale=2.34 p5=-0.39 p95=1.95 rnd_c=0.000 rnd_l=0.000 | r/step=0.0093 | 1.3 ips ETA 16m21\r\n"}
,{"stream_name":"stdout","time":22728.773979872,"data":"  iter 28800/30000 [96.0%] | WM wm=13.61 rec=7.51 kl=6.00 rew=0.102 con=0.001 | AC act=-0.007 crit=1.580 pg=-0.007 H=0.95 | img ret=0.32 val=0.32 scale=2.44 p5=-0.39 p95=2.06 rnd_c=0.000 rnd_l=0.001 | r/step=0.0043 | 1.3 ips ETA 15m41\r\n"}
,{"stream_name":"stdout","time":22728.774028462,"data":"  [health] WARN RND_dominates: ratio=125.4\r\n"}
,{"stream_name":"stdout","time":22767.095036743,"data":"  iter 28850/30000 [96.2%] | WM wm=12.53 rec=6.19 kl=6.25 rew=0.092 con=0.006 | AC act=-0.004 crit=1.512 pg=-0.004 H=0.83 | img ret=0.38 val=0.39 scale=2.42 p5=-0.40 p95=2.03 rnd_c=0.000 rnd_l=0.001 | r/step=0.0109 | 1.3 ips ETA 15m02\r\n"}
,{"stream_name":"stdout","time":22767.095070743,"data":"  [health] WARN RND_dominates: ratio=103.0\r\n"}
,{"stream_name":"stdout","time":22805.65257783,"data":"  iter 28900/30000 [96.3%] | WM wm=14.68 rec=8.65 kl=5.89 rew=0.141 con=0.002 | AC act=-0.000 crit=1.504 pg=0.000 H=0.82 | img ret=0.33 val=0.32 scale=2.39 p5=-0.39 p95=2.00 rnd_c=0.000 rnd_l=0.001 | r/step=0.0064 | 1.3 ips ETA 14m23\r\n"}
,{"stream_name":"stdout","time":22805.65261158,"data":"  [health] WARN RND_dominates: ratio=131.2\r\n"}
,{"stream_name":"stdout","time":22843.658444779,"data":"  iter 28950/30000 [96.5%] | WM wm=12.15 rec=6.16 kl=5.87 rew=0.122 con=0.003 | AC act=-0.002 crit=1.474 pg=-0.002 H=0.85 | img ret=0.31 val=0.30 scale=2.37 p5=-0.39 p95=1.98 rnd_c=0.000 rnd_l=0.000 | r/step=0.0112 | 1.3 ips ETA 13m44\r\n"}
,{"stream_name":"stdout","time":22843.658479379,"data":"  [health] WARN RND_dominates: ratio=106.4\r\n"}
,{"stream_name":"stdout","time":22882.221599395,"data":"  iter 29000/30000 [96.7%] | WM wm=12.72 rec=6.87 kl=5.70 rew=0.139 con=0.009 | AC act=-0.001 crit=1.548 pg=-0.001 H=0.70 | img ret=0.40 val=0.40 scale=2.37 p5=-0.39 p95=1.99 rnd_c=0.000 rnd_l=0.001 | r/step=0.0082 | 1.3 ips ETA 13m04\r\n"}
,{"stream_name":"stdout","time":22882.221635425,"data":"  [health] WARN RND_dominates: ratio=104.0\r\n"}
,{"stream_name":"stdout","time":22882.221639165,"data":"  [health] WARN FATAL: RND_dominates persistent (consec=5)\r\n"}
,{"stream_name":"stdout","time":22920.45302051,"data":"  iter 29050/30000 [96.8%] | WM wm=12.76 rec=6.99 kl=5.64 rew=0.120 con=0.003 | AC act=-0.007 crit=1.435 pg=-0.007 H=0.80 | img ret=0.45 val=0.46 scale=2.43 p5=-0.39 p95=2.04 rnd_c=0.000 rnd_l=0.001 | r/step=0.0067 | 1.3 ips ETA 12m25\r\n"}
,{"stream_name":"stdout","time":22920.45305347,"data":"  [health] WARN RND_dominates: ratio=114.5\r\n"}
,{"stream_name":"stdout","time":22920.45305952,"data":"  [health] WARN FATAL: RND_dominates persistent (consec=6)\r\n"}
,{"stream_name":"stdout","time":22959.152695348,"data":"  iter 29100/30000 [97.0%] | WM wm=11.96 rec=5.98 kl=5.85 rew=0.128 con=0.004 | AC act=-0.005 crit=1.438 pg=-0.005 H=0.89 | img ret=0.23 val=0.24 scale=2.42 p5=-0.39 p95=2.03 rnd_c=0.000 rnd_l=0.000 | r/step=0.0115 | 1.3 ips ETA 11m46\r\n"}
,{"stream_name":"stdout","time":22997.421333564,"data":"  iter 29150/30000 [97.2%] | WM wm=14.93 rec=8.30 kl=6.52 rew=0.117 con=0.003 | AC act=-0.002 crit=1.407 pg=-0.002 H=0.91 | img ret=0.08 val=0.07 scale=2.49 p5=-0.41 p95=2.08 rnd_c=0.000 rnd_l=0.001 | r/step=0.0064 | 1.3 ips ETA 11m06\r\n"}
,{"stream_name":"stdout","time":22997.421368194,"data":"  [health] WARN RND_dominates: ratio=104.9\r\n"}
,{"stream_name":"stdout","time":23035.553382788,"data":"  iter 29200/30000 [97.3%] | WM wm=17.24 rec=10.24 kl=6.87 rew=0.126 con=0.005 | AC act=0.005 crit=1.571 pg=0.006 H=0.68 | img ret=0.67 val=0.61 scale=2.46 p5=-0.42 p95=2.05 rnd_c=0.000 rnd_l=0.001 | r/step=0.0118 | 1.3 ips ETA 10m27\r\n"}
,{"stream_name":"stdout","time":23073.890367559,"data":"  iter 29250/30000 [97.5%] | WM wm=15.02 rec=8.59 kl=6.34 rew=0.092 con=0.001 | AC act=-0.000 crit=1.474 pg=-0.000 H=0.93 | img ret=0.26 val=0.25 scale=2.52 p5=-0.40 p95=2.11 rnd_c=0.000 rnd_l=0.001 | r/step=-0.0008 | 1.3 ips ETA 9m48\r\n"}
,{"stream_name":"stdout","time":23073.890404079,"data":"  [health] WARN RND_dominates: ratio=220.8\r\n"}
,{"stream_name":"stdout","time":23112.515525805,"data":"  iter 29300/30000 [97.7%] | WM wm=11.94 rec=6.30 kl=5.55 rew=0.092 con=0.001 | AC act=-0.004 crit=1.549 pg=-0.004 H=0.87 | img ret=0.41 val=0.43 scale=2.56 p5=-0.40 p95=2.16 rnd_c=0.000 rnd_l=0.000 | r/step=0.0092 | 1.3 ips ETA 9m09\r\n"}
,{"stream_name":"stdout","time":23150.807577609,"data":"  iter 29350/30000 [97.8%] | WM wm=12.47 rec=6.50 kl=5.85 rew=0.124 con=0.004 | AC act=-0.004 crit=1.409 pg=-0.004 H=0.94 | img ret=0.29 val=0.31 scale=2.69 p5=-0.41 p95=2.27 rnd_c=0.000 rnd_l=0.000 | r/step=0.0138 | 1.3 ips ETA 8m29\r\n"}
,{"stream_name":"stdout","time":23188.693102139,"data":"  iter 29400/30000 [98.0%] | WM wm=11.05 rec=5.34 kl=5.57 rew=0.136 con=0.006 | AC act=-0.002 crit=1.467 pg=-0.001 H=0.97 | img ret=0.24 val=0.23 scale=2.51 p5=-0.40 p95=2.11 rnd_c=0.000 rnd_l=0.001 | r/step=0.0123 | 1.3 ips ETA 7m50\r\n"}
,{"stream_name":"stdout","time":23227.230195674,"data":"  iter 29450/30000 [98.2%] | WM wm=17.17 rec=9.96 kl=7.09 rew=0.119 con=0.003 | AC act=-0.005 crit=1.439 pg=-0.005 H=1.00 | img ret=0.31 val=0.32 scale=2.57 p5=-0.40 p95=2.16 rnd_c=0.000 rnd_l=0.000 | r/step=0.0175 | 1.3 ips ETA 7m11\r\n"}
,{"stream_name":"stdout","time":23265.659119954,"data":"  iter 29500/30000 [98.3%] | WM wm=12.81 rec=7.14 kl=5.52 rew=0.147 con=0.004 | AC act=-0.002 crit=1.449 pg=-0.002 H=0.95 | img ret=0.26 val=0.24 scale=2.45 p5=-0.41 p95=2.04 rnd_c=0.000 rnd_l=0.001 | r/step=0.0041 | 1.3 ips ETA 6m32\r\n"}
,{"stream_name":"stdout","time":23265.659154374,"data":"  [health] WARN RND_dominates: ratio=106.0\r\n"}
,{"stream_name":"stdout","time":23303.810807054,"data":"  iter 29550/30000 [98.5%] | WM wm=14.37 rec=7.35 kl=6.91 rew=0.102 con=0.004 | AC act=-0.003 crit=1.427 pg=-0.003 H=0.87 | img ret=0.40 val=0.39 scale=2.49 p5=-0.41 p95=2.08 rnd_c=0.000 rnd_l=0.000 | r/step=0.0140 | 1.3 ips ETA 5m52\r\n"}
,{"stream_name":"stdout","time":23341.821800019,"data":"  iter 29600/30000 [98.7%] | WM wm=12.76 rec=6.75 kl=5.90 rew=0.115 con=0.002 | AC act=-0.003 crit=1.409 pg=-0.003 H=0.95 | img ret=0.53 val=0.53 scale=2.50 p5=-0.43 p95=2.08 rnd_c=0.000 rnd_l=0.001 | r/step=0.0108 | 1.3 ips ETA 5m13\r\n"}
,{"stream_name":"stdout","time":23380.24780681,"data":"  iter 29650/30000 [98.8%] | WM wm=13.77 rec=7.04 kl=6.57 rew=0.139 con=0.023 | AC act=-0.000 crit=1.471 pg=-0.000 H=1.06 | img ret=0.32 val=0.31 scale=2.44 p5=-0.41 p95=2.03 rnd_c=0.000 rnd_l=0.000 | r/step=0.0125 | 1.3 ips ETA 4m34\r\n"}
,{"stream_name":"stdout","time":23418.509086774,"data":"  iter 29700/30000 [99.0%] | WM wm=16.27 rec=9.68 kl=6.46 rew=0.130 con=0.003 | AC act=-0.002 crit=1.569 pg=-0.001 H=0.74 | img ret=0.21 val=0.21 scale=2.41 p5=-0.40 p95=2.01 rnd_c=0.000 rnd_l=0.000 | r/step=0.0032 | 1.3 ips ETA 3m55\r\n"}
,{"stream_name":"stdout","time":23418.509115014,"data":"  [health] WARN RND_dominates: ratio=124.9\r\n"}
,{"stream_name":"stdout","time":23456.799926739,"data":"  iter 29750/30000 [99.2%] | WM wm=14.51 rec=8.55 kl=5.85 rew=0.107 con=0.003 | AC act=-0.002 crit=1.458 pg=-0.002 H=0.91 | img ret=0.31 val=0.31 scale=2.54 p5=-0.40 p95=2.14 rnd_c=0.000 rnd_l=0.000 | r/step=0.0101 | 1.3 ips ETA 3m16\r\n"}
,{"stream_name":"stdout","time":23456.799961969,"data":"  [health] WARN RND_dominates: ratio=103.8\r\n"}
,{"stream_name":"stdout","time":23494.893906395,"data":"  iter 29800/30000 [99.3%] | WM wm=14.95 rec=8.80 kl=6.02 rew=0.126 con=0.008 | AC act=0.005 crit=1.552 pg=0.005 H=0.86 | img ret=0.56 val=0.53 scale=2.52 p5=-0.38 p95=2.14 rnd_c=0.000 rnd_l=0.000 | r/step=0.0178 | 1.3 ips ETA 2m36\r\n"}
,{"stream_name":"stdout","time":23533.359537929,"data":"  iter 29850/30000 [99.5%] | WM wm=14.86 rec=8.73 kl=6.00 rew=0.130 con=0.003 | AC act=-0.002 crit=1.600 pg=-0.002 H=0.74 | img ret=0.67 val=0.66 scale=2.57 p5=-0.36 p95=2.21 rnd_c=0.000 rnd_l=0.001 | r/step=0.0107 | 1.3 ips ETA 1m57\r\n"}
,{"stream_name":"stdout","time":23571.733837123,"data":"  iter 29900/30000 [99.7%] | WM wm=11.40 rec=6.13 kl=5.13 rew=0.124 con=0.003 | AC act=-0.003 crit=1.520 pg=-0.003 H=0.88 | img ret=0.34 val=0.34 scale=2.47 p5=-0.38 p95=2.09 rnd_c=0.000 rnd_l=0.000 | r/step=0.0192 | 1.3 ips ETA 1m18\r\n"}
,{"stream_name":"stdout","time":23609.953717248,"data":"  iter 29950/30000 [99.8%] | WM wm=16.33 rec=9.76 kl=6.44 rew=0.126 con=0.004 | AC act=0.001 crit=1.591 pg=0.001 H=0.89 | img ret=0.36 val=0.34 scale=2.53 p5=-0.38 p95=2.15 rnd_c=0.000 rnd_l=0.000 | r/step=0.0054 | 1.3 ips ETA 39s\r\n"}
,{"stream_name":"stdout","time":23648.228982914,"data":"  iter 30000/30000 [100.0%] | WM wm=12.22 rec=6.45 kl=5.66 rew=0.099 con=0.004 | AC act=0.006 crit=1.644 pg=0.006 H=0.99 | img ret=0.43 val=0.41 scale=2.56 p5=-0.39 p95=2.18 rnd_c=0.000 rnd_l=0.001 | r/step=0.0076 | 1.3 ips ETA 0s\r\n"}
,{"stream_name":"stdout","time":23686.826726263,"data":"  \u003e\u003e\u003e EVAL @ iter 30000 : score=1.90  length=184  achievements=2.80 ↑  sample=3.00  (best=3.30 @20000)  crafter_score=1.44% [5140 train eps]\r\n"}
,{"stream_name":"stdout","time":23686.826762453,"data":"      unlocked (3/22): collect_sapling=100%  wake_up=100%  place_plant=80%\r\n"}
,{"stream_name":"stdout","time":23697.802785126,"data":"  Checkpoint saved : dreamer_crafter_jax_v37-tpu-75m-rnd003_iter030000.npz\r\n"}
,{"stream_name":"stdout","time":23697.85297844,"data":"\r\n"}
,{"stream_name":"stdout","time":23697.85298985,"data":"Training fini en 23574.0s (392.9min)\r\n"}
,{"stream_name":"stdout","time":23697.85299428,"data":"Best EVAL achievements : 3.30 @ iter 20000  (dernier : 2.80)\r\n"}
,{"stream_name":"stdout","time":23697.85299778,"data":"\r\n"}
,{"stream_name":"stdout","time":23708.701200787,"data":"Final checkpoint : /kaggle/working/checkpoints/dreamer_crafter_jax_v37-tpu-75m-rnd003.npz\r\n"}
,{"stream_name":"stdout","time":23708.701253237,"data":"\r\n"}
,{"stream_name":"stdout","time":23708.701257397,"data":"============================================================\r\n"}
,{"stream_name":"stdout","time":23708.701260517,"data":"DONE\r\n"}
,{"stream_name":"stdout","time":23708.701263707,"data":"============================================================\r\n"}
,{"stream_name":"stderr","time":23720.524906325,"data":"[NbConvertApp] Converting notebook __notebook__.ipynb to notebook\n"}
,{"stream_name":"stderr","time":23720.984506923,"data":"[NbConvertApp] Writing 260070 bytes to __notebook__.ipynb\n"}
,{"stream_name":"stderr","time":23727.674806389,"data":"[NbConvertApp] Converting notebook __notebook__.ipynb to html\n"}
,{"stream_name":"stderr","time":23728.851413556,"data":"[NbConvertApp] Writing 554083 bytes to __results__.html\n"}
]