[{"stream_name":"stderr","time":7.205679544,"data":"/usr/local/lib/python3.12/site-packages/nbformat/__init__.py:96: MissingIDFieldWarning: Cell is missing an id field, this will become a hard error in future nbformat versions. You may want to use `normalize()` on your notebooks before validations (available since nbformat 5.1.4). Previous versions of nbformat are fixing this issue transparently, and will stop doing so in the future.\n"}
,{"stream_name":"stderr","time":7.205742484,"data":"  validate(nb)\n"}
,{"stream_name":"stderr","time":9.869648944,"data":"[IPKernelApp] WARNING | Kernel is running over TCP without encryption. All communication (including code and outputs) is sent in plain text and is susceptible to eavesdropping. Use IPC transport or launch with kernel manager-provisioned CurveZMQ keys to enable transport encryption.\n"}
,{"stream_name":"stdout","time":10.739655855,"data":"Cloning into 'oneiro'...\r\n"}
,{"stream_name":"stdout","time":11.548169028,"data":"remote: Enumerating objects: 415, done.\u001b[K\r\n"}
,{"stream_name":"stdout","time":11.548209757,"data":"remote: Counting objects:  20% (1/5)\u001b[K\rremote: Counting objects:  40% (2/5)\u001b[K\rremote: Counting objects:  60% (3/5)\u001b[K\rremote: Counting objects:  80% (4/5)\u001b[K\rremote: Counting objects: 100% (5/5)\u001b[K\rremote: Counting objects: 100% (5/5), done.\u001b[K\r\n"}
,{"stream_name":"stdout","time":11.548220177,"data":"remote: Compressing objects:  20% (1/5)\u001b[K\rremote: Compressing objects:  40% (2/5)\u001b[K\rremote: Compressing objects:  60% (3/5)\u001b[K\rremote: Compressing objects:  80% (4/5)\u001b[K\rremote: Compressing objects: 100% (5/5)\u001b[K\rremote: Compressing objects: 100% (5/5), done.\u001b[K\r\n"}
,{"stream_name":"stdout","time":11.750369853,"data":"Receiving objects:   0% (1/415)\rReceiving objects:   1% (5/415)\rReceiving objects:   2% (9/415)\rReceiving objects:   3% (13/415)\rReceiving objects:   4% (17/415)\rReceiving objects:   5% (21/415)\rReceiving objects:   6% (25/415)\rReceiving objects:   7% (30/415)\rReceiving objects:   8% (34/415)\rReceiving objects:   9% (38/415)\rReceiving objects:  10% (42/415)\rReceiving objects:  11% (46/415)\rReceiving objects:  12% (50/415)\rReceiving objects:  13% (54/415)\rReceiving objects:  14% (59/415)\rReceiving objects:  15% (63/415)\rReceiving objects:  16% (67/415)\rReceiving objects:  17% (71/415)\rReceiving objects:  18% (75/415)\rReceiving objects:  19% (79/415)\rReceiving objects:  20% (83/415)\rReceiving objects:  21% (88/415)\rReceiving objects:  22% (92/415)\rReceiving objects:  23% (96/415)\rReceiving objects:  24% (100/415)\rReceiving objects:  25% (104/415)\rReceiving objects:  26% (108/415)\rReceiving objects:  27% (113/415)\rReceiving objects:  28% (117/415)\rReceiving objects:  29% (121/415)\rReceiving objects:  30% (125/415)\rReceiving objects:  31% (129/415)\rReceiving objects:  32% (133/415)\rReceiving objects:  33% (137/415)\rReceiving objects:  34% (142/415)\rReceiving objects:  35% (146/415)\rReceiving objects:  36% (150/415)\rReceiving objects:  37% (154/415)\rReceiving objects:  38% (158/415)\rReceiving objects:  39% (162/415)\rReceiving objects:  40% (166/415)\rReceiving objects:  41% (171/415)\rReceiving objects:  42% (175/415)\rReceiving objects:  43% (179/415)\rReceiving objects:  44% (183/415)\rReceiving objects:  45% (187/415)\rReceiving objects:  46% (191/415)\rReceiving objects:  47% (196/415)\rReceiving objects:  48% (200/415)\rReceiving objects:  49% (204/415)\rReceiving objects:  50% (208/415)\rReceiving objects:  51% (212/415)\rReceiving objects:  52% (216/415)\rReceiving objects:  53% (220/415)\rReceiving objects:  54% (225/415)\rReceiving objects:  55% (229/415)\rReceiving objects:  56% (233/415)\rReceiving objects:  57% (237/415)\rReceiving objects:  58% (241/415)\rReceiving objects:  59% (245/415)\rReceiving objects:  60% (249/415)\rReceiving objects:  61% (254/415)\rReceiving objects:  62% (258/415)\rReceiving objects:  63% (262/415)\rReceiving objects:  64% (266/415)\rReceiving objects:  65% (270/415)\rReceiving objects:  66% (274/415)\rReceiving objects:  67% (279/415)\rReceiving objects:  68% (283/415)\rReceiving objects:  69% (287/415)\rReceiving objects:  70% (291/415)\rReceiving objects:  71% (295/415)\rReceiving objects:  72% (299/415)\rReceiving objects:  73% (303/415)\rReceiving objects:  74% (308/415)\rReceiving objects:  75% (312/415)\rReceiving objects:  76% (316/415)\rReceiving objects:  77% (320/415)\rReceiving objects:  78% (324/415)\rReceiving objects:  79% (328/415)\rReceiving objects:  80% (332/415)\rReceiving objects:  81% (337/415)\rReceiving objects:  82% (341/415)\rReceiving objects:  83% (345/415)\rReceiving objects:  84% (349/415)\rReceiving objects:  85% (353/415)\rReceiving objects:  86% (357/415)\rReceiving objects:  87% (362/415)\rReceiving objects:  88% (366/415)\rReceiving objects:  89% (370/415)\rReceiving objects:  90% (374/415)\rReceiving objects:  91% (378/415)\rReceiving objects:  92% (382/415)\rReceiving objects:  93% (386/415)\rReceiving objects:  94% (391/415)\rReceiving objects:  95% (395/415)\rReceiving objects:  96% (399/415)\rReceiving objects:  97% (403/415)\rReceiving objects:  98% (407/415)\rremote: Total 415 (delta 0), reused 1 (delta 0), pack-reused 410 (from 1)\u001b[K\r\n"}
,{"stream_name":"stdout","time":11.750593572,"data":"Receiving objects:  99% (411/415)\rReceiving objects: 100% (415/415)\rReceiving objects: 100% (415/415), 3.86 MiB | 19.98 MiB/s, done.\r\n"}
,{"stream_name":"stdout","time":11.750599092,"data":"Resolving deltas:   0% (0/219)\rResolving deltas:   1% (3/219)\rResolving deltas:   2% (6/219)\rResolving deltas:   3% (8/219)\rResolving deltas:   4% (10/219)\rResolving deltas:   5% (11/219)\rResolving deltas:   6% (14/219)\rResolving deltas:   7% (16/219)\rResolving deltas:   8% (18/219)\rResolving deltas:   9% (20/219)\rResolving deltas:  10% (23/219)\rResolving deltas:  11% (25/219)\rResolving deltas:  12% (27/219)\rResolving deltas:  13% (30/219)\rResolving deltas:  14% (31/219)\rResolving deltas:  15% (34/219)\rResolving deltas:  16% (36/219)\rResolving deltas:  17% (38/219)\rResolving deltas:  18% (41/219)\rResolving deltas:  19% (42/219)\rResolving deltas:  26% (57/219)\rResolving deltas:  27% (60/219)\rResolving deltas:  28% (62/219)\rResolving deltas:  29% (65/219)\rResolving deltas:  30% (66/219)\rResolving deltas:  31% (68/219)\rResolving deltas:  32% (72/219)\rResolving deltas:  33% (73/219)\rResolving deltas:  34% (75/219)\rResolving deltas:  35% (78/219)\rResolving deltas:  36% (79/219)\rResolving deltas:  37% (82/219)\rResolving deltas:  38% (84/219)\rResolving deltas:  39% (86/219)\rResolving deltas:  40% (88/219)\rResolving deltas:  41% (91/219)\rResolving deltas:  42% (92/219)\rResolving deltas:  46% (101/219)\rResolving deltas:  47% (103/219)\rResolving deltas:  48% (106/219)\rResolving deltas:  49% (108/219)\rResolving deltas:  50% (110/219)\rResolving deltas:  52% (114/219)\rResolving deltas:  53% (117/219)\rResolving deltas:  54% (120/219)\rResolving deltas:  55% (121/219)\rResolving deltas:  56% (123/219)\rResolving deltas:  57% (126/219)\rResolving deltas:  58% (129/219)\rResolving deltas:  59% (131/219)\rResolving deltas:  60% (132/219)\rResolving deltas:  61% (134/219)\rResolving deltas:  62% (136/219)\rResolving deltas:  63% (138/219)\rResolving deltas:  65% (143/219)\rResolving deltas:  66% (145/219)\rResolving deltas:  67% (148/219)\rResolving deltas:  68% (150/219)\rResolving deltas:  70% (154/219)\rResolving deltas:  71% (157/219)\rResolving deltas:  73% (162/219)\rResolving deltas:  74% (163/219)\rResolving deltas:  75% (166/219)\rResolving deltas:  76% (167/219)\rResolving deltas:  77% (170/219)\rResolving deltas:  78% (171/219)\rResolving deltas:  79% (174/219)\rResolving deltas:  80% (177/219)\rResolving deltas:  81% (178/219)\rResolving deltas:  82% (181/219)\rResolving deltas:  83% (182/219)\rResolving deltas:  85% (187/219)\rResolving deltas:  86% (189/219)\rResolving deltas:  87% (191/219)\rResolving deltas:  89% (195/219)\rResolving deltas:  90% (198/219)\rResolving deltas:  91% (200/219)\rResolving deltas:  92% (202/219)\rResolving deltas:  93% (204/219)\rResolving deltas:  94% (206/219)\rResolving deltas:  95% (209/219)\rResolving deltas:  96% (211/219)\rResolving deltas:  97% (213/219)\rResolving deltas:  98% (215/219)\rResolving deltas:  99% (217/219)\rResolving deltas: 100% (219/219)\rResolving deltas: 100% (219/219), done.\r\n"}
,{"stream_name":"stdout","time":11.951049174,"data":"/kaggle/working/oneiro\n"}
,{"stream_name":"stdout","time":49.675934532,"data":"\u001b[33mWARNING: Running pip as the 'root' user can result in broken permissions and conflicting behaviour with the system package manager, possibly rendering your system unusable. It is recommended to use a virtual environment instead: https://pip.pypa.io/warnings/venv. Use the --root-user-action option if you know what you are doing and want to suppress this warning.\u001b[0m\u001b[33m\r\n"}
,{"stream_name":"stdout","time":49.775639156,"data":"\u001b[0m\r\n"}
,{"stream_name":"stdout","time":49.775655556,"data":"\u001b[1m[\u001b[0m\u001b[34;49mnotice\u001b[0m\u001b[1;39;49m]\u001b[0m\u001b[39;49m A new release of pip is available: \u001b[0m\u001b[31;49m25.0.1\u001b[0m\u001b[39;49m -\u003e \u001b[0m\u001b[32;49m26.1.2\u001b[0m\r\n"}
,{"stream_name":"stdout","time":49.775663216,"data":"\u001b[1m[\u001b[0m\u001b[34;49mnotice\u001b[0m\u001b[1;39;49m]\u001b[0m\u001b[39;49m To update, run: \u001b[0m\u001b[32;49mpip install --upgrade pip\u001b[0m\r\n"}
,{"stream_name":"stdout","time":63.244665033,"data":"\u001b[33mWARNING: Running pip as the 'root' user can result in broken permissions and conflicting behaviour with the system package manager, possibly rendering your system unusable. It is recommended to use a virtual environment instead: https://pip.pypa.io/warnings/venv. Use the --root-user-action option if you know what you are doing and want to suppress this warning.\u001b[0m\u001b[33m\r\n"}
,{"stream_name":"stdout","time":63.244706563,"data":"\u001b[0m\r\n"}
,{"stream_name":"stdout","time":63.244727083,"data":"\u001b[1m[\u001b[0m\u001b[34;49mnotice\u001b[0m\u001b[1;39;49m]\u001b[0m\u001b[39;49m A new release of pip is available: \u001b[0m\u001b[31;49m25.0.1\u001b[0m\u001b[39;49m -\u003e \u001b[0m\u001b[32;49m26.1.2\u001b[0m\r\n"}
,{"stream_name":"stdout","time":63.244733883,"data":"\u001b[1m[\u001b[0m\u001b[34;49mnotice\u001b[0m\u001b[1;39;49m]\u001b[0m\u001b[39;49m To update, run: \u001b[0m\u001b[32;49mpip install --upgrade pip\u001b[0m\r\n"}
,{"stream_name":"stdout","time":85.34118278,"data":"\u001b[33mWARNING: Running pip as the 'root' user can result in broken permissions and conflicting behaviour with the system package manager, possibly rendering your system unusable. It is recommended to use a virtual environment instead: https://pip.pypa.io/warnings/venv. Use the --root-user-action option if you know what you are doing and want to suppress this warning.\u001b[0m\u001b[33m\r\n"}
,{"stream_name":"stdout","time":85.34121959,"data":"\u001b[0m\r\n"}
,{"stream_name":"stdout","time":85.34122702,"data":"\u001b[1m[\u001b[0m\u001b[34;49mnotice\u001b[0m\u001b[1;39;49m]\u001b[0m\u001b[39;49m A new release of pip is available: \u001b[0m\u001b[31;49m25.0.1\u001b[0m\u001b[39;49m -\u003e \u001b[0m\u001b[32;49m26.1.2\u001b[0m\r\n"}
,{"stream_name":"stdout","time":85.3412322,"data":"\u001b[1m[\u001b[0m\u001b[34;49mnotice\u001b[0m\u001b[1;39;49m]\u001b[0m\u001b[39;49m To update, run: \u001b[0m\u001b[32;49mpip install --upgrade pip\u001b[0m\r\n"}
,{"stream_name":"stdout","time":87.091201896,"data":"/usr/local/lib/python3.12/site-packages/jax/_src/cloud_tpu_init.py:88: UserWarning: Transparent hugepages are not enabled. TPU runtime startup and shutdown time should be significantly improved on TPU v5e and newer. If not already set, you may need to enable transparent hugepages in your VM image (sudo sh -c \"echo always \u003e /sys/kernel/mm/transparent_hugepage/enabled\")\r\n"}
,{"stream_name":"stdout","time":87.091264136,"data":"  warnings.warn(\r\n"}
,{"stream_name":"stdout","time":92.440456323,"data":"Gym has been unmaintained since 2022 and does not support NumPy 2.0 amongst other critical functionality.\r\n"}
,{"stream_name":"stdout","time":92.440487393,"data":"Please upgrade to Gymnasium, the maintained drop-in replacement of Gym, or contact the authors of your software and request that they upgrade.\r\n"}
,{"stream_name":"stdout","time":92.440493713,"data":"Users of this version of Gym should be able to simply replace 'import gym' with 'import gymnasium as gym' in the vast majority of cases.\r\n"}
,{"stream_name":"stdout","time":92.440498603,"data":"See the migration guide at https://gymnasium.farama.org/introduction/migration_guide/ for additional information.\r\n"}
,{"stream_name":"stdout","time":94.9123694,"data":"WARNING: Logging before InitGoogle() is written to STDERR\r\n"}
,{"stream_name":"stdout","time":94.91240174,"data":"E0000 00:00:1784497821.506920     133 common_lib.cc:646] Could not set metric server port: INVALID_ARGUMENT: Could not find SliceBuilder port 8471 in any of the 0 ports provided in `tpu_process_addresses`=\"local\"\r\n"}
,{"stream_name":"stdout","time":94.91240861,"data":"=== Source Location Trace: === \r\n"}
,{"stream_name":"stdout","time":94.91241368,"data":"learning/45eac/tfrc/runtime/common_lib.cc:228\r\n"}
,{"stream_name":"stdout","time":103.695444288,"data":"JAX backend : tpu\r\n"}
,{"stream_name":"stdout","time":103.695481078,"data":"Device      : [TpuDevice(id=0, process_index=0, coords=(0,0,0), core_on_chip=0), TpuDevice(id=1, process_index=0, coords=(1,0,0), core_on_chip=0), TpuDevice(id=2, process_index=0, coords=(0,1,0), core_on_chip=0), TpuDevice(id=3, process_index=0, coords=(1,1,0), core_on_chip=0), TpuDevice(id=4, process_index=0, coords=(0,2,0), core_on_chip=0), TpuDevice(id=5, process_index=0, coords=(1,2,0), core_on_chip=0), TpuDevice(id=6, process_index=0, coords=(0,3,0), core_on_chip=0), TpuDevice(id=7, process_index=0, coords=(1,3,0), core_on_chip=0)]\r\n"}
,{"stream_name":"stdout","time":103.695494498,"data":"Sharding    : DATA-PARALLEL sur 8 devices (mesh OrderedDict({'data': 8}), axis 'data', batch dim0 shardé, state répliqué)\r\n"}
,{"stream_name":"stdout","time":103.695498798,"data":"Run         : v47-tpu-acwarmup-t1\r\n"}
,{"stream_name":"stdout","time":103.695502088,"data":"Config      : entropy=0.0003  train_iter=30000  n_envs=4  batch=16  seq_len=64\r\n"}
,{"stream_name":"stdout","time":103.695505308,"data":"Optim       : lr_wm=1.0e-04  lr_ac=1.0e-04  lr_alpha=1.0e-03  grad_clip=100.0  horizon=16\r\n"}
,{"stream_name":"stdout","time":103.695508798,"data":"Replay      : collect/iter=32  wm_train/iter=4  ac_train/iter=4  → train_ratio≈128\r\n"}
,{"stream_name":"stdout","time":103.695512308,"data":"Flags       : adaptive_alpha=False  auto_explore=False  use_rnd=False\r\n"}
,{"stream_name":"stdout","time":103.695515558,"data":"\r\n"}
,{"stream_name":"stdout","time":106.572555102,"data":"Buffer      : CPU (1,000,000 cap, 12300 MB)\r\n"}
,{"stream_name":"stdout","time":116.368672803,"data":"Adaptive α : OFF (entropy_coef fixe = 0.0003)\r\n"}
,{"stream_name":"stdout","time":116.368708423,"data":"RND        : OFF\r\n"}
,{"stream_name":"stdout","time":116.368733283,"data":"Auto-explore : OFF\r\n"}
,{"stream_name":"stdout","time":116.368737733,"data":"\r\n"}
,{"stream_name":"stdout","time":116.368741733,"data":"============================================================\r\n"}
,{"stream_name":"stdout","time":116.368745763,"data":"Architecture\r\n"}
,{"stream_name":"stdout","time":116.368749863,"data":"============================================================\r\n"}
,{"stream_name":"stdout","time":116.368763143,"data":"  WM modules (CNNEnc+RSSM+CNNDec+heads) : 54,152,131 params\r\n"}
,{"stream_name":"stdout","time":116.368766033,"data":"  Actor + Critic                        : 10,782,992 params\r\n"}
,{"stream_name":"stdout","time":116.368768773,"data":"  TOTAL                                 : 64,935,123 params (~64.94M)\r\n"}
,{"stream_name":"stdout","time":116.368771543,"data":"\r\n"}
,{"stream_name":"stdout","time":117.073699535,"data":"Output dirs : runs=/kaggle/working/runs  checkpoints=/kaggle/working/checkpoints\r\n"}
,{"stream_name":"stdout","time":117.073740545,"data":"\r\n"}
,{"stream_name":"stdout","time":117.073748765,"data":"============================================================\r\n"}
,{"stream_name":"stdout","time":117.073753305,"data":"Phase 0 : Warmup random (5000 steps, 4 envs)\r\n"}
,{"stream_name":"stdout","time":117.073757075,"data":"============================================================\r\n"}
,{"stream_name":"stdout","time":127.171092936,"data":"Buffer : 5000 transitions en 10.1s\r\n"}
,{"stream_name":"stdout","time":127.171120176,"data":"         Mémoire buffer : 12300.0 MB\r\n"}
,{"stream_name":"stdout","time":127.171126216,"data":"\r\n"}
,{"stream_name":"stdout","time":127.171137256,"data":"============================================================\r\n"}
,{"stream_name":"stdout","time":127.171141556,"data":"Phase 1 : Training Dreamer JAX (30000 itérations)\r\n"}
,{"stream_name":"stdout","time":127.171145936,"data":"============================================================\r\n"}
,{"stream_name":"stdout","time":127.373097282,"data":"[Phase 13] Safeguards : warmup=5000  adaptive_rnd=True  health_auto_stop=False  h_target_schedule=True [1.13→1.13 over 10000]\r\n"}
,{"stream_name":"stdout","time":191.976793556,"data":"  iter    50/30000 [ 0.2%] | WM wm=267.78 rec=264.52 kl=2.48 rew=0.761 con=0.028 rew@ach=0.06/0.75(n=20) rew@0=+0.057 | AC act=0.871 crit=2.990 pg=0.872 H=2.67 | img ret=1.04 val=0.69 imgR(mu=0.060 max=0.08 p99=0.08 hi=0.00%) scale=1.00 p5=0.40 p95=0.95 | r/step=0.0078 | 0.8 ips ETA 10h43\r\n"}
,{"stream_name":"stdout","time":228.56603642,"data":"  iter   100/30000 [ 0.3%] | WM wm=89.31 rec=85.97 kl=2.91 rew=0.403 con=0.037 rew@ach=0.34/0.82(n=9) rew@0=+0.028 | AC act=0.324 crit=2.147 pg=0.325 H=2.64 | img ret=1.55 val=1.43 imgR(mu=0.032 max=0.74 p99=0.12 hi=0.02%) scale=1.00 p5=1.06 p95=1.86 | r/step=0.0032 | 1.0 ips ETA 8h24\r\n"}
,{"stream_name":"stdout","time":265.376664699,"data":"  iter   150/30000 [ 0.5%] | WM wm=106.13 rec=102.56 kl=3.05 rew=0.489 con=0.030 rew@ach=0.28/0.70(n=12) rew@0=+0.045 | AC act=0.169 crit=2.516 pg=0.170 H=2.65 | img ret=1.70 val=1.62 imgR(mu=0.037 max=0.96 p99=0.31 hi=0.49%) scale=1.70 p5=0.84 p95=2.54 | r/step=0.0117 | 1.1 ips ETA 7h37\r\n"}
,{"stream_name":"stdout","time":301.644250835,"data":"  iter   200/30000 [ 0.7%] | WM wm=92.69 rec=89.01 kl=3.31 rew=0.356 con=0.009 rew@ach=0.55/0.89(n=17) rew@0=+0.031 | AC act=0.075 crit=2.113 pg=0.075 H=2.65 | img ret=1.84 val=1.77 imgR(mu=0.033 max=0.98 p99=0.52 hi=1.10%) scale=2.61 p5=0.49 p95=3.11 | r/step=0.0071 | 1.1 ips ETA 7h12\r\n"}
,{"stream_name":"stdout","time":338.54917956,"data":"  iter   250/30000 [ 0.8%] | WM wm=68.84 rec=65.25 kl=3.14 rew=0.429 con=0.020 rew@ach=0.23/0.86(n=12) rew@0=+0.012 | AC act=-0.007 crit=2.375 pg=-0.006 H=2.66 | img ret=1.68 val=1.69 imgR(mu=0.023 max=0.98 p99=0.20 hi=0.15%) scale=3.31 p5=0.08 p95=3.39 | r/step=0.0054 | 1.2 ips ETA 6h58\r\n"}
,{"stream_name":"stdout","time":375.503049078,"data":"  iter   300/30000 [ 1.0%] | WM wm=86.69 rec=82.33 kl=4.04 rew=0.302 con=0.023 rew@ach=0.34/0.60(n=13) rew@0=+0.006 | AC act=-0.008 crit=2.795 pg=-0.008 H=2.65 | img ret=1.27 val=1.28 imgR(mu=0.031 max=0.99 p99=0.69 hi=2.02%) scale=3.78 p5=-0.18 p95=3.61 | r/step=0.0094 | 1.2 ips ETA 6h49\r\n"}
,{"stream_name":"stdout","time":412.384371428,"data":"  iter   350/30000 [ 1.2%] | WM wm=62.28 rec=57.73 kl=4.25 rew=0.287 con=0.017 rew@ach=0.67/0.84(n=21) rew@0=+0.033 | AC act=-0.034 crit=2.622 pg=-0.033 H=2.65 | img ret=1.09 val=1.14 imgR(mu=0.023 max=1.00 p99=0.59 hi=1.45%) scale=4.11 p5=-0.48 p95=3.64 | r/step=-0.0007 | 1.2 ips ETA 6h42\r\n"}
,{"stream_name":"stdout","time":449.025341529,"data":"  iter   400/30000 [ 1.3%] | WM wm=67.26 rec=62.90 kl=4.01 rew=0.348 con=0.008 rew@ach=0.49/0.89(n=15) rew@0=+0.027 | AC act=0.020 crit=2.644 pg=0.021 H=2.66 | img ret=0.63 val=0.60 imgR(mu=0.027 max=0.99 p99=0.56 hi=1.14%) scale=4.31 p5=-0.84 p95=3.46 | r/step=0.0051 | 1.2 ips ETA 6h36\r\n"}
,{"stream_name":"stdout","time":485.595141203,"data":"  iter   450/30000 [ 1.5%] | WM wm=69.84 rec=65.00 kl=4.56 rew=0.259 con=0.023 rew@ach=0.42/0.59(n=8) rew@0=+0.004 | AC act=-0.030 crit=2.475 pg=-0.029 H=2.65 | img ret=0.59 val=0.64 imgR(mu=0.008 max=1.00 p99=0.37 hi=0.59%) scale=4.12 p5=-0.97 p95=3.16 | r/step=0.0086 | 1.3 ips ETA 6h32\r\n"}
,{"stream_name":"stdout","time":521.969124868,"data":"  iter   500/30000 [ 1.7%] | WM wm=52.90 rec=48.71 kl=3.92 rew=0.262 con=0.003 rew@ach=0.66/0.74(n=14) rew@0=+0.032 | AC act=0.077 crit=2.711 pg=0.078 H=2.66 | img ret=0.57 val=0.46 imgR(mu=0.031 max=1.00 p99=0.71 hi=1.70%) scale=3.65 p5=-0.98 p95=2.68 | r/step=0.0036 | 1.3 ips ETA 6h27\r\n"}
,{"stream_name":"stdout","time":558.510894856,"data":"  iter   550/30000 [ 1.8%] | WM wm=61.65 rec=56.68 kl=4.68 rew=0.273 con=0.017 rew@ach=0.58/0.91(n=18) rew@0=+0.014 | AC act=-0.017 crit=2.405 pg=-0.016 H=2.65 | img ret=0.38 val=0.40 imgR(mu=0.013 max=1.00 p99=0.51 hi=1.04%) scale=3.30 p5=-1.00 p95=2.30 | r/step=0.0033 | 1.3 ips ETA 6h24\r\n"}
,{"stream_name":"stdout","time":595.521286241,"data":"  iter   600/30000 [ 2.0%] | WM wm=52.17 rec=47.05 kl=4.84 rew=0.256 con=0.016 rew@ach=0.67/0.69(n=11) rew@0=+0.020 | AC act=-0.013 crit=2.404 pg=-0.012 H=2.65 | img ret=0.11 val=0.12 imgR(mu=0.007 max=1.00 p99=0.43 hi=0.84%) scale=3.09 p5=-1.07 p95=2.03 | r/step=0.0018 | 1.3 ips ETA 6h22\r\n"}
,{"stream_name":"stdout","time":631.625808589,"data":"  iter   650/30000 [ 2.2%] | WM wm=41.96 rec=37.30 kl=4.48 rew=0.170 con=0.011 rew@ach=0.79/1.00(n=9) rew@0=+0.011 | AC act=0.061 crit=2.737 pg=0.062 H=2.65 | img ret=0.39 val=0.32 imgR(mu=0.019 max=1.00 p99=0.68 hi=1.47%) scale=2.90 p5=-1.03 p95=1.87 | r/step=0.0025 | 1.3 ips ETA 6h19\r\n"}
,{"stream_name":"stdout","time":668.189811436,"data":"  iter   700/30000 [ 2.3%] | WM wm=58.77 rec=52.89 kl=5.39 rew=0.474 con=0.019 rew@ach=0.43/0.81(n=18) rew@0=+0.015 | AC act=0.003 crit=2.386 pg=0.004 H=2.66 | img ret=-0.10 val=-0.11 imgR(mu=0.002 max=1.00 p99=0.32 hi=0.60%) scale=2.62 p5=-1.03 p95=1.58 | r/step=0.0073 | 1.3 ips ETA 6h17\r\n"}
,{"stream_name":"stdout","time":705.129499353,"data":"  iter   750/30000 [ 2.5%] | WM wm=42.90 rec=37.84 kl=4.89 rew=0.168 con=0.009 rew@ach=0.85/1.00(n=8) rew@0=+0.005 | AC act=0.038 crit=2.328 pg=0.038 H=2.67 | img ret=0.23 val=0.18 imgR(mu=0.013 max=1.00 p99=0.73 hi=1.62%) scale=2.57 p5=-1.11 p95=1.46 | r/step=0.0026 | 1.3 ips ETA 6h15\r\n"}
,{"stream_name":"stdout","time":741.583084877,"data":"  iter   800/30000 [ 2.7%] | WM wm=42.21 rec=37.15 kl=4.77 rew=0.273 con=0.015 rew@ach=0.57/0.64(n=14) rew@0=+0.012 | AC act=0.038 crit=2.279 pg=0.038 H=2.66 | img ret=0.21 val=0.17 imgR(mu=0.018 max=1.00 p99=0.61 hi=1.53%) scale=2.41 p5=-1.05 p95=1.36 | r/step=0.0056 | 1.3 ips ETA 6h13\r\n"}
,{"stream_name":"stdout","time":778.02240152,"data":"  iter   850/30000 [ 2.8%] | WM wm=46.47 rec=41.28 kl=5.04 rew=0.131 con=0.010 rew@ach=0.99/1.00(n=8) rew@0=+0.005 | AC act=0.015 crit=2.332 pg=0.016 H=2.68 | img ret=0.05 val=0.03 imgR(mu=0.014 max=1.00 p99=0.55 hi=1.21%) scale=2.40 p5=-1.12 p95=1.28 | r/step=0.0088 | 1.3 ips ETA 6h11\r\n"}
,{"stream_name":"stdout","time":814.495592854,"data":"  iter   900/30000 [ 3.0%] | WM wm=44.82 rec=39.85 kl=4.73 rew=0.240 con=0.006 rew@ach=0.54/0.69(n=11) rew@0=+0.002 | AC act=0.032 crit=2.415 pg=0.033 H=2.66 | img ret=0.16 val=0.13 imgR(mu=0.009 max=1.01 p99=0.54 hi=1.11%) scale=2.30 p5=-1.02 p95=1.28 | r/step=0.0059 | 1.3 ips ETA 6h10\r\n"}
,{"stream_name":"stdout","time":850.975117433,"data":"  iter   950/30000 [ 3.2%] | WM wm=42.62 rec=37.00 kl=5.43 rew=0.187 con=0.009 rew@ach=0.72/0.89(n=16) rew@0=+0.014 | AC act=0.004 crit=2.033 pg=0.005 H=2.67 | img ret=0.05 val=0.04 imgR(mu=0.012 max=1.01 p99=0.67 hi=1.20%) scale=2.15 p5=-1.01 p95=1.14 | r/step=-0.0004 | 1.3 ips ETA 6h08\r\n"}
,{"stream_name":"stdout","time":887.712125075,"data":"  iter  1000/30000 [ 3.3%] | WM wm=42.93 rec=37.49 kl=5.16 rew=0.266 con=0.015 rew@ach=0.50/0.71(n=11) rew@0=+0.016 | AC act=-0.017 crit=2.242 pg=-0.016 H=2.67 | img ret=0.00 val=0.02 imgR(mu=0.009 max=1.00 p99=0.67 hi=1.26%) scale=2.17 p5=-1.02 p95=1.15 | r/step=0.0079 | 1.3 ips ETA 6h07\r\n"}
,{"stream_name":"stdout","time":924.242839062,"data":"  iter  1050/30000 [ 3.5%] | WM wm=39.46 rec=33.63 kl=5.53 rew=0.298 con=0.010 rew@ach=0.60/0.90(n=17) rew@0=+0.009 | AC act=-0.036 crit=2.274 pg=-0.035 H=2.67 | img ret=-0.10 val=-0.07 imgR(mu=0.000 max=1.01 p99=0.59 hi=1.11%) scale=2.14 p5=-1.00 p95=1.13 | r/step=0.0043 | 1.3 ips ETA 6h06\r\n"}
,{"stream_name":"stdout","time":960.836089996,"data":"  iter  1100/30000 [ 3.7%] | WM wm=41.07 rec=35.56 kl=5.25 rew=0.246 con=0.020 rew@ach=0.68/0.74(n=14) rew@0=+0.006 | AC act=0.010 crit=2.058 pg=0.011 H=2.68 | img ret=-0.03 val=-0.04 imgR(mu=0.011 max=1.01 p99=0.71 hi=1.32%) scale=2.11 p5=-0.97 p95=1.14 | r/step=0.0035 | 1.3 ips ETA 6h04\r\n"}
,{"stream_name":"stdout","time":997.306884845,"data":"  iter  1150/30000 [ 3.8%] | WM wm=37.31 rec=32.11 kl=4.99 rew=0.204 con=0.005 rew@ach=0.64/0.71(n=13) rew@0=+0.022 | AC act=-0.070 crit=2.153 pg=-0.069 H=2.67 | img ret=-0.18 val=-0.13 imgR(mu=-0.005 max=1.01 p99=0.13 hi=0.54%) scale=2.13 p5=-1.02 p95=1.12 | r/step=0.0072 | 1.3 ips ETA 6h03\r\n"}
,{"stream_name":"stdout","time":1034.080867218,"data":"  iter  1200/30000 [ 4.0%] | WM wm=33.43 rec=28.24 kl=5.03 rew=0.148 con=0.006 rew@ach=0.79/0.86(n=12) rew@0=+0.009 | AC act=-0.031 crit=2.071 pg=-0.030 H=2.68 | img ret=0.06 val=0.08 imgR(mu=0.000 max=1.01 p99=0.32 hi=0.75%) scale=2.22 p5=-1.02 p95=1.20 | r/step=0.0020 | 1.3 ips ETA 6h02\r\n"}
,{"stream_name":"stdout","time":1070.490110758,"data":"  iter  1250/30000 [ 4.2%] | WM wm=35.43 rec=30.01 kl=5.24 rew=0.162 con=0.015 rew@ach=0.80/0.86(n=12) rew@0=+0.003 | AC act=-0.042 crit=1.939 pg=-0.042 H=2.68 | img ret=-0.08 val=-0.04 imgR(mu=-0.008 max=1.00 p99=0.12 hi=0.49%) scale=2.24 p5=-1.08 p95=1.15 | r/step=0.0066 | 1.3 ips ETA 6h01\r\n"}
,{"stream_name":"stdout","time":1106.720588118,"data":"  iter  1300/30000 [ 4.3%] | WM wm=27.86 rec=22.62 kl=5.06 rew=0.171 con=0.008 rew@ach=0.40/0.40(n=14) rew@0=+0.002 | AC act=-0.026 crit=2.077 pg=-0.025 H=2.68 | img ret=-0.16 val=-0.14 imgR(mu=-0.006 max=1.00 p99=0.06 hi=0.34%) scale=2.18 p5=-1.17 p95=1.01 | r/step=0.0023 | 1.3 ips ETA 6h00\r\n"}
,{"stream_name":"stdout","time":1143.04300457,"data":"  iter  1350/30000 [ 4.5%] | WM wm=32.70 rec=27.06 kl=5.45 rew=0.173 con=0.010 rew@ach=0.45/0.54(n=11) rew@0=-0.000 | AC act=-0.004 crit=2.356 pg=-0.003 H=2.68 | img ret=0.01 val=0.01 imgR(mu=0.011 max=1.05 p99=0.78 hi=1.76%) scale=2.12 p5=-1.14 p95=0.98 | r/step=0.0045 | 1.3 ips ETA 5h59\r\n"}
,{"stream_name":"stdout","time":1179.142475207,"data":"  iter  1400/30000 [ 4.7%] | WM wm=36.65 rec=31.25 kl=5.27 rew=0.117 con=0.005 rew@ach=0.80/0.81(n=9) rew@0=+0.003 | AC act=0.023 crit=1.971 pg=0.024 H=2.66 | img ret=0.01 val=-0.01 imgR(mu=0.009 max=1.00 p99=0.53 hi=1.05%) scale=2.12 p5=-1.14 p95=0.98 | r/step=0.0070 | 1.3 ips ETA 5h58\r\n"}
,{"stream_name":"stdout","time":1215.174698224,"data":"  iter  1450/30000 [ 4.8%] | WM wm=28.17 rec=22.39 kl=5.54 rew=0.233 con=0.009 rew@ach=0.42/0.51(n=14) rew@0=-0.007 | AC act=-0.048 crit=1.860 pg=-0.047 H=2.67 | img ret=-0.13 val=-0.09 imgR(mu=-0.002 max=1.01 p99=0.17 hi=0.72%) scale=2.15 p5=-1.14 p95=1.01 | r/step=0.0077 | 1.3 ips ETA 5h56\r\n"}
,{"stream_name":"stdout","time":1251.775403905,"data":"  iter  1500/30000 [ 5.0%] | WM wm=36.11 rec=29.92 kl=5.93 rew=0.260 con=0.009 rew@ach=0.47/0.66(n=15) rew@0=+0.005 | AC act=0.004 crit=2.095 pg=0.004 H=2.68 | img ret=-0.05 val=-0.05 imgR(mu=0.003 max=1.01 p99=0.55 hi=1.05%) scale=2.11 p5=-1.19 p95=0.92 | r/step=0.0031 | 1.3 ips ETA 5h56\r\n"}
,{"stream_name":"stdout","time":1288.13893424,"data":"  iter  1550/30000 [ 5.2%] | WM wm=32.43 rec=26.87 kl=5.31 rew=0.236 con=0.011 rew@ach=0.42/0.45(n=12) rew@0=+0.002 | AC act=-0.005 crit=1.961 pg=-0.004 H=2.67 | img ret=-0.24 val=-0.23 imgR(mu=0.004 max=1.01 p99=0.31 hi=0.78%) scale=2.11 p5=-1.21 p95=0.90 | r/step=0.0075 | 1.3 ips ETA 5h55\r\n"}
,{"stream_name":"stdout","time":1324.468116638,"data":"  iter  1600/30000 [ 5.3%] | WM wm=37.50 rec=31.56 kl=5.81 rew=0.126 con=0.005 rew@ach=0.76/0.82(n=9) rew@0=+0.008 | AC act=0.015 crit=1.818 pg=0.015 H=2.67 | img ret=-0.17 val=-0.18 imgR(mu=0.009 max=1.01 p99=0.69 hi=1.21%) scale=1.96 p5=-1.14 p95=0.82 | r/step=0.0085 | 1.3 ips ETA 5h54\r\n"}
,{"stream_name":"stdout","time":1361.21570219,"data":"  iter  1650/30000 [ 5.5%] | WM wm=34.98 rec=29.69 kl=5.15 rew=0.145 con=0.001 rew@ach=0.94/1.00(n=16) rew@0=+0.014 | AC act=0.059 crit=1.897 pg=0.059 H=2.67 | img ret=-0.05 val=-0.09 imgR(mu=0.010 max=1.01 p99=0.81 hi=1.36%) scale=1.88 p5=-1.08 p95=0.80 | r/step=0.0084 | 1.3 ips ETA 5h53\r\n"}
,{"stream_name":"stdout","time":1397.811890682,"data":"  iter  1700/30000 [ 5.7%] | WM wm=25.64 rec=20.24 kl=5.19 rew=0.200 con=0.009 rew@ach=0.94/0.98(n=9) rew@0=-0.006 | AC act=-0.041 crit=1.789 pg=-0.041 H=2.68 | img ret=-0.27 val=-0.24 imgR(mu=-0.001 max=1.01 p99=0.21 hi=0.72%) scale=1.89 p5=-1.09 p95=0.80 | r/step=0.0042 | 1.3 ips ETA 5h52\r\n"}
,{"stream_name":"stdout","time":1434.095663063,"data":"  iter  1750/30000 [ 5.8%] | WM wm=30.68 rec=25.06 kl=5.48 rew=0.140 con=0.006 rew@ach=0.58/0.62(n=13) rew@0=+0.000 | AC act=-0.042 crit=2.088 pg=-0.042 H=2.66 | img ret=-0.23 val=-0.20 imgR(mu=-0.004 max=1.00 p99=0.29 hi=0.70%) scale=1.98 p5=-1.14 p95=0.84 | r/step=0.0067 | 1.3 ips ETA 5h51\r\n"}
,{"stream_name":"stdout","time":1470.836501778,"data":"  iter  1800/30000 [ 6.0%] | WM wm=34.97 rec=29.05 kl=5.75 rew=0.178 con=0.004 rew@ach=0.85/1.00(n=11) rew@0=+0.009 | AC act=-0.044 crit=1.917 pg=-0.043 H=2.67 | img ret=-0.21 val=-0.17 imgR(mu=-0.003 max=1.01 p99=0.26 hi=0.83%) scale=2.02 p5=-1.18 p95=0.85 | r/step=0.0055 | 1.3 ips ETA 5h50\r\n"}
,{"stream_name":"stdout","time":1507.000962738,"data":"  iter  1850/30000 [ 6.2%] | WM wm=29.56 rec=23.37 kl=5.97 rew=0.215 con=0.004 rew@ach=0.88/0.91(n=20) rew@0=+0.006 | AC act=-0.066 crit=2.198 pg=-0.065 H=2.67 | img ret=-0.35 val=-0.29 imgR(mu=-0.010 max=1.01 p99=0.51 hi=1.04%) scale=2.12 p5=-1.24 p95=0.89 | r/step=0.0049 | 1.3 ips ETA 5h49\r\n"}
,{"stream_name":"stdout","time":1543.699382239,"data":"  iter  1900/30000 [ 6.3%] | WM wm=27.63 rec=21.82 kl=5.68 rew=0.132 con=0.002 rew@ach=0.61/0.76(n=7) rew@0=+0.005 | AC act=0.076 crit=2.149 pg=0.077 H=2.68 | img ret=0.02 val=-0.05 imgR(mu=0.010 max=1.01 p99=0.67 hi=1.26%) scale=2.17 p5=-1.26 p95=0.91 | r/step=0.0102 | 1.3 ips ETA 5h49\r\n"}
,{"stream_name":"stdout","time":1580.576748834,"data":"  iter  1950/30000 [ 6.5%] | WM wm=23.37 rec=17.83 kl=5.33 rew=0.192 con=0.005 rew@ach=0.74/0.86(n=12) rew@0=-0.001 | AC act=0.011 crit=2.026 pg=0.012 H=2.68 | img ret=-0.01 val=-0.02 imgR(mu=0.013 max=1.01 p99=0.74 hi=1.28%) scale=2.19 p5=-1.27 p95=0.91 | r/step=0.0077 | 1.3 ips ETA 5h48\r\n"}
,{"stream_name":"stdout","time":1617.519816048,"data":"  iter  2000/30000 [ 6.7%] | WM wm=28.03 rec=22.10 kl=5.76 rew=0.164 con=0.006 rew@ach=0.91/1.00(n=15) rew@0=+0.011 | AC act=-0.033 crit=2.300 pg=-0.032 H=2.66 | img ret=-0.31 val=-0.29 imgR(mu=0.001 max=1.01 p99=0.64 hi=1.23%) scale=2.10 p5=-1.22 p95=0.89 | r/step=0.0125 | 1.3 ips ETA 5h47\r\n"}
,{"stream_name":"stdout","time":1654.517586695,"data":"  iter  2050/30000 [ 6.8%] | WM wm=31.13 rec=24.79 kl=6.15 rew=0.191 con=0.004 rew@ach=0.87/0.91(n=18) rew@0=+0.011 | AC act=0.005 crit=2.308 pg=0.005 H=0.22 | img ret=0.42 val=0.34 imgR(mu=0.024 max=1.01 p99=0.80 hi=2.16%) scale=3.01 p5=-0.74 p95=2.26 | r/step=0.0018 | 1.3 ips ETA 5h47\r\n"}
,{"stream_name":"stdout","time":1654.517625375,"data":"  [health] WARN H_collapse: H=0.22\r\n"}
,{"stream_name":"stdout","time":1691.326824757,"data":"  iter  2100/30000 [ 7.0%] | WM wm=26.02 rec=20.26 kl=5.59 rew=0.166 con=0.009 rew@ach=0.84/0.89(n=16) rew@0=+0.007 | AC act=0.017 crit=2.498 pg=0.017 H=0.32 | img ret=0.81 val=0.66 imgR(mu=0.018 max=1.01 p99=0.77 hi=1.99%) scale=3.05 p5=-0.60 p95=2.46 | r/step=0.0005 | 1.3 ips ETA 5h46\r\n"}
,{"stream_name":"stdout","time":1728.007184538,"data":"  iter  2150/30000 [ 7.2%] | WM wm=27.89 rec=21.87 kl=5.81 rew=0.210 con=0.003 rew@ach=0.90/1.00(n=17) rew@0=+0.014 | AC act=0.004 crit=2.068 pg=0.004 H=0.21 | img ret=0.80 val=0.74 imgR(mu=0.002 max=1.01 p99=0.31 hi=0.73%) scale=3.22 p5=-0.41 p95=2.83 | r/step=0.0007 | 1.3 ips ETA 5h45\r\n"}
,{"stream_name":"stdout","time":1728.007219028,"data":"  [health] WARN H_collapse: H=0.21\r\n"}
,{"stream_name":"stdout","time":1764.758173905,"data":"  iter  2200/30000 [ 7.3%] | WM wm=26.40 rec=20.09 kl=6.12 rew=0.178 con=0.009 rew@ach=0.96/1.00(n=10) rew@0=+0.009 | AC act=0.005 crit=2.253 pg=0.005 H=0.36 | img ret=0.79 val=0.73 imgR(mu=0.018 max=1.01 p99=0.84 hi=1.92%) scale=3.52 p5=-0.14 p95=3.38 | r/step=-0.0011 | 1.3 ips ETA 5h44\r\n"}
,{"stream_name":"stdout","time":1801.248164324,"data":"  iter  2250/30000 [ 7.5%] | WM wm=31.99 rec=25.35 kl=6.41 rew=0.233 con=0.005 rew@ach=0.58/0.64(n=14) rew@0=+0.001 | AC act=0.015 crit=2.412 pg=0.015 H=0.31 | img ret=1.57 val=1.37 imgR(mu=0.019 max=1.01 p99=0.83 hi=1.73%) scale=4.19 p5=-0.16 p95=4.03 | r/step=-0.0015 | 1.3 ips ETA 5h44\r\n"}
,{"stream_name":"stdout","time":1837.585146151,"data":"  iter  2300/30000 [ 7.7%] | WM wm=31.55 rec=24.33 kl=7.01 rew=0.187 con=0.018 rew@ach=0.92/1.00(n=10) rew@0=+0.008 | AC act=0.014 crit=2.370 pg=0.014 H=0.37 | img ret=1.67 val=1.45 imgR(mu=0.032 max=1.01 p99=0.84 hi=2.87%) scale=4.59 p5=-0.16 p95=4.43 | r/step=0.0005 | 1.3 ips ETA 5h43\r\n"}
,{"stream_name":"stdout","time":1874.222201025,"data":"  iter  2350/30000 [ 7.8%] | WM wm=26.76 rec=20.73 kl=5.87 rew=0.170 con=0.002 rew@ach=0.80/0.88(n=14) rew@0=+0.000 | AC act=0.001 crit=2.015 pg=0.001 H=0.33 | img ret=1.97 val=1.94 imgR(mu=0.008 max=1.01 p99=0.42 hi=0.92%) scale=4.84 p5=-0.18 p95=4.65 | r/step=-0.0014 | 1.3 ips ETA 5h42\r\n"}
,{"stream_name":"stdout","time":1911.272668632,"data":"  iter  2400/30000 [ 8.0%] | WM wm=30.30 rec=23.93 kl=6.22 rew=0.143 con=0.008 rew@ach=0.67/0.69(n=11) rew@0=+0.002 | AC act=0.003 crit=2.272 pg=0.003 H=0.35 | img ret=1.81 val=1.67 imgR(mu=0.027 max=1.01 p99=0.99 hi=3.20%) scale=4.79 p5=-0.22 p95=4.58 | r/step=-0.0004 | 1.3 ips ETA 5h41\r\n"}
,{"stream_name":"stdout","time":1948.017041092,"data":"  iter  2450/30000 [ 8.2%] | WM wm=29.07 rec=23.35 kl=5.57 rew=0.144 con=0.001 rew@ach=0.78/0.81(n=17) rew@0=+0.007 | AC act=0.020 crit=3.609 pg=0.020 H=0.22 | img ret=4.58 val=3.48 imgR(mu=0.027 max=1.01 p99=0.96 hi=3.14%) scale=7.01 p5=-0.16 p95=6.88 | r/step=0.0071 | 1.3 ips ETA 5h41\r\n"}
,{"stream_name":"stdout","time":1948.017079022,"data":"  [health] WARN H_collapse: H=0.22\r\n"}
,{"stream_name":"stdout","time":1984.476512955,"data":"  iter  2500/30000 [ 8.3%] | WM wm=30.36 rec=23.84 kl=6.36 rew=0.151 con=0.001 rew@ach=0.56/0.81(n=9) rew@0=+0.001 | AC act=0.009 crit=2.398 pg=0.009 H=0.28 | img ret=4.71 val=4.50 imgR(mu=0.010 max=1.01 p99=0.41 hi=0.87%) scale=8.56 p5=-0.10 p95=8.46 | r/step=0.0064 | 1.3 ips ETA 5h40\r\n"}
,{"stream_name":"stdout","time":1984.476550585,"data":"  [health] WARN H_collapse: H=0.28\r\n"}
,{"stream_name":"stdout","time":2154.664125889,"data":"  \u003e\u003e\u003e EVAL @ iter 2500 : score=1.57  length=178  achievements=2.47 =  sample=2.80  (best=2.47 @2500)  crafter_score=1.37% [462 train eps]\r\n"}
,{"stream_name":"stdout","time":2154.664166389,"data":"      unlocked (6/22): collect_sapling=100%  collect_wood=56%  collect_drink=36%  eat_cow=21%  defeat_zombie=19%  wake_up=15%\r\n"}
,{"stream_name":"stdout","time":2154.664175579,"data":"      TRAIN (10/22 sur 462 eps): wake_up=401(86.8%)  collect_sapling=128(27.7%)  collect_wood=101(21.9%)  place_plant=96(20.8%)  collect_drink=47(10.2%)  place_table=12(2.6%)  make_wood_pickaxe=2(0.4%)  make_wood_sword=2(0.4%)  defeat_zombie=2(0.4%)  eat_cow=1(0.2%)\r\n"}
,{"stream_name":"stdout","time":2154.664181559,"data":"      JAMAIS vus en train (12) : collect_coal  collect_diamond  collect_iron  collect_stone  defeat_skeleton  eat_plant  make_iron_pickaxe  make_iron_sword  make_stone_pickaxe  make_stone_sword  place_furnace  place_stone\r\n"}
,{"stream_name":"stdout","time":2163.635267631,"data":"  Checkpoint saved : dreamer_crafter_jax_v47-tpu-acwarmup-t1_iter002500.npz\r\n"}
,{"stream_name":"stdout","time":2198.204088068,"data":"  iter  2550/30000 [ 8.5%] | WM wm=22.05 rec=16.31 kl=5.57 rew=0.162 con=0.004 rew@ach=0.89/1.00(n=11) rew@0=+0.004 | AC act=0.011 crit=2.634 pg=0.011 H=0.28 | img ret=4.74 val=4.31 imgR(mu=0.026 max=1.01 p99=0.82 hi=1.89%) scale=6.65 p5=-0.00 p95=6.67 | r/step=0.0141 | 1.2 ips ETA 6h11\r\n"}
,{"stream_name":"stdout","time":2198.204120708,"data":"  [health] WARN H_collapse: H=0.28\r\n"}
,{"stream_name":"stdout","time":2232.466874632,"data":"  iter  2600/30000 [ 8.7%] | WM wm=29.98 rec=23.97 kl=5.85 rew=0.156 con=0.005 rew@ach=0.84/0.99(n=14) rew@0=+0.005 | AC act=0.004 crit=2.026 pg=0.004 H=0.28 | img ret=5.47 val=5.29 imgR(mu=0.018 max=1.01 p99=0.63 hi=1.23%) scale=8.22 p5=-0.11 p95=8.12 | r/step=0.0060 | 1.2 ips ETA 6h09\r\n"}
,{"stream_name":"stdout","time":2232.466916082,"data":"  [health] WARN H_collapse: H=0.28\r\n"}
,{"stream_name":"stdout","time":2266.781162196,"data":"  iter  2650/30000 [ 8.8%] | WM wm=31.28 rec=23.87 kl=7.13 rew=0.270 con=0.011 rew@ach=0.69/0.90(n=16) rew@0=+0.017 | AC act=0.004 crit=1.975 pg=0.004 H=0.30 | img ret=5.66 val=5.45 imgR(mu=0.052 max=1.02 p99=0.98 hi=3.50%) scale=8.96 p5=0.02 p95=8.99 | r/step=0.0091 | 1.2 ips ETA 6h07\r\n"}
,{"stream_name":"stdout","time":2301.289287903,"data":"  iter  2700/30000 [ 9.0%] | WM wm=39.34 rec=32.80 kl=6.27 rew=0.267 con=0.005 rew@ach=0.66/0.88(n=14) rew@0=+0.023 | AC act=-0.001 crit=2.468 pg=-0.001 H=0.31 | img ret=3.92 val=3.90 imgR(mu=0.019 max=1.01 p99=0.66 hi=1.47%) scale=9.38 p5=-0.03 p95=9.35 | r/step=0.0029 | 1.2 ips ETA 6h06\r\n"}
,{"stream_name":"stdout","time":2335.504430034,"data":"  iter  2750/30000 [ 9.2%] | WM wm=24.71 rec=18.70 kl=5.80 rew=0.200 con=0.010 rew@ach=0.59/0.75(n=13) rew@0=+0.006 | AC act=0.001 crit=2.062 pg=0.001 H=0.38 | img ret=5.02 val=4.96 imgR(mu=0.036 max=1.01 p99=0.99 hi=2.89%) scale=9.45 p5=-0.02 p95=9.44 | r/step=0.0120 | 1.2 ips ETA 6h04\r\n"}
,{"stream_name":"stdout","time":2369.60970102,"data":"  iter  2800/30000 [ 9.3%] | WM wm=28.96 rec=21.78 kl=6.96 rew=0.209 con=0.011 rew@ach=0.67/0.83(n=11) rew@0=+0.008 | AC act=0.004 crit=2.305 pg=0.004 H=0.28 | img ret=5.28 val=5.09 imgR(mu=0.058 max=1.01 p99=0.94 hi=4.94%) scale=10.23 p5=-0.01 p95=10.22 | r/step=0.0134 | 1.2 ips ETA 6h03\r\n"}
,{"stream_name":"stdout","time":2369.609776811,"data":"  [health] WARN H_collapse: H=0.28\r\n"}
,{"stream_name":"stdout","time":2403.782806942,"data":"  iter  2850/30000 [ 9.5%] | WM wm=31.51 rec=24.70 kl=6.69 rew=0.117 con=0.004 rew@ach=0.81/0.81(n=9) rew@0=+0.006 | AC act=0.002 crit=2.280 pg=0.002 H=0.35 | img ret=4.45 val=4.38 imgR(mu=0.036 max=1.02 p99=0.83 hi=2.46%) scale=10.45 p5=0.05 p95=10.50 | r/step=0.0134 | 1.3 ips ETA 6h01\r\n"}
,{"stream_name":"stdout","time":2437.84408973,"data":"  iter  2900/30000 [ 9.7%] | WM wm=31.55 rec=25.32 kl=6.07 rew=0.152 con=0.012 rew@ach=0.93/1.00(n=11) rew@0=+0.002 | AC act=-0.000 crit=1.795 pg=-0.000 H=0.42 | img ret=6.44 val=6.42 imgR(mu=0.041 max=1.01 p99=1.00 hi=2.97%) scale=10.75 p5=0.18 p95=10.94 | r/step=0.0117 | 1.3 ips ETA 5h59\r\n"}
,{"stream_name":"stdout","time":2472.147924732,"data":"  iter  2950/30000 [ 9.8%] | WM wm=25.82 rec=19.49 kl=6.16 rew=0.170 con=0.002 rew@ach=0.73/0.85(n=11) rew@0=+0.003 | AC act=-0.002 crit=1.996 pg=-0.002 H=0.37 | img ret=5.43 val=5.39 imgR(mu=0.046 max=1.01 p99=0.89 hi=2.12%) scale=11.50 p5=0.13 p95=11.62 | r/step=0.0142 | 1.3 ips ETA 5h58\r\n"}
,{"stream_name":"stdout","time":2506.426392407,"data":"  iter  3000/30000 [10.0%] | WM wm=26.57 rec=20.71 kl=5.75 rew=0.104 con=0.004 rew@ach=0.67/0.72(n=6) rew@0=+0.002 | AC act=0.005 crit=2.216 pg=0.005 H=0.33 | img ret=5.84 val=5.57 imgR(mu=0.063 max=1.02 p99=0.95 hi=4.55%) scale=11.73 p5=0.15 p95=11.88 | r/step=0.0102 | 1.3 ips ETA 5h56\r\n"}
,{"stream_name":"stdout","time":2540.51155979,"data":"  iter  3050/30000 [10.2%] | WM wm=33.68 rec=26.82 kl=6.75 rew=0.100 con=0.010 rew@ach=0.68/0.68(n=6) rew@0=+0.000 | AC act=-0.003 crit=2.458 pg=-0.003 H=0.36 | img ret=4.00 val=4.15 imgR(mu=0.016 max=1.01 p99=0.44 hi=0.93%) scale=12.40 p5=0.06 p95=12.41 | r/step=0.0053 | 1.3 ips ETA 5h55\r\n"}
,{"stream_name":"stdout","time":2574.772375012,"data":"  iter  3100/30000 [10.3%] | WM wm=25.21 rec=18.57 kl=6.42 rew=0.216 con=0.006 rew@ach=0.70/0.79(n=17) rew@0=+0.009 | AC act=-0.006 crit=1.879 pg=-0.006 H=0.38 | img ret=5.79 val=6.03 imgR(mu=0.027 max=1.01 p99=0.99 hi=1.82%) scale=11.78 p5=0.11 p95=11.87 | r/step=0.0093 | 1.3 ips ETA 5h53\r\n"}
,{"stream_name":"stdout","time":2609.262700382,"data":"  iter  3150/30000 [10.5%] | WM wm=24.35 rec=18.24 kl=5.97 rew=0.138 con=0.007 rew@ach=0.18/0.17(n=6) rew@0=-0.001 | AC act=0.001 crit=1.978 pg=0.001 H=0.44 | img ret=6.17 val=6.04 imgR(mu=0.061 max=1.01 p99=0.95 hi=4.06%) scale=11.86 p5=0.10 p95=11.97 | r/step=0.0059 | 1.3 ips ETA 5h52\r\n"}
,{"stream_name":"stdout","time":2643.835818296,"data":"  iter  3200/30000 [10.7%] | WM wm=29.91 rec=23.24 kl=6.51 rew=0.150 con=0.007 rew@ach=0.81/0.87(n=13) rew@0=+0.006 | AC act=0.002 crit=2.256 pg=0.002 H=0.42 | img ret=4.48 val=4.41 imgR(mu=0.048 max=1.01 p99=0.87 hi=3.92%) scale=11.35 p5=-0.00 p95=11.35 | r/step=0.0039 | 1.3 ips ETA 5h51\r\n"}
,{"stream_name":"stdout","time":2677.980788068,"data":"  iter  3250/30000 [10.8%] | WM wm=32.76 rec=25.16 kl=7.41 rew=0.178 con=0.011 rew@ach=0.88/1.00(n=11) rew@0=+0.013 | AC act=-0.004 crit=2.239 pg=-0.004 H=0.37 | img ret=4.26 val=4.43 imgR(mu=0.032 max=1.01 p99=0.90 hi=2.12%) scale=10.66 p5=-0.08 p95=10.56 | r/step=0.0078 | 1.3 ips ETA 5h49\r\n"}
,{"stream_name":"stdout","time":2712.326342038,"data":"  iter  3300/30000 [11.0%] | WM wm=23.85 rec=18.06 kl=5.62 rew=0.158 con=0.005 rew@ach=0.79/1.00(n=9) rew@0=+0.001 | AC act=-0.007 crit=2.255 pg=-0.007 H=0.52 | img ret=4.13 val=4.30 imgR(mu=0.022 max=1.01 p99=0.96 hi=2.14%) scale=10.33 p5=-0.08 p95=10.23 | r/step=0.0095 | 1.3 ips ETA 5h48\r\n"}
,{"stream_name":"stdout","time":2746.764034279,"data":"  iter  3350/30000 [11.2%] | WM wm=22.49 rec=16.31 kl=6.04 rew=0.135 con=0.009 rew@ach=0.93/0.98(n=10) rew@0=+0.001 | AC act=-0.009 crit=1.884 pg=-0.009 H=0.47 | img ret=4.59 val=4.77 imgR(mu=0.028 max=1.01 p99=0.99 hi=2.43%) scale=10.02 p5=-0.09 p95=9.92 | r/step=0.0044 | 1.3 ips ETA 5h47\r\n"}
,{"stream_name":"stdout","time":2780.99958388,"data":"  iter  3400/30000 [11.3%] | WM wm=26.44 rec=18.56 kl=7.65 rew=0.225 con=0.005 rew@ach=0.72/0.79(n=16) rew@0=+0.005 | AC act=0.000 crit=1.975 pg=0.001 H=0.43 | img ret=5.02 val=4.92 imgR(mu=0.064 max=1.01 p99=0.98 hi=5.94%) scale=9.41 p5=-0.12 p95=9.29 | r/step=0.0032 | 1.3 ips ETA 5h46\r\n"}
,{"stream_name":"stdout","time":2815.637069748,"data":"  iter  3450/30000 [11.5%] | WM wm=23.30 rec=17.55 kl=5.67 rew=0.080 con=0.003 rew@ach=0.98/1.00(n=4) rew@0=-0.002 | AC act=-0.007 crit=2.181 pg=-0.007 H=0.37 | img ret=4.08 val=4.20 imgR(mu=0.035 max=1.01 p99=0.82 hi=2.47%) scale=8.86 p5=-0.09 p95=8.77 | r/step=0.0086 | 1.3 ips ETA 5h44\r\n"}
,{"stream_name":"stdout","time":2849.84864425,"data":"  iter  3500/30000 [11.7%] | WM wm=29.03 rec=22.37 kl=6.57 rew=0.095 con=0.001 rew@ach=0.94/1.00(n=5) rew@0=+0.009 | AC act=0.006 crit=2.272 pg=0.006 H=0.37 | img ret=3.94 val=3.77 imgR(mu=0.056 max=1.01 p99=0.88 hi=4.50%) scale=8.36 p5=-0.08 p95=8.28 | r/step=0.0086 | 1.3 ips ETA 5h43\r\n"}
,{"stream_name":"stdout","time":2883.772522679,"data":"  iter  3550/30000 [11.8%] | WM wm=29.41 rec=22.06 kl=7.19 rew=0.146 con=0.008 rew@ach=0.80/1.00(n=7) rew@0=+0.003 | AC act=-0.001 crit=1.829 pg=-0.001 H=0.51 | img ret=3.23 val=3.26 imgR(mu=0.019 max=1.00 p99=0.74 hi=1.59%) scale=7.81 p5=-0.10 p95=7.70 | r/step=0.0101 | 1.3 ips ETA 5h42\r\n"}
,{"stream_name":"stdout","time":2918.297217145,"data":"  iter  3600/30000 [12.0%] | WM wm=27.74 rec=20.79 kl=6.83 rew=0.109 con=0.006 rew@ach=0.75/0.80(n=8) rew@0=+0.004 | AC act=0.007 crit=2.236 pg=0.007 H=0.37 | img ret=4.07 val=3.80 imgR(mu=0.053 max=1.01 p99=0.92 hi=4.41%) scale=7.50 p5=-0.05 p95=7.45 | r/step=0.0113 | 1.3 ips ETA 5h41\r\n"}
,{"stream_name":"stdout","time":2952.661621469,"data":"  iter  3650/30000 [12.2%] | WM wm=25.11 rec=18.06 kl=6.83 rew=0.216 con=0.005 rew@ach=0.64/0.81(n=18) rew@0=+0.011 | AC act=0.003 crit=1.814 pg=0.003 H=0.37 | img ret=4.56 val=4.45 imgR(mu=0.042 max=1.01 p99=0.94 hi=3.30%) scale=7.38 p5=-0.02 p95=7.36 | r/step=0.0151 | 1.3 ips ETA 5h39\r\n"}
,{"stream_name":"stdout","time":2986.963804949,"data":"  iter  3700/30000 [12.3%] | WM wm=26.28 rec=19.54 kl=6.64 rew=0.096 con=0.003 rew@ach=0.93/1.00(n=7) rew@0=+0.003 | AC act=0.001 crit=1.702 pg=0.001 H=0.39 | img ret=4.42 val=4.35 imgR(mu=0.037 max=1.01 p99=0.96 hi=2.29%) scale=7.54 p5=0.04 p95=7.58 | r/step=0.0127 | 1.3 ips ETA 5h38\r\n"}
,{"stream_name":"stdout","time":3021.576866777,"data":"  iter  3750/30000 [12.5%] | WM wm=22.55 rec=15.50 kl=6.82 rew=0.213 con=0.016 rew@ach=0.60/0.67(n=15) rew@0=+0.007 | AC act=-0.003 crit=1.677 pg=-0.003 H=0.35 | img ret=4.37 val=4.44 imgR(mu=0.017 max=1.01 p99=0.70 hi=1.24%) scale=7.75 p5=0.00 p95=7.75 | r/step=0.0117 | 1.3 ips ETA 5h37\r\n"}
,{"stream_name":"stdout","time":3055.708568585,"data":"  iter  3800/30000 [12.7%] | WM wm=26.12 rec=19.31 kl=6.60 rew=0.196 con=0.007 rew@ach=0.77/0.89(n=19) rew@0=+0.009 | AC act=-0.003 crit=2.118 pg=-0.003 H=0.37 | img ret=3.67 val=3.73 imgR(mu=0.019 max=1.01 p99=0.84 hi=2.00%) scale=8.10 p5=-0.01 p95=8.10 | r/step=0.0144 | 1.3 ips ETA 5h36\r\n"}
,{"stream_name":"stdout","time":3089.880215181,"data":"  iter  3850/30000 [12.8%] | WM wm=28.42 rec=21.24 kl=6.97 rew=0.197 con=0.008 rew@ach=0.90/1.00(n=14) rew@0=+0.011 | AC act=-0.002 crit=1.894 pg=-0.002 H=0.33 | img ret=3.53 val=3.61 imgR(mu=0.015 max=1.01 p99=0.56 hi=1.14%) scale=8.45 p5=-0.05 p95=8.39 | r/step=0.0115 | 1.3 ips ETA 5h35\r\n"}
,{"stream_name":"stdout","time":3124.198034026,"data":"  iter  3900/30000 [13.0%] | WM wm=24.17 rec=16.98 kl=6.97 rew=0.215 con=0.005 rew@ach=0.65/1.00(n=13) rew@0=+0.006 | AC act=0.001 crit=1.741 pg=0.001 H=0.41 | img ret=4.26 val=4.20 imgR(mu=0.028 max=1.03 p99=0.99 hi=2.04%) scale=8.55 p5=-0.02 p95=8.53 | r/step=0.0101 | 1.3 ips ETA 5h34\r\n"}
,{"stream_name":"stdout","time":3158.429293232,"data":"  iter  3950/30000 [13.2%] | WM wm=22.83 rec=15.61 kl=7.06 rew=0.151 con=0.009 rew@ach=0.75/0.81(n=9) rew@0=+0.002 | AC act=-0.001 crit=1.819 pg=-0.001 H=0.40 | img ret=4.53 val=4.54 imgR(mu=0.029 max=1.01 p99=0.84 hi=2.28%) scale=8.65 p5=-0.06 p95=8.59 | r/step=0.0118 | 1.3 ips ETA 5h33\r\n"}
,{"stream_name":"stdout","time":3192.512922606,"data":"  iter  4000/30000 [13.3%] | WM wm=22.61 rec=15.05 kl=7.30 rew=0.254 con=0.007 rew@ach=0.75/0.90(n=17) rew@0=+0.013 | AC act=-0.003 crit=1.942 pg=-0.003 H=0.33 | img ret=3.79 val=3.87 imgR(mu=0.026 max=1.01 p99=0.81 hi=1.89%) scale=8.65 p5=-0.08 p95=8.57 | r/step=0.0085 | 1.3 ips ETA 5h32\r\n"}
,{"stream_name":"stdout","time":3227.074580507,"data":"  iter  4050/30000 [13.5%] | WM wm=22.89 rec=16.64 kl=6.08 rew=0.151 con=0.008 rew@ach=0.97/1.01(n=10) rew@0=+0.008 | AC act=-0.001 crit=1.714 pg=-0.001 H=0.36 | img ret=4.18 val=4.16 imgR(mu=0.031 max=1.01 p99=0.74 hi=1.76%) scale=8.34 p5=-0.13 p95=8.20 | r/step=0.0173 | 1.3 ips ETA 5h31\r\n"}
,{"stream_name":"stdout","time":3261.213987664,"data":"  iter  4100/30000 [13.7%] | WM wm=22.17 rec=15.12 kl=6.89 rew=0.147 con=0.002 rew@ach=0.79/0.81(n=9) rew@0=+0.007 | AC act=-0.002 crit=2.033 pg=-0.002 H=0.35 | img ret=3.74 val=3.71 imgR(mu=0.040 max=1.02 p99=0.99 hi=3.26%) scale=7.98 p5=-0.08 p95=7.91 | r/step=0.0112 | 1.3 ips ETA 5h29\r\n"}
,{"stream_name":"stdout","time":3295.325265534,"data":"  iter  4150/30000 [13.8%] | WM wm=22.10 rec=15.82 kl=6.11 rew=0.171 con=0.005 rew@ach=0.87/1.00(n=17) rew@0=+0.004 | AC act=-0.001 crit=2.280 pg=-0.001 H=0.38 | img ret=2.88 val=2.88 imgR(mu=0.031 max=1.00 p99=0.71 hi=2.14%) scale=7.61 p5=-0.06 p95=7.54 | r/step=0.0094 | 1.3 ips ETA 5h28\r\n"}
,{"stream_name":"stdout","time":3329.74596157,"data":"  iter  4200/30000 [14.0%] | WM wm=24.08 rec=16.86 kl=7.08 rew=0.137 con=0.001 rew@ach=0.78/0.85(n=13) rew@0=+0.004 | AC act=-0.005 crit=1.759 pg=-0.004 H=0.41 | img ret=3.24 val=3.33 imgR(mu=0.017 max=1.02 p99=0.99 hi=1.27%) scale=7.43 p5=-0.04 p95=7.38 | r/step=0.0127 | 1.3 ips ETA 5h27\r\n"}
,{"stream_name":"stdout","time":3364.031013647,"data":"  iter  4250/30000 [14.2%] | WM wm=26.03 rec=19.04 kl=6.86 rew=0.125 con=0.006 rew@ach=0.29/0.38(n=8) rew@0=+0.004 | AC act=-0.002 crit=1.837 pg=-0.002 H=0.55 | img ret=2.58 val=2.62 imgR(mu=0.018 max=1.01 p99=0.94 hi=1.82%) scale=7.08 p5=-0.00 p95=7.08 | r/step=0.0136 | 1.3 ips ETA 5h26\r\n"}
,{"stream_name":"stdout","time":3398.354412199,"data":"  iter  4300/30000 [14.3%] | WM wm=22.93 rec=15.96 kl=6.73 rew=0.231 con=0.002 rew@ach=0.61/0.77(n=15) rew@0=+0.006 | AC act=0.003 crit=2.076 pg=0.003 H=0.35 | img ret=3.46 val=3.35 imgR(mu=0.041 max=1.01 p99=0.88 hi=3.15%) scale=6.61 p5=0.03 p95=6.65 | r/step=0.0122 | 1.3 ips ETA 5h25\r\n"}
,{"stream_name":"stdout","time":3432.495450036,"data":"  iter  4350/30000 [14.5%] | WM wm=21.69 rec=14.67 kl=6.74 rew=0.263 con=0.008 rew@ach=0.64/0.75(n=20) rew@0=+0.014 | AC act=-0.001 crit=2.118 pg=-0.001 H=0.38 | img ret=2.83 val=2.81 imgR(mu=0.016 max=1.01 p99=0.65 hi=1.42%) scale=6.59 p5=0.03 p95=6.62 | r/step=0.0133 | 1.3 ips ETA 5h24\r\n"}
,{"stream_name":"stdout","time":3466.833474227,"data":"  iter  4400/30000 [14.7%] | WM wm=24.30 rec=16.79 kl=7.28 rew=0.222 con=0.009 rew@ach=0.64/0.78(n=16) rew@0=+0.011 | AC act=0.005 crit=1.918 pg=0.005 H=0.47 | img ret=4.07 val=3.98 imgR(mu=0.035 max=1.04 p99=0.90 hi=2.72%) scale=6.62 p5=0.01 p95=6.63 | r/step=0.0139 | 1.3 ips ETA 5h23\r\n"}
,{"stream_name":"stdout","time":3500.994590241,"data":"  iter  4450/30000 [14.8%] | WM wm=23.87 rec=16.98 kl=6.66 rew=0.218 con=0.009 rew@ach=0.55/0.58(n=16) rew@0=+0.004 | AC act=0.004 crit=1.856 pg=0.004 H=0.47 | img ret=4.41 val=4.27 imgR(mu=0.039 max=1.02 p99=0.86 hi=2.85%) scale=6.51 p5=0.03 p95=6.58 | r/step=0.0119 | 1.3 ips ETA 5h22\r\n"}
,{"stream_name":"stdout","time":3535.327676431,"data":"  iter  4500/30000 [15.0%] | WM wm=21.64 rec=15.04 kl=6.49 rew=0.115 con=0.001 rew@ach=0.52/0.66(n=10) rew@0=+0.003 | AC act=0.005 crit=1.766 pg=0.005 H=0.56 | img ret=4.03 val=3.98 imgR(mu=0.021 max=1.01 p99=0.77 hi=1.60%) scale=6.62 p5=-0.05 p95=6.58 | r/step=0.0151 | 1.3 ips ETA 5h21\r\n"}
,{"stream_name":"stdout","time":3569.894458587,"data":"  iter  4550/30000 [15.2%] | WM wm=24.36 rec=17.35 kl=6.79 rew=0.220 con=0.002 rew@ach=0.65/1.00(n=10) rew@0=+0.010 | AC act=-0.000 crit=1.800 pg=0.000 H=0.46 | img ret=4.20 val=4.18 imgR(mu=0.020 max=1.01 p99=0.65 hi=1.26%) scale=6.86 p5=-0.04 p95=6.82 | r/step=0.0154 | 1.3 ips ETA 5h20\r\n"}
,{"stream_name":"stdout","time":3604.030943812,"data":"  iter  4600/30000 [15.3%] | WM wm=24.61 rec=17.01 kl=7.42 rew=0.177 con=0.008 rew@ach=0.82/1.00(n=10) rew@0=+0.008 | AC act=0.004 crit=1.823 pg=0.004 H=0.49 | img ret=4.11 val=4.01 imgR(mu=0.037 max=1.01 p99=0.99 hi=3.17%) scale=6.98 p5=-0.02 p95=6.96 | r/step=0.0126 | 1.3 ips ETA 5h19\r\n"}
,{"stream_name":"stdout","time":3637.966694082,"data":"  iter  4650/30000 [15.5%] | WM wm=20.88 rec=13.90 kl=6.78 rew=0.192 con=0.006 rew@ach=0.53/0.67(n=15) rew@0=+0.008 | AC act=0.001 crit=1.825 pg=0.001 H=0.47 | img ret=4.26 val=4.20 imgR(mu=0.017 max=1.01 p99=0.66 hi=1.31%) scale=7.50 p5=-0.08 p95=7.43 | r/step=0.0117 | 1.3 ips ETA 5h18\r\n"}
,{"stream_name":"stdout","time":3672.524705938,"data":"  iter  4700/30000 [15.7%] | WM wm=23.22 rec=16.45 kl=6.61 rew=0.153 con=0.008 rew@ach=0.77/0.83(n=10) rew@0=+0.007 | AC act=-0.001 crit=1.651 pg=-0.001 H=0.53 | img ret=3.99 val=3.96 imgR(mu=0.014 max=1.01 p99=0.48 hi=0.98%) scale=7.51 p5=-0.08 p95=7.42 | r/step=0.0162 | 1.3 ips ETA 5h18\r\n"}
,{"stream_name":"stdout","time":3706.710666848,"data":"  iter  4750/30000 [15.8%] | WM wm=20.11 rec=13.85 kl=6.13 rew=0.114 con=0.003 rew@ach=0.96/1.00(n=12) rew@0=+0.007 | AC act=-0.000 crit=1.785 pg=-0.000 H=0.57 | img ret=4.37 val=4.39 imgR(mu=0.016 max=1.01 p99=0.89 hi=1.61%) scale=7.31 p5=-0.05 p95=7.27 | r/step=0.0118 | 1.3 ips ETA 5h17\r\n"}
,{"stream_name":"stdout","time":3740.990249564,"data":"  iter  4800/30000 [16.0%] | WM wm=21.30 rec=14.68 kl=6.46 rew=0.148 con=0.010 rew@ach=0.85/0.87(n=13) rew@0=+0.007 | AC act=-0.001 crit=1.709 pg=-0.001 H=0.61 | img ret=3.62 val=3.65 imgR(mu=0.025 max=1.01 p99=0.96 hi=2.17%) scale=7.45 p5=-0.09 p95=7.36 | r/step=0.0100 | 1.3 ips ETA 5h16\r\n"}
,{"stream_name":"stdout","time":3775.323525248,"data":"  iter  4850/30000 [16.2%] | WM wm=22.00 rec=15.29 kl=6.52 rew=0.184 con=0.002 rew@ach=0.81/0.96(n=15) rew@0=+0.012 | AC act=-0.000 crit=1.620 pg=-0.000 H=0.53 | img ret=4.44 val=4.39 imgR(mu=0.041 max=1.03 p99=0.95 hi=2.65%) scale=7.37 p5=-0.06 p95=7.32 | r/step=0.0096 | 1.3 ips ETA 5h15\r\n"}
,{"stream_name":"stdout","time":3809.605618661,"data":"  iter  4900/30000 [16.3%] | WM wm=24.10 rec=17.01 kl=6.93 rew=0.162 con=0.006 rew@ach=0.85/0.98(n=12) rew@0=+0.010 | AC act=-0.004 crit=1.896 pg=-0.004 H=0.56 | img ret=3.19 val=3.20 imgR(mu=0.029 max=1.01 p99=0.88 hi=2.29%) scale=7.31 p5=-0.05 p95=7.27 | r/step=0.0109 | 1.3 ips ETA 5h14\r\n"}
,{"stream_name":"stdout","time":3843.850217875,"data":"  iter  4950/30000 [16.5%] | WM wm=21.75 rec=15.12 kl=6.46 rew=0.175 con=0.006 rew@ach=0.75/0.86(n=12) rew@0=+0.011 | AC act=-0.001 crit=2.019 pg=-0.000 H=0.59 | img ret=2.97 val=2.91 imgR(mu=0.043 max=1.01 p99=0.88 hi=3.19%) scale=7.03 p5=-0.01 p95=7.02 | r/step=0.0150 | 1.3 ips ETA 5h13\r\n"}
,{"stream_name":"stdout","time":3878.299844285,"data":"  iter  5000/30000 [16.7%] | WM wm=20.99 rec=13.84 kl=6.93 rew=0.218 con=0.007 rew@ach=0.57/0.69(n=17) rew@0=+0.009 | AC act=-0.002 crit=1.698 pg=-0.002 H=0.59 | img ret=3.25 val=3.24 imgR(mu=0.032 max=1.01 p99=0.72 hi=2.04%) scale=6.76 p5=-0.05 p95=6.71 | r/step=0.0105 | 1.3 ips ETA 5h12\r\n"}
,{"stream_name":"stdout","time":4063.550336456,"data":"  \u003e\u003e\u003e EVAL @ iter 5000 : score=2.62  length=193  achievements=3.52 ↑  sample=3.20  (best=3.52 @5000)  crafter_score=1.74% [907 train eps]\r\n"}
,{"stream_name":"stdout","time":4063.550363456,"data":"      unlocked (9/22): collect_sapling=100%  wake_up=99%  place_plant=89%  collect_wood=35%  defeat_zombie=15%  collect_drink=8%  eat_cow=4%  defeat_skeleton=1%  place_table=1%\r\n"}
,{"stream_name":"stdout","time":4063.550369416,"data":"      TRAIN (11/22 sur 907 eps): wake_up=820(90.4%)  collect_sapling=520(57.3%)  place_plant=318(35.1%)  collect_wood=272(30.0%)  collect_drink=81(8.9%)  defeat_zombie=42(4.6%)  place_table=17(1.9%)  eat_cow=13(1.4%)  make_wood_pickaxe=2(0.2%)  make_wood_sword=2(0.2%)  defeat_skeleton=2(0.2%)\r\n"}
,{"stream_name":"stdout","time":4063.550374876,"data":"      JAMAIS vus en train (11) : collect_coal  collect_diamond  collect_iron  collect_stone  eat_plant  make_iron_pickaxe  make_iron_sword  make_stone_pickaxe  make_stone_sword  place_furnace  place_stone\r\n"}
,{"stream_name":"stdout","time":4072.528374859,"data":"  Checkpoint saved : dreamer_crafter_jax_v47-tpu-acwarmup-t1_iter005000.npz\r\n"}
,{"stream_name":"stdout","time":4107.552582267,"data":"  iter  5050/30000 [16.8%] | WM wm=20.00 rec=13.15 kl=6.60 rew=0.240 con=0.013 rew@ach=0.80/0.89(n=18) rew@0=+0.034 | AC act=-0.000 crit=2.084 pg=-0.000 H=0.53 | img ret=3.01 val=2.93 imgR(mu=0.048 max=1.01 p99=0.97 hi=4.24%) scale=6.73 p5=-0.03 p95=6.70 | r/step=0.0168 | 1.3 ips ETA 5h27\r\n"}
,{"stream_name":"stdout","time":4142.348257225,"data":"  iter  5100/30000 [17.0%] | WM wm=20.24 rec=13.30 kl=6.69 rew=0.244 con=0.004 rew@ach=0.55/0.72(n=24) rew@0=+0.006 | AC act=-0.005 crit=1.717 pg=-0.005 H=0.74 | img ret=2.70 val=2.67 imgR(mu=0.031 max=1.00 p99=0.76 hi=2.73%) scale=6.71 p5=-0.04 p95=6.66 | r/step=0.0145 | 1.3 ips ETA 5h26\r\n"}
,{"stream_name":"stdout","time":4176.894097113,"data":"  iter  5150/30000 [17.2%] | WM wm=18.42 rec=12.45 kl=5.82 rew=0.149 con=0.007 rew@ach=0.97/1.00(n=10) rew@0=+0.003 | AC act=-0.004 crit=1.732 pg=-0.004 H=0.79 | img ret=2.71 val=2.73 imgR(mu=0.024 max=1.01 p99=0.99 hi=1.79%) scale=6.61 p5=-0.05 p95=6.56 | r/step=0.0129 | 1.3 ips ETA 5h25\r\n"}
,{"stream_name":"stdout","time":4211.875733008,"data":"  iter  5200/30000 [17.3%] | WM wm=21.66 rec=14.58 kl=6.84 rew=0.230 con=0.003 rew@ach=0.70/0.90(n=17) rew@0=+0.012 | AC act=-0.002 crit=1.799 pg=-0.002 H=0.49 | img ret=2.70 val=2.70 imgR(mu=0.031 max=1.01 p99=0.83 hi=1.94%) scale=6.43 p5=-0.02 p95=6.41 | r/step=0.0086 | 1.3 ips ETA 5h24\r\n"}
,{"stream_name":"stdout","time":4246.529053512,"data":"  iter  5250/30000 [17.5%] | WM wm=22.39 rec=14.78 kl=7.36 rew=0.251 con=0.006 rew@ach=0.67/0.84(n=21) rew@0=+0.011 | AC act=0.004 crit=2.258 pg=0.005 H=0.57 | img ret=2.07 val=1.89 imgR(mu=0.045 max=1.07 p99=0.97 hi=3.63%) scale=6.71 p5=-0.05 p95=6.64 | r/step=0.0119 | 1.3 ips ETA 5h23\r\n"}
,{"stream_name":"stdout","time":4280.939774084,"data":"  iter  5300/30000 [17.7%] | WM wm=19.57 rec=12.83 kl=6.52 rew=0.213 con=0.008 rew@ach=0.68/0.83(n=11) rew@0=+0.004 | AC act=-0.003 crit=1.699 pg=-0.002 H=0.63 | img ret=2.80 val=2.80 imgR(mu=0.022 max=1.01 p99=0.80 hi=1.39%) scale=6.64 p5=-0.04 p95=6.59 | r/step=0.0148 | 1.3 ips ETA 5h22\r\n"}
,{"stream_name":"stdout","time":4315.53822744,"data":"  iter  5350/30000 [17.8%] | WM wm=23.69 rec=15.87 kl=7.66 rew=0.166 con=0.002 rew@ach=0.78/0.87(n=15) rew@0=+0.007 | AC act=-0.001 crit=1.957 pg=-0.001 H=0.49 | img ret=2.59 val=2.57 imgR(mu=0.033 max=1.01 p99=0.86 hi=2.28%) scale=6.22 p5=-0.09 p95=6.14 | r/step=0.0149 | 1.3 ips ETA 5h21\r\n"}
,{"stream_name":"stdout","time":4350.000569268,"data":"  iter  5400/30000 [18.0%] | WM wm=21.27 rec=13.57 kl=7.49 rew=0.206 con=0.005 rew@ach=0.62/0.83(n=10) rew@0=+0.012 | AC act=-0.003 crit=1.723 pg=-0.002 H=0.59 | img ret=3.10 val=3.09 imgR(mu=0.036 max=1.01 p99=1.00 hi=2.62%) scale=6.32 p5=-0.09 p95=6.23 | r/step=0.0107 | 1.3 ips ETA 5h20\r\n"}
,{"stream_name":"stdout","time":4384.682326295,"data":"  iter  5450/30000 [18.2%] | WM wm=24.69 rec=17.17 kl=7.30 rew=0.214 con=0.005 rew@ach=0.82/1.00(n=15) rew@0=+0.013 | AC act=0.011 crit=2.002 pg=0.012 H=0.60 | img ret=3.07 val=2.91 imgR(mu=0.046 max=1.01 p99=0.99 hi=3.77%) scale=6.11 p5=-0.08 p95=6.03 | r/step=0.0159 | 1.3 ips ETA 5h19\r\n"}
,{"stream_name":"stdout","time":4419.64261085,"data":"  iter  5500/30000 [18.3%] | WM wm=21.67 rec=14.25 kl=7.21 rew=0.197 con=0.006 rew@ach=0.77/0.90(n=17) rew@0=+0.024 | AC act=0.012 crit=2.344 pg=0.012 H=0.48 | img ret=3.40 val=3.03 imgR(mu=0.096 max=1.02 p99=0.95 hi=8.69%) scale=6.39 p5=-0.09 p95=6.35 | r/step=0.0175 | 1.3 ips ETA 5h18\r\n"}
,{"stream_name":"stdout","time":4454.179996042,"data":"  iter  5550/30000 [18.5%] | WM wm=20.33 rec=14.04 kl=6.16 rew=0.129 con=0.002 rew@ach=0.87/1.00(n=10) rew@0=+0.005 | AC act=-0.005 crit=1.990 pg=-0.005 H=0.48 | img ret=2.67 val=2.64 imgR(mu=0.029 max=1.01 p99=0.75 hi=2.06%) scale=6.40 p5=-0.09 p95=6.31 | r/step=0.0091 | 1.3 ips ETA 5h17\r\n"}
,{"stream_name":"stdout","time":4488.72740545,"data":"  iter  5600/30000 [18.7%] | WM wm=22.39 rec=15.32 kl=6.90 rew=0.163 con=0.004 rew@ach=0.62/0.72(n=12) rew@0=+0.007 | AC act=0.001 crit=1.953 pg=0.001 H=0.52 | img ret=2.64 val=2.61 imgR(mu=0.031 max=1.01 p99=0.83 hi=2.42%) scale=6.70 p5=-0.11 p95=6.59 | r/step=0.0104 | 1.3 ips ETA 5h16\r\n"}
,{"stream_name":"stdout","time":4523.643347768,"data":"  iter  5650/30000 [18.8%] | WM wm=21.59 rec=15.38 kl=6.06 rew=0.149 con=0.004 rew@ach=0.91/1.00(n=11) rew@0=+0.014 | AC act=0.002 crit=2.120 pg=0.002 H=0.49 | img ret=2.73 val=2.64 imgR(mu=0.053 max=1.01 p99=0.84 hi=3.19%) scale=6.51 p5=-0.10 p95=6.42 | r/step=0.0097 | 1.3 ips ETA 5h15\r\n"}
,{"stream_name":"stdout","time":4558.14084943,"data":"  iter  5700/30000 [19.0%] | WM wm=21.28 rec=14.62 kl=6.47 rew=0.185 con=0.006 rew@ach=0.74/0.83(n=11) rew@0=+0.005 | AC act=-0.003 crit=2.043 pg=-0.003 H=0.47 | img ret=2.47 val=2.52 imgR(mu=0.025 max=1.01 p99=0.71 hi=1.63%) scale=6.45 p5=-0.13 p95=6.32 | r/step=0.0113 | 1.3 ips ETA 5h14\r\n"}
,{"stream_name":"stdout","time":4592.842065584,"data":"  iter  5750/30000 [19.2%] | WM wm=17.58 rec=10.95 kl=6.39 rew=0.242 con=0.005 rew@ach=0.68/0.84(n=21) rew@0=+0.014 | AC act=-0.003 crit=1.653 pg=-0.003 H=0.59 | img ret=2.50 val=2.54 imgR(mu=0.023 max=1.01 p99=0.67 hi=1.50%) scale=6.12 p5=-0.12 p95=6.00 | r/step=0.0061 | 1.3 ips ETA 5h13\r\n"}
,{"stream_name":"stdout","time":4627.53043134,"data":"  iter  5800/30000 [19.3%] | WM wm=23.00 rec=14.88 kl=7.88 rew=0.230 con=0.007 rew@ach=0.82/1.00(n=13) rew@0=+0.019 | AC act=-0.003 crit=1.923 pg=-0.003 H=0.42 | img ret=2.56 val=2.54 imgR(mu=0.036 max=1.01 p99=0.98 hi=2.98%) scale=6.02 p5=-0.14 p95=5.89 | r/step=0.0140 | 1.3 ips ETA 5h12\r\n"}
,{"stream_name":"stdout","time":4662.39303476,"data":"  iter  5850/30000 [19.5%] | WM wm=22.56 rec=15.27 kl=7.14 rew=0.143 con=0.000 rew@ach=0.82/0.89(n=15) rew@0=+0.008 | AC act=0.003 crit=1.719 pg=0.003 H=0.52 | img ret=2.40 val=2.35 imgR(mu=0.028 max=1.02 p99=0.92 hi=1.80%) scale=5.81 p5=-0.13 p95=5.67 | r/step=0.0115 | 1.3 ips ETA 5h12\r\n"}
,{"stream_name":"stdout","time":4696.945451336,"data":"  iter  5900/30000 [19.7%] | WM wm=17.45 rec=11.22 kl=6.12 rew=0.107 con=0.000 rew@ach=0.96/1.00(n=10) rew@0=+0.008 | AC act=0.001 crit=1.790 pg=0.001 H=0.47 | img ret=2.77 val=2.73 imgR(mu=0.036 max=1.01 p99=0.91 hi=2.49%) scale=5.85 p5=-0.16 p95=5.68 | r/step=0.0165 | 1.3 ips ETA 5h11\r\n"}
,{"stream_name":"stdout","time":4731.740265274,"data":"  iter  5950/30000 [19.8%] | WM wm=23.02 rec=16.39 kl=6.42 rew=0.202 con=0.006 rew@ach=0.58/0.87(n=12) rew@0=+0.005 | AC act=0.009 crit=2.229 pg=0.009 H=0.57 | img ret=2.09 val=1.95 imgR(mu=0.039 max=1.01 p99=0.97 hi=3.22%) scale=5.88 p5=-0.17 p95=5.70 | r/step=0.0163 | 1.3 ips ETA 5h10\r\n"}
,{"stream_name":"stdout","time":4766.249759941,"data":"  iter  6000/30000 [20.0%] | WM wm=19.29 rec=12.60 kl=6.49 rew=0.201 con=0.007 rew@ach=0.69/0.89(n=16) rew@0=+0.012 | AC act=-0.006 crit=1.962 pg=-0.006 H=0.44 | img ret=2.52 val=2.58 imgR(mu=0.024 max=1.01 p99=0.98 hi=1.80%) scale=5.85 p5=-0.14 p95=5.70 | r/step=0.0102 | 1.3 ips ETA 5h09\r\n"}
,{"stream_name":"stdout","time":4800.976382273,"data":"  iter  6050/30000 [20.2%] | WM wm=18.03 rec=11.69 kl=6.16 rew=0.184 con=0.003 rew@ach=0.93/1.00(n=16) rew@0=+0.022 | AC act=0.002 crit=1.670 pg=0.002 H=0.36 | img ret=2.86 val=2.85 imgR(mu=0.028 max=1.01 p99=0.77 hi=1.93%) scale=5.58 p5=-0.11 p95=5.46 | r/step=0.0151 | 1.3 ips ETA 5h08\r\n"}
,{"stream_name":"stdout","time":4835.730316861,"data":"  iter  6100/30000 [20.3%] | WM wm=20.66 rec=12.81 kl=7.60 rew=0.240 con=0.007 rew@ach=0.81/0.91(n=19) rew@0=+0.025 | AC act=0.002 crit=2.063 pg=0.002 H=0.39 | img ret=2.80 val=2.71 imgR(mu=0.044 max=1.01 p99=0.91 hi=2.98%) scale=5.57 p5=-0.13 p95=5.43 | r/step=0.0125 | 1.3 ips ETA 5h07\r\n"}
,{"stream_name":"stdout","time":4870.233813709,"data":"  iter  6150/30000 [20.5%] | WM wm=16.72 rec=10.37 kl=6.08 rew=0.264 con=0.008 rew@ach=0.76/0.99(n=20) rew@0=+0.017 | AC act=-0.005 crit=1.801 pg=-0.005 H=0.45 | img ret=2.53 val=2.56 imgR(mu=0.025 max=1.01 p99=0.83 hi=2.04%) scale=5.47 p5=-0.16 p95=5.30 | r/step=0.0136 | 1.3 ips ETA 5h06\r\n"}
,{"stream_name":"stdout","time":4904.708910429,"data":"  iter  6200/30000 [20.7%] | WM wm=22.51 rec=14.88 kl=7.46 rew=0.160 con=0.006 rew@ach=0.78/1.00(n=7) rew@0=+0.015 | AC act=0.000 crit=1.888 pg=0.000 H=0.41 | img ret=2.51 val=2.47 imgR(mu=0.015 max=1.02 p99=0.61 hi=1.27%) scale=5.39 p5=-0.13 p95=5.26 | r/step=0.0176 | 1.3 ips ETA 5h05\r\n"}
,{"stream_name":"stdout","time":4939.376634017,"data":"  iter  6250/30000 [20.8%] | WM wm=18.59 rec=12.08 kl=6.28 rew=0.219 con=0.006 rew@ach=0.92/1.00(n=17) rew@0=+0.025 | AC act=-0.001 crit=1.923 pg=-0.001 H=0.35 | img ret=2.51 val=2.48 imgR(mu=0.034 max=1.01 p99=0.80 hi=2.23%) scale=5.66 p5=-0.15 p95=5.51 | r/step=0.0204 | 1.3 ips ETA 5h04\r\n"}
,{"stream_name":"stdout","time":4973.794679412,"data":"  iter  6300/30000 [21.0%] | WM wm=20.90 rec=14.06 kl=6.61 rew=0.217 con=0.005 rew@ach=0.79/0.97(n=14) rew@0=+0.006 | AC act=0.001 crit=1.898 pg=0.001 H=0.40 | img ret=2.62 val=2.58 imgR(mu=0.028 max=1.01 p99=0.89 hi=2.23%) scale=5.84 p5=-0.17 p95=5.67 | r/step=0.0213 | 1.3 ips ETA 5h03\r\n"}
,{"stream_name":"stdout","time":5008.233126861,"data":"  iter  6350/30000 [21.2%] | WM wm=21.73 rec=14.71 kl=6.86 rew=0.156 con=0.005 rew@ach=0.88/1.00(n=12) rew@0=+0.007 | AC act=-0.002 crit=1.759 pg=-0.002 H=0.41 | img ret=2.27 val=2.30 imgR(mu=0.016 max=1.01 p99=0.57 hi=1.13%) scale=5.80 p5=-0.16 p95=5.63 | r/step=0.0135 | 1.3 ips ETA 5h02\r\n"}
,{"stream_name":"stdout","time":5042.806982355,"data":"  iter  6400/30000 [21.3%] | WM wm=16.65 rec=10.31 kl=6.16 rew=0.169 con=0.010 rew@ach=0.81/0.84(n=21) rew@0=+0.016 | AC act=0.002 crit=1.992 pg=0.002 H=0.42 | img ret=2.53 val=2.46 imgR(mu=0.033 max=1.01 p99=0.80 hi=2.30%) scale=6.04 p5=-0.17 p95=5.87 | r/step=0.0142 | 1.3 ips ETA 5h02\r\n"}
,{"stream_name":"stdout","time":5077.800433812,"data":"  iter  6450/30000 [21.5%] | WM wm=19.17 rec=12.58 kl=6.44 rew=0.148 con=0.003 rew@ach=0.90/1.00(n=14) rew@0=+0.009 | AC act=0.002 crit=1.863 pg=0.002 H=0.45 | img ret=2.14 val=2.14 imgR(mu=0.015 max=1.01 p99=0.73 hi=1.34%) scale=6.03 p5=-0.18 p95=5.85 | r/step=0.0127 | 1.3 ips ETA 5h01\r\n"}
,{"stream_name":"stdout","time":5112.643262947,"data":"  iter  6500/30000 [21.7%] | WM wm=21.07 rec=13.88 kl=6.99 rew=0.203 con=0.005 rew@ach=0.59/0.75(n=13) rew@0=+0.019 | AC act=0.002 crit=1.744 pg=0.002 H=0.39 | img ret=2.60 val=2.56 imgR(mu=0.034 max=1.02 p99=0.92 hi=2.20%) scale=6.03 p5=-0.19 p95=5.84 | r/step=0.0131 | 1.3 ips ETA 5h00\r\n"}
,{"stream_name":"stdout","time":5147.235516494,"data":"  iter  6550/30000 [21.8%] | WM wm=22.21 rec=15.33 kl=6.69 rew=0.189 con=0.004 rew@ach=0.92/1.00(n=14) rew@0=+0.022 | AC act=-0.003 crit=1.896 pg=-0.002 H=0.44 | img ret=2.26 val=2.22 imgR(mu=0.033 max=1.01 p99=0.81 hi=2.72%) scale=6.10 p5=-0.18 p95=5.91 | r/step=0.0112 | 1.3 ips ETA 4h59\r\n"}
,{"stream_name":"stdout","time":5182.052810779,"data":"  iter  6600/30000 [22.0%] | WM wm=20.72 rec=13.51 kl=6.94 rew=0.258 con=0.007 rew@ach=0.79/0.79(n=16) rew@0=+0.016 | AC act=-0.003 crit=2.068 pg=-0.003 H=0.41 | img ret=2.03 val=2.00 imgR(mu=0.028 max=1.00 p99=0.69 hi=2.08%) scale=5.90 p5=-0.17 p95=5.73 | r/step=0.0165 | 1.3 ips ETA 4h58\r\n"}
,{"stream_name":"stdout","time":5216.55840042,"data":"  iter  6650/30000 [22.2%] | WM wm=17.54 rec=11.58 kl=5.80 rew=0.162 con=0.006 rew@ach=0.68/0.74(n=14) rew@0=+0.012 | AC act=0.000 crit=1.674 pg=0.000 H=0.45 | img ret=2.72 val=2.63 imgR(mu=0.040 max=1.01 p99=0.92 hi=3.25%) scale=6.22 p5=-0.17 p95=6.05 | r/step=0.0143 | 1.3 ips ETA 4h57\r\n"}
,{"stream_name":"stdout","time":5251.189892003,"data":"  iter  6700/30000 [22.3%] | WM wm=19.57 rec=13.45 kl=5.93 rew=0.178 con=0.004 rew@ach=0.84/0.91(n=18) rew@0=+0.015 | AC act=-0.002 crit=1.844 pg=-0.001 H=0.34 | img ret=1.67 val=1.69 imgR(mu=0.015 max=1.01 p99=0.64 hi=1.25%) scale=6.16 p5=-0.16 p95=5.99 | r/step=0.0152 | 1.3 ips ETA 4h56\r\n"}
,{"stream_name":"stdout","time":5285.935250739,"data":"  iter  6750/30000 [22.5%] | WM wm=18.71 rec=12.22 kl=6.25 rew=0.233 con=0.005 rew@ach=0.75/0.99(n=18) rew@0=+0.009 | AC act=-0.004 crit=1.828 pg=-0.004 H=0.37 | img ret=1.73 val=1.79 imgR(mu=0.013 max=1.02 p99=0.39 hi=0.78%) scale=6.12 p5=-0.17 p95=5.94 | r/step=0.0140 | 1.3 ips ETA 4h56\r\n"}
,{"stream_name":"stdout","time":5320.363346678,"data":"  iter  6800/30000 [22.7%] | WM wm=20.37 rec=12.46 kl=7.74 rew=0.155 con=0.006 rew@ach=0.90/1.00(n=12) rew@0=+0.012 | AC act=-0.003 crit=1.829 pg=-0.003 H=0.39 | img ret=2.19 val=2.23 imgR(mu=0.029 max=1.01 p99=0.78 hi=1.96%) scale=6.18 p5=-0.19 p95=6.00 | r/step=0.0145 | 1.3 ips ETA 4h55\r\n"}
,{"stream_name":"stdout","time":5355.13489588,"data":"  iter  6850/30000 [22.8%] | WM wm=15.48 rec=9.24 kl=5.95 rew=0.282 con=0.006 rew@ach=0.83/1.00(n=22) rew@0=+0.023 | AC act=0.001 crit=2.043 pg=0.001 H=0.43 | img ret=2.43 val=2.32 imgR(mu=0.045 max=1.01 p99=0.89 hi=3.34%) scale=5.95 p5=-0.18 p95=5.78 | r/step=0.0091 | 1.3 ips ETA 4h54\r\n"}
,{"stream_name":"stdout","time":5390.105622616,"data":"  iter  6900/30000 [23.0%] | WM wm=21.96 rec=14.17 kl=7.54 rew=0.250 con=0.002 rew@ach=0.66/0.79(n=18) rew@0=+0.021 | AC act=-0.003 crit=1.683 pg=-0.003 H=0.50 | img ret=2.06 val=2.06 imgR(mu=0.025 max=1.00 p99=0.86 hi=2.15%) scale=5.70 p5=-0.18 p95=5.52 | r/step=0.0150 | 1.3 ips ETA 4h53\r\n"}
,{"stream_name":"stdout","time":5424.82688227,"data":"  iter  6950/30000 [23.2%] | WM wm=19.54 rec=12.90 kl=6.39 rew=0.233 con=0.015 rew@ach=0.59/0.88(n=14) rew@0=+0.010 | AC act=0.008 crit=2.071 pg=0.008 H=0.45 | img ret=1.74 val=1.62 imgR(mu=0.039 max=1.03 p99=0.99 hi=3.57%) scale=5.85 p5=-0.16 p95=5.69 | r/step=0.0156 | 1.3 ips ETA 4h52\r\n"}
,{"stream_name":"stdout","time":5459.520423154,"data":"  iter  7000/30000 [23.3%] | WM wm=17.41 rec=10.86 kl=6.28 rew=0.258 con=0.009 rew@ach=0.72/0.92(n=21) rew@0=+0.029 | AC act=0.005 crit=2.061 pg=0.006 H=0.52 | img ret=2.40 val=2.29 imgR(mu=0.039 max=1.01 p99=0.84 hi=2.76%) scale=5.97 p5=-0.16 p95=5.81 | r/step=0.0153 | 1.3 ips ETA 4h51\r\n"}
,{"stream_name":"stdout","time":5494.145028084,"data":"  iter  7050/30000 [23.5%] | WM wm=29.17 rec=21.06 kl=7.96 rew=0.148 con=0.006 rew@ach=0.53/0.61(n=13) rew@0=+0.007 | AC act=0.009 crit=2.271 pg=0.009 H=0.48 | img ret=2.02 val=1.86 imgR(mu=0.036 max=1.02 p99=0.83 hi=2.80%) scale=5.97 p5=-0.15 p95=5.83 | r/step=0.0152 | 1.3 ips ETA 4h51\r\n"}
,{"stream_name":"stdout","time":5528.572022506,"data":"  iter  7100/30000 [23.7%] | WM wm=18.90 rec=11.78 kl=6.90 rew=0.212 con=0.002 rew@ach=0.79/0.87(n=15) rew@0=+0.025 | AC act=0.011 crit=2.058 pg=0.012 H=0.59 | img ret=2.24 val=2.08 imgR(mu=0.043 max=1.01 p99=0.98 hi=3.34%) scale=6.29 p5=-0.14 p95=6.15 | r/step=0.0102 | 1.3 ips ETA 4h50\r\n"}
,{"stream_name":"stdout","time":5563.228536201,"data":"  iter  7150/30000 [23.8%] | WM wm=18.05 rec=11.09 kl=6.65 rew=0.303 con=0.005 rew@ach=0.44/0.71(n=18) rew@0=+0.033 | AC act=0.006 crit=1.890 pg=0.006 H=0.56 | img ret=3.03 val=2.94 imgR(mu=0.048 max=1.02 p99=0.96 hi=4.03%) scale=6.01 p5=-0.12 p95=5.92 | r/step=0.0128 | 1.3 ips ETA 4h49\r\n"}
,{"stream_name":"stdout","time":5598.061711254,"data":"  iter  7200/30000 [24.0%] | WM wm=16.71 rec=10.33 kl=6.16 rew=0.213 con=0.007 rew@ach=0.76/0.81(n=18) rew@0=+0.009 | AC act=-0.001 crit=1.888 pg=-0.001 H=0.62 | img ret=2.00 val=1.88 imgR(mu=0.028 max=1.00 p99=0.98 hi=2.43%) scale=5.65 p5=-0.16 p95=5.49 | r/step=0.0139 | 1.3 ips ETA 4h48\r\n"}
,{"stream_name":"stdout","time":5632.213292984,"data":"  iter  7250/30000 [24.2%] | WM wm=19.23 rec=12.37 kl=6.64 rew=0.210 con=0.006 rew@ach=0.80/0.91(n=20) rew@0=+0.012 | AC act=-0.003 crit=1.824 pg=-0.002 H=0.61 | img ret=2.47 val=2.48 imgR(mu=0.038 max=1.01 p99=0.92 hi=2.67%) scale=5.67 p5=-0.20 p95=5.48 | r/step=0.0110 | 1.3 ips ETA 4h47\r\n"}
,{"stream_name":"stdout","time":5666.796103275,"data":"  iter  7300/30000 [24.3%] | WM wm=17.21 rec=10.33 kl=6.59 rew=0.284 con=0.010 rew@ach=0.76/0.90(n=22) rew@0=+0.019 | AC act=-0.001 crit=1.990 pg=-0.001 H=0.51 | img ret=1.66 val=1.66 imgR(mu=0.015 max=1.01 p99=0.58 hi=1.18%) scale=5.81 p5=-0.20 p95=5.61 | r/step=0.0062 | 1.3 ips ETA 4h47\r\n"}
,{"stream_name":"stdout","time":5701.818146282,"data":"  iter  7350/30000 [24.5%] | WM wm=17.92 rec=11.05 kl=6.66 rew=0.210 con=0.002 rew@ach=0.75/0.85(n=23) rew@0=+0.016 | AC act=0.001 crit=1.798 pg=0.001 H=0.64 | img ret=2.05 val=2.05 imgR(mu=0.024 max=1.01 p99=0.78 hi=1.59%) scale=5.90 p5=-0.19 p95=5.71 | r/step=0.0080 | 1.3 ips ETA 4h46\r\n"}
,{"stream_name":"stdout","time":5736.226229363,"data":"  iter  7400/30000 [24.7%] | WM wm=21.68 rec=14.59 kl=6.90 rew=0.188 con=0.002 rew@ach=0.87/0.89(n=16) rew@0=+0.012 | AC act=0.005 crit=2.299 pg=0.005 H=0.44 | img ret=2.28 val=2.13 imgR(mu=0.050 max=1.01 p99=0.89 hi=3.81%) scale=5.99 p5=-0.18 p95=5.82 | r/step=0.0046 | 1.3 ips ETA 4h45\r\n"}
,{"stream_name":"stdout","time":5770.357719944,"data":"  iter  7450/30000 [24.8%] | WM wm=18.93 rec=12.28 kl=6.38 rew=0.258 con=0.008 rew@ach=0.78/0.90(n=18) rew@0=+0.008 | AC act=0.007 crit=2.147 pg=0.007 H=0.43 | img ret=2.53 val=2.35 imgR(mu=0.069 max=1.02 p99=0.98 hi=5.90%) scale=5.87 p5=-0.15 p95=5.73 | r/step=0.0086 | 1.3 ips ETA 4h44\r\n"}
,{"stream_name":"stdout","time":5804.933004336,"data":"  iter  7500/30000 [25.0%] | WM wm=18.46 rec=11.79 kl=6.44 rew=0.218 con=0.007 rew@ach=0.83/0.96(n=14) rew@0=+0.025 | AC act=-0.005 crit=1.849 pg=-0.005 H=0.54 | img ret=2.08 val=2.11 imgR(mu=0.028 max=1.01 p99=0.81 hi=2.39%) scale=6.00 p5=-0.21 p95=5.78 | r/step=0.0095 | 1.3 ips ETA 4h43\r\n"}
,{"stream_name":"stdout","time":5983.313707208,"data":"  \u003e\u003e\u003e EVAL @ iter 7500 : score=2.11  length=188  achievements=3.01 ↓  sample=3.20  (best=3.52 @5000)  crafter_score=1.81% [1338 train eps]\r\n"}
,{"stream_name":"stdout","time":5983.313773897,"data":"      unlocked (6/22): collect_sapling=97%  wake_up=93%  place_plant=89%  collect_drink=9%  collect_wood=8%  defeat_zombie=4%\r\n"}
,{"stream_name":"stdout","time":5983.313779048,"data":"      TRAIN (11/22 sur 1338 eps): wake_up=1221(91.3%)  collect_sapling=950(71.0%)  place_plant=689(51.5%)  collect_wood=409(30.6%)  collect_drink=109(8.1%)  defeat_zombie=68(5.1%)  eat_cow=28(2.1%)  place_table=20(1.5%)  make_wood_pickaxe=2(0.1%)  make_wood_sword=2(0.1%)  defeat_skeleton=2(0.1%)\r\n"}
,{"stream_name":"stdout","time":5983.313784848,"data":"      JAMAIS vus en train (11) : collect_coal  collect_diamond  collect_iron  collect_stone  eat_plant  make_iron_pickaxe  make_iron_sword  make_stone_pickaxe  make_stone_sword  place_furnace  place_stone\r\n"}
,{"stream_name":"stdout","time":5992.339601981,"data":"  Checkpoint saved : dreamer_crafter_jax_v47-tpu-acwarmup-t1_iter007500.npz\r\n"}
,{"stream_name":"stdout","time":6026.917392777,"data":"  iter  7550/30000 [25.2%] | WM wm=25.39 rec=17.77 kl=7.46 rew=0.164 con=0.000 rew@ach=0.76/0.85(n=11) rew@0=+0.012 | AC act=0.004 crit=2.071 pg=0.004 H=0.58 | img ret=1.94 val=1.83 imgR(mu=0.038 max=1.01 p99=0.85 hi=2.56%) scale=6.12 p5=-0.21 p95=5.90 | r/step=0.0084 | 1.3 ips ETA 4h52\r\n"}
,{"stream_name":"stdout","time":6061.47818249,"data":"  iter  7600/30000 [25.3%] | WM wm=21.45 rec=13.68 kl=7.59 rew=0.179 con=0.001 rew@ach=0.91/1.00(n=17) rew@0=+0.021 | AC act=-0.005 crit=1.809 pg=-0.004 H=0.70 | img ret=1.94 val=1.98 imgR(mu=0.018 max=1.00 p99=0.50 hi=0.99%) scale=6.47 p5=-0.20 p95=6.26 | r/step=0.0099 | 1.3 ips ETA 4h51\r\n"}
,{"stream_name":"stdout","time":6096.050025635,"data":"  iter  7650/30000 [25.5%] | WM wm=18.20 rec=11.82 kl=6.18 rew=0.197 con=0.006 rew@ach=0.60/0.78(n=15) rew@0=+0.010 | AC act=0.004 crit=1.897 pg=0.004 H=0.66 | img ret=2.14 val=2.09 imgR(mu=0.027 max=1.01 p99=0.91 hi=2.29%) scale=6.21 p5=-0.17 p95=6.04 | r/step=0.0157 | 1.3 ips ETA 4h50\r\n"}
,{"stream_name":"stdout","time":6130.538118487,"data":"  iter  7700/30000 [25.7%] | WM wm=19.46 rec=12.64 kl=6.56 rew=0.250 con=0.005 rew@ach=0.71/0.92(n=19) rew@0=+0.020 | AC act=-0.001 crit=1.937 pg=-0.001 H=0.56 | img ret=2.04 val=2.05 imgR(mu=0.030 max=1.01 p99=0.88 hi=2.47%) scale=5.91 p5=-0.19 p95=5.71 | r/step=0.0104 | 1.3 ips ETA 4h49\r\n"}
,{"stream_name":"stdout","time":6165.072925324,"data":"  iter  7750/30000 [25.8%] | WM wm=15.77 rec=9.62 kl=5.96 rew=0.196 con=0.001 rew@ach=0.73/0.81(n=19) rew@0=+0.013 | AC act=0.002 crit=1.905 pg=0.003 H=0.54 | img ret=2.04 val=1.99 imgR(mu=0.031 max=1.03 p99=0.87 hi=2.34%) scale=5.96 p5=-0.18 p95=5.79 | r/step=0.0092 | 1.3 ips ETA 4h48\r\n"}
,{"stream_name":"stdout","time":6199.505003633,"data":"  iter  7800/30000 [26.0%] | WM wm=21.32 rec=13.68 kl=7.48 rew=0.153 con=0.002 rew@ach=0.59/0.72(n=13) rew@0=+0.004 | AC act=-0.003 crit=1.863 pg=-0.003 H=0.81 | img ret=1.99 val=2.00 imgR(mu=0.021 max=1.01 p99=0.87 hi=2.08%) scale=6.04 p5=-0.20 p95=5.85 | r/step=0.0114 | 1.3 ips ETA 4h48\r\n"}
,{"stream_name":"stdout","time":6233.915222744,"data":"  iter  7850/30000 [26.2%] | WM wm=14.06 rec=8.19 kl=5.71 rew=0.157 con=0.005 rew@ach=0.90/1.00(n=17) rew@0=+0.009 | AC act=0.003 crit=1.921 pg=0.003 H=0.69 | img ret=2.40 val=2.37 imgR(mu=0.019 max=1.00 p99=0.81 hi=1.90%) scale=6.04 p5=-0.22 p95=5.82 | r/step=0.0125 | 1.3 ips ETA 4h47\r\n"}
,{"stream_name":"stdout","time":6268.401954048,"data":"  iter  7900/30000 [26.3%] | WM wm=18.70 rec=11.65 kl=6.81 rew=0.226 con=0.007 rew@ach=0.64/0.68(n=16) rew@0=+0.022 | AC act=0.002 crit=1.836 pg=0.002 H=0.69 | img ret=1.83 val=1.81 imgR(mu=0.020 max=1.00 p99=0.63 hi=1.37%) scale=6.24 p5=-0.23 p95=6.01 | r/step=0.0127 | 1.3 ips ETA 4h46\r\n"}
,{"stream_name":"stdout","time":6303.082334007,"data":"  iter  7950/30000 [26.5%] | WM wm=16.86 rec=10.37 kl=6.25 rew=0.233 con=0.005 rew@ach=0.69/0.87(n=15) rew@0=+0.026 | AC act=-0.006 crit=1.965 pg=-0.006 H=0.77 | img ret=1.40 val=1.42 imgR(mu=0.025 max=1.00 p99=0.87 hi=1.93%) scale=6.23 p5=-0.23 p95=6.00 | r/step=0.0117 | 1.3 ips ETA 4h45\r\n"}
,{"stream_name":"stdout","time":6337.643788092,"data":"  iter  8000/30000 [26.7%] | WM wm=17.10 rec=11.05 kl=5.88 rew=0.168 con=0.002 rew@ach=0.65/0.78(n=16) rew@0=+0.011 | AC act=-0.000 crit=1.927 pg=-0.000 H=0.63 | img ret=1.98 val=1.97 imgR(mu=0.023 max=1.01 p99=0.74 hi=2.10%) scale=6.27 p5=-0.23 p95=6.05 | r/step=0.0106 | 1.3 ips ETA 4h44\r\n"}
,{"stream_name":"stdout","time":6372.099065736,"data":"  iter  8050/30000 [26.8%] | WM wm=16.97 rec=10.23 kl=6.54 rew=0.204 con=0.004 rew@ach=0.79/0.91(n=20) rew@0=+0.015 | AC act=-0.005 crit=1.858 pg=-0.005 H=0.66 | img ret=1.25 val=1.23 imgR(mu=0.015 max=1.01 p99=0.82 hi=1.70%) scale=6.47 p5=-0.20 p95=6.27 | r/step=0.0080 | 1.3 ips ETA 4h43\r\n"}
,{"stream_name":"stdout","time":6406.524135139,"data":"  iter  8100/30000 [27.0%] | WM wm=20.70 rec=12.70 kl=7.75 rew=0.241 con=0.003 rew@ach=0.76/0.84(n=20) rew@0=+0.018 | AC act=-0.005 crit=2.085 pg=-0.005 H=0.68 | img ret=1.27 val=1.33 imgR(mu=0.019 max=1.01 p99=0.66 hi=1.56%) scale=6.09 p5=-0.20 p95=5.89 | r/step=0.0136 | 1.3 ips ETA 4h42\r\n"}
,{"stream_name":"stdout","time":6440.99588294,"data":"  iter  8150/30000 [27.2%] | WM wm=16.43 rec=10.49 kl=5.71 rew=0.218 con=0.005 rew@ach=0.71/0.91(n=18) rew@0=+0.011 | AC act=0.000 crit=1.932 pg=0.000 H=0.65 | img ret=1.68 val=1.66 imgR(mu=0.030 max=1.01 p99=0.91 hi=2.39%) scale=6.09 p5=-0.20 p95=5.91 | r/step=0.0137 | 1.3 ips ETA 4h42\r\n"}
,{"stream_name":"stdout","time":6475.430736403,"data":"  iter  8200/30000 [27.3%] | WM wm=16.97 rec=10.60 kl=6.13 rew=0.234 con=0.004 rew@ach=0.65/0.78(n=16) rew@0=+0.021 | AC act=-0.008 crit=2.013 pg=-0.008 H=0.71 | img ret=1.75 val=1.84 imgR(mu=0.024 max=1.02 p99=0.94 hi=2.70%) scale=6.05 p5=-0.22 p95=5.83 | r/step=0.0062 | 1.3 ips ETA 4h41\r\n"}
,{"stream_name":"stdout","time":6509.839656995,"data":"  iter  8250/30000 [27.5%] | WM wm=18.93 rec=12.44 kl=6.33 rew=0.160 con=0.002 rew@ach=0.81/0.88(n=14) rew@0=+0.011 | AC act=0.003 crit=1.865 pg=0.003 H=0.70 | img ret=1.41 val=1.35 imgR(mu=0.036 max=1.01 p99=0.99 hi=3.77%) scale=5.80 p5=-0.23 p95=5.59 | r/step=0.0083 | 1.3 ips ETA 4h40\r\n"}
,{"stream_name":"stdout","time":6544.526041777,"data":"  iter  8300/30000 [27.7%] | WM wm=19.74 rec=13.32 kl=6.21 rew=0.195 con=0.003 rew@ach=0.80/0.91(n=18) rew@0=+0.017 | AC act=-0.001 crit=1.862 pg=-0.001 H=0.64 | img ret=1.59 val=1.55 imgR(mu=0.035 max=1.02 p99=0.89 hi=3.03%) scale=5.99 p5=-0.22 p95=5.76 | r/step=0.0107 | 1.3 ips ETA 4h39\r\n"}
,{"stream_name":"stdout","time":6579.032378352,"data":"  iter  8350/30000 [27.8%] | WM wm=19.73 rec=12.61 kl=6.91 rew=0.207 con=0.002 rew@ach=0.83/1.00(n=18) rew@0=+0.015 | AC act=0.002 crit=1.782 pg=0.002 H=0.65 | img ret=1.77 val=1.71 imgR(mu=0.026 max=1.01 p99=0.91 hi=2.31%) scale=5.87 p5=-0.22 p95=5.66 | r/step=0.0122 | 1.3 ips ETA 4h38\r\n"}
,{"stream_name":"stdout","time":6613.549277706,"data":"  iter  8400/30000 [28.0%] | WM wm=16.48 rec=9.71 kl=6.55 rew=0.210 con=0.001 rew@ach=0.58/0.79(n=16) rew@0=+0.006 | AC act=-0.004 crit=2.144 pg=-0.004 H=0.53 | img ret=1.09 val=1.12 imgR(mu=0.017 max=1.01 p99=0.62 hi=1.38%) scale=5.53 p5=-0.23 p95=5.30 | r/step=0.0115 | 1.3 ips ETA 4h37\r\n"}
,{"stream_name":"stdout","time":6648.111176375,"data":"  iter  8450/30000 [28.2%] | WM wm=14.64 rec=9.06 kl=5.45 rew=0.132 con=0.006 rew@ach=0.69/0.79(n=8) rew@0=+0.013 | AC act=-0.001 crit=1.818 pg=-0.001 H=0.70 | img ret=1.35 val=1.34 imgR(mu=0.027 max=1.01 p99=0.86 hi=2.15%) scale=5.31 p5=-0.23 p95=5.08 | r/step=0.0078 | 1.3 ips ETA 4h37\r\n"}
,{"stream_name":"stdout","time":6682.366645457,"data":"  iter  8500/30000 [28.3%] | WM wm=20.79 rec=14.24 kl=6.24 rew=0.307 con=0.007 rew@ach=0.78/0.99(n=17) rew@0=+0.018 | AC act=0.010 crit=1.934 pg=0.010 H=0.63 | img ret=2.14 val=2.03 imgR(mu=0.039 max=1.01 p99=0.96 hi=3.11%) scale=5.51 p5=-0.22 p95=5.29 | r/step=0.0118 | 1.3 ips ETA 4h36\r\n"}
,{"stream_name":"stdout","time":6717.268484001,"data":"  iter  8550/30000 [28.5%] | WM wm=15.80 rec=9.67 kl=6.01 rew=0.108 con=0.008 rew@ach=0.89/0.98(n=8) rew@0=+0.011 | AC act=-0.002 crit=1.771 pg=-0.002 H=0.71 | img ret=1.58 val=1.60 imgR(mu=0.015 max=1.01 p99=0.68 hi=1.27%) scale=5.42 p5=-0.24 p95=5.18 | r/step=0.0118 | 1.3 ips ETA 4h35\r\n"}
,{"stream_name":"stdout","time":6751.706538747,"data":"  iter  8600/30000 [28.7%] | WM wm=18.02 rec=11.32 kl=6.46 rew=0.232 con=0.007 rew@ach=0.71/1.00(n=16) rew@0=+0.013 | AC act=-0.002 crit=1.906 pg=-0.002 H=0.72 | img ret=1.36 val=1.34 imgR(mu=0.022 max=1.01 p99=0.75 hi=1.68%) scale=5.35 p5=-0.24 p95=5.10 | r/step=0.0074 | 1.3 ips ETA 4h34\r\n"}
,{"stream_name":"stdout","time":6786.263256576,"data":"  iter  8650/30000 [28.8%] | WM wm=17.17 rec=10.60 kl=6.29 rew=0.271 con=0.010 rew@ach=0.76/0.93(n=23) rew@0=+0.028 | AC act=-0.003 crit=1.867 pg=-0.002 H=0.60 | img ret=1.40 val=1.40 imgR(mu=0.021 max=1.01 p99=0.70 hi=1.78%) scale=5.44 p5=-0.24 p95=5.21 | r/step=0.0094 | 1.3 ips ETA 4h33\r\n"}
,{"stream_name":"stdout","time":6820.981858232,"data":"  iter  8700/30000 [29.0%] | WM wm=19.13 rec=12.25 kl=6.65 rew=0.231 con=0.004 rew@ach=0.71/0.88(n=14) rew@0=+0.010 | AC act=0.005 crit=2.132 pg=0.005 H=0.70 | img ret=1.64 val=1.58 imgR(mu=0.026 max=1.02 p99=0.84 hi=2.11%) scale=5.41 p5=-0.24 p95=5.17 | r/step=0.0116 | 1.3 ips ETA 4h33\r\n"}
,{"stream_name":"stdout","time":6855.493931592,"data":"  iter  8750/30000 [29.2%] | WM wm=17.82 rec=10.89 kl=6.70 rew=0.224 con=0.007 rew@ach=0.79/0.81(n=18) rew@0=+0.010 | AC act=0.002 crit=1.841 pg=0.002 H=0.66 | img ret=0.98 val=0.99 imgR(mu=0.014 max=1.01 p99=0.64 hi=1.17%) scale=5.40 p5=-0.24 p95=5.15 | r/step=0.0091 | 1.3 ips ETA 4h32\r\n"}
,{"stream_name":"stdout","time":6889.955111878,"data":"  iter  8800/30000 [29.3%] | WM wm=16.10 rec=9.43 kl=6.47 rew=0.199 con=0.004 rew@ach=0.86/0.91(n=20) rew@0=+0.018 | AC act=0.007 crit=2.154 pg=0.007 H=0.52 | img ret=1.87 val=1.71 imgR(mu=0.050 max=1.01 p99=0.98 hi=4.17%) scale=5.13 p5=-0.22 p95=4.92 | r/step=0.0067 | 1.3 ips ETA 4h31\r\n"}
,{"stream_name":"stdout","time":6924.719202871,"data":"  iter  8850/30000 [29.5%] | WM wm=17.60 rec=11.50 kl=5.98 rew=0.123 con=0.006 rew@ach=0.77/0.83(n=10) rew@0=+0.007 | AC act=0.003 crit=2.020 pg=0.003 H=0.46 | img ret=2.22 val=2.14 imgR(mu=0.027 max=1.01 p99=0.94 hi=2.26%) scale=5.55 p5=-0.23 p95=5.37 | r/step=0.0133 | 1.3 ips ETA 4h30\r\n"}
,{"stream_name":"stdout","time":6959.141887668,"data":"  iter  8900/30000 [29.7%] | WM wm=16.69 rec=10.16 kl=6.30 rew=0.233 con=0.002 rew@ach=0.87/1.00(n=19) rew@0=+0.029 | AC act=0.004 crit=1.941 pg=0.005 H=0.68 | img ret=1.51 val=1.45 imgR(mu=0.019 max=1.01 p99=0.89 hi=1.56%) scale=5.56 p5=-0.22 p95=5.33 | r/step=0.0148 | 1.3 ips ETA 4h29\r\n"}
,{"stream_name":"stdout","time":6993.538360216,"data":"  iter  8950/30000 [29.8%] | WM wm=17.13 rec=10.84 kl=6.06 rew=0.235 con=0.004 rew@ach=0.70/0.91(n=20) rew@0=+0.005 | AC act=-0.001 crit=1.968 pg=-0.001 H=0.58 | img ret=1.26 val=1.25 imgR(mu=0.015 max=1.01 p99=0.67 hi=1.45%) scale=5.26 p5=-0.23 p95=5.01 | r/step=0.0152 | 1.3 ips ETA 4h29\r\n"}
,{"stream_name":"stdout","time":7028.430318958,"data":"  iter  9000/30000 [30.0%] | WM wm=15.36 rec=9.93 kl=5.25 rew=0.172 con=0.004 rew@ach=0.70/0.79(n=15) rew@0=+0.013 | AC act=-0.004 crit=2.023 pg=-0.004 H=0.52 | img ret=1.64 val=1.62 imgR(mu=0.029 max=1.08 p99=0.89 hi=2.30%) scale=5.12 p5=-0.21 p95=4.92 | r/step=0.0132 | 1.3 ips ETA 4h28\r\n"}
,{"stream_name":"stdout","time":7062.519437398,"data":"  iter  9050/30000 [30.2%] | WM wm=15.95 rec=9.80 kl=5.96 rew=0.183 con=0.004 rew@ach=0.74/0.87(n=15) rew@0=+0.018 | AC act=-0.000 crit=1.789 pg=-0.000 H=0.58 | img ret=1.39 val=1.37 imgR(mu=0.021 max=1.01 p99=0.67 hi=1.64%) scale=5.34 p5=-0.21 p95=5.12 | r/step=0.0130 | 1.3 ips ETA 4h27\r\n"}
,{"stream_name":"stdout","time":7097.006888428,"data":"  iter  9100/30000 [30.3%] | WM wm=16.12 rec=9.90 kl=5.99 rew=0.215 con=0.012 rew@ach=0.62/0.89(n=16) rew@0=+0.012 | AC act=-0.003 crit=1.865 pg=-0.003 H=0.55 | img ret=1.81 val=1.77 imgR(mu=0.033 max=1.01 p99=0.94 hi=2.59%) scale=4.94 p5=-0.20 p95=4.74 | r/step=0.0110 | 1.3 ips ETA 4h26\r\n"}
,{"stream_name":"stdout","time":7131.681397061,"data":"  iter  9150/30000 [30.5%] | WM wm=22.94 rec=15.15 kl=7.46 rew=0.321 con=0.012 rew@ach=0.64/0.80(n=20) rew@0=+0.025 | AC act=-0.002 crit=1.794 pg=-0.002 H=0.56 | img ret=2.18 val=2.20 imgR(mu=0.033 max=1.01 p99=1.00 hi=2.50%) scale=4.99 p5=-0.21 p95=4.78 | r/step=0.0120 | 1.3 ips ETA 4h26\r\n"}
,{"stream_name":"stdout","time":7166.267995832,"data":"  iter  9200/30000 [30.7%] | WM wm=15.92 rec=9.49 kl=6.19 rew=0.236 con=0.003 rew@ach=0.73/0.84(n=20) rew@0=+0.021 | AC act=0.001 crit=1.910 pg=0.001 H=0.47 | img ret=2.12 val=2.08 imgR(mu=0.026 max=1.01 p99=0.90 hi=2.36%) scale=5.26 p5=-0.23 p95=5.03 | r/step=0.0158 | 1.3 ips ETA 4h25\r\n"}
,{"stream_name":"stdout","time":7200.537106935,"data":"  iter  9250/30000 [30.8%] | WM wm=15.38 rec=9.45 kl=5.64 rew=0.274 con=0.008 rew@ach=0.66/0.86(n=25) rew@0=+0.008 | AC act=0.003 crit=2.165 pg=0.003 H=0.40 | img ret=2.07 val=2.01 imgR(mu=0.032 max=1.01 p99=0.92 hi=2.80%) scale=5.38 p5=-0.20 p95=5.19 | r/step=0.0099 | 1.3 ips ETA 4h24\r\n"}
,{"stream_name":"stdout","time":7235.168228869,"data":"  iter  9300/30000 [31.0%] | WM wm=18.08 rec=11.62 kl=6.20 rew=0.258 con=0.005 rew@ach=0.79/1.00(n=18) rew@0=+0.018 | AC act=0.005 crit=1.868 pg=0.005 H=0.45 | img ret=2.86 val=2.75 imgR(mu=0.038 max=1.01 p99=1.00 hi=3.14%) scale=5.71 p5=-0.21 p95=5.50 | r/step=0.0079 | 1.3 ips ETA 4h23\r\n"}
,{"stream_name":"stdout","time":7269.724035095,"data":"  iter  9350/30000 [31.2%] | WM wm=16.02 rec=9.54 kl=6.25 rew=0.228 con=0.005 rew@ach=0.54/0.78(n=16) rew@0=+0.022 | AC act=0.006 crit=2.026 pg=0.006 H=0.45 | img ret=2.52 val=2.40 imgR(mu=0.039 max=1.01 p99=0.95 hi=3.25%) scale=5.55 p5=-0.17 p95=5.38 | r/step=0.0125 | 1.3 ips ETA 4h22\r\n"}
,{"stream_name":"stdout","time":7304.23900566,"data":"  iter  9400/30000 [31.3%] | WM wm=17.14 rec=10.86 kl=6.12 rew=0.157 con=0.003 rew@ach=0.77/0.99(n=13) rew@0=+0.008 | AC act=0.002 crit=1.940 pg=0.002 H=0.45 | img ret=2.46 val=2.41 imgR(mu=0.032 max=1.01 p99=0.85 hi=2.39%) scale=5.56 p5=-0.17 p95=5.39 | r/step=0.0143 | 1.3 ips ETA 4h22\r\n"}
,{"stream_name":"stdout","time":7338.758802871,"data":"  iter  9450/30000 [31.5%] | WM wm=16.15 rec=9.85 kl=6.05 rew=0.246 con=0.005 rew@ach=0.84/1.00(n=17) rew@0=+0.029 | AC act=0.005 crit=2.229 pg=0.005 H=0.43 | img ret=2.46 val=2.33 imgR(mu=0.053 max=1.01 p99=1.00 hi=4.86%) scale=6.00 p5=-0.22 p95=5.79 | r/step=0.0153 | 1.3 ips ETA 4h21\r\n"}
,{"stream_name":"stdout","time":7373.383987219,"data":"  iter  9500/30000 [31.7%] | WM wm=16.30 rec=9.64 kl=6.40 rew=0.251 con=0.005 rew@ach=0.78/0.97(n=28) rew@0=+0.012 | AC act=0.003 crit=2.045 pg=0.003 H=0.54 | img ret=1.83 val=1.81 imgR(mu=0.018 max=1.00 p99=0.66 hi=1.48%) scale=6.14 p5=-0.23 p95=5.91 | r/step=0.0137 | 1.3 ips ETA 4h20\r\n"}
,{"stream_name":"stdout","time":7408.037750721,"data":"  iter  9550/30000 [31.8%] | WM wm=18.27 rec=11.19 kl=6.77 rew=0.304 con=0.004 rew@ach=0.70/0.99(n=18) rew@0=+0.012 | AC act=-0.001 crit=2.028 pg=-0.001 H=0.48 | img ret=2.03 val=2.04 imgR(mu=0.026 max=1.01 p99=0.88 hi=2.22%) scale=6.08 p5=-0.21 p95=5.87 | r/step=0.0122 | 1.3 ips ETA 4h19\r\n"}
,{"stream_name":"stdout","time":7442.770500802,"data":"  iter  9600/30000 [32.0%] | WM wm=16.86 rec=10.50 kl=6.16 rew=0.201 con=0.002 rew@ach=0.92/1.00(n=21) rew@0=+0.011 | AC act=0.002 crit=1.929 pg=0.003 H=0.50 | img ret=2.63 val=2.60 imgR(mu=0.026 max=1.01 p99=0.97 hi=2.13%) scale=6.41 p5=-0.24 p95=6.17 | r/step=0.0126 | 1.3 ips ETA 4h19\r\n"}
,{"stream_name":"stdout","time":7477.318121861,"data":"  iter  9650/30000 [32.2%] | WM wm=21.78 rec=14.07 kl=7.48 rew=0.221 con=0.007 rew@ach=0.76/0.98(n=10) rew@0=+0.023 | AC act=0.007 crit=2.101 pg=0.007 H=0.35 | img ret=2.63 val=2.47 imgR(mu=0.043 max=1.01 p99=0.95 hi=3.67%) scale=6.61 p5=-0.23 p95=6.39 | r/step=0.0111 | 1.3 ips ETA 4h18\r\n"}
,{"stream_name":"stdout","time":7511.790873081,"data":"  iter  9700/30000 [32.3%] | WM wm=19.51 rec=12.42 kl=6.90 rew=0.183 con=0.003 rew@ach=0.79/1.00(n=14) rew@0=+0.007 | AC act=-0.005 crit=1.902 pg=-0.004 H=0.38 | img ret=2.47 val=2.58 imgR(mu=0.023 max=1.01 p99=0.98 hi=1.58%) scale=6.76 p5=-0.23 p95=6.52 | r/step=0.0157 | 1.3 ips ETA 4h17\r\n"}
,{"stream_name":"stdout","time":7546.321320928,"data":"  iter  9750/30000 [32.5%] | WM wm=15.63 rec=9.08 kl=6.30 rew=0.240 con=0.013 rew@ach=0.66/0.90(n=17) rew@0=+0.016 | AC act=0.002 crit=2.070 pg=0.002 H=0.38 | img ret=2.77 val=2.69 imgR(mu=0.038 max=1.01 p99=0.88 hi=2.95%) scale=6.94 p5=-0.22 p95=6.74 | r/step=0.0122 | 1.3 ips ETA 4h16\r\n"}
,{"stream_name":"stdout","time":7580.850501622,"data":"  iter  9800/30000 [32.7%] | WM wm=15.85 rec=10.02 kl=5.56 rew=0.264 con=0.010 rew@ach=0.75/0.91(n=19) rew@0=+0.028 | AC act=-0.005 crit=2.273 pg=-0.004 H=0.44 | img ret=1.64 val=1.68 imgR(mu=0.013 max=1.01 p99=0.67 hi=1.32%) scale=6.85 p5=-0.25 p95=6.58 | r/step=0.0159 | 1.3 ips ETA 4h16\r\n"}
,{"stream_name":"stdout","time":7615.533635605,"data":"  iter  9850/30000 [32.8%] | WM wm=21.05 rec=12.97 kl=7.82 rew=0.262 con=0.001 rew@ach=0.72/0.92(n=22) rew@0=+0.011 | AC act=0.002 crit=2.055 pg=0.002 H=0.40 | img ret=2.84 val=2.78 imgR(mu=0.029 max=1.01 p99=0.90 hi=2.28%) scale=6.88 p5=-0.24 p95=6.64 | r/step=0.0104 | 1.3 ips ETA 4h15\r\n"}
,{"stream_name":"stdout","time":7650.158969172,"data":"  iter  9900/30000 [33.0%] | WM wm=15.72 rec=9.78 kl=5.79 rew=0.146 con=0.004 rew@ach=0.94/1.00(n=14) rew@0=+0.006 | AC act=0.009 crit=2.385 pg=0.009 H=0.40 | img ret=2.58 val=2.37 imgR(mu=0.029 max=1.01 p99=0.78 hi=2.28%) scale=6.98 p5=-0.23 p95=6.75 | r/step=0.0094 | 1.3 ips ETA 4h14\r\n"}
,{"stream_name":"stdout","time":7684.359050821,"data":"  iter  9950/30000 [33.2%] | WM wm=19.60 rec=12.75 kl=6.69 rew=0.156 con=0.005 rew@ach=0.85/1.00(n=12) rew@0=+0.010 | AC act=-0.001 crit=2.017 pg=-0.000 H=0.42 | img ret=2.03 val=2.03 imgR(mu=0.021 max=1.01 p99=0.66 hi=1.42%) scale=7.17 p5=-0.21 p95=6.96 | r/step=0.0125 | 1.3 ips ETA 4h13\r\n"}
,{"stream_name":"stdout","time":7718.902901784,"data":"  iter 10000/30000 [33.3%] | WM wm=12.01 rec=6.54 kl=5.22 rew=0.251 con=0.003 rew@ach=0.70/0.92(n=22) rew@0=+0.017 | AC act=0.000 crit=1.901 pg=0.000 H=0.43 | img ret=2.98 val=2.95 imgR(mu=0.032 max=1.01 p99=0.92 hi=2.61%) scale=7.18 p5=-0.22 p95=6.96 | r/step=0.0152 | 1.3 ips ETA 4h13\r\n"}
,{"stream_name":"stdout","time":7893.446562776,"data":"  \u003e\u003e\u003e EVAL @ iter 10000 : score=2.23  length=182  achievements=3.13 ↑  sample=3.80  (best=3.52 @5000)  crafter_score=1.81% [1761 train eps]\r\n"}
,{"stream_name":"stdout","time":7893.446605325,"data":"      unlocked (7/22): collect_sapling=100%  wake_up=96%  collect_wood=52%  collect_drink=41%  place_plant=12%  defeat_zombie=11%  eat_cow=1%\r\n"}
,{"stream_name":"stdout","time":7893.446612645,"data":"      TRAIN (11/22 sur 1761 eps): wake_up=1626(92.3%)  collect_sapling=1364(77.5%)  place_plant=945(53.7%)  collect_wood=536(30.4%)  collect_drink=184(10.4%)  defeat_zombie=88(5.0%)  eat_cow=34(1.9%)  place_table=20(1.1%)  make_wood_pickaxe=2(0.1%)  make_wood_sword=2(0.1%)  defeat_skeleton=2(0.1%)\r\n"}
,{"stream_name":"stdout","time":7893.446619156,"data":"      JAMAIS vus en train (11) : collect_coal  collect_diamond  collect_iron  collect_stone  eat_plant  make_iron_pickaxe  make_iron_sword  make_stone_pickaxe  make_stone_sword  place_furnace  place_stone\r\n"}
,{"stream_name":"stdout","time":7902.367551164,"data":"  Checkpoint saved : dreamer_crafter_jax_v47-tpu-acwarmup-t1_iter010000.npz\r\n"}
,{"stream_name":"stdout","time":7936.982471448,"data":"  iter 10050/30000 [33.5%] | WM wm=17.70 rec=10.82 kl=6.75 rew=0.121 con=0.000 rew@ach=0.68/0.81(n=9) rew@0=+0.005 | AC act=-0.003 crit=1.917 pg=-0.003 H=0.48 | img ret=2.70 val=2.71 imgR(mu=0.027 max=1.01 p99=0.97 hi=2.67%) scale=6.94 p5=-0.23 p95=6.71 | r/step=0.0079 | 1.3 ips ETA 4h18\r\n"}
,{"stream_name":"stdout","time":7971.800826666,"data":"  iter 10100/30000 [33.7%] | WM wm=18.73 rec=11.94 kl=6.45 rew=0.332 con=0.007 rew@ach=0.70/1.00(n=16) rew@0=+0.027 | AC act=-0.000 crit=2.224 pg=-0.000 H=0.42 | img ret=1.69 val=1.65 imgR(mu=0.026 max=1.02 p99=0.84 hi=2.19%) scale=6.96 p5=-0.22 p95=6.73 | r/step=0.0123 | 1.3 ips ETA 4h17\r\n"}
,{"stream_name":"stdout","time":8006.230015186,"data":"  iter 10150/30000 [33.8%] | WM wm=15.04 rec=9.41 kl=5.42 rew=0.210 con=0.002 rew@ach=0.91/1.00(n=18) rew@0=+0.019 | AC act=-0.002 crit=2.058 pg=-0.002 H=0.39 | img ret=2.02 val=2.02 imgR(mu=0.023 max=1.01 p99=0.83 hi=2.06%) scale=6.94 p5=-0.19 p95=6.75 | r/step=0.0217 | 1.3 ips ETA 4h16\r\n"}
,{"stream_name":"stdout","time":8041.017939456,"data":"  iter 10200/30000 [34.0%] | WM wm=14.99 rec=8.95 kl=5.83 rew=0.214 con=0.004 rew@ach=0.77/0.91(n=22) rew@0=+0.008 | AC act=-0.004 crit=1.914 pg=-0.004 H=0.50 | img ret=2.33 val=2.34 imgR(mu=0.016 max=1.01 p99=0.56 hi=1.19%) scale=7.06 p5=-0.23 p95=6.82 | r/step=0.0113 | 1.3 ips ETA 4h16\r\n"}
,{"stream_name":"stdout","time":8075.694489885,"data":"  iter 10250/30000 [34.2%] | WM wm=16.96 rec=9.69 kl=6.87 rew=0.385 con=0.008 rew@ach=0.62/0.85(n=22) rew@0=+0.030 | AC act=0.002 crit=1.931 pg=0.002 H=0.41 | img ret=3.02 val=2.94 imgR(mu=0.045 max=1.00 p99=0.90 hi=3.26%) scale=6.67 p5=-0.23 p95=6.46 | r/step=0.0158 | 1.3 ips ETA 4h15\r\n"}
,{"stream_name":"stdout","time":8110.240974443,"data":"  iter 10300/30000 [34.3%] | WM wm=18.60 rec=11.42 kl=6.90 rew=0.273 con=0.004 rew@ach=0.51/0.62(n=22) rew@0=+0.020 | AC act=-0.005 crit=1.900 pg=-0.005 H=0.46 | img ret=2.61 val=2.66 imgR(mu=0.025 max=1.00 p99=0.85 hi=1.81%) scale=7.09 p5=-0.25 p95=6.84 | r/step=0.0131 | 1.3 ips ETA 4h14\r\n"}
,{"stream_name":"stdout","time":8144.948059119,"data":"  iter 10350/30000 [34.5%] | WM wm=16.82 rec=10.14 kl=6.46 rew=0.206 con=0.004 rew@ach=0.92/1.00(n=16) rew@0=+0.019 | AC act=-0.001 crit=2.131 pg=-0.000 H=0.52 | img ret=2.41 val=2.37 imgR(mu=0.028 max=1.01 p99=0.85 hi=2.37%) scale=7.04 p5=-0.23 p95=6.82 | r/step=0.0142 | 1.3 ips ETA 4h13\r\n"}
,{"stream_name":"stdout","time":8179.721753159,"data":"  iter 10400/30000 [34.7%] | WM wm=20.90 rec=13.53 kl=7.14 rew=0.219 con=0.009 rew@ach=0.79/0.99(n=15) rew@0=+0.021 | AC act=-0.002 crit=2.222 pg=-0.002 H=0.47 | img ret=1.75 val=1.72 imgR(mu=0.020 max=1.01 p99=0.74 hi=1.56%) scale=7.30 p5=-0.21 p95=7.09 | r/step=0.0169 | 1.3 ips ETA 4h12\r\n"}
,{"stream_name":"stdout","time":8214.301129544,"data":"  iter 10450/30000 [34.8%] | WM wm=19.44 rec=12.00 kl=7.17 rew=0.263 con=0.012 rew@ach=0.57/0.82(n=18) rew@0=+0.027 | AC act=0.001 crit=1.945 pg=0.001 H=0.49 | img ret=2.85 val=2.79 imgR(mu=0.031 max=1.01 p99=0.89 hi=2.40%) scale=7.24 p5=-0.20 p95=7.04 | r/step=0.0095 | 1.3 ips ETA 4h12\r\n"}
,{"stream_name":"stdout","time":8249.077067545,"data":"  iter 10500/30000 [35.0%] | WM wm=19.17 rec=12.15 kl=6.81 rew=0.206 con=0.003 rew@ach=0.68/0.88(n=14) rew@0=+0.017 | AC act=0.001 crit=2.243 pg=0.001 H=0.34 | img ret=2.18 val=2.10 imgR(mu=0.031 max=1.01 p99=0.90 hi=2.67%) scale=7.20 p5=-0.20 p95=6.99 | r/step=0.0160 | 1.3 ips ETA 4h11\r\n"}
,{"stream_name":"stdout","time":8284.021382397,"data":"  iter 10550/30000 [35.2%] | WM wm=15.56 rec=9.24 kl=6.04 rew=0.264 con=0.006 rew@ach=0.68/0.92(n=22) rew@0=+0.017 | AC act=0.001 crit=2.167 pg=0.001 H=0.42 | img ret=1.75 val=1.70 imgR(mu=0.022 max=1.00 p99=0.78 hi=1.83%) scale=7.46 p5=-0.21 p95=7.23 | r/step=0.0150 | 1.3 ips ETA 4h10\r\n"}
,{"stream_name":"stdout","time":8318.529930093,"data":"  iter 10600/30000 [35.3%] | WM wm=15.34 rec=8.81 kl=6.34 rew=0.192 con=0.004 rew@ach=0.84/1.00(n=14) rew@0=+0.022 | AC act=-0.006 crit=1.982 pg=-0.005 H=0.51 | img ret=2.83 val=2.87 imgR(mu=0.033 max=1.01 p99=1.00 hi=3.04%) scale=7.35 p5=-0.21 p95=7.13 | r/step=0.0183 | 1.3 ips ETA 4h09\r\n"}
,{"stream_name":"stdout","time":8353.155059056,"data":"  iter 10650/30000 [35.5%] | WM wm=18.42 rec=11.83 kl=6.40 rew=0.191 con=0.001 rew@ach=0.80/1.00(n=18) rew@0=+0.015 | AC act=0.001 crit=2.165 pg=0.002 H=0.34 | img ret=2.18 val=2.11 imgR(mu=0.034 max=1.00 p99=0.90 hi=2.57%) scale=6.98 p5=-0.22 p95=6.77 | r/step=0.0100 | 1.3 ips ETA 4h09\r\n"}
,{"stream_name":"stdout","time":8388.078820745,"data":"  iter 10700/30000 [35.7%] | WM wm=13.53 rec=8.07 kl=5.33 rew=0.124 con=0.001 rew@ach=0.78/0.87(n=13) rew@0=+0.010 | AC act=-0.001 crit=1.879 pg=-0.001 H=0.51 | img ret=1.88 val=1.86 imgR(mu=0.018 max=1.02 p99=0.79 hi=1.42%) scale=6.90 p5=-0.23 p95=6.66 | r/step=0.0140 | 1.3 ips ETA 4h08\r\n"}
,{"stream_name":"stdout","time":8422.752196512,"data":"  iter 10750/30000 [35.8%] | WM wm=19.72 rec=12.66 kl=6.88 rew=0.175 con=0.005 rew@ach=0.91/1.00(n=16) rew@0=+0.005 | AC act=-0.002 crit=2.013 pg=-0.002 H=0.49 | img ret=2.14 val=2.14 imgR(mu=0.021 max=1.01 p99=0.67 hi=1.43%) scale=6.84 p5=-0.21 p95=6.62 | r/step=0.0125 | 1.3 ips ETA 4h07\r\n"}
,{"stream_name":"stdout","time":8457.327747208,"data":"  iter 10800/30000 [36.0%] | WM wm=14.78 rec=9.13 kl=5.47 rew=0.168 con=0.009 rew@ach=0.73/0.81(n=18) rew@0=+0.010 | AC act=-0.002 crit=2.174 pg=-0.002 H=0.42 | img ret=1.80 val=1.83 imgR(mu=0.020 max=1.00 p99=0.65 hi=1.43%) scale=7.04 p5=-0.23 p95=6.81 | r/step=0.0148 | 1.3 ips ETA 4h06\r\n"}
,{"stream_name":"stdout","time":8492.207645258,"data":"  iter 10850/30000 [36.2%] | WM wm=18.14 rec=11.06 kl=6.96 rew=0.122 con=0.001 rew@ach=0.91/1.00(n=8) rew@0=+0.006 | AC act=-0.001 crit=2.094 pg=-0.001 H=0.37 | img ret=1.54 val=1.56 imgR(mu=0.020 max=1.01 p99=0.72 hi=1.44%) scale=6.86 p5=-0.23 p95=6.62 | r/step=0.0107 | 1.3 ips ETA 4h06\r\n"}
,{"stream_name":"stdout","time":8526.797223894,"data":"  iter 10900/30000 [36.3%] | WM wm=19.17 rec=11.49 kl=7.49 rew=0.186 con=0.005 rew@ach=0.87/1.00(n=15) rew@0=+0.010 | AC act=-0.005 crit=2.028 pg=-0.005 H=0.39 | img ret=1.45 val=1.53 imgR(mu=0.011 max=1.00 p99=0.61 hi=1.30%) scale=6.82 p5=-0.23 p95=6.59 | r/step=0.0132 | 1.3 ips ETA 4h05\r\n"}
,{"stream_name":"stdout","time":8561.217943421,"data":"  iter 10950/30000 [36.5%] | WM wm=18.56 rec=11.42 kl=6.84 rew=0.293 con=0.008 rew@ach=0.65/0.84(n=21) rew@0=+0.021 | AC act=-0.001 crit=2.063 pg=-0.001 H=0.46 | img ret=2.01 val=2.00 imgR(mu=0.020 max=1.01 p99=0.81 hi=1.57%) scale=6.80 p5=-0.22 p95=6.57 | r/step=0.0135 | 1.3 ips ETA 4h04\r\n"}
,{"stream_name":"stdout","time":8595.680385052,"data":"  iter 11000/30000 [36.7%] | WM wm=16.84 rec=10.69 kl=5.93 rew=0.216 con=0.006 rew@ach=0.69/0.87(n=13) rew@0=+0.025 | AC act=-0.001 crit=2.210 pg=-0.001 H=0.42 | img ret=2.02 val=1.95 imgR(mu=0.039 max=1.01 p99=0.88 hi=3.34%) scale=6.66 p5=-0.25 p95=6.42 | r/step=0.0102 | 1.3 ips ETA 4h03\r\n"}
,{"stream_name":"stdout","time":8630.106486997,"data":"  iter 11050/30000 [36.8%] | WM wm=17.72 rec=10.56 kl=6.93 rew=0.226 con=0.007 rew@ach=0.84/0.91(n=20) rew@0=+0.021 | AC act=-0.002 crit=1.908 pg=-0.002 H=0.46 | img ret=2.46 val=2.44 imgR(mu=0.026 max=1.01 p99=0.94 hi=2.32%) scale=6.63 p5=-0.22 p95=6.42 | r/step=0.0170 | 1.3 ips ETA 4h03\r\n"}
,{"stream_name":"stdout","time":8664.642359539,"data":"  iter 11100/30000 [37.0%] | WM wm=18.84 rec=11.67 kl=6.85 rew=0.310 con=0.005 rew@ach=0.80/0.91(n=19) rew@0=+0.027 | AC act=0.003 crit=2.190 pg=0.003 H=0.36 | img ret=3.18 val=3.10 imgR(mu=0.045 max=1.01 p99=0.85 hi=3.16%) scale=6.93 p5=-0.21 p95=6.73 | r/step=0.0161 | 1.3 ips ETA 4h02\r\n"}
,{"stream_name":"stdout","time":8699.533012125,"data":"  iter 11150/30000 [37.2%] | WM wm=20.52 rec=13.39 kl=6.92 rew=0.216 con=0.001 rew@ach=0.64/0.87(n=13) rew@0=+0.005 | AC act=-0.002 crit=1.989 pg=-0.002 H=0.40 | img ret=2.60 val=2.59 imgR(mu=0.039 max=1.01 p99=0.84 hi=2.34%) scale=6.95 p5=-0.21 p95=6.75 | r/step=0.0140 | 1.3 ips ETA 4h01\r\n"}
,{"stream_name":"stdout","time":8734.184745231,"data":"  iter 11200/30000 [37.3%] | WM wm=15.54 rec=9.44 kl=5.90 rew=0.189 con=0.009 rew@ach=0.68/0.77(n=16) rew@0=+0.014 | AC act=0.006 crit=2.077 pg=0.006 H=0.42 | img ret=2.86 val=2.70 imgR(mu=0.054 max=1.01 p99=0.97 hi=3.96%) scale=6.71 p5=-0.21 p95=6.51 | r/step=0.0129 | 1.3 ips ETA 4h00\r\n"}
,{"stream_name":"stdout","time":8768.658992888,"data":"  iter 11250/30000 [37.5%] | WM wm=16.03 rec=10.10 kl=5.74 rew=0.194 con=0.006 rew@ach=0.79/0.89(n=16) rew@0=+0.007 | AC act=0.002 crit=2.265 pg=0.002 H=0.41 | img ret=2.23 val=2.13 imgR(mu=0.041 max=1.01 p99=0.84 hi=3.92%) scale=6.62 p5=-0.21 p95=6.42 | r/step=0.0134 | 1.3 ips ETA 4h00\r\n"}
,{"stream_name":"stdout","time":8803.492554677,"data":"  iter 11300/30000 [37.7%] | WM wm=17.02 rec=10.32 kl=6.53 rew=0.168 con=0.004 rew@ach=0.76/1.00(n=11) rew@0=+0.016 | AC act=-0.006 crit=2.224 pg=-0.006 H=0.46 | img ret=2.64 val=2.61 imgR(mu=0.036 max=1.01 p99=0.85 hi=3.00%) scale=6.57 p5=-0.24 p95=6.35 | r/step=0.0150 | 1.3 ips ETA 3h59\r\n"}
,{"stream_name":"stdout","time":8838.220260714,"data":"  iter 11350/30000 [37.8%] | WM wm=15.31 rec=8.70 kl=6.41 rew=0.204 con=0.001 rew@ach=0.70/0.89(n=15) rew@0=+0.024 | AC act=0.000 crit=2.101 pg=0.000 H=0.46 | img ret=1.92 val=1.90 imgR(mu=0.026 max=1.01 p99=0.87 hi=2.35%) scale=6.22 p5=-0.23 p95=5.99 | r/step=0.0120 | 1.3 ips ETA 3h58\r\n"}
,{"stream_name":"stdout","time":8872.974948176,"data":"  iter 11400/30000 [38.0%] | WM wm=17.51 rec=11.15 kl=6.17 rew=0.188 con=0.002 rew@ach=0.65/0.79(n=16) rew@0=+0.011 | AC act=0.001 crit=2.027 pg=0.001 H=0.53 | img ret=2.68 val=2.62 imgR(mu=0.036 max=1.01 p99=0.92 hi=3.15%) scale=6.44 p5=-0.22 p95=6.22 | r/step=0.0166 | 1.3 ips ETA 3h57\r\n"}
,{"stream_name":"stdout","time":8907.475151609,"data":"  iter 11450/30000 [38.2%] | WM wm=15.09 rec=8.83 kl=6.07 rew=0.188 con=0.005 rew@ach=0.70/0.79(n=17) rew@0=+0.010 | AC act=-0.007 crit=1.982 pg=-0.007 H=0.57 | img ret=2.15 val=2.20 imgR(mu=0.024 max=1.01 p99=0.88 hi=2.19%) scale=6.27 p5=-0.22 p95=6.05 | r/step=0.0131 | 1.3 ips ETA 3h57\r\n"}
,{"stream_name":"stdout","time":8942.563066058,"data":"  iter 11500/30000 [38.3%] | WM wm=14.31 rec=8.81 kl=5.36 rew=0.142 con=0.003 rew@ach=0.82/0.88(n=14) rew@0=+0.008 | AC act=-0.001 crit=1.994 pg=-0.000 H=0.45 | img ret=2.07 val=2.01 imgR(mu=0.030 max=1.01 p99=0.94 hi=2.48%) scale=6.26 p5=-0.23 p95=6.02 | r/step=0.0109 | 1.3 ips ETA 3h56\r\n"}
,{"stream_name":"stdout","time":8976.863202276,"data":"  iter 11550/30000 [38.5%] | WM wm=18.33 rec=10.70 kl=7.23 rew=0.388 con=0.005 rew@ach=0.76/0.98(n=22) rew@0=+0.025 | AC act=-0.002 crit=1.923 pg=-0.002 H=0.53 | img ret=1.73 val=1.73 imgR(mu=0.025 max=1.01 p99=0.88 hi=2.49%) scale=6.31 p5=-0.25 p95=6.05 | r/step=0.0130 | 1.3 ips ETA 3h55\r\n"}
,{"stream_name":"stdout","time":9011.483268319,"data":"  iter 11600/30000 [38.7%] | WM wm=15.93 rec=9.32 kl=6.41 rew=0.196 con=0.006 rew@ach=0.93/1.00(n=17) rew@0=+0.023 | AC act=0.007 crit=2.343 pg=0.007 H=0.44 | img ret=2.09 val=1.95 imgR(mu=0.042 max=1.01 p99=0.94 hi=3.17%) scale=6.42 p5=-0.26 p95=6.15 | r/step=0.0145 | 1.3 ips ETA 3h54\r\n"}
,{"stream_name":"stdout","time":9046.011673908,"data":"  iter 11650/30000 [38.8%] | WM wm=18.19 rec=10.87 kl=7.08 rew=0.234 con=0.013 rew@ach=0.77/1.00(n=16) rew@0=+0.015 | AC act=-0.001 crit=2.084 pg=-0.001 H=0.47 | img ret=2.05 val=2.07 imgR(mu=0.034 max=1.01 p99=0.97 hi=2.52%) scale=6.43 p5=-0.24 p95=6.18 | r/step=0.0135 | 1.3 ips ETA 3h54\r\n"}
,{"stream_name":"stdout","time":9080.528331228,"data":"  iter 11700/30000 [39.0%] | WM wm=15.48 rec=8.84 kl=6.36 rew=0.276 con=0.005 rew@ach=0.79/1.00(n=23) rew@0=+0.024 | AC act=-0.002 crit=1.841 pg=-0.002 H=0.44 | img ret=1.77 val=1.78 imgR(mu=0.022 max=1.01 p99=0.86 hi=1.93%) scale=6.56 p5=-0.24 p95=6.32 | r/step=0.0148 | 1.3 ips ETA 3h53\r\n"}
,{"stream_name":"stdout","time":9115.322566726,"data":"  iter 11750/30000 [39.2%] | WM wm=18.68 rec=11.71 kl=6.64 rew=0.318 con=0.011 rew@ach=0.73/0.99(n=19) rew@0=+0.033 | AC act=0.001 crit=1.898 pg=0.001 H=0.46 | img ret=2.31 val=2.29 imgR(mu=0.027 max=1.04 p99=0.94 hi=2.19%) scale=6.44 p5=-0.23 p95=6.22 | r/step=0.0182 | 1.3 ips ETA 3h52\r\n"}
,{"stream_name":"stdout","time":9149.77787717,"data":"  iter 11800/30000 [39.3%] | WM wm=14.21 rec=8.43 kl=5.56 rew=0.215 con=0.004 rew@ach=0.77/0.91(n=20) rew@0=+0.012 | AC act=-0.001 crit=2.034 pg=-0.000 H=0.41 | img ret=2.27 val=2.28 imgR(mu=0.030 max=1.01 p99=0.85 hi=2.14%) scale=6.43 p5=-0.23 p95=6.19 | r/step=0.0160 | 1.3 ips ETA 3h51\r\n"}
,{"stream_name":"stdout","time":9184.218611844,"data":"  iter 11850/30000 [39.5%] | WM wm=18.50 rec=11.50 kl=6.80 rew=0.204 con=0.009 rew@ach=0.74/0.86(n=14) rew@0=+0.010 | AC act=-0.003 crit=1.983 pg=-0.003 H=0.47 | img ret=2.39 val=2.39 imgR(mu=0.021 max=1.01 p99=0.93 hi=2.47%) scale=6.49 p5=-0.25 p95=6.24 | r/step=0.0096 | 1.3 ips ETA 3h51\r\n"}
,{"stream_name":"stdout","time":9219.031274489,"data":"  iter 11900/30000 [39.7%] | WM wm=18.98 rec=12.37 kl=6.40 rew=0.205 con=0.005 rew@ach=0.72/1.00(n=14) rew@0=+0.017 | AC act=-0.001 crit=1.914 pg=-0.000 H=0.45 | img ret=2.42 val=2.42 imgR(mu=0.021 max=1.02 p99=0.98 hi=1.67%) scale=6.50 p5=-0.25 p95=6.24 | r/step=0.0124 | 1.3 ips ETA 3h50\r\n"}
,{"stream_name":"stdout","time":9253.556055686,"data":"  iter 11950/30000 [39.8%] | WM wm=15.48 rec=9.09 kl=6.17 rew=0.227 con=0.001 rew@ach=0.70/0.91(n=18) rew@0=+0.027 | AC act=-0.001 crit=2.155 pg=-0.000 H=0.44 | img ret=1.75 val=1.70 imgR(mu=0.017 max=1.01 p99=0.67 hi=1.52%) scale=6.58 p5=-0.28 p95=6.30 | r/step=0.0087 | 1.3 ips ETA 3h49\r\n"}
,{"stream_name":"stdout","time":9288.029788359,"data":"  iter 12000/30000 [40.0%] | WM wm=19.44 rec=12.00 kl=7.13 rew=0.297 con=0.014 rew@ach=0.87/0.99(n=21) rew@0=+0.022 | AC act=-0.001 crit=2.191 pg=-0.001 H=0.35 | img ret=1.73 val=1.71 imgR(mu=0.025 max=1.01 p99=0.72 hi=1.75%) scale=6.47 p5=-0.23 p95=6.24 | r/step=0.0137 | 1.3 ips ETA 3h49\r\n"}
,{"stream_name":"stdout","time":9323.023786699,"data":"  iter 12050/30000 [40.2%] | WM wm=17.23 rec=11.01 kl=6.02 rew=0.190 con=0.003 rew@ach=0.73/1.00(n=14) rew@0=+0.010 | AC act=0.001 crit=1.974 pg=0.001 H=0.47 | img ret=2.77 val=2.68 imgR(mu=0.043 max=1.01 p99=0.99 hi=3.45%) scale=6.54 p5=-0.25 p95=6.28 | r/step=0.0140 | 1.3 ips ETA 3h48\r\n"}
,{"stream_name":"stdout","time":9357.458210671,"data":"  iter 12100/30000 [40.3%] | WM wm=18.53 rec=11.24 kl=7.03 rew=0.245 con=0.007 rew@ach=0.77/0.93(n=26) rew@0=+0.013 | AC act=-0.003 crit=1.898 pg=-0.003 H=0.40 | img ret=2.19 val=2.22 imgR(mu=0.025 max=1.03 p99=0.83 hi=2.05%) scale=6.26 p5=-0.25 p95=6.00 | r/step=0.0093 | 1.3 ips ETA 3h47\r\n"}
,{"stream_name":"stdout","time":9391.846081576,"data":"  iter 12150/30000 [40.5%] | WM wm=16.38 rec=9.00 kl=7.13 rew=0.248 con=0.003 rew@ach=0.64/0.82(n=19) rew@0=+0.015 | AC act=-0.004 crit=1.903 pg=-0.004 H=0.37 | img ret=2.61 val=2.63 imgR(mu=0.026 max=1.01 p99=0.86 hi=1.97%) scale=6.27 p5=-0.26 p95=6.02 | r/step=0.0071 | 1.3 ips ETA 3h46\r\n"}
,{"stream_name":"stdout","time":9426.821422556,"data":"  iter 12200/30000 [40.7%] | WM wm=16.58 rec=10.11 kl=6.20 rew=0.272 con=0.003 rew@ach=0.70/0.91(n=20) rew@0=+0.033 | AC act=-0.000 crit=2.144 pg=-0.000 H=0.43 | img ret=2.16 val=2.10 imgR(mu=0.038 max=1.01 p99=0.98 hi=2.75%) scale=6.15 p5=-0.24 p95=5.90 | r/step=0.0092 | 1.3 ips ETA 3h46\r\n"}
,{"stream_name":"stdout","time":9461.287285349,"data":"  iter 12250/30000 [40.8%] | WM wm=19.39 rec=11.25 kl=7.94 rew=0.194 con=0.007 rew@ach=0.88/0.99(n=20) rew@0=+0.008 | AC act=-0.002 crit=1.950 pg=-0.001 H=0.35 | img ret=2.33 val=2.34 imgR(mu=0.020 max=1.01 p99=0.68 hi=1.58%) scale=6.13 p5=-0.26 p95=5.87 | r/step=0.0116 | 1.3 ips ETA 3h45\r\n"}
,{"stream_name":"stdout","time":9495.891362755,"data":"  iter 12300/30000 [41.0%] | WM wm=13.91 rec=7.70 kl=6.01 rew=0.199 con=0.002 rew@ach=0.79/0.90(n=20) rew@0=+0.015 | AC act=-0.001 crit=2.071 pg=-0.001 H=0.41 | img ret=1.89 val=1.84 imgR(mu=0.021 max=1.01 p99=0.77 hi=1.63%) scale=6.36 p5=-0.25 p95=6.10 | r/step=0.0100 | 1.3 ips ETA 3h44\r\n"}
,{"stream_name":"stdout","time":9530.543965713,"data":"  iter 12350/30000 [41.2%] | WM wm=14.61 rec=7.93 kl=6.48 rew=0.199 con=0.001 rew@ach=0.69/0.80(n=18) rew@0=+0.025 | AC act=-0.002 crit=2.057 pg=-0.002 H=0.36 | img ret=2.00 val=2.02 imgR(mu=0.029 max=1.01 p99=0.92 hi=2.33%) scale=6.53 p5=-0.26 p95=6.27 | r/step=0.0061 | 1.3 ips ETA 3h43\r\n"}
,{"stream_name":"stdout","time":9564.9015222,"data":"  iter 12400/30000 [41.3%] | WM wm=15.46 rec=9.30 kl=5.86 rew=0.290 con=0.007 rew@ach=0.67/0.85(n=25) rew@0=+0.028 | AC act=0.009 crit=1.977 pg=0.009 H=0.41 | img ret=2.55 val=2.45 imgR(mu=0.044 max=1.02 p99=0.89 hi=3.58%) scale=6.54 p5=-0.26 p95=6.29 | r/step=0.0073 | 1.3 ips ETA 3h43\r\n"}
,{"stream_name":"stdout","time":9599.327399795,"data":"  iter 12450/30000 [41.5%] | WM wm=17.68 rec=10.90 kl=6.54 rew=0.232 con=0.004 rew@ach=0.70/0.91(n=20) rew@0=+0.015 | AC act=-0.002 crit=1.955 pg=-0.002 H=0.42 | img ret=2.42 val=2.43 imgR(mu=0.032 max=1.00 p99=0.94 hi=2.78%) scale=6.46 p5=-0.24 p95=6.23 | r/step=0.0098 | 1.3 ips ETA 3h42\r\n"}
,{"stream_name":"stdout","time":9633.877159282,"data":"  iter 12500/30000 [41.7%] | WM wm=17.24 rec=10.07 kl=6.95 rew=0.214 con=0.004 rew@ach=0.86/0.99(n=19) rew@0=+0.023 | AC act=0.001 crit=1.887 pg=0.001 H=0.45 | img ret=2.56 val=2.51 imgR(mu=0.043 max=1.01 p99=0.95 hi=3.49%) scale=6.22 p5=-0.25 p95=5.98 | r/step=0.0108 | 1.3 ips ETA 3h41\r\n"}
,{"stream_name":"stdout","time":9814.018302203,"data":"  \u003e\u003e\u003e EVAL @ iter 12500 : score=1.93  length=188  achievements=2.83 ↓  sample=3.40  (best=3.52 @5000)  crafter_score=1.85% [2187 train eps]\r\n"}
,{"stream_name":"stdout","time":9814.018336433,"data":"      unlocked (8/22): collect_sapling=100%  wake_up=97%  place_plant=33%  collect_wood=31%  defeat_zombie=9%  eat_cow=7%  collect_drink=4%  defeat_skeleton=1%\r\n"}
,{"stream_name":"stdout","time":9814.018354453,"data":"      TRAIN (11/22 sur 2187 eps): wake_up=2037(93.1%)  collect_sapling=1787(81.7%)  place_plant=1221(55.8%)  collect_wood=687(31.4%)  collect_drink=300(13.7%)  defeat_zombie=117(5.3%)  eat_cow=39(1.8%)  place_table=22(1.0%)  make_wood_pickaxe=3(0.1%)  make_wood_sword=2(0.1%)  defeat_skeleton=2(0.1%)\r\n"}
,{"stream_name":"stdout","time":9814.018359523,"data":"      JAMAIS vus en train (11) : collect_coal  collect_diamond  collect_iron  collect_stone  eat_plant  make_iron_pickaxe  make_iron_sword  make_stone_pickaxe  make_stone_sword  place_furnace  place_stone\r\n"}
,{"stream_name":"stdout","time":9822.988950013,"data":"  Checkpoint saved : dreamer_crafter_jax_v47-tpu-acwarmup-t1_iter012500.npz\r\n"}
,{"stream_name":"stdout","time":9857.706288112,"data":"  iter 12550/30000 [41.8%] | WM wm=16.64 rec=9.62 kl=6.78 rew=0.230 con=0.004 rew@ach=0.80/0.99(n=21) rew@0=+0.016 | AC act=-0.003 crit=1.797 pg=-0.003 H=0.48 | img ret=2.01 val=2.05 imgR(mu=0.022 max=1.02 p99=0.82 hi=1.95%) scale=6.13 p5=-0.24 p95=5.89 | r/step=0.0156 | 1.3 ips ETA 3h45\r\n"}
,{"stream_name":"stdout","time":9892.221212896,"data":"  iter 12600/30000 [42.0%] | WM wm=18.96 rec=12.03 kl=6.73 rew=0.196 con=0.004 rew@ach=0.67/0.79(n=16) rew@0=+0.020 | AC act=0.003 crit=1.966 pg=0.003 H=0.53 | img ret=1.60 val=1.56 imgR(mu=0.024 max=1.01 p99=0.97 hi=1.98%) scale=6.09 p5=-0.22 p95=5.85 | r/step=0.0107 | 1.3 ips ETA 3h44\r\n"}
,{"stream_name":"stdout","time":9927.194616243,"data":"  iter 12650/30000 [42.2%] | WM wm=14.25 rec=8.30 kl=5.71 rew=0.231 con=0.002 rew@ach=0.77/0.92(n=23) rew@0=+0.020 | AC act=-0.002 crit=2.006 pg=-0.002 H=0.46 | img ret=2.22 val=2.19 imgR(mu=0.037 max=1.01 p99=0.99 hi=3.44%) scale=6.29 p5=-0.23 p95=6.05 | r/step=0.0164 | 1.3 ips ETA 3h44\r\n"}
,{"stream_name":"stdout","time":9961.494533678,"data":"  iter 12700/30000 [42.3%] | WM wm=21.49 rec=14.14 kl=7.12 rew=0.224 con=0.004 rew@ach=0.89/1.00(n=14) rew@0=+0.023 | AC act=-0.002 crit=1.995 pg=-0.002 H=0.48 | img ret=1.61 val=1.60 imgR(mu=0.026 max=1.01 p99=0.79 hi=1.95%) scale=6.13 p5=-0.23 p95=5.89 | r/step=0.0167 | 1.3 ips ETA 3h43\r\n"}
,{"stream_name":"stdout","time":9995.810395043,"data":"  iter 12750/30000 [42.5%] | WM wm=13.94 rec=7.85 kl=5.89 rew=0.194 con=0.003 rew@ach=0.79/0.85(n=23) rew@0=+0.013 | AC act=-0.005 crit=1.874 pg=-0.005 H=0.53 | img ret=1.81 val=1.82 imgR(mu=0.029 max=1.01 p99=1.00 hi=2.84%) scale=5.81 p5=-0.23 p95=5.58 | r/step=0.0164 | 1.3 ips ETA 3h42\r\n"}
,{"stream_name":"stdout","time":10030.37803635,"data":"  iter 12800/30000 [42.7%] | WM wm=18.07 rec=11.89 kl=6.01 rew=0.166 con=0.001 rew@ach=0.76/0.89(n=16) rew@0=+0.009 | AC act=-0.008 crit=1.835 pg=-0.008 H=0.53 | img ret=2.16 val=2.24 imgR(mu=0.024 max=1.01 p99=0.69 hi=1.61%) scale=5.77 p5=-0.22 p95=5.55 | r/step=0.0130 | 1.3 ips ETA 3h41\r\n"}
,{"stream_name":"stdout","time":10064.852529754,"data":"  iter 12850/30000 [42.8%] | WM wm=14.66 rec=8.36 kl=6.08 rew=0.209 con=0.008 rew@ach=0.78/1.00(n=16) rew@0=+0.012 | AC act=-0.003 crit=1.816 pg=-0.002 H=0.39 | img ret=1.78 val=1.79 imgR(mu=0.027 max=1.01 p99=0.91 hi=2.17%) scale=6.15 p5=-0.23 p95=5.90 | r/step=0.0130 | 1.3 ips ETA 3h41\r\n"}
,{"stream_name":"stdout","time":10099.711820729,"data":"  iter 12900/30000 [43.0%] | WM wm=14.58 rec=8.41 kl=5.85 rew=0.324 con=0.006 rew@ach=0.62/0.92(n=22) rew@0=+0.028 | AC act=0.003 crit=2.136 pg=0.003 H=0.41 | img ret=2.42 val=2.28 imgR(mu=0.044 max=1.02 p99=0.97 hi=4.28%) scale=6.41 p5=-0.22 p95=6.20 | r/step=0.0122 | 1.3 ips ETA 3h40\r\n"}
,{"stream_name":"stdout","time":10134.440284444,"data":"  iter 12950/30000 [43.2%] | WM wm=17.51 rec=10.30 kl=6.99 rew=0.211 con=0.005 rew@ach=0.85/1.00(n=18) rew@0=+0.019 | AC act=-0.004 crit=1.866 pg=-0.004 H=0.48 | img ret=1.98 val=2.03 imgR(mu=0.022 max=1.01 p99=0.70 hi=1.65%) scale=6.26 p5=-0.24 p95=6.02 | r/step=0.0100 | 1.3 ips ETA 3h39\r\n"}
,{"stream_name":"stdout","time":10168.967307932,"data":"  iter 13000/30000 [43.3%] | WM wm=16.81 rec=10.24 kl=6.44 rew=0.116 con=0.003 rew@ach=0.54/0.66(n=10) rew@0=+0.001 | AC act=-0.003 crit=1.944 pg=-0.003 H=0.41 | img ret=1.23 val=1.27 imgR(mu=0.018 max=1.01 p99=0.51 hi=1.08%) scale=6.10 p5=-0.23 p95=5.84 | r/step=0.0156 | 1.3 ips ETA 3h38\r\n"}
,{"stream_name":"stdout","time":10203.432612185,"data":"  iter 13050/30000 [43.5%] | WM wm=16.83 rec=10.30 kl=6.30 rew=0.222 con=0.004 rew@ach=0.68/0.83(n=19) rew@0=+0.014 | AC act=-0.002 crit=1.797 pg=-0.002 H=0.52 | img ret=2.18 val=2.18 imgR(mu=0.032 max=1.01 p99=0.96 hi=3.07%) scale=5.99 p5=-0.24 p95=5.75 | r/step=0.0132 | 1.3 ips ETA 3h38\r\n"}
,{"stream_name":"stdout","time":10237.942846834,"data":"  iter 13100/30000 [43.7%] | WM wm=17.02 rec=9.74 kl=7.08 rew=0.186 con=0.010 rew@ach=0.96/1.00(n=16) rew@0=+0.017 | AC act=0.002 crit=2.145 pg=0.002 H=0.43 | img ret=2.28 val=2.20 imgR(mu=0.044 max=1.01 p99=0.97 hi=3.42%) scale=6.14 p5=-0.21 p95=5.93 | r/step=0.0124 | 1.3 ips ETA 3h37\r\n"}
,{"stream_name":"stdout","time":10272.572236323,"data":"  iter 13150/30000 [43.8%] | WM wm=16.94 rec=10.27 kl=6.51 rew=0.152 con=0.002 rew@ach=0.69/0.85(n=11) rew@0=+0.004 | AC act=-0.003 crit=1.951 pg=-0.002 H=0.36 | img ret=1.78 val=1.79 imgR(mu=0.026 max=1.00 p99=0.70 hi=2.04%) scale=6.04 p5=-0.19 p95=5.85 | r/step=0.0125 | 1.3 ips ETA 3h36\r\n"}
,{"stream_name":"stdout","time":10306.878629676,"data":"  iter 13200/30000 [44.0%] | WM wm=17.03 rec=10.78 kl=6.08 rew=0.165 con=0.004 rew@ach=0.75/0.85(n=13) rew@0=+0.011 | AC act=-0.002 crit=1.949 pg=-0.002 H=0.45 | img ret=2.25 val=2.24 imgR(mu=0.023 max=1.00 p99=0.81 hi=1.86%) scale=6.23 p5=-0.19 p95=6.03 | r/step=0.0132 | 1.3 ips ETA 3h35\r\n"}
,{"stream_name":"stdout","time":10341.664293143,"data":"  iter 13250/30000 [44.2%] | WM wm=15.27 rec=8.90 kl=6.12 rew=0.234 con=0.012 rew@ach=0.73/0.82(n=19) rew@0=+0.030 | AC act=-0.003 crit=2.039 pg=-0.003 H=0.44 | img ret=1.81 val=1.80 imgR(mu=0.026 max=1.01 p99=0.78 hi=2.47%) scale=6.45 p5=-0.19 p95=6.25 | r/step=0.0196 | 1.3 ips ETA 3h35\r\n"}
,{"stream_name":"stdout","time":10376.040958209,"data":"  iter 13300/30000 [44.3%] | WM wm=15.79 rec=8.88 kl=6.66 rew=0.237 con=0.005 rew@ach=0.86/1.00(n=22) rew@0=+0.023 | AC act=0.002 crit=2.195 pg=0.002 H=0.49 | img ret=1.63 val=1.55 imgR(mu=0.035 max=1.01 p99=0.98 hi=3.02%) scale=6.26 p5=-0.21 p95=6.04 | r/step=0.0151 | 1.3 ips ETA 3h34\r\n"}
,{"stream_name":"stdout","time":10410.358280082,"data":"  iter 13350/30000 [44.5%] | WM wm=12.56 rec=6.97 kl=5.33 rew=0.252 con=0.011 rew@ach=0.84/1.00(n=20) rew@0=+0.017 | AC act=0.000 crit=2.134 pg=0.001 H=0.41 | img ret=2.19 val=2.12 imgR(mu=0.027 max=1.00 p99=0.88 hi=2.62%) scale=6.14 p5=-0.20 p95=5.95 | r/step=0.0159 | 1.3 ips ETA 3h33\r\n"}
,{"stream_name":"stdout","time":10444.964449243,"data":"  iter 13400/30000 [44.7%] | WM wm=18.96 rec=11.45 kl=7.33 rew=0.169 con=0.006 rew@ach=0.92/1.00(n=14) rew@0=+0.019 | AC act=0.001 crit=2.074 pg=0.001 H=0.40 | img ret=2.29 val=2.28 imgR(mu=0.032 max=1.01 p99=0.94 hi=2.87%) scale=6.24 p5=-0.19 p95=6.04 | r/step=0.0164 | 1.3 ips ETA 3h33\r\n"}
,{"stream_name":"stdout","time":10479.447668814,"data":"  iter 13450/30000 [44.8%] | WM wm=16.90 rec=10.45 kl=6.30 rew=0.151 con=0.002 rew@ach=0.81/1.00(n=9) rew@0=+0.004 | AC act=-0.003 crit=1.995 pg=-0.003 H=0.38 | img ret=2.00 val=2.05 imgR(mu=0.019 max=1.01 p99=0.75 hi=1.55%) scale=6.27 p5=-0.21 p95=6.05 | r/step=0.0146 | 1.3 ips ETA 3h32\r\n"}
,{"stream_name":"stdout","time":10513.788211427,"data":"  iter 13500/30000 [45.0%] | WM wm=18.21 rec=10.65 kl=7.40 rew=0.160 con=0.004 rew@ach=0.91/0.99(n=14) rew@0=+0.016 | AC act=0.001 crit=1.999 pg=0.001 H=0.51 | img ret=2.13 val=2.07 imgR(mu=0.036 max=1.01 p99=0.91 hi=2.55%) scale=6.47 p5=-0.22 p95=6.25 | r/step=0.0140 | 1.3 ips ETA 3h31\r\n"}
,{"stream_name":"stdout","time":10548.636793881,"data":"  iter 13550/30000 [45.2%] | WM wm=19.57 rec=12.04 kl=7.24 rew=0.284 con=0.009 rew@ach=0.79/1.00(n=25) rew@0=+0.016 | AC act=-0.001 crit=2.248 pg=-0.001 H=0.40 | img ret=1.85 val=1.83 imgR(mu=0.025 max=1.01 p99=0.84 hi=2.19%) scale=6.42 p5=-0.21 p95=6.20 | r/step=0.0101 | 1.3 ips ETA 3h30\r\n"}
,{"stream_name":"stdout","time":10583.292165668,"data":"  iter 13600/30000 [45.3%] | WM wm=15.30 rec=8.70 kl=6.39 rew=0.202 con=0.002 rew@ach=0.57/0.69(n=21) rew@0=+0.012 | AC act=-0.000 crit=2.075 pg=-0.000 H=0.40 | img ret=1.73 val=1.68 imgR(mu=0.025 max=1.00 p99=0.77 hi=1.97%) scale=6.33 p5=-0.22 p95=6.10 | r/step=0.0145 | 1.3 ips ETA 3h30\r\n"}
,{"stream_name":"stdout","time":10617.695122957,"data":"  iter 13650/30000 [45.5%] | WM wm=17.33 rec=10.87 kl=6.26 rew=0.202 con=0.003 rew@ach=0.86/1.00(n=14) rew@0=+0.017 | AC act=-0.001 crit=2.014 pg=-0.001 H=0.53 | img ret=2.18 val=2.17 imgR(mu=0.032 max=1.00 p99=0.99 hi=2.74%) scale=6.30 p5=-0.21 p95=6.08 | r/step=0.0064 | 1.3 ips ETA 3h29\r\n"}
,{"stream_name":"stdout","time":10652.584802795,"data":"  iter 13700/30000 [45.7%] | WM wm=16.38 rec=10.31 kl=5.89 rew=0.169 con=0.007 rew@ach=0.77/0.86(n=12) rew@0=+0.012 | AC act=-0.000 crit=1.951 pg=0.000 H=0.39 | img ret=2.59 val=2.53 imgR(mu=0.032 max=1.01 p99=0.92 hi=2.33%) scale=6.52 p5=-0.20 p95=6.32 | r/step=0.0131 | 1.3 ips ETA 3h28\r\n"}
,{"stream_name":"stdout","time":10686.593794912,"data":"  iter 13750/30000 [45.8%] | WM wm=15.33 rec=9.02 kl=6.11 rew=0.196 con=0.001 rew@ach=0.85/0.90(n=17) rew@0=+0.017 | AC act=0.002 crit=1.987 pg=0.002 H=0.44 | img ret=2.06 val=1.98 imgR(mu=0.025 max=1.01 p99=0.86 hi=2.04%) scale=6.26 p5=-0.20 p95=6.06 | r/step=0.0147 | 1.3 ips ETA 3h27\r\n"}
,{"stream_name":"stdout","time":10721.158576792,"data":"  iter 13800/30000 [46.0%] | WM wm=15.48 rec=8.97 kl=6.32 rew=0.181 con=0.006 rew@ach=0.79/0.89(n=16) rew@0=+0.019 | AC act=0.003 crit=2.017 pg=0.003 H=0.37 | img ret=2.77 val=2.66 imgR(mu=0.036 max=1.01 p99=0.97 hi=3.05%) scale=6.46 p5=-0.24 p95=6.22 | r/step=0.0140 | 1.3 ips ETA 3h27\r\n"}
,{"stream_name":"stdout","time":10755.503880426,"data":"  iter 13850/30000 [46.2%] | WM wm=18.98 rec=11.84 kl=6.94 rew=0.201 con=0.001 rew@ach=0.79/1.00(n=13) rew@0=+0.015 | AC act=0.002 crit=1.957 pg=0.002 H=0.49 | img ret=2.67 val=2.60 imgR(mu=0.036 max=1.01 p99=0.99 hi=2.49%) scale=6.39 p5=-0.22 p95=6.17 | r/step=0.0129 | 1.3 ips ETA 3h26\r\n"}
,{"stream_name":"stdout","time":10790.173211316,"data":"  iter 13900/30000 [46.3%] | WM wm=17.79 rec=10.97 kl=6.55 rew=0.264 con=0.007 rew@ach=0.75/0.82(n=19) rew@0=+0.027 | AC act=0.001 crit=1.824 pg=0.001 H=0.48 | img ret=3.10 val=3.06 imgR(mu=0.027 max=1.01 p99=1.00 hi=2.47%) scale=6.47 p5=-0.21 p95=6.26 | r/step=0.0149 | 1.3 ips ETA 3h25\r\n"}
,{"stream_name":"stdout","time":10824.593560143,"data":"  iter 13950/30000 [46.5%] | WM wm=19.42 rec=12.17 kl=7.09 rew=0.155 con=0.005 rew@ach=0.94/1.00(n=15) rew@0=+0.008 | AC act=-0.002 crit=1.999 pg=-0.002 H=0.38 | img ret=2.08 val=2.10 imgR(mu=0.019 max=1.00 p99=0.69 hi=1.39%) scale=6.85 p5=-0.18 p95=6.65 | r/step=0.0143 | 1.3 ips ETA 3h25\r\n"}
,{"stream_name":"stdout","time":10859.232325985,"data":"  iter 14000/30000 [46.7%] | WM wm=16.22 rec=9.40 kl=6.60 rew=0.207 con=0.012 rew@ach=0.73/1.00(n=14) rew@0=+0.008 | AC act=-0.003 crit=1.953 pg=-0.003 H=0.36 | img ret=2.51 val=2.58 imgR(mu=0.026 max=1.00 p99=0.69 hi=2.03%) scale=6.85 p5=-0.21 p95=6.64 | r/step=0.0196 | 1.3 ips ETA 3h24\r\n"}
,{"stream_name":"stdout","time":10894.026539997,"data":"  iter 14050/30000 [46.8%] | WM wm=18.59 rec=11.51 kl=6.84 rew=0.240 con=0.009 rew@ach=0.82/1.00(n=18) rew@0=+0.024 | AC act=-0.001 crit=1.970 pg=-0.001 H=0.43 | img ret=1.87 val=1.86 imgR(mu=0.020 max=1.01 p99=0.65 hi=1.40%) scale=6.47 p5=-0.18 p95=6.28 | r/step=0.0134 | 1.3 ips ETA 3h23\r\n"}
,{"stream_name":"stdout","time":10928.459336401,"data":"  iter 14100/30000 [47.0%] | WM wm=16.20 rec=9.57 kl=6.43 rew=0.197 con=0.001 rew@ach=0.76/0.89(n=15) rew@0=+0.019 | AC act=-0.001 crit=2.103 pg=-0.001 H=0.43 | img ret=2.19 val=2.16 imgR(mu=0.032 max=1.01 p99=0.78 hi=1.97%) scale=6.61 p5=-0.18 p95=6.44 | r/step=0.0108 | 1.3 ips ETA 3h22\r\n"}
,{"stream_name":"stdout","time":10963.139795437,"data":"  iter 14150/30000 [47.2%] | WM wm=14.53 rec=8.08 kl=6.20 rew=0.239 con=0.015 rew@ach=0.82/1.00(n=20) rew@0=+0.024 | AC act=0.002 crit=2.000 pg=0.002 H=0.48 | img ret=2.43 val=2.38 imgR(mu=0.038 max=1.01 p99=0.99 hi=2.93%) scale=6.39 p5=-0.20 p95=6.19 | r/step=0.0091 | 1.3 ips ETA 3h22\r\n"}
,{"stream_name":"stdout","time":10997.625075817,"data":"  iter 14200/30000 [47.3%] | WM wm=14.86 rec=8.70 kl=5.97 rew=0.193 con=0.002 rew@ach=0.75/0.89(n=15) rew@0=+0.012 | AC act=-0.002 crit=1.870 pg=-0.002 H=0.61 | img ret=2.14 val=2.14 imgR(mu=0.023 max=1.01 p99=0.95 hi=1.93%) scale=6.50 p5=-0.20 p95=6.30 | r/step=0.0125 | 1.3 ips ETA 3h21\r\n"}
,{"stream_name":"stdout","time":11032.181636489,"data":"  iter 14250/30000 [47.5%] | WM wm=18.26 rec=11.40 kl=6.63 rew=0.224 con=0.009 rew@ach=0.77/1.00(n=17) rew@0=+0.013 | AC act=-0.005 crit=2.035 pg=-0.005 H=0.50 | img ret=2.51 val=2.52 imgR(mu=0.036 max=1.01 p99=0.95 hi=3.12%) scale=6.57 p5=-0.20 p95=6.40 | r/step=0.0122 | 1.3 ips ETA 3h20\r\n"}
,{"stream_name":"stdout","time":11066.858925943,"data":"  iter 14300/30000 [47.7%] | WM wm=15.77 rec=9.35 kl=6.28 rew=0.140 con=0.001 rew@ach=0.80/0.87(n=13) rew@0=+0.010 | AC act=-0.003 crit=2.011 pg=-0.003 H=0.47 | img ret=2.65 val=2.65 imgR(mu=0.029 max=1.01 p99=0.95 hi=2.28%) scale=6.71 p5=-0.19 p95=6.52 | r/step=0.0187 | 1.3 ips ETA 3h20\r\n"}
,{"stream_name":"stdout","time":11101.573890103,"data":"  iter 14350/30000 [47.8%] | WM wm=20.41 rec=12.96 kl=7.22 rew=0.222 con=0.002 rew@ach=0.76/0.91(n=19) rew@0=+0.014 | AC act=-0.002 crit=2.034 pg=-0.002 H=0.41 | img ret=2.11 val=2.12 imgR(mu=0.019 max=1.01 p99=0.69 hi=1.62%) scale=6.75 p5=-0.19 p95=6.57 | r/step=0.0163 | 1.3 ips ETA 3h19\r\n"}
,{"stream_name":"stdout","time":11136.092324657,"data":"  iter 14400/30000 [48.0%] | WM wm=17.86 rec=10.62 kl=6.94 rew=0.286 con=0.016 rew@ach=0.81/1.00(n=20) rew@0=+0.032 | AC act=0.002 crit=2.158 pg=0.002 H=0.47 | img ret=2.79 val=2.74 imgR(mu=0.038 max=1.02 p99=0.93 hi=3.09%) scale=6.95 p5=-0.20 p95=6.78 | r/step=0.0102 | 1.3 ips ETA 3h18\r\n"}
,{"stream_name":"stdout","time":11170.368273457,"data":"  iter 14450/30000 [48.2%] | WM wm=15.37 rec=8.98 kl=6.22 rew=0.156 con=0.007 rew@ach=0.83/1.00(n=9) rew@0=+0.014 | AC act=-0.001 crit=2.074 pg=-0.001 H=0.43 | img ret=2.57 val=2.56 imgR(mu=0.019 max=1.01 p99=0.83 hi=1.61%) scale=6.63 p5=-0.18 p95=6.43 | r/step=0.0141 | 1.3 ips ETA 3h18\r\n"}
,{"stream_name":"stdout","time":11204.949461456,"data":"  iter 14500/30000 [48.3%] | WM wm=16.54 rec=10.16 kl=6.20 rew=0.183 con=0.002 rew@ach=0.76/0.91(n=18) rew@0=+0.015 | AC act=0.000 crit=2.048 pg=0.000 H=0.37 | img ret=2.66 val=2.63 imgR(mu=0.037 max=1.02 p99=0.95 hi=3.37%) scale=6.68 p5=-0.22 p95=6.46 | r/step=0.0140 | 1.3 ips ETA 3h17\r\n"}
,{"stream_name":"stdout","time":11239.558565024,"data":"  iter 14550/30000 [48.5%] | WM wm=15.37 rec=9.08 kl=6.12 rew=0.177 con=0.001 rew@ach=0.80/0.99(n=15) rew@0=+0.010 | AC act=0.001 crit=1.995 pg=0.002 H=0.47 | img ret=2.52 val=2.49 imgR(mu=0.025 max=1.02 p99=0.87 hi=2.09%) scale=6.83 p5=-0.22 p95=6.59 | r/step=0.0075 | 1.3 ips ETA 3h16\r\n"}
,{"stream_name":"stdout","time":11274.177803618,"data":"  iter 14600/30000 [48.7%] | WM wm=13.93 rec=7.81 kl=5.83 rew=0.270 con=0.013 rew@ach=0.67/0.82(n=19) rew@0=+0.022 | AC act=0.003 crit=1.988 pg=0.003 H=0.58 | img ret=2.73 val=2.60 imgR(mu=0.046 max=1.01 p99=1.00 hi=4.35%) scale=6.57 p5=-0.23 p95=6.35 | r/step=0.0134 | 1.3 ips ETA 3h15\r\n"}
,{"stream_name":"stdout","time":11308.86214498,"data":"  iter 14650/30000 [48.8%] | WM wm=15.81 rec=9.77 kl=5.82 rew=0.210 con=0.002 rew@ach=0.71/1.00(n=16) rew@0=+0.014 | AC act=0.004 crit=2.178 pg=0.004 H=0.52 | img ret=2.68 val=2.52 imgR(mu=0.045 max=1.01 p99=0.93 hi=4.00%) scale=7.00 p5=-0.24 p95=6.77 | r/step=0.0139 | 1.3 ips ETA 3h15\r\n"}
,{"stream_name":"stdout","time":11343.354564115,"data":"  iter 14700/30000 [49.0%] | WM wm=10.38 rec=5.37 kl=4.84 rew=0.167 con=0.004 rew@ach=0.90/1.00(n=19) rew@0=+0.018 | AC act=-0.001 crit=1.962 pg=-0.001 H=0.46 | img ret=2.59 val=2.59 imgR(mu=0.027 max=1.01 p99=0.93 hi=1.88%) scale=7.06 p5=-0.24 p95=6.82 | r/step=0.0114 | 1.3 ips ETA 3h14\r\n"}
,{"stream_name":"stdout","time":11377.668278222,"data":"  iter 14750/30000 [49.2%] | WM wm=19.88 rec=11.86 kl=7.67 rew=0.341 con=0.007 rew@ach=0.79/1.00(n=19) rew@0=+0.024 | AC act=-0.002 crit=1.948 pg=-0.002 H=0.45 | img ret=2.39 val=2.38 imgR(mu=0.021 max=1.01 p99=0.86 hi=2.12%) scale=7.19 p5=-0.21 p95=6.98 | r/step=0.0138 | 1.3 ips ETA 3h13\r\n"}
,{"stream_name":"stdout","time":11412.353637489,"data":"  iter 14800/30000 [49.3%] | WM wm=15.95 rec=10.19 kl=5.54 rew=0.210 con=0.006 rew@ach=0.76/0.99(n=17) rew@0=+0.015 | AC act=-0.003 crit=1.838 pg=-0.003 H=0.52 | img ret=3.18 val=3.22 imgR(mu=0.035 max=1.01 p99=0.98 hi=2.83%) scale=7.39 p5=-0.21 p95=7.20 | r/step=0.0188 | 1.3 ips ETA 3h13\r\n"}
,{"stream_name":"stdout","time":11446.823084137,"data":"  iter 14850/30000 [49.5%] | WM wm=14.32 rec=8.12 kl=5.94 rew=0.260 con=0.003 rew@ach=0.78/1.00(n=19) rew@0=+0.028 | AC act=0.003 crit=1.891 pg=0.003 H=0.47 | img ret=2.97 val=2.87 imgR(mu=0.039 max=1.00 p99=0.90 hi=3.20%) scale=7.46 p5=-0.22 p95=7.24 | r/step=0.0152 | 1.3 ips ETA 3h12\r\n"}
,{"stream_name":"stdout","time":11481.176830533,"data":"  iter 14900/30000 [49.7%] | WM wm=16.78 rec=9.90 kl=6.70 rew=0.162 con=0.010 rew@ach=0.80/1.00(n=11) rew@0=+0.014 | AC act=-0.002 crit=2.145 pg=-0.002 H=0.44 | img ret=2.03 val=2.01 imgR(mu=0.033 max=1.01 p99=0.91 hi=3.09%) scale=7.31 p5=-0.22 p95=7.08 | r/step=0.0129 | 1.3 ips ETA 3h11\r\n"}
,{"stream_name":"stdout","time":11515.911144841,"data":"  iter 14950/30000 [49.8%] | WM wm=16.45 rec=9.31 kl=6.91 rew=0.229 con=0.002 rew@ach=0.80/0.99(n=18) rew@0=+0.020 | AC act=-0.002 crit=1.916 pg=-0.002 H=0.49 | img ret=2.83 val=2.79 imgR(mu=0.032 max=1.01 p99=0.95 hi=3.16%) scale=7.37 p5=-0.21 p95=7.15 | r/step=0.0134 | 1.3 ips ETA 3h11\r\n"}
,{"stream_name":"stdout","time":11550.370313239,"data":"  iter 15000/30000 [50.0%] | WM wm=15.54 rec=8.65 kl=6.67 rew=0.224 con=0.003 rew@ach=0.76/0.89(n=16) rew@0=+0.020 | AC act=0.001 crit=1.992 pg=0.001 H=0.48 | img ret=1.90 val=1.83 imgR(mu=0.028 max=1.01 p99=0.79 hi=2.31%) scale=7.23 p5=-0.20 p95=7.03 | r/step=0.0136 | 1.3 ips ETA 3h10\r\n"}
,{"stream_name":"stdout","time":11738.487606587,"data":"  \u003e\u003e\u003e EVAL @ iter 15000 : score=2.58  length=197  achievements=3.48 ↑  sample=3.80  (best=3.52 @5000)  crafter_score=1.92% [2621 train eps]\r\n"}
,{"stream_name":"stdout","time":11738.487645787,"data":"      unlocked (7/22): collect_sapling=99%  wake_up=95%  place_plant=81%  collect_wood=41%  collect_drink=24%  defeat_zombie=7%  eat_cow=1%\r\n"}
,{"stream_name":"stdout","time":11738.487651987,"data":"      TRAIN (11/22 sur 2621 eps): wake_up=2442(93.2%)  collect_sapling=2216(84.5%)  place_plant=1505(57.4%)  collect_wood=867(33.1%)  collect_drink=379(14.5%)  defeat_zombie=201(7.7%)  eat_cow=52(2.0%)  place_table=28(1.1%)  make_wood_pickaxe=3(0.1%)  make_wood_sword=2(0.1%)  defeat_skeleton=2(0.1%)\r\n"}
,{"stream_name":"stdout","time":11738.487657287,"data":"      JAMAIS vus en train (11) : collect_coal  collect_diamond  collect_iron  collect_stone  eat_plant  make_iron_pickaxe  make_iron_sword  make_stone_pickaxe  make_stone_sword  place_furnace  place_stone\r\n"}
,{"stream_name":"stdout","time":11747.458648853,"data":"  Checkpoint saved : dreamer_crafter_jax_v47-tpu-acwarmup-t1_iter015000.npz\r\n"}
,{"stream_name":"stdout","time":11781.862236788,"data":"  iter 15050/30000 [50.2%] | WM wm=17.01 rec=10.08 kl=6.73 rew=0.198 con=0.002 rew@ach=0.90/1.00(n=20) rew@0=+0.014 | AC act=0.001 crit=2.096 pg=0.002 H=0.44 | img ret=2.49 val=2.44 imgR(mu=0.039 max=1.01 p99=0.89 hi=2.79%) scale=7.34 p5=-0.19 p95=7.15 | r/step=0.0117 | 1.3 ips ETA 3h12\r\n"}
,{"stream_name":"stdout","time":11816.390343334,"data":"  iter 15100/30000 [50.3%] | WM wm=16.67 rec=9.80 kl=6.65 rew=0.209 con=0.001 rew@ach=0.81/1.00(n=12) rew@0=+0.012 | AC act=-0.002 crit=1.858 pg=-0.002 H=0.48 | img ret=3.13 val=3.12 imgR(mu=0.038 max=1.02 p99=0.98 hi=2.87%) scale=7.21 p5=-0.22 p95=7.00 | r/step=0.0106 | 1.3 ips ETA 3h12\r\n"}
,{"stream_name":"stdout","time":11850.774536791,"data":"  iter 15150/30000 [50.5%] | WM wm=19.33 rec=11.61 kl=7.55 rew=0.169 con=0.001 rew@ach=0.71/0.89(n=14) rew@0=+0.014 | AC act=-0.002 crit=2.154 pg=-0.002 H=0.51 | img ret=2.30 val=2.26 imgR(mu=0.038 max=1.01 p99=0.98 hi=3.49%) scale=7.10 p5=-0.23 p95=6.89 | r/step=0.0093 | 1.3 ips ETA 3h11\r\n"}
,{"stream_name":"stdout","time":11885.245342971,"data":"  iter 15200/30000 [50.7%] | WM wm=14.17 rec=7.97 kl=5.96 rew=0.231 con=0.006 rew@ach=0.84/0.93(n=26) rew@0=+0.021 | AC act=-0.003 crit=1.891 pg=-0.002 H=0.60 | img ret=2.32 val=2.31 imgR(mu=0.032 max=1.01 p99=0.99 hi=3.03%) scale=6.95 p5=-0.21 p95=6.73 | r/step=0.0085 | 1.3 ips ETA 3h10\r\n"}
,{"stream_name":"stdout","time":11919.9529703,"data":"  iter 15250/30000 [50.8%] | WM wm=16.01 rec=9.15 kl=6.67 rew=0.186 con=0.004 rew@ach=0.78/0.89(n=16) rew@0=+0.017 | AC act=0.001 crit=1.860 pg=0.001 H=0.53 | img ret=2.91 val=2.88 imgR(mu=0.040 max=1.02 p99=0.97 hi=3.46%) scale=7.04 p5=-0.21 p95=6.84 | r/step=0.0101 | 1.3 ips ETA 3h10\r\n"}
,{"stream_name":"stdout","time":11954.483398337,"data":"  iter 15300/30000 [51.0%] | WM wm=18.48 rec=11.66 kl=6.64 rew=0.177 con=0.004 rew@ach=0.80/0.85(n=13) rew@0=+0.014 | AC act=0.001 crit=1.793 pg=0.001 H=0.44 | img ret=2.78 val=2.75 imgR(mu=0.026 max=1.01 p99=0.75 hi=1.56%) scale=7.60 p5=-0.22 p95=7.38 | r/step=0.0094 | 1.3 ips ETA 3h09\r\n"}
,{"stream_name":"stdout","time":11988.99260552,"data":"  iter 15350/30000 [51.2%] | WM wm=13.33 rec=8.05 kl=5.15 rew=0.131 con=0.003 rew@ach=0.85/1.00(n=8) rew@0=+0.014 | AC act=0.002 crit=2.032 pg=0.002 H=0.58 | img ret=2.44 val=2.36 imgR(mu=0.045 max=1.01 p99=0.93 hi=3.55%) scale=7.15 p5=-0.21 p95=6.94 | r/step=0.0147 | 1.3 ips ETA 3h08\r\n"}
,{"stream_name":"stdout","time":12023.934437698,"data":"  iter 15400/30000 [51.3%] | WM wm=17.51 rec=11.20 kl=6.12 rew=0.185 con=0.002 rew@ach=0.85/1.00(n=14) rew@0=+0.012 | AC act=-0.001 crit=2.118 pg=-0.000 H=0.45 | img ret=2.58 val=2.54 imgR(mu=0.044 max=1.01 p99=0.98 hi=3.68%) scale=7.08 p5=-0.21 p95=6.88 | r/step=0.0146 | 1.3 ips ETA 3h07\r\n"}
,{"stream_name":"stdout","time":12058.457479069,"data":"  iter 15450/30000 [51.5%] | WM wm=14.08 rec=7.67 kl=6.09 rew=0.314 con=0.005 rew@ach=0.68/0.93(n=26) rew@0=+0.022 | AC act=0.004 crit=2.118 pg=0.004 H=0.52 | img ret=2.72 val=2.60 imgR(mu=0.049 max=1.01 p99=0.96 hi=3.66%) scale=7.19 p5=-0.21 p95=6.99 | r/step=0.0156 | 1.3 ips ETA 3h07\r\n"}
,{"stream_name":"stdout","time":12092.919506265,"data":"  iter 15500/30000 [51.7%] | WM wm=15.29 rec=8.72 kl=6.28 rew=0.286 con=0.007 rew@ach=0.73/0.85(n=23) rew@0=+0.030 | AC act=0.001 crit=1.753 pg=0.001 H=0.53 | img ret=2.17 val=2.11 imgR(mu=0.023 max=1.01 p99=0.82 hi=2.28%) scale=7.32 p5=-0.21 p95=7.11 | r/step=0.0064 | 1.3 ips ETA 3h06\r\n"}
,{"stream_name":"stdout","time":12127.566368469,"data":"  iter 15550/30000 [51.8%] | WM wm=14.65 rec=8.33 kl=6.15 rew=0.173 con=0.003 rew@ach=0.77/1.00(n=14) rew@0=+0.016 | AC act=-0.002 crit=1.901 pg=-0.002 H=0.52 | img ret=2.24 val=2.24 imgR(mu=0.031 max=1.00 p99=0.83 hi=2.57%) scale=7.12 p5=-0.22 p95=6.90 | r/step=0.0112 | 1.3 ips ETA 3h05\r\n"}
,{"stream_name":"stdout","time":12162.028623341,"data":"  iter 15600/30000 [52.0%] | WM wm=13.64 rec=7.92 kl=5.51 rew=0.207 con=0.004 rew@ach=0.83/1.00(n=18) rew@0=+0.011 | AC act=-0.001 crit=1.811 pg=-0.001 H=0.49 | img ret=2.82 val=2.81 imgR(mu=0.031 max=1.01 p99=0.82 hi=2.24%) scale=6.88 p5=-0.22 p95=6.66 | r/step=0.0114 | 1.3 ips ETA 3h05\r\n"}
,{"stream_name":"stdout","time":12196.511940363,"data":"  iter 15650/30000 [52.2%] | WM wm=14.11 rec=7.96 kl=5.91 rew=0.231 con=0.003 rew@ach=0.86/1.00(n=22) rew@0=+0.029 | AC act=-0.000 crit=2.146 pg=-0.000 H=0.42 | img ret=2.37 val=2.28 imgR(mu=0.047 max=1.01 p99=0.84 hi=3.43%) scale=7.13 p5=-0.23 p95=6.90 | r/step=0.0098 | 1.3 ips ETA 3h04\r\n"}
,{"stream_name":"stdout","time":12231.178243951,"data":"  iter 15700/30000 [52.3%] | WM wm=13.81 rec=8.01 kl=5.56 rew=0.236 con=0.005 rew@ach=0.68/0.91(n=18) rew@0=+0.018 | AC act=0.000 crit=1.933 pg=0.001 H=0.41 | img ret=1.92 val=1.86 imgR(mu=0.028 max=1.01 p99=0.89 hi=2.22%) scale=7.56 p5=-0.23 p95=7.33 | r/step=0.0159 | 1.3 ips ETA 3h03\r\n"}
,{"stream_name":"stdout","time":12265.616245325,"data":"  iter 15750/30000 [52.5%] | WM wm=18.07 rec=9.97 kl=7.70 rew=0.392 con=0.008 rew@ach=0.45/0.89(n=18) rew@0=+0.013 | AC act=0.001 crit=2.170 pg=0.001 H=0.44 | img ret=1.68 val=1.67 imgR(mu=0.030 max=1.01 p99=0.96 hi=2.50%) scale=7.74 p5=-0.22 p95=7.47 | r/step=0.0085 | 1.3 ips ETA 3h03\r\n"}
,{"stream_name":"stdout","time":12300.213977928,"data":"  iter 15800/30000 [52.7%] | WM wm=18.75 rec=11.46 kl=7.12 rew=0.169 con=0.003 rew@ach=0.71/1.00(n=10) rew@0=+0.015 | AC act=0.001 crit=2.057 pg=0.001 H=0.45 | img ret=1.97 val=1.93 imgR(mu=0.033 max=1.03 p99=1.00 hi=2.81%) scale=7.81 p5=-0.23 p95=7.57 | r/step=0.0089 | 1.3 ips ETA 3h02\r\n"}
,{"stream_name":"stdout","time":12334.487170791,"data":"  iter 15850/30000 [52.8%] | WM wm=14.72 rec=9.16 kl=5.38 rew=0.181 con=0.000 rew@ach=0.84/1.00(n=15) rew@0=+0.010 | AC act=-0.001 crit=1.847 pg=-0.000 H=0.44 | img ret=2.45 val=2.43 imgR(mu=0.033 max=1.01 p99=0.82 hi=2.42%) scale=7.82 p5=-0.24 p95=7.59 | r/step=0.0074 | 1.3 ips ETA 3h01\r\n"}
,{"stream_name":"stdout","time":12369.264878711,"data":"  iter 15900/30000 [53.0%] | WM wm=16.06 rec=9.64 kl=6.20 rew=0.222 con=0.001 rew@ach=0.68/0.89(n=16) rew@0=+0.012 | AC act=-0.002 crit=1.874 pg=-0.002 H=0.45 | img ret=2.04 val=2.05 imgR(mu=0.019 max=1.01 p99=0.77 hi=1.63%) scale=7.66 p5=-0.25 p95=7.40 | r/step=0.0101 | 1.3 ips ETA 3h00\r\n"}
,{"stream_name":"stdout","time":12403.74376202,"data":"  iter 15950/30000 [53.2%] | WM wm=12.94 rec=7.30 kl=5.45 rew=0.187 con=0.004 rew@ach=0.85/1.00(n=18) rew@0=+0.011 | AC act=-0.005 crit=1.963 pg=-0.004 H=0.50 | img ret=1.85 val=1.87 imgR(mu=0.027 max=1.04 p99=0.85 hi=2.25%) scale=8.08 p5=-0.25 p95=7.80 | r/step=0.0086 | 1.3 ips ETA 3h00\r\n"}
,{"stream_name":"stdout","time":12438.295894432,"data":"  iter 16000/30000 [53.3%] | WM wm=16.85 rec=10.13 kl=6.36 rew=0.354 con=0.008 rew@ach=0.73/0.99(n=21) rew@0=+0.015 | AC act=0.000 crit=1.934 pg=0.000 H=0.45 | img ret=2.27 val=2.27 imgR(mu=0.027 max=1.01 p99=0.79 hi=2.19%) scale=8.29 p5=-0.25 p95=8.03 | r/step=0.0109 | 1.3 ips ETA 2h59\r\n"}
,{"stream_name":"stdout","time":12472.819849015,"data":"  iter 16050/30000 [53.5%] | WM wm=11.97 rec=6.74 kl=5.08 rew=0.141 con=0.003 rew@ach=0.93/1.00(n=14) rew@0=+0.008 | AC act=-0.003 crit=1.791 pg=-0.002 H=0.52 | img ret=2.47 val=2.46 imgR(mu=0.036 max=1.01 p99=0.75 hi=2.23%) scale=8.80 p5=-0.26 p95=8.55 | r/step=0.0164 | 1.3 ips ETA 2h58\r\n"}
,{"stream_name":"stdout","time":12507.398420172,"data":"  iter 16100/30000 [53.7%] | WM wm=15.38 rec=8.91 kl=6.15 rew=0.310 con=0.005 rew@ach=0.72/0.92(n=27) rew@0=+0.040 | AC act=0.003 crit=2.278 pg=0.003 H=0.41 | img ret=2.70 val=2.56 imgR(mu=0.057 max=1.05 p99=0.96 hi=5.14%) scale=8.61 p5=-0.25 p95=8.37 | r/step=0.0059 | 1.3 ips ETA 2h58\r\n"}
,{"stream_name":"stdout","time":12542.048809736,"data":"  iter 16150/30000 [53.8%] | WM wm=21.08 rec=13.52 kl=7.39 rew=0.172 con=0.004 rew@ach=0.63/0.67(n=11) rew@0=+0.017 | AC act=-0.003 crit=1.778 pg=-0.003 H=0.43 | img ret=2.43 val=2.48 imgR(mu=0.026 max=1.01 p99=0.78 hi=1.87%) scale=8.86 p5=-0.23 p95=8.62 | r/step=0.0077 | 1.3 ips ETA 2h57\r\n"}
,{"stream_name":"stdout","time":12576.779919083,"data":"  iter 16200/30000 [54.0%] | WM wm=14.21 rec=8.08 kl=5.89 rew=0.240 con=0.004 rew@ach=0.81/0.92(n=21) rew@0=+0.028 | AC act=0.001 crit=2.119 pg=0.001 H=0.41 | img ret=1.96 val=1.90 imgR(mu=0.035 max=1.01 p99=0.82 hi=2.73%) scale=8.11 p5=-0.24 p95=7.87 | r/step=0.0096 | 1.3 ips ETA 2h56\r\n"}
,{"stream_name":"stdout","time":12611.152801725,"data":"  iter 16250/30000 [54.2%] | WM wm=17.15 rec=10.16 kl=6.74 rew=0.241 con=0.003 rew@ach=0.58/0.73(n=19) rew@0=+0.011 | AC act=-0.003 crit=1.785 pg=-0.003 H=0.44 | img ret=2.42 val=2.42 imgR(mu=0.034 max=1.02 p99=0.91 hi=2.81%) scale=7.72 p5=-0.22 p95=7.50 | r/step=0.0105 | 1.3 ips ETA 2h56\r\n"}
,{"stream_name":"stdout","time":12645.530524337,"data":"  iter 16300/30000 [54.3%] | WM wm=15.58 rec=8.77 kl=6.61 rew=0.186 con=0.002 rew@ach=0.72/0.88(n=15) rew@0=+0.014 | AC act=0.000 crit=1.901 pg=0.000 H=0.48 | img ret=2.23 val=2.21 imgR(mu=0.034 max=1.01 p99=0.81 hi=2.13%) scale=7.77 p5=-0.24 p95=7.54 | r/step=0.0097 | 1.3 ips ETA 2h55\r\n"}
,{"stream_name":"stdout","time":12680.042150969,"data":"  iter 16350/30000 [54.5%] | WM wm=12.67 rec=6.72 kl=5.72 rew=0.226 con=0.007 rew@ach=0.83/0.99(n=18) rew@0=+0.028 | AC act=0.001 crit=1.863 pg=0.001 H=0.46 | img ret=2.03 val=1.97 imgR(mu=0.035 max=1.01 p99=0.96 hi=3.09%) scale=7.48 p5=-0.21 p95=7.26 | r/step=0.0154 | 1.3 ips ETA 2h54\r\n"}
,{"stream_name":"stdout","time":12714.558687542,"data":"  iter 16400/30000 [54.7%] | WM wm=14.98 rec=8.68 kl=6.02 rew=0.277 con=0.004 rew@ach=0.77/0.99(n=22) rew@0=+0.023 | AC act=-0.001 crit=1.792 pg=-0.001 H=0.47 | img ret=2.45 val=2.42 imgR(mu=0.038 max=1.02 p99=0.93 hi=2.84%) scale=7.13 p5=-0.22 p95=6.91 | r/step=0.0130 | 1.3 ips ETA 2h53\r\n"}
,{"stream_name":"stdout","time":12748.989913786,"data":"  iter 16450/30000 [54.8%] | WM wm=14.92 rec=8.36 kl=6.28 rew=0.272 con=0.006 rew@ach=0.64/0.89(n=16) rew@0=+0.042 | AC act=0.001 crit=1.921 pg=0.002 H=0.40 | img ret=2.06 val=1.96 imgR(mu=0.033 max=1.01 p99=0.96 hi=2.84%) scale=6.99 p5=-0.24 p95=6.74 | r/step=0.0106 | 1.3 ips ETA 2h53\r\n"}
,{"stream_name":"stdout","time":12783.62013985,"data":"  iter 16500/30000 [55.0%] | WM wm=13.62 rec=7.24 kl=6.12 rew=0.254 con=0.006 rew@ach=0.88/0.99(n=21) rew@0=+0.027 | AC act=0.000 crit=1.889 pg=0.000 H=0.37 | img ret=2.31 val=2.27 imgR(mu=0.036 max=1.00 p99=0.92 hi=2.97%) scale=7.07 p5=-0.25 p95=6.82 | r/step=0.0163 | 1.3 ips ETA 2h52\r\n"}
,{"stream_name":"stdout","time":12818.258076782,"data":"  iter 16550/30000 [55.2%] | WM wm=16.27 rec=9.30 kl=6.70 rew=0.265 con=0.006 rew@ach=0.84/0.90(n=23) rew@0=+0.028 | AC act=0.002 crit=1.969 pg=0.002 H=0.44 | img ret=2.02 val=1.95 imgR(mu=0.033 max=1.01 p99=0.94 hi=3.01%) scale=7.09 p5=-0.25 p95=6.84 | r/step=0.0097 | 1.3 ips ETA 2h51\r\n"}
,{"stream_name":"stdout","time":12852.930355737,"data":"  iter 16600/30000 [55.3%] | WM wm=13.50 rec=8.00 kl=5.31 rew=0.181 con=0.005 rew@ach=0.78/1.00(n=16) rew@0=+0.007 | AC act=0.001 crit=1.957 pg=0.001 H=0.50 | img ret=2.99 val=2.98 imgR(mu=0.033 max=1.01 p99=0.99 hi=2.80%) scale=7.32 p5=-0.23 p95=7.11 | r/step=0.0150 | 1.3 ips ETA 2h51\r\n"}
,{"stream_name":"stdout","time":12887.470235144,"data":"  iter 16650/30000 [55.5%] | WM wm=15.96 rec=9.09 kl=6.64 rew=0.224 con=0.002 rew@ach=0.78/0.98(n=18) rew@0=+0.018 | AC act=-0.003 crit=1.885 pg=-0.003 H=0.48 | img ret=2.40 val=2.47 imgR(mu=0.024 max=1.00 p99=0.91 hi=2.20%) scale=7.22 p5=-0.24 p95=6.99 | r/step=0.0157 | 1.3 ips ETA 2h50\r\n"}
,{"stream_name":"stdout","time":12922.045217996,"data":"  iter 16700/30000 [55.7%] | WM wm=20.01 rec=12.12 kl=7.71 rew=0.177 con=0.002 rew@ach=0.79/1.00(n=10) rew@0=+0.016 | AC act=-0.001 crit=1.973 pg=-0.000 H=0.45 | img ret=1.31 val=1.28 imgR(mu=0.016 max=1.00 p99=0.60 hi=1.30%) scale=7.43 p5=-0.24 p95=7.17 | r/step=0.0125 | 1.3 ips ETA 2h49\r\n"}
,{"stream_name":"stdout","time":12956.411522621,"data":"  iter 16750/30000 [55.8%] | WM wm=17.93 rec=10.53 kl=7.19 rew=0.211 con=0.002 rew@ach=0.79/0.99(n=14) rew@0=+0.019 | AC act=-0.002 crit=1.877 pg=-0.002 H=0.40 | img ret=2.02 val=2.03 imgR(mu=0.034 max=1.01 p99=0.84 hi=2.08%) scale=7.35 p5=-0.21 p95=7.13 | r/step=0.0114 | 1.3 ips ETA 2h49\r\n"}
,{"stream_name":"stdout","time":12991.173666888,"data":"  iter 16800/30000 [56.0%] | WM wm=14.76 rec=7.92 kl=6.69 rew=0.151 con=0.003 rew@ach=0.52/0.62(n=9) rew@0=+0.012 | AC act=-0.002 crit=2.037 pg=-0.002 H=0.41 | img ret=1.88 val=1.85 imgR(mu=0.026 max=1.01 p99=0.84 hi=2.10%) scale=7.46 p5=-0.24 p95=7.22 | r/step=0.0121 | 1.3 ips ETA 2h48\r\n"}
,{"stream_name":"stdout","time":13025.665666464,"data":"  iter 16850/30000 [56.2%] | WM wm=16.36 rec=9.88 kl=6.31 rew=0.169 con=0.000 rew@ach=0.77/0.89(n=15) rew@0=+0.010 | AC act=-0.005 crit=2.053 pg=-0.005 H=0.55 | img ret=1.07 val=1.10 imgR(mu=0.007 max=1.00 p99=0.46 hi=0.85%) scale=7.35 p5=-0.24 p95=7.08 | r/step=0.0154 | 1.3 ips ETA 2h47\r\n"}
,{"stream_name":"stdout","time":13060.354901485,"data":"  iter 16900/30000 [56.3%] | WM wm=12.42 rec=7.41 kl=4.80 rew=0.204 con=0.003 rew@ach=0.86/0.93(n=24) rew@0=+0.018 | AC act=-0.004 crit=1.860 pg=-0.004 H=0.48 | img ret=2.08 val=2.09 imgR(mu=0.019 max=1.01 p99=0.82 hi=2.07%) scale=6.96 p5=-0.22 p95=6.75 | r/step=0.0097 | 1.3 ips ETA 2h47\r\n"}
,{"stream_name":"stdout","time":13095.078234005,"data":"  iter 16950/30000 [56.5%] | WM wm=11.32 rec=5.90 kl=5.18 rew=0.241 con=0.005 rew@ach=0.80/0.92(n=21) rew@0=+0.032 | AC act=-0.001 crit=1.964 pg=-0.001 H=0.46 | img ret=2.35 val=2.29 imgR(mu=0.035 max=1.01 p99=0.79 hi=3.16%) scale=7.12 p5=-0.24 p95=6.90 | r/step=0.0136 | 1.3 ips ETA 2h46\r\n"}
,{"stream_name":"stdout","time":13129.337857097,"data":"  iter 17000/30000 [56.7%] | WM wm=12.37 rec=6.90 kl=5.24 rew=0.222 con=0.006 rew@ach=0.89/0.99(n=22) rew@0=+0.020 | AC act=0.002 crit=2.021 pg=0.002 H=0.41 | img ret=1.53 val=1.44 imgR(mu=0.024 max=1.00 p99=0.87 hi=2.21%) scale=6.84 p5=-0.22 p95=6.60 | r/step=0.0127 | 1.3 ips ETA 2h45\r\n"}
,{"stream_name":"stdout","time":13163.764303095,"data":"  iter 17050/30000 [56.8%] | WM wm=15.85 rec=9.77 kl=5.96 rew=0.121 con=0.001 rew@ach=0.96/1.00(n=11) rew@0=+0.005 | AC act=-0.001 crit=1.801 pg=-0.001 H=0.42 | img ret=2.44 val=2.44 imgR(mu=0.029 max=1.01 p99=0.92 hi=2.09%) scale=7.23 p5=-0.22 p95=7.02 | r/step=0.0133 | 1.3 ips ETA 2h45\r\n"}
,{"stream_name":"stdout","time":13198.441503234,"data":"  iter 17100/30000 [57.0%] | WM wm=18.21 rec=11.03 kl=6.92 rew=0.255 con=0.011 rew@ach=0.61/0.90(n=16) rew@0=+0.014 | AC act=-0.001 crit=1.869 pg=-0.001 H=0.35 | img ret=2.72 val=2.72 imgR(mu=0.035 max=1.02 p99=0.91 hi=2.30%) scale=7.34 p5=-0.22 p95=7.14 | r/step=0.0131 | 1.3 ips ETA 2h44\r\n"}
,{"stream_name":"stdout","time":13232.911951356,"data":"  iter 17150/30000 [57.2%] | WM wm=13.41 rec=7.64 kl=5.59 rew=0.176 con=0.009 rew@ach=0.89/1.00(n=16) rew@0=+0.012 | AC act=-0.000 crit=1.901 pg=-0.000 H=0.38 | img ret=2.40 val=2.35 imgR(mu=0.028 max=1.00 p99=0.87 hi=2.59%) scale=7.56 p5=-0.23 p95=7.34 | r/step=0.0104 | 1.3 ips ETA 2h43\r\n"}
,{"stream_name":"stdout","time":13267.388335645,"data":"  iter 17200/30000 [57.3%] | WM wm=18.12 rec=10.97 kl=6.87 rew=0.277 con=0.004 rew@ach=0.78/0.99(n=17) rew@0=+0.029 | AC act=-0.003 crit=1.878 pg=-0.003 H=0.47 | img ret=2.26 val=2.31 imgR(mu=0.022 max=1.01 p99=0.88 hi=2.06%) scale=7.19 p5=-0.24 p95=6.95 | r/step=0.0113 | 1.3 ips ETA 2h42\r\n"}
,{"stream_name":"stdout","time":13301.95626704,"data":"  iter 17250/30000 [57.5%] | WM wm=14.69 rec=8.73 kl=5.75 rew=0.206 con=0.002 rew@ach=0.69/0.82(n=18) rew@0=+0.009 | AC act=-0.002 crit=1.791 pg=-0.002 H=0.48 | img ret=1.92 val=1.93 imgR(mu=0.018 max=1.01 p99=0.71 hi=1.56%) scale=7.25 p5=-0.22 p95=7.02 | r/step=0.0114 | 1.3 ips ETA 2h42\r\n"}
,{"stream_name":"stdout","time":13336.447153628,"data":"  iter 17300/30000 [57.7%] | WM wm=13.65 rec=7.23 kl=6.20 rew=0.218 con=0.003 rew@ach=0.84/1.00(n=15) rew@0=+0.027 | AC act=0.001 crit=1.858 pg=0.001 H=0.49 | img ret=2.15 val=2.10 imgR(mu=0.029 max=1.01 p99=0.96 hi=2.65%) scale=7.47 p5=-0.23 p95=7.24 | r/step=0.0145 | 1.3 ips ETA 2h41\r\n"}
,{"stream_name":"stdout","time":13370.903618629,"data":"  iter 17350/30000 [57.8%] | WM wm=12.10 rec=6.99 kl=4.90 rew=0.198 con=0.005 rew@ach=0.81/0.99(n=15) rew@0=+0.024 | AC act=-0.002 crit=1.909 pg=-0.002 H=0.42 | img ret=1.91 val=1.89 imgR(mu=0.026 max=1.01 p99=0.75 hi=2.49%) scale=7.30 p5=-0.21 p95=7.10 | r/step=0.0132 | 1.3 ips ETA 2h40\r\n"}
,{"stream_name":"stdout","time":13405.427315214,"data":"  iter 17400/30000 [58.0%] | WM wm=14.49 rec=8.27 kl=6.00 rew=0.220 con=0.003 rew@ach=0.61/0.81(n=18) rew@0=+0.024 | AC act=0.000 crit=1.952 pg=0.000 H=0.44 | img ret=2.04 val=2.02 imgR(mu=0.023 max=1.01 p99=0.83 hi=2.23%) scale=6.90 p5=-0.21 p95=6.70 | r/step=0.0158 | 1.3 ips ETA 2h40\r\n"}
,{"stream_name":"stdout","time":13440.211776781,"data":"  iter 17450/30000 [58.2%] | WM wm=12.14 rec=6.68 kl=5.26 rew=0.195 con=0.003 rew@ach=0.81/0.92(n=21) rew@0=+0.013 | AC act=-0.003 crit=1.842 pg=-0.003 H=0.42 | img ret=2.01 val=2.04 imgR(mu=0.023 max=1.01 p99=0.90 hi=1.95%) scale=7.01 p5=-0.24 p95=6.76 | r/step=0.0145 | 1.3 ips ETA 2h39\r\n"}
,{"stream_name":"stdout","time":13474.663215516,"data":"  iter 17500/30000 [58.3%] | WM wm=11.80 rec=6.77 kl=4.77 rew=0.258 con=0.008 rew@ach=0.77/0.99(n=26) rew@0=+0.019 | AC act=-0.001 crit=1.805 pg=-0.001 H=0.52 | img ret=2.27 val=2.29 imgR(mu=0.022 max=1.01 p99=0.73 hi=1.57%) scale=6.80 p5=-0.24 p95=6.55 | r/step=0.0089 | 1.3 ips ETA 2h38\r\n"}
,{"stream_name":"stdout","time":13668.919447471,"data":"  \u003e\u003e\u003e EVAL @ iter 17500 : score=2.51  length=204  achievements=3.41 ↓  sample=3.40  (best=3.52 @5000)  crafter_score=1.90% [3041 train eps]\r\n"}
,{"stream_name":"stdout","time":13668.919484691,"data":"      unlocked (7/22): collect_sapling=100%  wake_up=99%  place_plant=88%  defeat_zombie=28%  collect_wood=20%  collect_drink=5%  eat_cow=1%\r\n"}
,{"stream_name":"stdout","time":13668.919492921,"data":"      TRAIN (11/22 sur 3041 eps): wake_up=2844(93.5%)  collect_sapling=2634(86.6%)  place_plant=1795(59.0%)  collect_wood=964(31.7%)  collect_drink=407(13.4%)  defeat_zombie=257(8.5%)  eat_cow=56(1.8%)  place_table=28(0.9%)  make_wood_pickaxe=3(0.1%)  make_wood_sword=2(0.1%)  defeat_skeleton=2(0.1%)\r\n"}
,{"stream_name":"stdout","time":13668.919499811,"data":"      JAMAIS vus en train (11) : collect_coal  collect_diamond  collect_iron  collect_stone  eat_plant  make_iron_pickaxe  make_iron_sword  make_stone_pickaxe  make_stone_sword  place_furnace  place_stone\r\n"}
,{"stream_name":"stdout","time":13677.832478256,"data":"  Checkpoint saved : dreamer_crafter_jax_v47-tpu-acwarmup-t1_iter017500.npz\r\n"}
,{"stream_name":"stdout","time":13712.315845174,"data":"  iter 17550/30000 [58.5%] | WM wm=13.75 rec=7.52 kl=5.99 rew=0.240 con=0.002 rew@ach=0.79/0.91(n=18) rew@0=+0.027 | AC act=-0.004 crit=1.830 pg=-0.004 H=0.44 | img ret=1.99 val=1.99 imgR(mu=0.027 max=1.01 p99=0.74 hi=2.31%) scale=6.68 p5=-0.22 p95=6.46 | r/step=0.0159 | 1.3 ips ETA 2h40\r\n"}
,{"stream_name":"stdout","time":13746.911065855,"data":"  iter 17600/30000 [58.7%] | WM wm=16.65 rec=9.87 kl=6.49 rew=0.284 con=0.004 rew@ach=0.78/1.00(n=22) rew@0=+0.018 | AC act=0.001 crit=1.925 pg=0.002 H=0.41 | img ret=2.22 val=2.15 imgR(mu=0.028 max=1.01 p99=0.85 hi=1.95%) scale=6.75 p5=-0.22 p95=6.52 | r/step=0.0137 | 1.3 ips ETA 2h39\r\n"}
,{"stream_name":"stdout","time":13781.695947082,"data":"  iter 17650/30000 [58.8%] | WM wm=13.27 rec=7.15 kl=5.88 rew=0.233 con=0.003 rew@ach=0.65/0.91(n=18) rew@0=+0.028 | AC act=-0.003 crit=1.762 pg=-0.002 H=0.41 | img ret=2.69 val=2.73 imgR(mu=0.031 max=1.01 p99=0.78 hi=1.98%) scale=6.79 p5=-0.20 p95=6.61 | r/step=0.0129 | 1.3 ips ETA 2h39\r\n"}
,{"stream_name":"stdout","time":13816.198245027,"data":"  iter 17700/30000 [59.0%] | WM wm=14.93 rec=8.62 kl=6.11 rew=0.194 con=0.003 rew@ach=0.90/1.00(n=18) rew@0=+0.011 | AC act=0.003 crit=1.935 pg=0.003 H=0.52 | img ret=1.51 val=1.47 imgR(mu=0.023 max=1.01 p99=0.88 hi=2.17%) scale=6.68 p5=-0.23 p95=6.44 | r/step=0.0149 | 1.3 ips ETA 2h38\r\n"}
,{"stream_name":"stdout","time":13850.783564244,"data":"  iter 17750/30000 [59.2%] | WM wm=14.53 rec=8.41 kl=5.92 rew=0.201 con=0.002 rew@ach=0.88/0.99(n=17) rew@0=+0.027 | AC act=-0.004 crit=1.843 pg=-0.004 H=0.50 | img ret=2.30 val=2.32 imgR(mu=0.032 max=1.01 p99=0.99 hi=2.57%) scale=6.82 p5=-0.21 p95=6.61 | r/step=0.0062 | 1.3 ips ETA 2h37\r\n"}
,{"stream_name":"stdout","time":13885.448103486,"data":"  iter 17800/30000 [59.3%] | WM wm=12.88 rec=7.30 kl=5.30 rew=0.280 con=0.004 rew@ach=0.66/0.87(n=26) rew@0=+0.005 | AC act=0.003 crit=2.037 pg=0.003 H=0.51 | img ret=2.90 val=2.79 imgR(mu=0.045 max=1.01 p99=0.96 hi=4.14%) scale=6.66 p5=-0.16 p95=6.52 | r/step=0.0156 | 1.3 ips ETA 2h37\r\n"}
,{"stream_name":"stdout","time":13920.195905513,"data":"  iter 17850/30000 [59.5%] | WM wm=14.27 rec=8.21 kl=5.88 rew=0.183 con=0.000 rew@ach=0.75/0.80(n=17) rew@0=+0.010 | AC act=0.003 crit=2.067 pg=0.003 H=0.52 | img ret=2.51 val=2.41 imgR(mu=0.039 max=1.01 p99=0.90 hi=2.92%) scale=6.48 p5=-0.14 p95=6.34 | r/step=0.0122 | 1.3 ips ETA 2h36\r\n"}
,{"stream_name":"stdout","time":13954.679700419,"data":"  iter 17900/30000 [59.7%] | WM wm=16.01 rec=9.54 kl=6.25 rew=0.212 con=0.003 rew@ach=0.83/0.91(n=19) rew@0=+0.018 | AC act=0.002 crit=1.881 pg=0.002 H=0.48 | img ret=2.31 val=2.25 imgR(mu=0.020 max=1.01 p99=0.82 hi=1.86%) scale=7.19 p5=-0.16 p95=7.02 | r/step=0.0153 | 1.3 ips ETA 2h35\r\n"}
,{"stream_name":"stdout","time":13989.207298039,"data":"  iter 17950/30000 [59.8%] | WM wm=15.27 rec=8.67 kl=6.40 rew=0.194 con=0.003 rew@ach=0.87/1.00(n=16) rew@0=+0.020 | AC act=-0.001 crit=1.895 pg=-0.001 H=0.53 | img ret=2.55 val=2.48 imgR(mu=0.044 max=1.02 p99=0.99 hi=4.22%) scale=7.65 p5=-0.17 p95=7.48 | r/step=0.0117 | 1.3 ips ETA 2h35\r\n"}
,{"stream_name":"stdout","time":14024.03080252,"data":"  iter 18000/30000 [60.0%] | WM wm=15.52 rec=9.87 kl=5.47 rew=0.182 con=0.004 rew@ach=0.79/0.99(n=15) rew@0=+0.007 | AC act=-0.001 crit=1.998 pg=-0.001 H=0.49 | img ret=3.25 val=3.18 imgR(mu=0.045 max=1.01 p99=0.99 hi=4.42%) scale=7.10 p5=-0.17 p95=6.94 | r/step=0.0145 | 1.3 ips ETA 2h34\r\n"}
,{"stream_name":"stdout","time":14058.492868009,"data":"  iter 18050/30000 [60.2%] | WM wm=13.66 rec=7.90 kl=5.54 rew=0.227 con=0.004 rew@ach=0.64/0.89(n=16) rew@0=+0.013 | AC act=0.002 crit=1.787 pg=0.002 H=0.48 | img ret=3.14 val=3.05 imgR(mu=0.058 max=1.01 p99=1.00 hi=5.07%) scale=7.31 p5=-0.18 p95=7.15 | r/step=0.0140 | 1.3 ips ETA 2h33\r\n"}
,{"stream_name":"stdout","time":14093.135760164,"data":"  iter 18100/30000 [60.3%] | WM wm=15.28 rec=8.88 kl=6.22 rew=0.173 con=0.005 rew@ach=0.82/1.00(n=15) rew@0=+0.014 | AC act=0.008 crit=2.105 pg=0.009 H=0.52 | img ret=2.48 val=2.31 imgR(mu=0.051 max=1.02 p99=0.99 hi=4.66%) scale=7.82 p5=-0.17 p95=7.66 | r/step=0.0099 | 1.3 ips ETA 2h33\r\n"}
,{"stream_name":"stdout","time":14127.861171105,"data":"  iter 18150/30000 [60.5%] | WM wm=13.08 rec=7.42 kl=5.42 rew=0.229 con=0.011 rew@ach=0.67/0.91(n=19) rew@0=+0.007 | AC act=-0.001 crit=1.775 pg=-0.001 H=0.48 | img ret=2.93 val=2.92 imgR(mu=0.039 max=1.01 p99=0.96 hi=3.47%) scale=7.96 p5=-0.16 p95=7.80 | r/step=0.0119 | 1.3 ips ETA 2h32\r\n"}
,{"stream_name":"stdout","time":14162.47461149,"data":"  iter 18200/30000 [60.7%] | WM wm=16.21 rec=9.37 kl=6.55 rew=0.292 con=0.005 rew@ach=0.65/0.87(n=26) rew@0=+0.017 | AC act=0.002 crit=1.896 pg=0.003 H=0.43 | img ret=2.89 val=2.80 imgR(mu=0.038 max=1.01 p99=0.89 hi=3.02%) scale=7.93 p5=-0.13 p95=7.80 | r/step=0.0125 | 1.3 ips ETA 2h31\r\n"}
,{"stream_name":"stdout","time":14196.934408381,"data":"  iter 18250/30000 [60.8%] | WM wm=15.42 rec=9.36 kl=5.83 rew=0.221 con=0.003 rew@ach=0.73/0.89(n=15) rew@0=+0.012 | AC act=-0.000 crit=1.807 pg=-0.000 H=0.50 | img ret=2.95 val=2.93 imgR(mu=0.035 max=1.01 p99=0.95 hi=2.72%) scale=7.77 p5=-0.13 p95=7.64 | r/step=0.0108 | 1.3 ips ETA 2h30\r\n"}
,{"stream_name":"stdout","time":14231.652804671,"data":"  iter 18300/30000 [61.0%] | WM wm=13.72 rec=7.48 kl=6.08 rew=0.156 con=0.001 rew@ach=0.90/1.00(n=14) rew@0=+0.007 | AC act=-0.003 crit=1.961 pg=-0.003 H=0.46 | img ret=2.50 val=2.49 imgR(mu=0.025 max=1.01 p99=0.76 hi=2.25%) scale=7.75 p5=-0.12 p95=7.63 | r/step=0.0098 | 1.3 ips ETA 2h30\r\n"}
,{"stream_name":"stdout","time":14266.046987972,"data":"  iter 18350/30000 [61.2%] | WM wm=12.58 rec=7.32 kl=5.02 rew=0.224 con=0.006 rew@ach=0.76/0.91(n=20) rew@0=+0.022 | AC act=0.001 crit=1.809 pg=0.001 H=0.36 | img ret=3.16 val=3.06 imgR(mu=0.043 max=1.01 p99=0.89 hi=3.77%) scale=7.92 p5=-0.14 p95=7.79 | r/step=0.0149 | 1.3 ips ETA 2h29\r\n"}
,{"stream_name":"stdout","time":14300.433370763,"data":"  iter 18400/30000 [61.3%] | WM wm=14.95 rec=8.03 kl=6.66 rew=0.261 con=0.004 rew@ach=0.83/1.00(n=24) rew@0=+0.009 | AC act=-0.002 crit=1.662 pg=-0.002 H=0.41 | img ret=2.70 val=2.75 imgR(mu=0.020 max=1.01 p99=0.65 hi=1.26%) scale=7.67 p5=-0.17 p95=7.49 | r/step=0.0136 | 1.3 ips ETA 2h28\r\n"}
,{"stream_name":"stdout","time":14335.394296693,"data":"  iter 18450/30000 [61.5%] | WM wm=14.94 rec=7.88 kl=6.79 rew=0.259 con=0.005 rew@ach=0.80/1.00(n=17) rew@0=+0.034 | AC act=-0.002 crit=1.958 pg=-0.001 H=0.45 | img ret=2.45 val=2.42 imgR(mu=0.031 max=1.01 p99=0.82 hi=2.81%) scale=7.81 p5=-0.17 p95=7.64 | r/step=0.0123 | 1.3 ips ETA 2h28\r\n"}
,{"stream_name":"stdout","time":14369.884011585,"data":"  iter 18500/30000 [61.7%] | WM wm=15.06 rec=8.37 kl=6.51 rew=0.180 con=0.002 rew@ach=0.78/0.99(n=14) rew@0=+0.009 | AC act=-0.003 crit=1.737 pg=-0.003 H=0.44 | img ret=3.32 val=3.23 imgR(mu=0.038 max=1.01 p99=0.99 hi=3.43%) scale=8.04 p5=-0.16 p95=7.89 | r/step=0.0173 | 1.3 ips ETA 2h27\r\n"}
,{"stream_name":"stdout","time":14404.266352634,"data":"  iter 18550/30000 [61.8%] | WM wm=13.25 rec=7.40 kl=5.60 rew=0.238 con=0.005 rew@ach=0.84/1.00(n=24) rew@0=+0.026 | AC act=-0.002 crit=1.878 pg=-0.002 H=0.58 | img ret=2.22 val=2.25 imgR(mu=0.022 max=1.01 p99=0.91 hi=1.90%) scale=8.40 p5=-0.19 p95=8.20 | r/step=0.0115 | 1.3 ips ETA 2h26\r\n"}
,{"stream_name":"stdout","time":14439.164986658,"data":"  iter 18600/30000 [62.0%] | WM wm=13.47 rec=8.07 kl=5.23 rew=0.159 con=0.001 rew@ach=0.80/0.90(n=17) rew@0=+0.008 | AC act=-0.000 crit=1.852 pg=-0.000 H=0.45 | img ret=3.29 val=3.28 imgR(mu=0.028 max=1.02 p99=0.95 hi=2.33%) scale=9.31 p5=-0.21 p95=9.10 | r/step=0.0146 | 1.3 ips ETA 2h26\r\n"}
,{"stream_name":"stdout","time":14473.465004363,"data":"  iter 18650/30000 [62.2%] | WM wm=15.40 rec=8.88 kl=6.25 rew=0.259 con=0.006 rew@ach=0.73/0.92(n=20) rew@0=+0.007 | AC act=-0.003 crit=1.866 pg=-0.003 H=0.45 | img ret=3.40 val=3.41 imgR(mu=0.030 max=1.01 p99=0.78 hi=2.00%) scale=9.37 p5=-0.17 p95=9.20 | r/step=0.0085 | 1.3 ips ETA 2h25\r\n"}
,{"stream_name":"stdout","time":14508.134182335,"data":"  iter 18700/30000 [62.3%] | WM wm=15.06 rec=9.29 kl=5.49 rew=0.265 con=0.009 rew@ach=0.83/0.91(n=21) rew@0=+0.038 | AC act=-0.004 crit=1.719 pg=-0.004 H=0.50 | img ret=3.35 val=3.41 imgR(mu=0.035 max=1.00 p99=0.94 hi=2.86%) scale=9.12 p5=-0.17 p95=8.95 | r/step=0.0128 | 1.3 ips ETA 2h24\r\n"}
,{"stream_name":"stdout","time":14542.763099799,"data":"  iter 18750/30000 [62.5%] | WM wm=10.63 rec=5.32 kl=5.05 rew=0.256 con=0.008 rew@ach=0.79/1.00(n=20) rew@0=+0.029 | AC act=0.005 crit=2.231 pg=0.005 H=0.39 | img ret=3.35 val=3.09 imgR(mu=0.069 max=1.08 p99=0.91 hi=5.85%) scale=8.62 p5=-0.17 p95=8.48 | r/step=0.0130 | 1.3 ips ETA 2h24\r\n"}
,{"stream_name":"stdout","time":14577.599646455,"data":"  iter 18800/30000 [62.7%] | WM wm=14.58 rec=8.09 kl=6.23 rew=0.255 con=0.003 rew@ach=0.61/0.89(n=16) rew@0=+0.007 | AC act=-0.003 crit=1.769 pg=-0.002 H=0.40 | img ret=2.29 val=2.30 imgR(mu=0.024 max=1.01 p99=0.72 hi=2.07%) scale=8.32 p5=-0.18 p95=8.13 | r/step=0.0153 | 1.3 ips ETA 2h23\r\n"}
,{"stream_name":"stdout","time":14612.100921878,"data":"  iter 18850/30000 [62.8%] | WM wm=13.93 rec=7.68 kl=6.00 rew=0.246 con=0.002 rew@ach=0.70/0.91(n=20) rew@0=+0.020 | AC act=-0.001 crit=1.709 pg=-0.001 H=0.50 | img ret=2.79 val=2.79 imgR(mu=0.023 max=1.00 p99=0.80 hi=2.01%) scale=8.17 p5=-0.17 p95=7.98 | r/step=0.0144 | 1.3 ips ETA 2h22\r\n"}
,{"stream_name":"stdout","time":14646.866454704,"data":"  iter 18900/30000 [63.0%] | WM wm=13.35 rec=7.26 kl=5.82 rew=0.267 con=0.002 rew@ach=0.70/1.00(n=14) rew@0=+0.015 | AC act=-0.003 crit=1.775 pg=-0.003 H=0.57 | img ret=2.49 val=2.51 imgR(mu=0.031 max=1.01 p99=0.89 hi=2.78%) scale=7.86 p5=-0.18 p95=7.67 | r/step=0.0118 | 1.3 ips ETA 2h22\r\n"}
,{"stream_name":"stdout","time":14681.400693797,"data":"  iter 18950/30000 [63.2%] | WM wm=14.49 rec=7.95 kl=6.24 rew=0.287 con=0.009 rew@ach=0.80/1.00(n=23) rew@0=+0.028 | AC act=-0.006 crit=1.911 pg=-0.006 H=0.64 | img ret=2.65 val=2.68 imgR(mu=0.036 max=1.01 p99=1.00 hi=3.19%) scale=7.63 p5=-0.17 p95=7.46 | r/step=0.0142 | 1.3 ips ETA 2h21\r\n"}
,{"stream_name":"stdout","time":14716.042420134,"data":"  iter 19000/30000 [63.3%] | WM wm=13.08 rec=7.34 kl=5.52 rew=0.218 con=0.007 rew@ach=0.83/1.00(n=21) rew@0=+0.020 | AC act=-0.003 crit=2.044 pg=-0.003 H=0.52 | img ret=2.25 val=2.25 imgR(mu=0.038 max=1.01 p99=0.92 hi=3.15%) scale=7.73 p5=-0.19 p95=7.54 | r/step=0.0114 | 1.3 ips ETA 2h20\r\n"}
,{"stream_name":"stdout","time":14750.772122442,"data":"  iter 19050/30000 [63.5%] | WM wm=15.56 rec=9.43 kl=5.96 rew=0.168 con=0.005 rew@ach=0.92/1.00(n=13) rew@0=+0.023 | AC act=-0.002 crit=1.902 pg=-0.002 H=0.63 | img ret=2.77 val=2.79 imgR(mu=0.034 max=1.03 p99=0.95 hi=2.94%) scale=7.53 p5=-0.17 p95=7.40 | r/step=0.0112 | 1.3 ips ETA 2h20\r\n"}
,{"stream_name":"stdout","time":14785.122981487,"data":"  iter 19100/30000 [63.7%] | WM wm=13.60 rec=8.07 kl=5.26 rew=0.264 con=0.005 rew@ach=0.86/0.99(n=20) rew@0=+0.028 | AC act=-0.003 crit=1.706 pg=-0.003 H=0.64 | img ret=1.97 val=1.98 imgR(mu=0.022 max=1.01 p99=0.70 hi=1.66%) scale=7.29 p5=-0.17 p95=7.10 | r/step=0.0104 | 1.3 ips ETA 2h19\r\n"}
,{"stream_name":"stdout","time":14820.009533487,"data":"  iter 19150/30000 [63.8%] | WM wm=15.53 rec=8.99 kl=6.33 rew=0.205 con=0.001 rew@ach=0.75/1.00(n=13) rew@0=+0.017 | AC act=-0.004 crit=1.735 pg=-0.004 H=0.58 | img ret=2.40 val=2.44 imgR(mu=0.033 max=1.01 p99=0.87 hi=2.86%) scale=7.31 p5=-0.10 p95=7.21 | r/step=0.0091 | 1.3 ips ETA 2h18\r\n"}
,{"stream_name":"stdout","time":14854.709040892,"data":"  iter 19200/30000 [64.0%] | WM wm=12.60 rec=6.94 kl=5.43 rew=0.224 con=0.005 rew@ach=0.70/1.00(n=15) rew@0=+0.023 | AC act=-0.001 crit=1.853 pg=-0.000 H=0.47 | img ret=2.29 val=2.33 imgR(mu=0.026 max=1.02 p99=0.78 hi=1.98%) scale=6.98 p5=-0.11 p95=6.87 | r/step=0.0102 | 1.3 ips ETA 2h18\r\n"}
,{"stream_name":"stdout","time":14889.210863657,"data":"  iter 19250/30000 [64.2%] | WM wm=15.65 rec=9.02 kl=6.38 rew=0.252 con=0.001 rew@ach=0.80/1.00(n=17) rew@0=+0.017 | AC act=-0.001 crit=1.652 pg=-0.001 H=0.53 | img ret=1.68 val=1.67 imgR(mu=0.025 max=1.00 p99=0.75 hi=1.92%) scale=6.79 p5=-0.10 p95=6.68 | r/step=0.0146 | 1.3 ips ETA 2h17\r\n"}
,{"stream_name":"stdout","time":14923.644658061,"data":"  iter 19300/30000 [64.3%] | WM wm=11.87 rec=5.98 kl=5.65 rew=0.236 con=0.002 rew@ach=0.57/0.81(n=17) rew@0=+0.015 | AC act=0.002 crit=2.053 pg=0.002 H=0.53 | img ret=1.89 val=1.82 imgR(mu=0.036 max=1.01 p99=0.97 hi=3.58%) scale=6.57 p5=-0.12 p95=6.45 | r/step=0.0101 | 1.3 ips ETA 2h16\r\n"}
,{"stream_name":"stdout","time":14958.326670496,"data":"  iter 19350/30000 [64.5%] | WM wm=15.20 rec=8.09 kl=6.88 rew=0.223 con=0.003 rew@ach=0.88/1.00(n=20) rew@0=+0.029 | AC act=0.004 crit=1.805 pg=0.004 H=0.58 | img ret=2.57 val=2.49 imgR(mu=0.046 max=1.01 p99=0.97 hi=3.21%) scale=6.61 p5=-0.12 p95=6.50 | r/step=0.0159 | 1.3 ips ETA 2h16\r\n"}
,{"stream_name":"stdout","time":14992.900099229,"data":"  iter 19400/30000 [64.7%] | WM wm=16.60 rec=10.22 kl=6.08 rew=0.293 con=0.011 rew@ach=0.69/1.00(n=16) rew@0=+0.018 | AC act=-0.004 crit=1.780 pg=-0.003 H=0.47 | img ret=2.16 val=2.16 imgR(mu=0.020 max=1.01 p99=0.71 hi=1.68%) scale=6.58 p5=-0.13 p95=6.45 | r/step=0.0112 | 1.3 ips ETA 2h15\r\n"}
,{"stream_name":"stdout","time":15027.371602429,"data":"  iter 19450/30000 [64.8%] | WM wm=14.57 rec=8.45 kl=5.94 rew=0.175 con=0.003 rew@ach=0.76/0.88(n=16) rew@0=+0.010 | AC act=0.003 crit=1.873 pg=0.003 H=0.52 | img ret=3.11 val=3.05 imgR(mu=0.059 max=1.02 p99=0.96 hi=4.37%) scale=6.81 p5=-0.13 p95=6.71 | r/step=0.0094 | 1.3 ips ETA 2h14\r\n"}
,{"stream_name":"stdout","time":15061.92887067,"data":"  iter 19500/30000 [65.0%] | WM wm=14.26 rec=7.78 kl=6.18 rew=0.282 con=0.010 rew@ach=0.87/1.00(n=25) rew@0=+0.039 | AC act=-0.001 crit=1.884 pg=-0.001 H=0.55 | img ret=2.35 val=2.35 imgR(mu=0.042 max=1.01 p99=0.93 hi=3.27%) scale=6.76 p5=-0.14 p95=6.62 | r/step=0.0107 | 1.3 ips ETA 2h14\r\n"}
,{"stream_name":"stdout","time":15096.483444314,"data":"  iter 19550/30000 [65.2%] | WM wm=15.16 rec=8.35 kl=6.52 rew=0.276 con=0.005 rew@ach=0.62/0.85(n=14) rew@0=+0.008 | AC act=0.001 crit=1.761 pg=0.002 H=0.54 | img ret=2.12 val=2.07 imgR(mu=0.031 max=1.01 p99=0.83 hi=2.19%) scale=7.13 p5=-0.14 p95=6.99 | r/step=0.0124 | 1.3 ips ETA 2h13\r\n"}
,{"stream_name":"stdout","time":15131.057690147,"data":"  iter 19600/30000 [65.3%] | WM wm=16.50 rec=9.49 kl=6.75 rew=0.254 con=0.004 rew@ach=0.65/0.90(n=17) rew@0=+0.016 | AC act=-0.002 crit=1.832 pg=-0.002 H=0.50 | img ret=2.36 val=2.39 imgR(mu=0.042 max=1.01 p99=0.90 hi=3.40%) scale=7.18 p5=-0.15 p95=7.03 | r/step=0.0120 | 1.3 ips ETA 2h12\r\n"}
,{"stream_name":"stdout","time":15165.644291345,"data":"  iter 19650/30000 [65.5%] | WM wm=13.58 rec=7.22 kl=6.11 rew=0.252 con=0.006 rew@ach=0.75/1.01(n=19) rew@0=+0.011 | AC act=-0.001 crit=1.785 pg=-0.000 H=0.48 | img ret=2.44 val=2.41 imgR(mu=0.049 max=1.02 p99=0.87 hi=3.71%) scale=7.35 p5=-0.13 p95=7.23 | r/step=0.0115 | 1.3 ips ETA 2h12\r\n"}
,{"stream_name":"stdout","time":15200.252641222,"data":"  iter 19700/30000 [65.7%] | WM wm=14.84 rec=8.25 kl=6.40 rew=0.180 con=0.004 rew@ach=0.85/0.91(n=17) rew@0=+0.026 | AC act=0.003 crit=1.947 pg=0.003 H=0.45 | img ret=2.36 val=2.28 imgR(mu=0.040 max=1.01 p99=0.86 hi=3.17%) scale=7.15 p5=-0.12 p95=7.04 | r/step=0.0113 | 1.3 ips ETA 2h11\r\n"}
,{"stream_name":"stdout","time":15234.761282077,"data":"  iter 19750/30000 [65.8%] | WM wm=14.14 rec=7.88 kl=5.92 rew=0.318 con=0.011 rew@ach=0.63/0.93(n=24) rew@0=+0.016 | AC act=-0.004 crit=1.691 pg=-0.004 H=0.65 | img ret=2.84 val=2.85 imgR(mu=0.044 max=1.02 p99=0.99 hi=4.04%) scale=7.18 p5=-0.13 p95=7.08 | r/step=0.0157 | 1.3 ips ETA 2h10\r\n"}
,{"stream_name":"stdout","time":15269.354902917,"data":"  iter 19800/30000 [66.0%] | WM wm=16.27 rec=9.52 kl=6.59 rew=0.157 con=0.002 rew@ach=0.78/0.87(n=13) rew@0=+0.008 | AC act=0.001 crit=1.763 pg=0.001 H=0.53 | img ret=2.38 val=2.31 imgR(mu=0.031 max=1.01 p99=0.80 hi=2.48%) scale=6.95 p5=-0.07 p95=6.87 | r/step=0.0119 | 1.3 ips ETA 2h10\r\n"}
,{"stream_name":"stdout","time":15303.935993658,"data":"  iter 19850/30000 [66.2%] | WM wm=15.00 rec=8.78 kl=6.03 rew=0.192 con=0.001 rew@ach=0.93/1.00(n=13) rew@0=+0.013 | AC act=0.000 crit=1.921 pg=0.000 H=0.51 | img ret=2.52 val=2.45 imgR(mu=0.036 max=1.01 p99=0.99 hi=2.91%) scale=6.99 p5=-0.09 p95=6.89 | r/step=0.0094 | 1.3 ips ETA 2h09\r\n"}
,{"stream_name":"stdout","time":15338.439027026,"data":"  iter 19900/30000 [66.3%] | WM wm=14.65 rec=8.15 kl=6.33 rew=0.174 con=0.002 rew@ach=0.73/0.86(n=12) rew@0=+0.009 | AC act=-0.002 crit=1.674 pg=-0.001 H=0.57 | img ret=2.61 val=2.60 imgR(mu=0.030 max=1.01 p99=0.86 hi=2.33%) scale=6.85 p5=-0.08 p95=6.77 | r/step=0.0093 | 1.3 ips ETA 2h08\r\n"}
,{"stream_name":"stdout","time":15372.840082531,"data":"  iter 19950/30000 [66.5%] | WM wm=13.10 rec=7.23 kl=5.59 rew=0.282 con=0.005 rew@ach=0.72/0.99(n=20) rew@0=+0.018 | AC act=-0.001 crit=1.807 pg=-0.001 H=0.57 | img ret=2.42 val=2.41 imgR(mu=0.027 max=1.00 p99=0.82 hi=2.09%) scale=6.77 p5=-0.09 p95=6.66 | r/step=0.0151 | 1.3 ips ETA 2h08\r\n"}
,{"stream_name":"stdout","time":15407.507098917,"data":"  iter 20000/30000 [66.7%] | WM wm=12.87 rec=6.88 kl=5.78 rew=0.208 con=0.003 rew@ach=0.86/1.00(n=19) rew@0=+0.012 | AC act=-0.000 crit=1.688 pg=-0.000 H=0.55 | img ret=2.79 val=2.77 imgR(mu=0.027 max=1.02 p99=0.73 hi=1.83%) scale=6.71 p5=-0.08 p95=6.62 | r/step=0.0129 | 1.3 ips ETA 2h07\r\n"}
,{"stream_name":"stdout","time":15586.090681174,"data":"  \u003e\u003e\u003e EVAL @ iter 20000 : score=2.65  length=192  achievements=3.55 ↑  sample=3.20  (best=3.55 @20000)  crafter_score=1.94% [3459 train eps]\r\n"}
,{"stream_name":"stdout","time":15586.090709984,"data":"      unlocked (8/22): collect_sapling=100%  wake_up=99%  place_plant=81%  defeat_zombie=33%  collect_wood=28%  collect_drink=11%  defeat_skeleton=1%  eat_cow=1%\r\n"}
,{"stream_name":"stdout","time":15586.090747274,"data":"      TRAIN (11/22 sur 3459 eps): wake_up=3238(93.6%)  collect_sapling=3048(88.1%)  place_plant=2121(61.3%)  collect_wood=1052(30.4%)  collect_drink=442(12.8%)  defeat_zombie=401(11.6%)  eat_cow=74(2.1%)  place_table=28(0.8%)  make_wood_pickaxe=3(0.1%)  make_wood_sword=2(0.1%)  defeat_skeleton=2(0.1%)\r\n"}
,{"stream_name":"stdout","time":15586.090752784,"data":"      JAMAIS vus en train (11) : collect_coal  collect_diamond  collect_iron  collect_stone  eat_plant  make_iron_pickaxe  make_iron_sword  make_stone_pickaxe  make_stone_sword  place_furnace  place_stone\r\n"}
,{"stream_name":"stdout","time":15594.951596653,"data":"  Checkpoint saved : dreamer_crafter_jax_v47-tpu-acwarmup-t1_iter020000.npz\r\n"}
,{"stream_name":"stdout","time":15629.472239032,"data":"  iter 20050/30000 [66.8%] | WM wm=15.45 rec=8.90 kl=6.32 rew=0.233 con=0.000 rew@ach=0.80/0.92(n=22) rew@0=+0.019 | AC act=0.001 crit=1.762 pg=0.002 H=0.62 | img ret=3.37 val=3.27 imgR(mu=0.047 max=1.09 p99=0.99 hi=4.45%) scale=7.03 p5=-0.10 p95=6.96 | r/step=0.0164 | 1.3 ips ETA 2h08\r\n"}
,{"stream_name":"stdout","time":15663.805370938,"data":"  iter 20100/30000 [67.0%] | WM wm=12.71 rec=6.99 kl=5.55 rew=0.163 con=0.002 rew@ach=0.70/0.79(n=16) rew@0=+0.013 | AC act=-0.000 crit=1.828 pg=0.000 H=0.39 | img ret=2.22 val=2.22 imgR(mu=0.023 max=1.01 p99=0.70 hi=1.78%) scale=6.96 p5=-0.09 p95=6.86 | r/step=0.0126 | 1.3 ips ETA 2h07\r\n"}
,{"stream_name":"stdout","time":15698.132079174,"data":"  iter 20150/30000 [67.2%] | WM wm=12.55 rec=6.84 kl=5.53 rew=0.166 con=0.006 rew@ach=0.75/0.69(n=11) rew@0=+0.012 | AC act=-0.000 crit=1.800 pg=-0.000 H=0.68 | img ret=2.62 val=2.59 imgR(mu=0.035 max=1.01 p99=0.96 hi=2.96%) scale=6.96 p5=-0.10 p95=6.85 | r/step=0.0134 | 1.3 ips ETA 2h06\r\n"}
,{"stream_name":"stdout","time":15732.083145993,"data":"  iter 20200/30000 [67.3%] | WM wm=13.09 rec=7.10 kl=5.75 rew=0.233 con=0.004 rew@ach=0.88/1.00(n=20) rew@0=+0.019 | AC act=-0.003 crit=1.930 pg=-0.003 H=0.42 | img ret=2.25 val=2.25 imgR(mu=0.019 max=1.01 p99=0.51 hi=1.08%) scale=7.26 p5=-0.06 p95=7.19 | r/step=0.0126 | 1.3 ips ETA 2h06\r\n"}
,{"stream_name":"stdout","time":15766.701909063,"data":"  iter 20250/30000 [67.5%] | WM wm=12.13 rec=6.78 kl=5.15 rew=0.200 con=0.004 rew@ach=0.84/1.00(n=16) rew@0=+0.014 | AC act=0.002 crit=2.030 pg=0.002 H=0.45 | img ret=3.33 val=3.20 imgR(mu=0.063 max=1.01 p99=0.98 hi=4.78%) scale=6.99 p5=-0.04 p95=6.98 | r/step=0.0110 | 1.3 ips ETA 2h05\r\n"}
,{"stream_name":"stdout","time":15800.936853656,"data":"  iter 20300/30000 [67.7%] | WM wm=17.14 rec=9.85 kl=7.03 rew=0.260 con=0.005 rew@ach=0.68/0.99(n=19) rew@0=+0.017 | AC act=-0.003 crit=1.767 pg=-0.003 H=0.49 | img ret=3.16 val=3.12 imgR(mu=0.047 max=1.01 p99=0.99 hi=3.89%) scale=6.92 p5=0.02 p95=6.93 | r/step=0.0127 | 1.3 ips ETA 2h04\r\n"}
,{"stream_name":"stdout","time":15834.858265098,"data":"  iter 20350/30000 [67.8%] | WM wm=11.87 rec=6.11 kl=5.54 rew=0.210 con=0.002 rew@ach=0.71/0.89(n=17) rew@0=+0.006 | AC act=-0.001 crit=1.857 pg=-0.001 H=0.42 | img ret=2.62 val=2.57 imgR(mu=0.031 max=1.01 p99=0.82 hi=2.68%) scale=6.96 p5=0.01 p95=6.96 | r/step=0.0101 | 1.3 ips ETA 2h04\r\n"}
,{"stream_name":"stdout","time":15869.556664899,"data":"  iter 20400/30000 [68.0%] | WM wm=14.92 rec=8.93 kl=5.83 rew=0.153 con=0.001 rew@ach=0.80/1.00(n=15) rew@0=+0.009 | AC act=0.002 crit=2.007 pg=0.002 H=0.49 | img ret=2.73 val=2.66 imgR(mu=0.033 max=1.04 p99=0.91 hi=3.17%) scale=7.05 p5=0.00 p95=7.05 | r/step=0.0132 | 1.3 ips ETA 2h03\r\n"}
,{"stream_name":"stdout","time":15903.719369451,"data":"  iter 20450/30000 [68.2%] | WM wm=13.12 rec=7.03 kl=5.86 rew=0.222 con=0.009 rew@ach=0.86/0.99(n=19) rew@0=+0.033 | AC act=0.000 crit=1.977 pg=0.000 H=0.49 | img ret=2.60 val=2.53 imgR(mu=0.028 max=1.01 p99=0.86 hi=3.22%) scale=7.51 p5=-0.04 p95=7.47 | r/step=0.0140 | 1.3 ips ETA 2h02\r\n"}
,{"stream_name":"stdout","time":15937.949178396,"data":"  iter 20500/30000 [68.3%] | WM wm=16.57 rec=9.72 kl=6.61 rew=0.231 con=0.002 rew@ach=0.89/1.00(n=20) rew@0=+0.016 | AC act=-0.000 crit=1.653 pg=0.000 H=0.51 | img ret=3.63 val=3.61 imgR(mu=0.037 max=1.01 p99=0.84 hi=2.50%) scale=7.71 p5=-0.04 p95=7.69 | r/step=0.0142 | 1.3 ips ETA 2h02\r\n"}
,{"stream_name":"stdout","time":15972.232140394,"data":"  iter 20550/30000 [68.5%] | WM wm=13.68 rec=7.54 kl=5.94 rew=0.197 con=0.001 rew@ach=0.84/0.92(n=21) rew@0=+0.013 | AC act=-0.001 crit=1.767 pg=-0.001 H=0.53 | img ret=3.04 val=3.00 imgR(mu=0.034 max=1.01 p99=0.93 hi=2.89%) scale=7.81 p5=-0.05 p95=7.75 | r/step=0.0169 | 1.3 ips ETA 2h01\r\n"}
,{"stream_name":"stdout","time":16006.443003001,"data":"  iter 20600/30000 [68.7%] | WM wm=12.13 rec=5.89 kl=5.96 rew=0.275 con=0.006 rew@ach=0.71/1.00(n=25) rew@0=+0.016 | AC act=-0.009 crit=1.950 pg=-0.009 H=0.51 | img ret=2.72 val=2.80 imgR(mu=0.037 max=1.03 p99=0.96 hi=3.05%) scale=7.49 p5=-0.02 p95=7.49 | r/step=0.0144 | 1.3 ips ETA 2h00\r\n"}
,{"stream_name":"stdout","time":16040.754065055,"data":"  iter 20650/30000 [68.8%] | WM wm=13.64 rec=7.41 kl=5.92 rew=0.293 con=0.015 rew@ach=0.74/1.00(n=20) rew@0=+0.024 | AC act=-0.004 crit=1.838 pg=-0.004 H=0.48 | img ret=3.21 val=3.28 imgR(mu=0.032 max=1.01 p99=0.86 hi=2.29%) scale=7.35 p5=-0.07 p95=7.29 | r/step=0.0093 | 1.3 ips ETA 2h00\r\n"}
,{"stream_name":"stdout","time":16075.011880815,"data":"  iter 20700/30000 [69.0%] | WM wm=13.89 rec=7.78 kl=5.89 rew=0.216 con=0.000 rew@ach=0.81/1.00(n=23) rew@0=+0.018 | AC act=-0.000 crit=1.734 pg=-0.000 H=0.47 | img ret=2.75 val=2.71 imgR(mu=0.029 max=1.01 p99=0.87 hi=2.74%) scale=7.66 p5=-0.05 p95=7.59 | r/step=0.0087 | 1.3 ips ETA 1h59\r\n"}
,{"stream_name":"stdout","time":16109.186139025,"data":"  iter 20750/30000 [69.2%] | WM wm=15.81 rec=9.29 kl=6.31 rew=0.202 con=0.006 rew@ach=0.80/0.98(n=11) rew@0=+0.025 | AC act=-0.003 crit=1.770 pg=-0.003 H=0.48 | img ret=3.40 val=3.40 imgR(mu=0.036 max=1.01 p99=0.91 hi=2.94%) scale=7.42 p5=-0.07 p95=7.35 | r/step=0.0122 | 1.3 ips ETA 1h58\r\n"}
,{"stream_name":"stdout","time":16143.404271907,"data":"  iter 20800/30000 [69.3%] | WM wm=13.13 rec=7.17 kl=5.73 rew=0.234 con=0.002 rew@ach=0.71/0.91(n=22) rew@0=+0.019 | AC act=0.001 crit=1.574 pg=0.001 H=0.55 | img ret=3.54 val=3.47 imgR(mu=0.029 max=1.01 p99=0.94 hi=2.63%) scale=7.57 p5=-0.05 p95=7.53 | r/step=0.0154 | 1.3 ips ETA 1h58\r\n"}
,{"stream_name":"stdout","time":16177.583899263,"data":"  iter 20850/30000 [69.5%] | WM wm=11.53 rec=6.00 kl=5.30 rew=0.218 con=0.006 rew@ach=0.66/0.82(n=19) rew@0=+0.024 | AC act=-0.006 crit=2.017 pg=-0.006 H=0.48 | img ret=3.31 val=3.38 imgR(mu=0.037 max=1.02 p99=0.97 hi=3.04%) scale=7.52 p5=-0.06 p95=7.47 | r/step=0.0172 | 1.3 ips ETA 1h57\r\n"}
,{"stream_name":"stdout","time":16211.882381265,"data":"  iter 20900/30000 [69.7%] | WM wm=13.31 rec=7.81 kl=5.26 rew=0.228 con=0.004 rew@ach=0.67/0.90(n=17) rew@0=+0.015 | AC act=-0.005 crit=2.012 pg=-0.005 H=0.49 | img ret=2.24 val=2.23 imgR(mu=0.029 max=1.00 p99=0.89 hi=2.93%) scale=7.43 p5=-0.07 p95=7.35 | r/step=0.0146 | 1.3 ips ETA 1h56\r\n"}
,{"stream_name":"stdout","time":16246.327523555,"data":"  iter 20950/30000 [69.8%] | WM wm=10.78 rec=5.59 kl=5.05 rew=0.131 con=0.004 rew@ach=0.72/0.72(n=12) rew@0=+0.007 | AC act=-0.003 crit=1.778 pg=-0.003 H=0.49 | img ret=2.75 val=2.76 imgR(mu=0.019 max=1.01 p99=0.70 hi=1.45%) scale=7.37 p5=-0.05 p95=7.30 | r/step=0.0125 | 1.3 ips ETA 1h56\r\n"}
,{"stream_name":"stdout","time":16280.829351652,"data":"  iter 21000/30000 [70.0%] | WM wm=14.15 rec=7.71 kl=6.23 rew=0.206 con=0.004 rew@ach=0.84/1.00(n=16) rew@0=+0.010 | AC act=-0.002 crit=1.557 pg=-0.002 H=0.56 | img ret=2.67 val=2.67 imgR(mu=0.012 max=1.01 p99=0.44 hi=0.90%) scale=7.63 p5=-0.05 p95=7.57 | r/step=0.0150 | 1.3 ips ETA 1h55\r\n"}
,{"stream_name":"stdout","time":16314.800163747,"data":"  iter 21050/30000 [70.2%] | WM wm=13.15 rec=7.63 kl=5.38 rew=0.138 con=0.006 rew@ach=0.91/1.00(n=11) rew@0=+0.009 | AC act=0.001 crit=1.858 pg=0.001 H=0.48 | img ret=3.72 val=3.56 imgR(mu=0.067 max=1.00 p99=0.98 hi=6.07%) scale=7.63 p5=-0.03 p95=7.64 | r/step=0.0113 | 1.3 ips ETA 1h54\r\n"}
,{"stream_name":"stdout","time":16348.841642562,"data":"  iter 21100/30000 [70.3%] | WM wm=13.07 rec=7.26 kl=5.60 rew=0.206 con=0.003 rew@ach=0.79/0.91(n=20) rew@0=+0.020 | AC act=0.005 crit=1.852 pg=0.005 H=0.44 | img ret=2.60 val=2.51 imgR(mu=0.026 max=1.00 p99=0.86 hi=2.10%) scale=7.91 p5=-0.07 p95=7.82 | r/step=0.0115 | 1.3 ips ETA 1h54\r\n"}
,{"stream_name":"stdout","time":16383.265983327,"data":"  iter 21150/30000 [70.5%] | WM wm=14.06 rec=8.25 kl=5.62 rew=0.180 con=0.004 rew@ach=0.89/1.00(n=16) rew@0=+0.017 | AC act=-0.003 crit=1.767 pg=-0.003 H=0.49 | img ret=2.68 val=2.71 imgR(mu=0.024 max=1.01 p99=0.82 hi=2.02%) scale=7.52 p5=-0.05 p95=7.45 | r/step=0.0140 | 1.3 ips ETA 1h53\r\n"}
,{"stream_name":"stdout","time":16417.422475941,"data":"  iter 21200/30000 [70.7%] | WM wm=12.74 rec=7.04 kl=5.49 rew=0.199 con=0.005 rew@ach=0.83/1.00(n=18) rew@0=+0.018 | AC act=-0.000 crit=1.775 pg=0.000 H=0.55 | img ret=3.03 val=2.96 imgR(mu=0.045 max=1.01 p99=0.99 hi=4.07%) scale=7.39 p5=-0.04 p95=7.35 | r/step=0.0167 | 1.3 ips ETA 1h52\r\n"}
,{"stream_name":"stdout","time":16451.643747163,"data":"  iter 21250/30000 [70.8%] | WM wm=16.86 rec=9.62 kl=6.99 rew=0.239 con=0.004 rew@ach=0.74/0.92(n=22) rew@0=+0.011 | AC act=-0.002 crit=1.763 pg=-0.001 H=0.43 | img ret=2.89 val=2.88 imgR(mu=0.039 max=1.01 p99=0.88 hi=3.08%) scale=7.10 p5=-0.03 p95=7.07 | r/step=0.0160 | 1.3 ips ETA 1h52\r\n"}
,{"stream_name":"stdout","time":16486.143436714,"data":"  iter 21300/30000 [71.0%] | WM wm=12.28 rec=6.63 kl=5.49 rew=0.154 con=0.010 rew@ach=0.79/0.89(n=14) rew@0=+0.011 | AC act=0.000 crit=1.684 pg=0.001 H=0.64 | img ret=2.46 val=2.43 imgR(mu=0.020 max=1.01 p99=0.78 hi=1.68%) scale=6.82 p5=-0.03 p95=6.77 | r/step=0.0128 | 1.3 ips ETA 1h51\r\n"}
,{"stream_name":"stdout","time":16520.469654956,"data":"  iter 21350/30000 [71.2%] | WM wm=11.49 rec=6.26 kl=5.04 rew=0.187 con=0.007 rew@ach=0.77/0.89(n=18) rew@0=+0.015 | AC act=-0.002 crit=1.869 pg=-0.002 H=0.42 | img ret=2.70 val=2.70 imgR(mu=0.027 max=1.03 p99=0.86 hi=2.15%) scale=7.21 p5=-0.03 p95=7.18 | r/step=0.0140 | 1.3 ips ETA 1h50\r\n"}
,{"stream_name":"stdout","time":16554.501783781,"data":"  iter 21400/30000 [71.3%] | WM wm=11.19 rec=5.88 kl=5.06 rew=0.252 con=0.001 rew@ach=0.72/0.91(n=20) rew@0=+0.021 | AC act=0.002 crit=1.749 pg=0.002 H=0.53 | img ret=3.19 val=3.11 imgR(mu=0.037 max=1.00 p99=0.89 hi=2.98%) scale=7.44 p5=-0.01 p95=7.44 | r/step=0.0136 | 1.3 ips ETA 1h50\r\n"}
,{"stream_name":"stdout","time":16588.750455794,"data":"  iter 21450/30000 [71.5%] | WM wm=15.09 rec=8.29 kl=6.57 rew=0.225 con=0.001 rew@ach=0.70/0.81(n=18) rew@0=+0.015 | AC act=-0.001 crit=1.718 pg=-0.001 H=0.47 | img ret=3.08 val=3.05 imgR(mu=0.040 max=1.01 p99=0.89 hi=2.63%) scale=7.67 p5=-0.04 p95=7.65 | r/step=0.0116 | 1.3 ips ETA 1h49\r\n"}
,{"stream_name":"stdout","time":16622.924993292,"data":"  iter 21500/30000 [71.7%] | WM wm=12.58 rec=6.34 kl=6.02 rew=0.215 con=0.003 rew@ach=0.92/1.00(n=18) rew@0=+0.026 | AC act=-0.002 crit=1.550 pg=-0.002 H=0.57 | img ret=2.87 val=2.85 imgR(mu=0.020 max=1.00 p99=0.76 hi=1.62%) scale=7.44 p5=-0.01 p95=7.41 | r/step=0.0158 | 1.3 ips ETA 1h48\r\n"}
,{"stream_name":"stdout","time":16657.132274837,"data":"  iter 21550/30000 [71.8%] | WM wm=13.97 rec=8.37 kl=5.45 rew=0.138 con=0.007 rew@ach=0.66/0.76(n=8) rew@0=+0.008 | AC act=-0.001 crit=1.815 pg=-0.001 H=0.57 | img ret=2.54 val=2.51 imgR(mu=0.029 max=1.00 p99=0.86 hi=2.23%) scale=7.42 p5=-0.02 p95=7.38 | r/step=0.0136 | 1.3 ips ETA 1h48\r\n"}
,{"stream_name":"stdout","time":16691.601384742,"data":"  iter 21600/30000 [72.0%] | WM wm=14.04 rec=7.75 kl=6.09 rew=0.193 con=0.001 rew@ach=0.84/1.00(n=17) rew@0=+0.016 | AC act=-0.004 crit=1.900 pg=-0.004 H=0.53 | img ret=2.51 val=2.52 imgR(mu=0.023 max=1.01 p99=0.79 hi=1.95%) scale=7.42 p5=0.01 p95=7.41 | r/step=0.0131 | 1.3 ips ETA 1h47\r\n"}
,{"stream_name":"stdout","time":16725.73839917,"data":"  iter 21650/30000 [72.2%] | WM wm=15.54 rec=8.90 kl=6.45 rew=0.186 con=0.001 rew@ach=0.82/1.00(n=15) rew@0=+0.013 | AC act=-0.001 crit=1.728 pg=-0.001 H=0.53 | img ret=3.62 val=3.57 imgR(mu=0.052 max=1.01 p99=0.97 hi=4.58%) scale=7.48 p5=-0.03 p95=7.47 | r/step=0.0149 | 1.3 ips ETA 1h46\r\n"}
,{"stream_name":"stdout","time":16760.046835577,"data":"  iter 21700/30000 [72.3%] | WM wm=15.84 rec=8.98 kl=6.58 rew=0.271 con=0.006 rew@ach=0.73/0.91(n=17) rew@0=+0.029 | AC act=-0.002 crit=1.844 pg=-0.002 H=0.46 | img ret=2.81 val=2.83 imgR(mu=0.025 max=1.00 p99=0.77 hi=2.01%) scale=7.47 p5=-0.02 p95=7.44 | r/step=0.0119 | 1.3 ips ETA 1h46\r\n"}
,{"stream_name":"stdout","time":16794.512983741,"data":"  iter 21750/30000 [72.5%] | WM wm=15.78 rec=9.38 kl=6.23 rew=0.168 con=0.002 rew@ach=0.84/0.99(n=10) rew@0=+0.020 | AC act=-0.003 crit=1.862 pg=-0.003 H=0.44 | img ret=2.85 val=2.86 imgR(mu=0.034 max=1.00 p99=0.90 hi=2.81%) scale=7.19 p5=-0.02 p95=7.19 | r/step=0.0125 | 1.3 ips ETA 1h45\r\n"}
,{"stream_name":"stdout","time":16828.822292879,"data":"  iter 21800/30000 [72.7%] | WM wm=12.11 rec=5.82 kl=6.04 rew=0.237 con=0.004 rew@ach=0.81/0.92(n=21) rew@0=+0.009 | AC act=-0.002 crit=2.005 pg=-0.001 H=0.37 | img ret=3.62 val=3.55 imgR(mu=0.060 max=1.00 p99=0.95 hi=4.68%) scale=7.39 p5=-0.01 p95=7.44 | r/step=0.0095 | 1.3 ips ETA 1h44\r\n"}
,{"stream_name":"stdout","time":16863.02494066,"data":"  iter 21850/30000 [72.8%] | WM wm=15.44 rec=8.67 kl=6.47 rew=0.298 con=0.004 rew@ach=0.92/1.00(n=19) rew@0=+0.033 | AC act=-0.000 crit=1.648 pg=0.000 H=0.49 | img ret=2.91 val=2.86 imgR(mu=0.027 max=1.00 p99=0.74 hi=2.37%) scale=7.29 p5=0.00 p95=7.29 | r/step=0.0127 | 1.3 ips ETA 1h44\r\n"}
,{"stream_name":"stdout","time":16897.636196954,"data":"  iter 21900/30000 [73.0%] | WM wm=12.95 rec=7.17 kl=5.58 rew=0.197 con=0.005 rew@ach=0.85/0.98(n=17) rew@0=+0.012 | AC act=0.000 crit=1.791 pg=0.000 H=0.59 | img ret=2.65 val=2.63 imgR(mu=0.025 max=1.01 p99=0.86 hi=2.47%) scale=7.65 p5=-0.02 p95=7.61 | r/step=0.0109 | 1.3 ips ETA 1h43\r\n"}
,{"stream_name":"stdout","time":16931.847909467,"data":"  iter 21950/30000 [73.2%] | WM wm=13.01 rec=6.88 kl=5.92 rew=0.204 con=0.001 rew@ach=0.91/1.00(n=23) rew@0=+0.010 | AC act=-0.003 crit=1.790 pg=-0.003 H=0.52 | img ret=3.12 val=3.17 imgR(mu=0.032 max=1.00 p99=0.74 hi=2.11%) scale=7.08 p5=-0.01 p95=7.09 | r/step=0.0113 | 1.3 ips ETA 1h42\r\n"}
,{"stream_name":"stdout","time":16966.380342717,"data":"  iter 22000/30000 [73.3%] | WM wm=15.55 rec=8.62 kl=6.74 rew=0.193 con=0.001 rew@ach=0.87/0.99(n=19) rew@0=+0.018 | AC act=-0.000 crit=1.798 pg=0.000 H=0.54 | img ret=2.78 val=2.66 imgR(mu=0.039 max=1.00 p99=0.85 hi=3.27%) scale=6.67 p5=0.02 p95=6.69 | r/step=0.0094 | 1.3 ips ETA 1h42\r\n"}
,{"stream_name":"stdout","time":17000.451342057,"data":"  iter 22050/30000 [73.5%] | WM wm=15.06 rec=8.76 kl=6.09 rew=0.204 con=0.006 rew@ach=0.83/1.00(n=18) rew@0=+0.018 | AC act=0.006 crit=1.821 pg=0.006 H=0.52 | img ret=2.50 val=2.40 imgR(mu=0.032 max=1.02 p99=0.90 hi=2.80%) scale=6.93 p5=-0.01 p95=6.93 | r/step=0.0155 | 1.3 ips ETA 1h41\r\n"}
,{"stream_name":"stdout","time":17034.698515137,"data":"  iter 22100/30000 [73.7%] | WM wm=13.27 rec=7.42 kl=5.63 rew=0.215 con=0.002 rew@ach=0.68/0.86(n=17) rew@0=+0.012 | AC act=0.002 crit=1.848 pg=0.002 H=0.49 | img ret=2.85 val=2.81 imgR(mu=0.031 max=1.01 p99=0.87 hi=2.53%) scale=7.56 p5=-0.01 p95=7.53 | r/step=0.0154 | 1.3 ips ETA 1h40\r\n"}
,{"stream_name":"stdout","time":17068.761341447,"data":"  iter 22150/30000 [73.8%] | WM wm=11.67 rec=5.82 kl=5.63 rew=0.214 con=0.006 rew@ach=0.83/1.00(n=20) rew@0=+0.022 | AC act=-0.002 crit=1.861 pg=-0.002 H=0.47 | img ret=3.08 val=3.04 imgR(mu=0.042 max=1.00 p99=0.92 hi=3.24%) scale=7.09 p5=-0.03 p95=7.08 | r/step=0.0104 | 1.3 ips ETA 1h40\r\n"}
,{"stream_name":"stdout","time":17102.883041123,"data":"  iter 22200/30000 [74.0%] | WM wm=15.65 rec=9.36 kl=6.04 rew=0.239 con=0.004 rew@ach=0.88/1.00(n=18) rew@0=+0.027 | AC act=0.003 crit=2.089 pg=0.003 H=0.47 | img ret=2.88 val=2.79 imgR(mu=0.039 max=1.04 p99=0.96 hi=3.84%) scale=7.22 p5=-0.03 p95=7.20 | r/step=0.0130 | 1.3 ips ETA 1h39\r\n"}
,{"stream_name":"stdout","time":17137.192885376,"data":"  iter 22250/30000 [74.2%] | WM wm=14.00 rec=7.74 kl=6.01 rew=0.247 con=0.005 rew@ach=0.90/0.99(n=22) rew@0=+0.021 | AC act=0.002 crit=1.730 pg=0.002 H=0.54 | img ret=2.79 val=2.72 imgR(mu=0.022 max=1.01 p99=0.92 hi=2.22%) scale=7.07 p5=0.01 p95=7.07 | r/step=0.0139 | 1.3 ips ETA 1h38\r\n"}
,{"stream_name":"stdout","time":17171.550431536,"data":"  iter 22300/30000 [74.3%] | WM wm=12.68 rec=7.02 kl=5.45 rew=0.207 con=0.003 rew@ach=0.81/0.99(n=17) rew@0=+0.014 | AC act=0.001 crit=1.733 pg=0.001 H=0.62 | img ret=3.29 val=3.23 imgR(mu=0.038 max=1.03 p99=0.99 hi=2.78%) scale=7.24 p5=0.01 p95=7.25 | r/step=0.0120 | 1.3 ips ETA 1h38\r\n"}
,{"stream_name":"stdout","time":17205.922652444,"data":"  iter 22350/30000 [74.5%] | WM wm=15.49 rec=8.48 kl=6.79 rew=0.220 con=0.006 rew@ach=0.78/0.91(n=20) rew@0=+0.010 | AC act=0.005 crit=2.105 pg=0.005 H=0.47 | img ret=2.93 val=2.78 imgR(mu=0.052 max=1.01 p99=0.97 hi=4.55%) scale=7.67 p5=-0.01 p95=7.66 | r/step=0.0130 | 1.3 ips ETA 1h37\r\n"}
,{"stream_name":"stdout","time":17240.17131757,"data":"  iter 22400/30000 [74.7%] | WM wm=14.48 rec=8.21 kl=5.95 rew=0.324 con=0.005 rew@ach=0.77/0.89(n=30) rew@0=+0.019 | AC act=-0.001 crit=1.792 pg=-0.001 H=0.46 | img ret=2.99 val=2.96 imgR(mu=0.038 max=1.01 p99=0.85 hi=2.72%) scale=7.40 p5=0.05 p95=7.46 | r/step=0.0122 | 1.3 ips ETA 1h36\r\n"}
,{"stream_name":"stdout","time":17274.583551732,"data":"  iter 22450/30000 [74.8%] | WM wm=13.11 rec=7.24 kl=5.63 rew=0.237 con=0.001 rew@ach=0.76/0.92(n=21) rew@0=+0.026 | AC act=0.000 crit=1.691 pg=0.000 H=0.53 | img ret=3.32 val=3.29 imgR(mu=0.031 max=1.01 p99=0.90 hi=2.85%) scale=7.35 p5=0.02 p95=7.37 | r/step=0.0130 | 1.3 ips ETA 1h36\r\n"}
,{"stream_name":"stdout","time":17308.826540408,"data":"  iter 22500/30000 [75.0%] | WM wm=13.95 rec=8.11 kl=5.54 rew=0.287 con=0.014 rew@ach=0.56/0.88(n=17) rew@0=+0.022 | AC act=-0.000 crit=1.538 pg=-0.000 H=0.47 | img ret=3.02 val=2.99 imgR(mu=0.026 max=1.00 p99=0.75 hi=2.11%) scale=7.15 p5=0.03 p95=7.16 | r/step=0.0156 | 1.3 ips ETA 1h35\r\n"}
,{"stream_name":"stdout","time":17502.238216022,"data":"  \u003e\u003e\u003e EVAL @ iter 22500 : score=2.63  length=202  achievements=3.53 ↓  sample=3.80  (best=3.55 @20000)  crafter_score=1.98% [3870 train eps]\r\n"}
,{"stream_name":"stdout","time":17502.238255522,"data":"      unlocked (7/22): collect_sapling=100%  wake_up=100%  defeat_zombie=63%  place_plant=55%  collect_wood=28%  eat_cow=5%  collect_drink=3%\r\n"}
,{"stream_name":"stdout","time":17502.238261691,"data":"      TRAIN (11/22 sur 3870 eps): wake_up=3633(93.9%)  collect_sapling=3459(89.4%)  place_plant=2368(61.2%)  collect_wood=1159(29.9%)  defeat_zombie=602(15.6%)  collect_drink=482(12.5%)  eat_cow=99(2.6%)  place_table=28(0.7%)  make_wood_pickaxe=3(0.1%)  defeat_skeleton=3(0.1%)  make_wood_sword=2(0.1%)\r\n"}
,{"stream_name":"stdout","time":17502.238266882,"data":"      JAMAIS vus en train (11) : collect_coal  collect_diamond  collect_iron  collect_stone  eat_plant  make_iron_pickaxe  make_iron_sword  make_stone_pickaxe  make_stone_sword  place_furnace  place_stone\r\n"}
,{"stream_name":"stdout","time":17511.090588486,"data":"  Checkpoint saved : dreamer_crafter_jax_v47-tpu-acwarmup-t1_iter022500.npz\r\n"}
,{"stream_name":"stdout","time":17545.535476619,"data":"  iter 22550/30000 [75.2%] | WM wm=14.92 rec=8.30 kl=6.40 rew=0.214 con=0.002 rew@ach=0.85/0.99(n=16) rew@0=+0.014 | AC act=0.000 crit=1.608 pg=0.001 H=0.52 | img ret=3.56 val=3.58 imgR(mu=0.041 max=1.01 p99=0.94 hi=2.95%) scale=7.10 p5=0.00 p95=7.11 | r/step=0.0129 | 1.3 ips ETA 1h35\r\n"}
,{"stream_name":"stdout","time":17580.017700387,"data":"  iter 22600/30000 [75.3%] | WM wm=14.29 rec=8.61 kl=5.48 rew=0.195 con=0.005 rew@ach=0.87/0.92(n=20) rew@0=+0.015 | AC act=0.001 crit=1.641 pg=0.001 H=0.58 | img ret=2.77 val=2.72 imgR(mu=0.030 max=1.01 p99=0.98 hi=2.58%) scale=7.15 p5=0.02 p95=7.16 | r/step=0.0146 | 1.3 ips ETA 1h35\r\n"}
,{"stream_name":"stdout","time":17614.774764425,"data":"  iter 22650/30000 [75.5%] | WM wm=13.89 rec=7.79 kl=5.95 rew=0.154 con=0.001 rew@ach=0.93/1.00(n=12) rew@0=+0.021 | AC act=0.001 crit=1.797 pg=0.001 H=0.48 | img ret=3.16 val=3.05 imgR(mu=0.039 max=1.02 p99=0.90 hi=3.96%) scale=7.25 p5=0.04 p95=7.29 | r/step=0.0159 | 1.3 ips ETA 1h34\r\n"}
,{"stream_name":"stdout","time":17649.208939531,"data":"  iter 22700/30000 [75.7%] | WM wm=10.77 rec=5.47 kl=5.16 rew=0.142 con=0.003 rew@ach=0.72/0.85(n=11) rew@0=+0.016 | AC act=-0.001 crit=1.764 pg=-0.001 H=0.47 | img ret=2.91 val=2.90 imgR(mu=0.023 max=1.01 p99=0.76 hi=2.00%) scale=7.33 p5=0.02 p95=7.34 | r/step=0.0138 | 1.3 ips ETA 1h33\r\n"}
,{"stream_name":"stdout","time":17683.771165328,"data":"  iter 22750/30000 [75.8%] | WM wm=13.38 rec=7.55 kl=5.60 rew=0.236 con=0.004 rew@ach=0.70/0.91(n=20) rew@0=+0.015 | AC act=0.000 crit=1.752 pg=0.000 H=0.41 | img ret=3.22 val=3.18 imgR(mu=0.032 max=1.07 p99=0.95 hi=2.48%) scale=7.19 p5=0.02 p95=7.20 | r/step=0.0141 | 1.3 ips ETA 1h33\r\n"}
,{"stream_name":"stdout","time":17718.131651667,"data":"  iter 22800/30000 [76.0%] | WM wm=14.27 rec=8.43 kl=5.65 rew=0.192 con=0.003 rew@ach=0.79/0.89(n=14) rew@0=+0.017 | AC act=-0.001 crit=1.598 pg=-0.000 H=0.58 | img ret=3.49 val=3.45 imgR(mu=0.038 max=1.01 p99=0.97 hi=3.23%) scale=6.92 p5=0.06 p95=6.98 | r/step=0.0138 | 1.3 ips ETA 1h32\r\n"}
,{"stream_name":"stdout","time":17752.444129369,"data":"  iter 22850/30000 [76.2%] | WM wm=14.07 rec=8.00 kl=5.76 rew=0.295 con=0.006 rew@ach=0.74/0.97(n=20) rew@0=+0.024 | AC act=-0.002 crit=1.515 pg=-0.002 H=0.45 | img ret=3.26 val=3.25 imgR(mu=0.024 max=1.01 p99=0.74 hi=1.62%) scale=6.90 p5=0.09 p95=6.97 | r/step=0.0157 | 1.3 ips ETA 1h31\r\n"}
,{"stream_name":"stdout","time":17787.033961754,"data":"  iter 22900/30000 [76.3%] | WM wm=11.81 rec=6.34 kl=5.30 rew=0.171 con=0.003 rew@ach=0.81/0.97(n=13) rew@0=+0.015 | AC act=-0.002 crit=2.031 pg=-0.002 H=0.41 | img ret=3.03 val=3.01 imgR(mu=0.053 max=1.00 p99=0.89 hi=4.27%) scale=6.97 p5=0.06 p95=7.06 | r/step=0.0076 | 1.3 ips ETA 1h31\r\n"}
,{"stream_name":"stdout","time":17821.637247569,"data":"  iter 22950/30000 [76.5%] | WM wm=15.69 rec=9.07 kl=6.43 rew=0.182 con=0.000 rew@ach=0.86/0.96(n=14) rew@0=+0.015 | AC act=-0.001 crit=1.801 pg=-0.000 H=0.47 | img ret=3.35 val=3.34 imgR(mu=0.039 max=1.03 p99=0.98 hi=2.98%) scale=7.10 p5=0.09 p95=7.21 | r/step=0.0142 | 1.3 ips ETA 1h30\r\n"}
,{"stream_name":"stdout","time":17855.953362738,"data":"  iter 23000/30000 [76.7%] | WM wm=11.91 rec=6.54 kl=5.12 rew=0.248 con=0.001 rew@ach=0.87/0.98(n=25) rew@0=+0.024 | AC act=-0.002 crit=1.799 pg=-0.002 H=0.40 | img ret=2.81 val=2.77 imgR(mu=0.022 max=1.00 p99=0.69 hi=1.81%) scale=7.24 p5=0.05 p95=7.27 | r/step=0.0135 | 1.3 ips ETA 1h29\r\n"}
,{"stream_name":"stdout","time":17890.122826716,"data":"  iter 23050/30000 [76.8%] | WM wm=13.72 rec=7.66 kl=5.90 rew=0.166 con=0.002 rew@ach=0.97/1.00(n=14) rew@0=+0.010 | AC act=-0.002 crit=1.677 pg=-0.002 H=0.50 | img ret=3.26 val=3.22 imgR(mu=0.028 max=1.01 p99=0.81 hi=2.20%) scale=7.00 p5=0.03 p95=7.02 | r/step=0.0179 | 1.3 ips ETA 1h29\r\n"}
,{"stream_name":"stdout","time":17924.612849807,"data":"  iter 23100/30000 [77.0%] | WM wm=12.79 rec=7.10 kl=5.49 rew=0.192 con=0.002 rew@ach=0.67/0.88(n=14) rew@0=+0.014 | AC act=-0.004 crit=1.776 pg=-0.003 H=0.42 | img ret=3.05 val=3.08 imgR(mu=0.025 max=1.01 p99=0.78 hi=2.03%) scale=7.18 p5=0.00 p95=7.21 | r/step=0.0088 | 1.3 ips ETA 1h28\r\n"}
,{"stream_name":"stdout","time":17959.163896972,"data":"  iter 23150/30000 [77.2%] | WM wm=14.99 rec=8.80 kl=6.01 rew=0.172 con=0.001 rew@ach=0.90/0.99(n=12) rew@0=+0.020 | AC act=-0.002 crit=1.614 pg=-0.002 H=0.62 | img ret=3.54 val=3.52 imgR(mu=0.039 max=1.01 p99=0.99 hi=3.13%) scale=6.86 p5=0.07 p95=6.92 | r/step=0.0164 | 1.3 ips ETA 1h27\r\n"}
,{"stream_name":"stdout","time":17993.2946002,"data":"  iter 23200/30000 [77.3%] | WM wm=12.22 rec=6.63 kl=5.40 rew=0.183 con=0.002 rew@ach=0.80/0.99(n=14) rew@0=+0.012 | AC act=-0.005 crit=1.877 pg=-0.005 H=0.46 | img ret=2.51 val=2.60 imgR(mu=0.016 max=1.01 p99=0.59 hi=1.34%) scale=7.02 p5=0.05 p95=7.06 | r/step=0.0107 | 1.3 ips ETA 1h27\r\n"}
,{"stream_name":"stdout","time":18027.617770188,"data":"  iter 23250/30000 [77.5%] | WM wm=15.19 rec=8.68 kl=6.31 rew=0.199 con=0.003 rew@ach=0.69/0.89(n=16) rew@0=+0.013 | AC act=-0.001 crit=1.788 pg=-0.001 H=0.49 | img ret=3.20 val=3.14 imgR(mu=0.039 max=1.02 p99=0.89 hi=3.08%) scale=6.85 p5=0.06 p95=6.93 | r/step=0.0114 | 1.3 ips ETA 1h26\r\n"}
,{"stream_name":"stdout","time":18062.009577802,"data":"  iter 23300/30000 [77.7%] | WM wm=11.81 rec=5.90 kl=5.64 rew=0.263 con=0.004 rew@ach=0.76/1.00(n=20) rew@0=+0.021 | AC act=-0.001 crit=1.853 pg=-0.000 H=0.48 | img ret=2.89 val=2.84 imgR(mu=0.030 max=1.01 p99=0.87 hi=2.55%) scale=6.67 p5=0.04 p95=6.71 | r/step=0.0110 | 1.3 ips ETA 1h25\r\n"}
,{"stream_name":"stdout","time":18096.512930298,"data":"  iter 23350/30000 [77.8%] | WM wm=14.95 rec=8.58 kl=6.15 rew=0.205 con=0.008 rew@ach=0.91/0.99(n=21) rew@0=+0.016 | AC act=-0.001 crit=1.791 pg=-0.001 H=0.49 | img ret=2.84 val=2.81 imgR(mu=0.028 max=1.00 p99=0.88 hi=2.54%) scale=6.72 p5=0.02 p95=6.75 | r/step=0.0134 | 1.3 ips ETA 1h25\r\n"}
,{"stream_name":"stdout","time":18131.186861966,"data":"  iter 23400/30000 [78.0%] | WM wm=13.37 rec=7.43 kl=5.74 rew=0.190 con=0.005 rew@ach=0.93/1.00(n=16) rew@0=+0.016 | AC act=-0.001 crit=1.653 pg=-0.001 H=0.57 | img ret=3.08 val=3.04 imgR(mu=0.026 max=1.03 p99=0.89 hi=2.27%) scale=6.77 p5=0.04 p95=6.80 | r/step=0.0101 | 1.3 ips ETA 1h24\r\n"}
,{"stream_name":"stdout","time":18165.771775149,"data":"  iter 23450/30000 [78.2%] | WM wm=13.99 rec=7.88 kl=5.89 rew=0.207 con=0.008 rew@ach=0.89/0.99(n=14) rew@0=+0.011 | AC act=-0.000 crit=1.642 pg=0.000 H=0.54 | img ret=3.31 val=3.27 imgR(mu=0.030 max=1.00 p99=0.91 hi=2.32%) scale=6.70 p5=-0.01 p95=6.68 | r/step=0.0149 | 1.3 ips ETA 1h23\r\n"}
,{"stream_name":"stdout","time":18200.097814895,"data":"  iter 23500/30000 [78.3%] | WM wm=12.90 rec=7.02 kl=5.61 rew=0.257 con=0.004 rew@ach=0.83/0.99(n=25) rew@0=+0.024 | AC act=0.001 crit=1.956 pg=0.001 H=0.42 | img ret=2.51 val=2.49 imgR(mu=0.034 max=1.02 p99=0.85 hi=2.94%) scale=6.85 p5=0.03 p95=6.87 | r/step=0.0129 | 1.3 ips ETA 1h23\r\n"}
,{"stream_name":"stdout","time":18234.463128829,"data":"  iter 23550/30000 [78.5%] | WM wm=14.05 rec=7.67 kl=6.17 rew=0.204 con=0.001 rew@ach=0.98/1.00(n=18) rew@0=+0.027 | AC act=-0.003 crit=1.934 pg=-0.003 H=0.47 | img ret=3.08 val=3.08 imgR(mu=0.036 max=1.03 p99=0.92 hi=3.20%) scale=7.01 p5=0.04 p95=7.04 | r/step=0.0123 | 1.3 ips ETA 1h22\r\n"}
,{"stream_name":"stdout","time":18269.005602873,"data":"  iter 23600/30000 [78.7%] | WM wm=13.76 rec=7.60 kl=5.93 rew=0.224 con=0.004 rew@ach=0.83/0.88(n=17) rew@0=+0.033 | AC act=-0.001 crit=1.875 pg=-0.001 H=0.48 | img ret=3.20 val=3.20 imgR(mu=0.039 max=1.01 p99=0.92 hi=3.13%) scale=7.12 p5=-0.01 p95=7.12 | r/step=0.0121 | 1.3 ips ETA 1h21\r\n"}
,{"stream_name":"stdout","time":18303.22372612,"data":"  iter 23650/30000 [78.8%] | WM wm=12.10 rec=6.42 kl=5.47 rew=0.204 con=0.007 rew@ach=0.87/1.00(n=22) rew@0=+0.008 | AC act=-0.000 crit=1.782 pg=-0.000 H=0.51 | img ret=2.89 val=2.87 imgR(mu=0.022 max=1.00 p99=0.64 hi=1.55%) scale=7.46 p5=-0.01 p95=7.44 | r/step=0.0154 | 1.3 ips ETA 1h21\r\n"}
,{"stream_name":"stdout","time":18337.636017141,"data":"  iter 23700/30000 [79.0%] | WM wm=12.20 rec=6.54 kl=5.38 rew=0.267 con=0.004 rew@ach=0.66/0.98(n=18) rew@0=+0.013 | AC act=-0.001 crit=1.731 pg=-0.000 H=0.56 | img ret=3.14 val=3.11 imgR(mu=0.037 max=1.00 p99=0.90 hi=3.01%) scale=7.23 p5=0.01 p95=7.23 | r/step=0.0103 | 1.3 ips ETA 1h20\r\n"}
,{"stream_name":"stdout","time":18372.115244147,"data":"  iter 23750/30000 [79.2%] | WM wm=13.18 rec=6.85 kl=6.18 rew=0.143 con=0.005 rew@ach=0.78/1.00(n=11) rew@0=+0.012 | AC act=-0.001 crit=1.696 pg=-0.001 H=0.54 | img ret=2.99 val=2.96 imgR(mu=0.022 max=1.01 p99=0.90 hi=2.19%) scale=7.32 p5=0.03 p95=7.33 | r/step=0.0130 | 1.3 ips ETA 1h20\r\n"}
,{"stream_name":"stdout","time":18406.481009039,"data":"  iter 23800/30000 [79.3%] | WM wm=13.71 rec=7.00 kl=6.52 rew=0.198 con=0.001 rew@ach=0.87/0.98(n=17) rew@0=+0.019 | AC act=-0.001 crit=1.718 pg=-0.001 H=0.49 | img ret=3.00 val=2.99 imgR(mu=0.020 max=1.07 p99=0.80 hi=1.78%) scale=7.44 p5=0.08 p95=7.50 | r/step=0.0126 | 1.3 ips ETA 1h19\r\n"}
,{"stream_name":"stdout","time":18440.786783925,"data":"  iter 23850/30000 [79.5%] | WM wm=14.09 rec=7.54 kl=6.26 rew=0.280 con=0.006 rew@ach=0.78/0.91(n=22) rew@0=+0.029 | AC act=0.000 crit=1.691 pg=0.000 H=0.48 | img ret=3.04 val=3.02 imgR(mu=0.035 max=1.01 p99=0.96 hi=2.77%) scale=7.53 p5=0.04 p95=7.57 | r/step=0.0162 | 1.3 ips ETA 1h18\r\n"}
,{"stream_name":"stdout","time":18475.272151707,"data":"  iter 23900/30000 [79.7%] | WM wm=15.40 rec=8.89 kl=6.29 rew=0.220 con=0.004 rew@ach=0.89/1.00(n=14) rew@0=+0.026 | AC act=0.002 crit=1.934 pg=0.002 H=0.44 | img ret=2.48 val=2.43 imgR(mu=0.024 max=1.01 p99=0.91 hi=2.15%) scale=7.36 p5=-0.03 p95=7.31 | r/step=0.0142 | 1.3 ips ETA 1h18\r\n"}
,{"stream_name":"stdout","time":18509.73303383,"data":"  iter 23950/30000 [79.8%] | WM wm=13.99 rec=7.96 kl=5.81 rew=0.206 con=0.001 rew@ach=0.85/0.93(n=25) rew@0=+0.014 | AC act=-0.002 crit=1.633 pg=-0.002 H=0.51 | img ret=3.31 val=3.31 imgR(mu=0.028 max=1.00 p99=0.96 hi=2.01%) scale=7.23 p5=-0.01 p95=7.22 | r/step=0.0159 | 1.3 ips ETA 1h17\r\n"}
,{"stream_name":"stdout","time":18543.909094759,"data":"  iter 24000/30000 [80.0%] | WM wm=13.53 rec=6.89 kl=6.41 rew=0.223 con=0.008 rew@ach=0.83/0.99(n=17) rew@0=+0.026 | AC act=0.000 crit=1.845 pg=0.000 H=0.43 | img ret=3.16 val=3.10 imgR(mu=0.034 max=1.03 p99=0.94 hi=2.95%) scale=7.24 p5=0.02 p95=7.27 | r/step=0.0160 | 1.3 ips ETA 1h16\r\n"}
,{"stream_name":"stdout","time":18578.582182093,"data":"  iter 24050/30000 [80.2%] | WM wm=14.56 rec=8.24 kl=6.07 rew=0.242 con=0.003 rew@ach=0.83/0.99(n=18) rew@0=+0.020 | AC act=-0.001 crit=1.688 pg=-0.001 H=0.47 | img ret=2.99 val=2.94 imgR(mu=0.036 max=1.01 p99=0.99 hi=3.24%) scale=6.99 p5=0.02 p95=6.99 | r/step=0.0140 | 1.3 ips ETA 1h16\r\n"}
,{"stream_name":"stdout","time":18612.898251635,"data":"  iter 24100/30000 [80.3%] | WM wm=11.29 rec=5.54 kl=5.48 rew=0.270 con=0.001 rew@ach=0.64/0.86(n=23) rew@0=+0.026 | AC act=-0.001 crit=1.540 pg=-0.001 H=0.48 | img ret=2.69 val=2.67 imgR(mu=0.018 max=1.01 p99=0.81 hi=1.59%) scale=6.89 p5=0.03 p95=6.90 | r/step=0.0204 | 1.3 ips ETA 1h15\r\n"}
,{"stream_name":"stdout","time":18647.097481874,"data":"  iter 24150/30000 [80.5%] | WM wm=12.15 rec=6.47 kl=5.50 rew=0.180 con=0.004 rew@ach=0.93/1.00(n=18) rew@0=+0.017 | AC act=-0.003 crit=1.897 pg=-0.003 H=0.40 | img ret=2.57 val=2.57 imgR(mu=0.020 max=1.00 p99=0.87 hi=2.26%) scale=7.02 p5=0.01 p95=7.04 | r/step=0.0158 | 1.3 ips ETA 1h14\r\n"}
,{"stream_name":"stdout","time":18681.608467599,"data":"  iter 24200/30000 [80.7%] | WM wm=12.17 rec=6.83 kl=5.10 rew=0.227 con=0.006 rew@ach=0.67/0.81(n=18) rew@0=+0.020 | AC act=-0.002 crit=1.872 pg=-0.001 H=0.43 | img ret=2.81 val=2.73 imgR(mu=0.037 max=1.00 p99=0.89 hi=3.06%) scale=6.98 p5=-0.01 p95=6.96 | r/step=0.0164 | 1.3 ips ETA 1h14\r\n"}
,{"stream_name":"stdout","time":18715.773209328,"data":"  iter 24250/30000 [80.8%] | WM wm=11.22 rec=5.26 kl=5.75 rew=0.213 con=0.003 rew@ach=0.84/1.00(n=20) rew@0=+0.015 | AC act=-0.004 crit=1.907 pg=-0.004 H=0.49 | img ret=2.77 val=2.73 imgR(mu=0.040 max=1.05 p99=0.96 hi=3.90%) scale=6.62 p5=-0.00 p95=6.62 | r/step=0.0159 | 1.3 ips ETA 1h13\r\n"}
,{"stream_name":"stdout","time":18750.237233185,"data":"  iter 24300/30000 [81.0%] | WM wm=14.84 rec=8.27 kl=6.36 rew=0.211 con=0.006 rew@ach=0.85/1.01(n=18) rew@0=+0.019 | AC act=0.001 crit=1.835 pg=0.001 H=0.48 | img ret=2.65 val=2.58 imgR(mu=0.039 max=1.01 p99=0.97 hi=3.44%) scale=6.87 p5=0.05 p95=6.90 | r/step=0.0147 | 1.3 ips ETA 1h12\r\n"}
,{"stream_name":"stdout","time":18784.945746725,"data":"  iter 24350/30000 [81.2%] | WM wm=13.40 rec=6.69 kl=6.47 rew=0.241 con=0.002 rew@ach=0.73/1.00(n=20) rew@0=+0.027 | AC act=-0.003 crit=1.775 pg=-0.003 H=0.53 | img ret=3.04 val=3.02 imgR(mu=0.043 max=1.01 p99=0.92 hi=3.78%) scale=6.94 p5=0.07 p95=7.01 | r/step=0.0126 | 1.3 ips ETA 1h12\r\n"}
,{"stream_name":"stdout","time":18819.359964125,"data":"  iter 24400/30000 [81.3%] | WM wm=12.19 rec=6.50 kl=5.44 rew=0.241 con=0.009 rew@ach=0.70/1.00(n=17) rew@0=+0.014 | AC act=0.001 crit=1.939 pg=0.002 H=0.52 | img ret=3.11 val=3.01 imgR(mu=0.048 max=1.03 p99=1.00 hi=4.12%) scale=6.75 p5=0.05 p95=6.82 | r/step=0.0139 | 1.3 ips ETA 1h11\r\n"}
,{"stream_name":"stdout","time":18853.630887353,"data":"  iter 24450/30000 [81.5%] | WM wm=16.10 rec=9.75 kl=6.13 rew=0.213 con=0.004 rew@ach=0.83/1.00(n=18) rew@0=+0.013 | AC act=-0.001 crit=1.435 pg=-0.001 H=0.61 | img ret=3.14 val=3.12 imgR(mu=0.031 max=1.01 p99=1.00 hi=2.57%) scale=6.38 p5=0.05 p95=6.43 | r/step=0.0116 | 1.3 ips ETA 1h10\r\n"}
,{"stream_name":"stdout","time":18888.157663181,"data":"  iter 24500/30000 [81.7%] | WM wm=11.69 rec=5.96 kl=5.55 rew=0.181 con=0.002 rew@ach=0.85/1.00(n=15) rew@0=+0.014 | AC act=-0.001 crit=1.675 pg=-0.001 H=0.61 | img ret=2.90 val=2.84 imgR(mu=0.041 max=1.01 p99=0.93 hi=3.31%) scale=6.81 p5=0.05 p95=6.87 | r/step=0.0151 | 1.3 ips ETA 1h10\r\n"}
,{"stream_name":"stdout","time":18922.43433872,"data":"  iter 24550/30000 [81.8%] | WM wm=13.24 rec=7.52 kl=5.52 rew=0.205 con=0.004 rew@ach=0.71/0.88(n=14) rew@0=+0.019 | AC act=-0.002 crit=1.654 pg=-0.002 H=0.69 | img ret=3.08 val=3.08 imgR(mu=0.034 max=1.02 p99=0.99 hi=2.82%) scale=6.82 p5=0.07 p95=6.88 | r/step=0.0092 | 1.3 ips ETA 1h09\r\n"}
,{"stream_name":"stdout","time":18956.808303908,"data":"  iter 24600/30000 [82.0%] | WM wm=11.55 rec=6.25 kl=5.11 rew=0.185 con=0.004 rew@ach=0.77/0.89(n=16) rew@0=+0.016 | AC act=0.001 crit=1.639 pg=0.001 H=0.60 | img ret=3.08 val=3.03 imgR(mu=0.035 max=1.01 p99=0.98 hi=2.77%) scale=6.86 p5=0.08 p95=6.91 | r/step=0.0130 | 1.3 ips ETA 1h08\r\n"}
,{"stream_name":"stdout","time":18991.416840863,"data":"  iter 24650/30000 [82.2%] | WM wm=12.94 rec=6.53 kl=6.18 rew=0.229 con=0.009 rew@ach=0.84/0.98(n=20) rew@0=+0.026 | AC act=0.000 crit=1.681 pg=0.000 H=0.57 | img ret=3.12 val=3.11 imgR(mu=0.031 max=1.01 p99=0.94 hi=2.84%) scale=6.82 p5=0.05 p95=6.87 | r/step=0.0175 | 1.3 ips ETA 1h08\r\n"}
,{"stream_name":"stdout","time":19025.719856148,"data":"  iter 24700/30000 [82.3%] | WM wm=14.69 rec=8.37 kl=6.06 rew=0.251 con=0.006 rew@ach=0.70/0.92(n=21) rew@0=+0.020 | AC act=0.003 crit=2.002 pg=0.003 H=0.42 | img ret=3.16 val=3.07 imgR(mu=0.043 max=1.01 p99=0.96 hi=4.03%) scale=6.91 p5=0.06 p95=6.98 | r/step=0.0113 | 1.3 ips ETA 1h07\r\n"}
,{"stream_name":"stdout","time":19060.315679322,"data":"  iter 24750/30000 [82.5%] | WM wm=14.26 rec=7.60 kl=6.39 rew=0.268 con=0.000 rew@ach=0.79/0.99(n=22) rew@0=+0.017 | AC act=-0.000 crit=1.862 pg=-0.000 H=0.56 | img ret=3.12 val=3.10 imgR(mu=0.038 max=1.02 p99=0.96 hi=3.40%) scale=6.95 p5=0.01 p95=6.97 | r/step=0.0134 | 1.3 ips ETA 1h06\r\n"}
,{"stream_name":"stdout","time":19094.717068339,"data":"  iter 24800/30000 [82.7%] | WM wm=14.31 rec=8.13 kl=6.06 rew=0.117 con=0.004 rew@ach=0.88/1.00(n=11) rew@0=+0.009 | AC act=-0.001 crit=1.699 pg=-0.001 H=0.61 | img ret=3.38 val=3.39 imgR(mu=0.038 max=1.01 p99=0.97 hi=3.06%) scale=7.25 p5=-0.00 p95=7.24 | r/step=0.0132 | 1.3 ips ETA 1h06\r\n"}
,{"stream_name":"stdout","time":19128.870888883,"data":"  iter 24850/30000 [82.8%] | WM wm=14.88 rec=8.98 kl=5.76 rew=0.142 con=0.001 rew@ach=0.82/0.89(n=15) rew@0=+0.010 | AC act=-0.003 crit=1.647 pg=-0.003 H=0.55 | img ret=3.03 val=3.06 imgR(mu=0.021 max=1.04 p99=0.81 hi=1.72%) scale=7.45 p5=0.00 p95=7.44 | r/step=0.0175 | 1.3 ips ETA 1h05\r\n"}
,{"stream_name":"stdout","time":19163.178292196,"data":"  iter 24900/30000 [83.0%] | WM wm=14.95 rec=8.38 kl=6.37 rew=0.200 con=0.005 rew@ach=0.82/1.01(n=16) rew@0=+0.016 | AC act=0.001 crit=1.803 pg=0.001 H=0.57 | img ret=3.32 val=3.26 imgR(mu=0.036 max=1.02 p99=0.94 hi=3.22%) scale=7.29 p5=0.03 p95=7.31 | r/step=0.0146 | 1.3 ips ETA 1h04\r\n"}
,{"stream_name":"stdout","time":19197.708539112,"data":"  iter 24950/30000 [83.2%] | WM wm=14.49 rec=7.86 kl=6.35 rew=0.281 con=0.005 rew@ach=0.73/0.92(n=23) rew@0=+0.019 | AC act=0.001 crit=1.687 pg=0.001 H=0.60 | img ret=3.39 val=3.35 imgR(mu=0.037 max=1.01 p99=0.97 hi=3.17%) scale=7.32 p5=0.02 p95=7.34 | r/step=0.0177 | 1.3 ips ETA 1h04\r\n"}
,{"stream_name":"stdout","time":19232.022264705,"data":"  iter 25000/30000 [83.3%] | WM wm=10.78 rec=5.22 kl=5.32 rew=0.246 con=0.000 rew@ach=0.75/1.00(n=18) rew@0=+0.020 | AC act=-0.001 crit=1.914 pg=-0.001 H=0.48 | img ret=3.30 val=3.25 imgR(mu=0.032 max=1.00 p99=0.95 hi=2.74%) scale=7.29 p5=0.02 p95=7.30 | r/step=0.0120 | 1.3 ips ETA 1h03\r\n"}
,{"stream_name":"stdout","time":19425.319578829,"data":"  \u003e\u003e\u003e EVAL @ iter 25000 : score=2.58  length=205  achievements=3.48 ↓  sample=3.00  (best=3.55 @20000)  crafter_score=2.06% [4265 train eps]\r\n"}
,{"stream_name":"stdout","time":19425.319626849,"data":"      unlocked (7/22): collect_sapling=100%  wake_up=99%  defeat_zombie=72%  eat_cow=43%  collect_wood=20%  place_plant=12%  collect_drink=3%\r\n"}
,{"stream_name":"stdout","time":19425.319634689,"data":"      TRAIN (11/22 sur 4265 eps): wake_up=4020(94.3%)  collect_sapling=3854(90.4%)  place_plant=2604(61.1%)  collect_wood=1239(29.1%)  defeat_zombie=867(20.3%)  collect_drink=512(12.0%)  eat_cow=175(4.1%)  place_table=30(0.7%)  make_wood_pickaxe=3(0.1%)  defeat_skeleton=3(0.1%)  make_wood_sword=2(0.0%)\r\n"}
,{"stream_name":"stdout","time":19425.319645399,"data":"      JAMAIS vus en train (11) : collect_coal  collect_diamond  collect_iron  collect_stone  eat_plant  make_iron_pickaxe  make_iron_sword  make_stone_pickaxe  make_stone_sword  place_furnace  place_stone\r\n"}
,{"stream_name":"stdout","time":19434.279609016,"data":"  Checkpoint saved : dreamer_crafter_jax_v47-tpu-acwarmup-t1_iter025000.npz\r\n"}
,{"stream_name":"stdout","time":19468.787001178,"data":"  iter 25050/30000 [83.5%] | WM wm=13.44 rec=7.31 kl=5.93 rew=0.198 con=0.002 rew@ach=0.92/1.00(n=18) rew@0=+0.015 | AC act=-0.002 crit=1.798 pg=-0.002 H=0.46 | img ret=3.24 val=3.23 imgR(mu=0.029 max=1.01 p99=0.89 hi=2.28%) scale=7.60 p5=0.02 p95=7.61 | r/step=0.0131 | 1.3 ips ETA 1h03\r\n"}
,{"stream_name":"stdout","time":19503.381104033,"data":"  iter 25100/30000 [83.7%] | WM wm=13.58 rec=6.78 kl=6.61 rew=0.193 con=0.002 rew@ach=0.86/0.99(n=16) rew@0=+0.014 | AC act=0.004 crit=1.942 pg=0.004 H=0.40 | img ret=3.80 val=3.71 imgR(mu=0.042 max=1.01 p99=0.99 hi=3.68%) scale=7.74 p5=0.01 p95=7.74 | r/step=0.0108 | 1.3 ips ETA 1h03\r\n"}
,{"stream_name":"stdout","time":19537.731926057,"data":"  iter 25150/30000 [83.8%] | WM wm=16.52 rec=10.25 kl=6.10 rew=0.166 con=0.003 rew@ach=0.68/0.83(n=11) rew@0=+0.014 | AC act=-0.001 crit=2.091 pg=-0.001 H=0.34 | img ret=3.14 val=3.07 imgR(mu=0.035 max=1.03 p99=0.89 hi=2.89%) scale=7.74 p5=0.03 p95=7.76 | r/step=0.0099 | 1.3 ips ETA 1h02\r\n"}
,{"stream_name":"stdout","time":19572.222794434,"data":"  iter 25200/30000 [84.0%] | WM wm=14.71 rec=8.39 kl=6.08 rew=0.226 con=0.009 rew@ach=0.66/0.88(n=13) rew@0=+0.034 | AC act=-0.001 crit=1.971 pg=-0.001 H=0.36 | img ret=3.13 val=3.15 imgR(mu=0.026 max=1.01 p99=0.84 hi=2.03%) scale=8.08 p5=0.03 p95=8.10 | r/step=0.0181 | 1.3 ips ETA 1h01\r\n"}
,{"stream_name":"stdout","time":19606.634471184,"data":"  iter 25250/30000 [84.2%] | WM wm=12.23 rec=6.66 kl=5.35 rew=0.212 con=0.004 rew@ach=0.66/0.82(n=19) rew@0=+0.015 | AC act=0.002 crit=2.006 pg=0.002 H=0.34 | img ret=3.33 val=3.22 imgR(mu=0.037 max=1.02 p99=0.89 hi=3.18%) scale=8.17 p5=0.02 p95=8.20 | r/step=0.0174 | 1.3 ips ETA 1h01\r\n"}
,{"stream_name":"stdout","time":19640.971452212,"data":"  iter 25300/30000 [84.3%] | WM wm=11.07 rec=5.73 kl=5.16 rew=0.180 con=0.002 rew@ach=0.87/1.00(n=17) rew@0=+0.012 | AC act=0.000 crit=2.058 pg=0.001 H=0.37 | img ret=3.42 val=3.34 imgR(mu=0.037 max=1.01 p99=0.96 hi=3.27%) scale=8.32 p5=0.01 p95=8.34 | r/step=0.0173 | 1.3 ips ETA 1h00\r\n"}
,{"stream_name":"stdout","time":19675.418263057,"data":"  iter 25350/30000 [84.5%] | WM wm=13.26 rec=6.64 kl=6.46 rew=0.161 con=0.001 rew@ach=0.89/0.98(n=17) rew@0=+0.012 | AC act=0.003 crit=1.894 pg=0.003 H=0.38 | img ret=4.72 val=4.58 imgR(mu=0.051 max=1.01 p99=0.98 hi=4.05%) scale=8.36 p5=0.01 p95=8.38 | r/step=0.0180 | 1.3 ips ETA 59m45\r\n"}
,{"stream_name":"stdout","time":19709.903311777,"data":"  iter 25400/30000 [84.7%] | WM wm=13.04 rec=7.46 kl=5.38 rew=0.204 con=0.003 rew@ach=0.77/0.91(n=18) rew@0=+0.016 | AC act=-0.002 crit=1.865 pg=-0.002 H=0.41 | img ret=4.35 val=4.31 imgR(mu=0.047 max=1.02 p99=1.00 hi=4.11%) scale=8.56 p5=-0.02 p95=8.54 | r/step=0.0154 | 1.3 ips ETA 59m06\r\n"}
,{"stream_name":"stdout","time":19744.240443621,"data":"  iter 25450/30000 [84.8%] | WM wm=10.81 rec=5.32 kl=5.23 rew=0.259 con=0.004 rew@ach=0.72/0.90(n=21) rew@0=+0.027 | AC act=0.001 crit=2.149 pg=0.001 H=0.33 | img ret=3.48 val=3.35 imgR(mu=0.039 max=1.03 p99=0.90 hi=3.54%) scale=8.58 p5=-0.01 p95=8.57 | r/step=0.0086 | 1.3 ips ETA 58m27\r\n"}
,{"stream_name":"stdout","time":19778.436871932,"data":"  iter 25500/30000 [85.0%] | WM wm=12.81 rec=7.27 kl=5.39 rew=0.154 con=0.000 rew@ach=0.90/0.99(n=18) rew@0=+0.011 | AC act=-0.000 crit=1.900 pg=-0.000 H=0.42 | img ret=3.12 val=3.08 imgR(mu=0.033 max=1.01 p99=0.97 hi=3.20%) scale=8.54 p5=-0.03 p95=8.51 | r/step=0.0114 | 1.3 ips ETA 57m47\r\n"}
,{"stream_name":"stdout","time":19813.037441125,"data":"  iter 25550/30000 [85.2%] | WM wm=12.84 rec=7.57 kl=5.07 rew=0.195 con=0.002 rew@ach=0.89/0.99(n=17) rew@0=+0.016 | AC act=0.001 crit=1.809 pg=0.002 H=0.42 | img ret=4.85 val=4.77 imgR(mu=0.050 max=1.01 p99=0.98 hi=4.55%) scale=8.59 p5=-0.03 p95=8.59 | r/step=0.0139 | 1.3 ips ETA 57m08\r\n"}
,{"stream_name":"stdout","time":19847.35569843,"data":"  iter 25600/30000 [85.3%] | WM wm=13.46 rec=7.30 kl=5.95 rew=0.196 con=0.010 rew@ach=0.77/1.00(n=15) rew@0=+0.012 | AC act=-0.002 crit=2.093 pg=-0.002 H=0.35 | img ret=3.14 val=3.14 imgR(mu=0.033 max=1.01 p99=0.87 hi=3.15%) scale=9.06 p5=-0.01 p95=9.04 | r/step=0.0164 | 1.3 ips ETA 56m29\r\n"}
,{"stream_name":"stdout","time":19881.724873498,"data":"  iter 25650/30000 [85.5%] | WM wm=12.98 rec=6.92 kl=5.85 rew=0.216 con=0.002 rew@ach=0.89/1.00(n=23) rew@0=+0.027 | AC act=-0.003 crit=1.818 pg=-0.003 H=0.39 | img ret=3.65 val=3.63 imgR(mu=0.026 max=1.01 p99=0.90 hi=2.79%) scale=9.02 p5=-0.02 p95=8.98 | r/step=0.0138 | 1.3 ips ETA 55m50\r\n"}
,{"stream_name":"stdout","time":19916.229606985,"data":"  iter 25700/30000 [85.7%] | WM wm=15.26 rec=8.68 kl=6.33 rew=0.247 con=0.006 rew@ach=0.70/0.83(n=19) rew@0=+0.014 | AC act=-0.001 crit=1.710 pg=-0.001 H=0.37 | img ret=3.72 val=3.69 imgR(mu=0.030 max=1.01 p99=0.92 hi=2.75%) scale=9.51 p5=-0.01 p95=9.49 | r/step=0.0189 | 1.3 ips ETA 55m10\r\n"}
,{"stream_name":"stdout","time":19950.554824174,"data":"  iter 25750/30000 [85.8%] | WM wm=12.71 rec=7.33 kl=5.26 rew=0.109 con=0.000 rew@ach=0.94/0.97(n=12) rew@0=+0.004 | AC act=-0.001 crit=2.011 pg=-0.001 H=0.34 | img ret=3.85 val=3.81 imgR(mu=0.040 max=1.01 p99=0.98 hi=3.05%) scale=9.17 p5=0.01 p95=9.19 | r/step=0.0155 | 1.3 ips ETA 54m31\r\n"}
,{"stream_name":"stdout","time":19985.148127752,"data":"  iter 25800/30000 [86.0%] | WM wm=12.52 rec=7.09 kl=5.23 rew=0.188 con=0.002 rew@ach=0.81/0.97(n=17) rew@0=+0.020 | AC act=-0.000 crit=1.952 pg=-0.000 H=0.33 | img ret=4.19 val=4.12 imgR(mu=0.041 max=1.01 p99=0.96 hi=3.71%) scale=9.12 p5=0.02 p95=9.15 | r/step=0.0107 | 1.3 ips ETA 53m52\r\n"}
,{"stream_name":"stdout","time":20019.697276314,"data":"  iter 25850/30000 [86.2%] | WM wm=14.91 rec=8.69 kl=5.95 rew=0.272 con=0.002 rew@ach=0.67/0.84(n=23) rew@0=+0.027 | AC act=-0.002 crit=1.998 pg=-0.001 H=0.32 | img ret=3.81 val=3.79 imgR(mu=0.029 max=1.05 p99=0.83 hi=2.33%) scale=8.84 p5=0.06 p95=8.89 | r/step=0.0136 | 1.3 ips ETA 53m13\r\n"}
,{"stream_name":"stdout","time":20054.147569732,"data":"  iter 25900/30000 [86.3%] | WM wm=13.76 rec=7.21 kl=6.36 rew=0.184 con=0.003 rew@ach=0.62/0.78(n=15) rew@0=+0.008 | AC act=-0.000 crit=1.647 pg=-0.000 H=0.47 | img ret=4.37 val=4.35 imgR(mu=0.033 max=1.01 p99=0.93 hi=2.45%) scale=8.81 p5=0.05 p95=8.85 | r/step=0.0160 | 1.3 ips ETA 52m34\r\n"}
,{"stream_name":"stdout","time":20088.61528805,"data":"  iter 25950/30000 [86.5%] | WM wm=15.18 rec=8.64 kl=6.34 rew=0.194 con=0.002 rew@ach=0.79/1.00(n=19) rew@0=+0.008 | AC act=-0.006 crit=2.020 pg=-0.006 H=0.35 | img ret=3.53 val=3.57 imgR(mu=0.034 max=1.01 p99=0.89 hi=3.41%) scale=8.82 p5=0.05 p95=8.87 | r/step=0.0123 | 1.3 ips ETA 51m55\r\n"}
,{"stream_name":"stdout","time":20123.281385282,"data":"  iter 26000/30000 [86.7%] | WM wm=12.71 rec=6.68 kl=5.80 rew=0.231 con=0.004 rew@ach=0.77/1.00(n=16) rew@0=+0.015 | AC act=0.001 crit=1.930 pg=0.001 H=0.32 | img ret=4.25 val=4.13 imgR(mu=0.051 max=1.02 p99=0.95 hi=5.00%) scale=8.83 p5=0.01 p95=8.87 | r/step=0.0190 | 1.3 ips ETA 51m16\r\n"}
,{"stream_name":"stdout","time":20157.549226353,"data":"  iter 26050/30000 [86.8%] | WM wm=12.03 rec=5.63 kl=6.12 rew=0.261 con=0.012 rew@ach=0.71/1.00(n=17) rew@0=+0.019 | AC act=-0.002 crit=1.763 pg=-0.001 H=0.33 | img ret=4.26 val=4.23 imgR(mu=0.035 max=1.01 p99=0.99 hi=2.70%) scale=8.73 p5=0.01 p95=8.73 | r/step=0.0112 | 1.3 ips ETA 50m37\r\n"}
,{"stream_name":"stdout","time":20192.035225128,"data":"  iter 26100/30000 [87.0%] | WM wm=14.02 rec=8.04 kl=5.75 rew=0.220 con=0.006 rew@ach=0.88/1.00(n=19) rew@0=+0.022 | AC act=-0.001 crit=1.822 pg=-0.001 H=0.28 | img ret=3.68 val=3.68 imgR(mu=0.031 max=1.01 p99=0.82 hi=2.26%) scale=8.68 p5=0.03 p95=8.71 | r/step=0.0173 | 1.3 ips ETA 49m58\r\n"}
,{"stream_name":"stdout","time":20192.035258688,"data":"  [health] WARN H_collapse: H=0.28\r\n"}
,{"stream_name":"stdout","time":20226.579394839,"data":"  iter 26150/30000 [87.2%] | WM wm=13.53 rec=7.26 kl=5.97 rew=0.289 con=0.006 rew@ach=0.73/1.00(n=22) rew@0=+0.014 | AC act=-0.003 crit=1.787 pg=-0.003 H=0.32 | img ret=3.84 val=3.86 imgR(mu=0.041 max=1.01 p99=0.97 hi=3.23%) scale=8.38 p5=0.03 p95=8.41 | r/step=0.0130 | 1.3 ips ETA 49m19\r\n"}
,{"stream_name":"stdout","time":20260.943953832,"data":"  iter 26200/30000 [87.3%] | WM wm=14.18 rec=8.37 kl=5.45 rew=0.350 con=0.004 rew@ach=0.64/0.90(n=18) rew@0=+0.031 | AC act=-0.001 crit=1.877 pg=-0.001 H=0.33 | img ret=3.52 val=3.50 imgR(mu=0.024 max=1.00 p99=0.74 hi=2.18%) scale=8.59 p5=0.05 p95=8.64 | r/step=0.0122 | 1.3 ips ETA 48m40\r\n"}
,{"stream_name":"stdout","time":20295.684708705,"data":"  iter 26250/30000 [87.5%] | WM wm=9.44 rec=4.66 kl=4.57 rew=0.196 con=0.009 rew@ach=0.85/0.92(n=21) rew@0=+0.020 | AC act=-0.003 crit=1.804 pg=-0.003 H=0.35 | img ret=3.40 val=3.44 imgR(mu=0.019 max=1.02 p99=0.73 hi=1.64%) scale=8.62 p5=0.05 p95=8.65 | r/step=0.0133 | 1.3 ips ETA 48m01\r\n"}
,{"stream_name":"stdout","time":20330.370531515,"data":"  iter 26300/30000 [87.7%] | WM wm=11.68 rec=6.22 kl=5.27 rew=0.189 con=0.008 rew@ach=0.81/1.00(n=11) rew@0=+0.025 | AC act=-0.001 crit=1.962 pg=-0.000 H=0.33 | img ret=3.40 val=3.34 imgR(mu=0.044 max=1.01 p99=0.95 hi=3.66%) scale=8.42 p5=0.04 p95=8.45 | r/step=0.0154 | 1.3 ips ETA 47m22\r\n"}
,{"stream_name":"stdout","time":20364.777438093,"data":"  iter 26350/30000 [87.8%] | WM wm=12.21 rec=7.09 kl=4.95 rew=0.175 con=0.000 rew@ach=0.90/1.00(n=19) rew@0=+0.005 | AC act=-0.001 crit=1.994 pg=-0.001 H=0.31 | img ret=3.50 val=3.44 imgR(mu=0.033 max=1.01 p99=0.92 hi=3.20%) scale=8.44 p5=0.01 p95=8.45 | r/step=0.0157 | 1.3 ips ETA 46m43\r\n"}
,{"stream_name":"stdout","time":20399.170633982,"data":"  iter 26400/30000 [88.0%] | WM wm=14.93 rec=8.64 kl=6.06 rew=0.228 con=0.005 rew@ach=0.76/0.99(n=18) rew@0=+0.014 | AC act=-0.001 crit=2.067 pg=-0.001 H=0.31 | img ret=3.21 val=3.18 imgR(mu=0.036 max=1.01 p99=0.87 hi=2.90%) scale=8.35 p5=0.01 p95=8.35 | r/step=0.0163 | 1.3 ips ETA 46m04\r\n"}
,{"stream_name":"stdout","time":20433.84621361,"data":"  iter 26450/30000 [88.2%] | WM wm=15.90 rec=9.66 kl=6.02 rew=0.216 con=0.007 rew@ach=0.47/0.76(n=14) rew@0=+0.011 | AC act=-0.003 crit=2.062 pg=-0.003 H=0.31 | img ret=3.31 val=3.39 imgR(mu=0.033 max=1.05 p99=0.87 hi=2.55%) scale=8.56 p5=0.02 p95=8.57 | r/step=0.0130 | 1.3 ips ETA 45m25\r\n"}
,{"stream_name":"stdout","time":20468.06439379,"data":"  iter 26500/30000 [88.3%] | WM wm=12.42 rec=6.68 kl=5.50 rew=0.243 con=0.004 rew@ach=0.77/0.90(n=17) rew@0=+0.028 | AC act=0.002 crit=1.986 pg=0.002 H=0.30 | img ret=3.35 val=3.24 imgR(mu=0.030 max=1.10 p99=0.90 hi=2.71%) scale=8.61 p5=-0.00 p95=8.61 | r/step=0.0142 | 1.3 ips ETA 44m46\r\n"}
,{"stream_name":"stdout","time":20468.06442863,"data":"  [health] WARN H_collapse: H=0.30\r\n"}
,{"stream_name":"stdout","time":20502.489776565,"data":"  iter 26550/30000 [88.5%] | WM wm=14.55 rec=8.21 kl=6.10 rew=0.236 con=0.002 rew@ach=0.88/1.00(n=18) rew@0=+0.024 | AC act=0.001 crit=2.015 pg=0.001 H=0.32 | img ret=3.78 val=3.66 imgR(mu=0.036 max=1.02 p99=0.97 hi=3.12%) scale=8.58 p5=0.02 p95=8.60 | r/step=0.0138 | 1.3 ips ETA 44m07\r\n"}
,{"stream_name":"stdout","time":20536.793036349,"data":"  iter 26600/30000 [88.7%] | WM wm=12.66 rec=7.25 kl=5.17 rew=0.226 con=0.003 rew@ach=0.84/0.89(n=16) rew@0=+0.018 | AC act=0.001 crit=1.913 pg=0.001 H=0.27 | img ret=3.83 val=3.74 imgR(mu=0.030 max=1.07 p99=0.92 hi=2.83%) scale=8.59 p5=0.00 p95=8.59 | r/step=0.0146 | 1.3 ips ETA 43m28\r\n"}
,{"stream_name":"stdout","time":20536.79307626,"data":"  [health] WARN H_collapse: H=0.27\r\n"}
,{"stream_name":"stdout","time":20570.961751053,"data":"  iter 26650/30000 [88.8%] | WM wm=11.65 rec=5.72 kl=5.71 rew=0.214 con=0.012 rew@ach=0.74/0.92(n=18) rew@0=+0.011 | AC act=-0.002 crit=1.802 pg=-0.002 H=0.34 | img ret=3.91 val=3.89 imgR(mu=0.035 max=1.02 p99=1.00 hi=3.15%) scale=8.71 p5=-0.04 p95=8.66 | r/step=0.0169 | 1.3 ips ETA 42m49\r\n"}
,{"stream_name":"stdout","time":20605.459944183,"data":"  iter 26700/30000 [89.0%] | WM wm=13.27 rec=6.69 kl=6.38 rew=0.198 con=0.002 rew@ach=0.89/1.00(n=16) rew@0=+0.016 | AC act=0.001 crit=1.762 pg=0.001 H=0.31 | img ret=3.29 val=3.22 imgR(mu=0.022 max=1.01 p99=0.91 hi=2.03%) scale=8.68 p5=0.00 p95=8.65 | r/step=0.0138 | 1.3 ips ETA 42m10\r\n"}
,{"stream_name":"stdout","time":20639.896638918,"data":"  iter 26750/30000 [89.2%] | WM wm=13.37 rec=7.69 kl=5.43 rew=0.239 con=0.006 rew@ach=0.86/0.99(n=19) rew@0=+0.035 | AC act=-0.000 crit=1.834 pg=-0.000 H=0.31 | img ret=3.94 val=3.89 imgR(mu=0.044 max=1.01 p99=0.92 hi=3.53%) scale=8.60 p5=0.00 p95=8.61 | r/step=0.0155 | 1.3 ips ETA 41m32\r\n"}
,{"stream_name":"stdout","time":20674.1215291,"data":"  iter 26800/30000 [89.3%] | WM wm=13.71 rec=7.24 kl=6.29 rew=0.180 con=0.002 rew@ach=0.90/1.00(n=14) rew@0=+0.013 | AC act=0.002 crit=2.048 pg=0.002 H=0.36 | img ret=3.17 val=3.09 imgR(mu=0.041 max=1.01 p99=0.95 hi=3.55%) scale=8.64 p5=0.02 p95=8.65 | r/step=0.0170 | 1.3 ips ETA 40m53\r\n"}
,{"stream_name":"stdout","time":20708.373626705,"data":"  iter 26850/30000 [89.5%] | WM wm=12.91 rec=6.55 kl=6.10 rew=0.257 con=0.007 rew@ach=0.82/1.00(n=24) rew@0=+0.023 | AC act=-0.001 crit=1.865 pg=-0.001 H=0.32 | img ret=3.77 val=3.73 imgR(mu=0.046 max=1.01 p99=0.99 hi=4.17%) scale=9.01 p5=0.03 p95=9.06 | r/step=0.0090 | 1.3 ips ETA 40m14\r\n"}
,{"stream_name":"stdout","time":20742.974447714,"data":"  iter 26900/30000 [89.7%] | WM wm=13.70 rec=8.21 kl=5.25 rew=0.239 con=0.004 rew@ach=0.75/0.89(n=16) rew@0=+0.018 | AC act=0.001 crit=1.876 pg=0.001 H=0.33 | img ret=3.15 val=3.07 imgR(mu=0.031 max=1.01 p99=0.91 hi=2.85%) scale=9.11 p5=-0.03 p95=9.06 | r/step=0.0135 | 1.3 ips ETA 39m35\r\n"}
,{"stream_name":"stdout","time":20777.343748011,"data":"  iter 26950/30000 [89.8%] | WM wm=14.40 rec=7.77 kl=6.38 rew=0.247 con=0.007 rew@ach=0.89/1.00(n=22) rew@0=+0.011 | AC act=-0.001 crit=1.923 pg=-0.001 H=0.32 | img ret=4.01 val=3.92 imgR(mu=0.047 max=1.12 p99=0.94 hi=4.48%) scale=9.00 p5=-0.03 p95=8.98 | r/step=0.0132 | 1.3 ips ETA 38m57\r\n"}
,{"stream_name":"stdout","time":20811.853180066,"data":"  iter 27000/30000 [90.0%] | WM wm=13.82 rec=7.54 kl=6.10 rew=0.180 con=0.005 rew@ach=0.80/0.91(n=18) rew@0=+0.017 | AC act=0.001 crit=1.897 pg=0.001 H=0.31 | img ret=3.49 val=3.40 imgR(mu=0.032 max=1.02 p99=0.94 hi=2.87%) scale=8.74 p5=0.01 p95=8.74 | r/step=0.0161 | 1.3 ips ETA 38m18\r\n"}
,{"stream_name":"stdout","time":20846.381772836,"data":"  iter 27050/30000 [90.2%] | WM wm=12.58 rec=6.63 kl=5.80 rew=0.147 con=0.001 rew@ach=0.94/1.00(n=17) rew@0=+0.015 | AC act=-0.002 crit=2.042 pg=-0.002 H=0.29 | img ret=3.41 val=3.41 imgR(mu=0.030 max=1.01 p99=0.89 hi=2.72%) scale=9.15 p5=-0.01 p95=9.13 | r/step=0.0129 | 1.3 ips ETA 37m39\r\n"}
,{"stream_name":"stdout","time":20846.381813456,"data":"  [health] WARN H_collapse: H=0.29\r\n"}
,{"stream_name":"stdout","time":20880.632205094,"data":"  iter 27100/30000 [90.3%] | WM wm=13.51 rec=7.70 kl=5.62 rew=0.186 con=0.007 rew@ach=0.88/1.00(n=17) rew@0=+0.018 | AC act=0.002 crit=2.160 pg=0.002 H=0.30 | img ret=3.54 val=3.44 imgR(mu=0.044 max=1.01 p99=0.89 hi=3.76%) scale=8.77 p5=0.02 p95=8.80 | r/step=0.0154 | 1.3 ips ETA 37m00\r\n"}
,{"stream_name":"stdout","time":20880.632247564,"data":"  [health] WARN H_collapse: H=0.30\r\n"}
,{"stream_name":"stdout","time":20915.247206294,"data":"  iter 27150/30000 [90.5%] | WM wm=11.50 rec=5.86 kl=5.39 rew=0.248 con=0.007 rew@ach=0.75/0.91(n=20) rew@0=+0.027 | AC act=0.000 crit=1.955 pg=0.000 H=0.32 | img ret=4.10 val=4.08 imgR(mu=0.035 max=1.02 p99=0.94 hi=2.72%) scale=8.89 p5=-0.02 p95=8.87 | r/step=0.0145 | 1.3 ips ETA 36m22\r\n"}
,{"stream_name":"stdout","time":20949.632484005,"data":"  iter 27200/30000 [90.7%] | WM wm=13.23 rec=6.89 kl=6.14 rew=0.203 con=0.002 rew@ach=0.88/1.00(n=17) rew@0=+0.021 | AC act=0.001 crit=1.927 pg=0.001 H=0.35 | img ret=3.37 val=3.29 imgR(mu=0.036 max=1.01 p99=0.98 hi=3.49%) scale=8.85 p5=-0.08 p95=8.78 | r/step=0.0138 | 1.3 ips ETA 35m43\r\n"}
,{"stream_name":"stdout","time":20984.210552441,"data":"  iter 27250/30000 [90.8%] | WM wm=12.42 rec=6.61 kl=5.56 rew=0.246 con=0.005 rew@ach=0.84/0.97(n=18) rew@0=+0.021 | AC act=-0.001 crit=1.930 pg=-0.001 H=0.31 | img ret=3.52 val=3.46 imgR(mu=0.043 max=1.01 p99=0.93 hi=4.14%) scale=8.88 p5=-0.03 p95=8.85 | r/step=0.0173 | 1.3 ips ETA 35m04\r\n"}
,{"stream_name":"stdout","time":21018.469558439,"data":"  iter 27300/30000 [91.0%] | WM wm=12.86 rec=7.14 kl=5.47 rew=0.239 con=0.007 rew@ach=0.65/0.91(n=18) rew@0=+0.011 | AC act=-0.000 crit=1.880 pg=-0.000 H=0.35 | img ret=3.62 val=3.62 imgR(mu=0.034 max=1.01 p99=0.96 hi=3.20%) scale=8.97 p5=-0.05 p95=8.93 | r/step=0.0131 | 1.3 ips ETA 34m26\r\n"}
,{"stream_name":"stdout","time":21052.824175265,"data":"  iter 27350/30000 [91.2%] | WM wm=14.28 rec=7.44 kl=6.65 rew=0.181 con=0.003 rew@ach=0.86/1.00(n=12) rew@0=+0.015 | AC act=-0.000 crit=1.858 pg=-0.000 H=0.36 | img ret=3.65 val=3.60 imgR(mu=0.041 max=1.03 p99=0.99 hi=3.55%) scale=8.93 p5=-0.03 p95=8.89 | r/step=0.0172 | 1.3 ips ETA 33m47\r\n"}
,{"stream_name":"stdout","time":21087.224694887,"data":"  iter 27400/30000 [91.3%] | WM wm=12.27 rec=6.34 kl=5.69 rew=0.237 con=0.006 rew@ach=0.83/1.00(n=15) rew@0=+0.036 | AC act=-0.001 crit=1.944 pg=-0.001 H=0.38 | img ret=3.46 val=3.43 imgR(mu=0.025 max=1.02 p99=0.90 hi=2.29%) scale=8.97 p5=-0.05 p95=8.91 | r/step=0.0112 | 1.3 ips ETA 33m08\r\n"}
,{"stream_name":"stdout","time":21121.678801724,"data":"  iter 27450/30000 [91.5%] | WM wm=14.39 rec=8.08 kl=6.05 rew=0.255 con=0.004 rew@ach=0.81/1.00(n=21) rew@0=+0.028 | AC act=-0.001 crit=1.898 pg=-0.001 H=0.36 | img ret=2.99 val=2.96 imgR(mu=0.036 max=1.05 p99=0.96 hi=3.33%) scale=8.74 p5=0.02 p95=8.76 | r/step=0.0128 | 1.3 ips ETA 32m30\r\n"}
,{"stream_name":"stdout","time":21156.016607611,"data":"  iter 27500/30000 [91.7%] | WM wm=12.92 rec=6.15 kl=6.57 rew=0.183 con=0.006 rew@ach=0.78/0.88(n=15) rew@0=+0.009 | AC act=-0.000 crit=1.841 pg=-0.000 H=0.34 | img ret=3.81 val=3.79 imgR(mu=0.042 max=1.02 p99=0.96 hi=3.70%) scale=8.50 p5=0.00 p95=8.50 | r/step=0.0136 | 1.3 ips ETA 31m51\r\n"}
,{"stream_name":"stdout","time":21352.471449852,"data":"  \u003e\u003e\u003e EVAL @ iter 27500 : score=2.82  length=204  achievements=3.72 ↑  sample=3.60  (best=3.72 @27500)  crafter_score=2.16% [4669 train eps]\r\n"}
,{"stream_name":"stdout","time":21352.471486172,"data":"      unlocked (7/22): collect_sapling=100%  wake_up=99%  defeat_zombie=73%  eat_cow=64%  place_plant=17%  collect_wood=16%  collect_drink=3%\r\n"}
,{"stream_name":"stdout","time":21352.471491772,"data":"      TRAIN (11/22 sur 4669 eps): wake_up=4411(94.5%)  collect_sapling=4256(91.2%)  place_plant=2675(57.3%)  collect_wood=1381(29.6%)  defeat_zombie=1164(24.9%)  collect_drink=538(11.5%)  eat_cow=379(8.1%)  place_table=33(0.7%)  defeat_skeleton=4(0.1%)  make_wood_pickaxe=3(0.1%)  make_wood_sword=3(0.1%)\r\n"}
,{"stream_name":"stdout","time":21352.471496522,"data":"      JAMAIS vus en train (11) : collect_coal  collect_diamond  collect_iron  collect_stone  eat_plant  make_iron_pickaxe  make_iron_sword  make_stone_pickaxe  make_stone_sword  place_furnace  place_stone\r\n"}
,{"stream_name":"stdout","time":21361.325149285,"data":"  Checkpoint saved : dreamer_crafter_jax_v47-tpu-acwarmup-t1_iter027500.npz\r\n"}
,{"stream_name":"stdout","time":21395.685367504,"data":"  iter 27550/30000 [91.8%] | WM wm=13.83 rec=7.19 kl=6.44 rew=0.203 con=0.000 rew@ach=0.84/0.99(n=16) rew@0=+0.007 | AC act=-0.001 crit=1.838 pg=-0.001 H=0.36 | img ret=3.18 val=3.16 imgR(mu=0.031 max=1.02 p99=0.89 hi=2.79%) scale=8.34 p5=-0.01 p95=8.33 | r/step=0.0134 | 1.3 ips ETA 31m31\r\n"}
,{"stream_name":"stdout","time":21430.151661629,"data":"  iter 27600/30000 [92.0%] | WM wm=12.62 rec=6.57 kl=5.76 rew=0.293 con=0.005 rew@ach=0.72/0.90(n=24) rew@0=+0.028 | AC act=-0.000 crit=1.840 pg=-0.000 H=0.41 | img ret=3.37 val=3.31 imgR(mu=0.031 max=1.00 p99=0.84 hi=2.42%) scale=8.22 p5=-0.02 p95=8.19 | r/step=0.0118 | 1.3 ips ETA 30m52\r\n"}
,{"stream_name":"stdout","time":21464.79749294,"data":"  iter 27650/30000 [92.2%] | WM wm=14.68 rec=7.97 kl=6.52 rew=0.189 con=0.002 rew@ach=0.88/0.98(n=13) rew@0=+0.021 | AC act=-0.002 crit=1.842 pg=-0.002 H=0.39 | img ret=3.21 val=3.18 imgR(mu=0.027 max=1.01 p99=0.91 hi=2.40%) scale=8.05 p5=-0.02 p95=8.01 | r/step=0.0165 | 1.3 ips ETA 30m13\r\n"}
,{"stream_name":"stdout","time":21499.32418163,"data":"  iter 27700/30000 [92.3%] | WM wm=13.83 rec=7.09 kl=6.45 rew=0.282 con=0.005 rew@ach=0.71/1.01(n=18) rew@0=+0.026 | AC act=0.000 crit=1.933 pg=0.000 H=0.35 | img ret=3.55 val=3.44 imgR(mu=0.039 max=1.08 p99=0.97 hi=3.68%) scale=7.98 p5=-0.01 p95=7.97 | r/step=0.0140 | 1.3 ips ETA 29m34\r\n"}
,{"stream_name":"stdout","time":21533.756919587,"data":"  iter 27750/30000 [92.5%] | WM wm=12.41 rec=7.00 kl=5.15 rew=0.253 con=0.001 rew@ach=0.82/0.99(n=26) rew@0=+0.017 | AC act=0.000 crit=1.871 pg=0.001 H=0.45 | img ret=2.82 val=2.77 imgR(mu=0.029 max=1.01 p99=0.87 hi=2.88%) scale=8.45 p5=0.00 p95=8.43 | r/step=0.0176 | 1.3 ips ETA 28m55\r\n"}
,{"stream_name":"stdout","time":21568.566461919,"data":"  iter 27800/30000 [92.7%] | WM wm=14.48 rec=7.87 kl=6.21 rew=0.407 con=0.006 rew@ach=0.70/1.00(n=26) rew@0=+0.042 | AC act=0.002 crit=2.047 pg=0.003 H=0.44 | img ret=3.67 val=3.50 imgR(mu=0.052 max=1.04 p99=1.00 hi=4.43%) scale=8.17 p5=0.04 p95=8.22 | r/step=0.0104 | 1.3 ips ETA 28m16\r\n"}
,{"stream_name":"stdout","time":21603.161013222,"data":"  iter 27850/30000 [92.8%] | WM wm=14.15 rec=8.10 kl=5.80 rew=0.245 con=0.006 rew@ach=0.82/1.00(n=23) rew@0=+0.025 | AC act=0.002 crit=1.823 pg=0.002 H=0.43 | img ret=4.17 val=4.12 imgR(mu=0.040 max=1.04 p99=0.96 hi=2.87%) scale=8.42 p5=0.00 p95=8.44 | r/step=0.0153 | 1.3 ips ETA 27m37\r\n"}
,{"stream_name":"stdout","time":21637.54942009,"data":"  iter 27900/30000 [93.0%] | WM wm=11.77 rec=6.07 kl=5.43 rew=0.274 con=0.003 rew@ach=0.75/1.00(n=18) rew@0=+0.028 | AC act=0.001 crit=2.003 pg=0.001 H=0.36 | img ret=3.20 val=3.09 imgR(mu=0.039 max=1.01 p99=0.95 hi=3.70%) scale=8.01 p5=0.01 p95=8.01 | r/step=0.0174 | 1.3 ips ETA 26m59\r\n"}
,{"stream_name":"stdout","time":21672.145672654,"data":"  iter 27950/30000 [93.2%] | WM wm=13.58 rec=7.91 kl=5.43 rew=0.239 con=0.004 rew@ach=0.69/0.90(n=17) rew@0=+0.007 | AC act=0.003 crit=1.902 pg=0.003 H=0.36 | img ret=3.83 val=3.73 imgR(mu=0.042 max=1.02 p99=0.95 hi=3.68%) scale=8.43 p5=-0.00 p95=8.44 | r/step=0.0156 | 1.3 ips ETA 26m20\r\n"}
,{"stream_name":"stdout","time":21706.463830927,"data":"  iter 28000/30000 [93.3%] | WM wm=14.35 rec=8.08 kl=6.05 rew=0.214 con=0.007 rew@ach=0.77/0.89(n=15) rew@0=+0.020 | AC act=0.001 crit=2.068 pg=0.001 H=0.48 | img ret=3.41 val=3.28 imgR(mu=0.047 max=1.01 p99=0.94 hi=4.16%) scale=8.54 p5=-0.03 p95=8.55 | r/step=0.0207 | 1.3 ips ETA 25m41\r\n"}
,{"stream_name":"stdout","time":21740.959400496,"data":"  iter 28050/30000 [93.5%] | WM wm=15.99 rec=9.23 kl=6.61 rew=0.144 con=0.003 rew@ach=0.74/1.00(n=9) rew@0=+0.008 | AC act=0.001 crit=1.943 pg=0.001 H=0.42 | img ret=4.40 val=4.29 imgR(mu=0.048 max=1.01 p99=0.99 hi=3.90%) scale=8.91 p5=0.02 p95=8.95 | r/step=0.0187 | 1.3 ips ETA 25m02\r\n"}
,{"stream_name":"stdout","time":21775.624961649,"data":"  iter 28100/30000 [93.7%] | WM wm=10.79 rec=5.51 kl=5.09 rew=0.182 con=0.002 rew@ach=0.94/1.00(n=19) rew@0=+0.019 | AC act=0.002 crit=2.047 pg=0.002 H=0.33 | img ret=3.39 val=3.29 imgR(mu=0.033 max=1.02 p99=0.90 hi=2.96%) scale=9.27 p5=-0.01 p95=9.26 | r/step=0.0169 | 1.3 ips ETA 24m23\r\n"}
,{"stream_name":"stdout","time":21810.078109456,"data":"  iter 28150/30000 [93.8%] | WM wm=11.04 rec=5.62 kl=5.20 rew=0.213 con=0.003 rew@ach=0.84/1.00(n=17) rew@0=+0.014 | AC act=0.000 crit=1.766 pg=0.000 H=0.41 | img ret=3.85 val=3.88 imgR(mu=0.035 max=1.01 p99=0.87 hi=2.71%) scale=9.40 p5=-0.05 p95=9.37 | r/step=0.0116 | 1.3 ips ETA 23m44\r\n"}
,{"stream_name":"stdout","time":21844.776908414,"data":"  iter 28200/30000 [94.0%] | WM wm=14.11 rec=7.56 kl=6.37 rew=0.181 con=0.002 rew@ach=0.93/1.00(n=21) rew@0=+0.012 | AC act=-0.002 crit=1.760 pg=-0.002 H=0.44 | img ret=4.72 val=4.73 imgR(mu=0.048 max=1.01 p99=0.98 hi=4.33%) scale=8.81 p5=-0.03 p95=8.79 | r/step=0.0208 | 1.3 ips ETA 23m06\r\n"}
,{"stream_name":"stdout","time":21879.328435163,"data":"  iter 28250/30000 [94.2%] | WM wm=13.35 rec=6.63 kl=6.51 rew=0.207 con=0.002 rew@ach=0.84/1.00(n=17) rew@0=+0.020 | AC act=-0.002 crit=2.134 pg=-0.002 H=0.47 | img ret=3.00 val=2.91 imgR(mu=0.043 max=1.01 p99=0.92 hi=4.10%) scale=8.70 p5=-0.02 p95=8.68 | r/step=0.0145 | 1.3 ips ETA 22m27\r\n"}
,{"stream_name":"stdout","time":21913.897850437,"data":"  iter 28300/30000 [94.3%] | WM wm=11.48 rec=5.37 kl=5.95 rew=0.156 con=0.003 rew@ach=0.91/0.97(n=14) rew@0=+0.013 | AC act=-0.001 crit=1.954 pg=-0.001 H=0.34 | img ret=3.99 val=3.92 imgR(mu=0.049 max=1.00 p99=0.94 hi=4.26%) scale=8.77 p5=0.01 p95=8.79 | r/step=0.0133 | 1.3 ips ETA 21m48\r\n"}
,{"stream_name":"stdout","time":21948.174826996,"data":"  iter 28350/30000 [94.5%] | WM wm=12.10 rec=6.24 kl=5.56 rew=0.296 con=0.006 rew@ach=0.72/0.93(n=28) rew@0=+0.017 | AC act=-0.001 crit=1.923 pg=-0.001 H=0.37 | img ret=3.46 val=3.43 imgR(mu=0.035 max=1.04 p99=0.90 hi=2.55%) scale=8.84 p5=-0.01 p95=8.84 | r/step=0.0133 | 1.3 ips ETA 21m09\r\n"}
,{"stream_name":"stdout","time":21982.517967674,"data":"  iter 28400/30000 [94.7%] | WM wm=11.64 rec=5.48 kl=5.96 rew=0.198 con=0.001 rew@ach=0.69/0.84(n=21) rew@0=+0.019 | AC act=-0.001 crit=1.835 pg=-0.001 H=0.39 | img ret=3.64 val=3.62 imgR(mu=0.036 max=1.01 p99=0.95 hi=2.98%) scale=8.80 p5=-0.02 p95=8.79 | r/step=0.0168 | 1.3 ips ETA 20m31\r\n"}
,{"stream_name":"stdout","time":22017.206037807,"data":"  iter 28450/30000 [94.8%] | WM wm=10.33 rec=4.85 kl=5.28 rew=0.207 con=0.002 rew@ach=0.82/0.91(n=20) rew@0=+0.020 | AC act=-0.001 crit=2.053 pg=-0.001 H=0.33 | img ret=2.46 val=2.40 imgR(mu=0.031 max=1.02 p99=0.89 hi=2.99%) scale=8.82 p5=-0.02 p95=8.77 | r/step=0.0176 | 1.3 ips ETA 19m52\r\n"}
,{"stream_name":"stdout","time":22051.430369152,"data":"  iter 28500/30000 [95.0%] | WM wm=12.09 rec=6.56 kl=5.30 rew=0.227 con=0.001 rew@ach=0.80/0.99(n=19) rew@0=+0.016 | AC act=-0.002 crit=2.059 pg=-0.002 H=0.30 | img ret=2.78 val=2.79 imgR(mu=0.039 max=1.01 p99=0.93 hi=3.85%) scale=8.28 p5=-0.01 p95=8.28 | r/step=0.0175 | 1.3 ips ETA 19m13\r\n"}
,{"stream_name":"stdout","time":22085.860888854,"data":"  iter 28550/30000 [95.2%] | WM wm=12.98 rec=6.95 kl=5.80 rew=0.235 con=0.004 rew@ach=0.89/0.99(n=21) rew@0=+0.016 | AC act=0.002 crit=1.888 pg=0.003 H=0.56 | img ret=3.58 val=3.54 imgR(mu=0.037 max=1.01 p99=0.99 hi=2.98%) scale=8.50 p5=-0.01 p95=8.48 | r/step=0.0193 | 1.3 ips ETA 18m35\r\n"}
,{"stream_name":"stdout","time":22120.156343442,"data":"  iter 28600/30000 [95.3%] | WM wm=15.35 rec=8.43 kl=6.59 rew=0.321 con=0.010 rew@ach=0.79/0.99(n=27) rew@0=+0.024 | AC act=0.001 crit=2.051 pg=0.001 H=0.43 | img ret=3.21 val=3.11 imgR(mu=0.041 max=1.04 p99=0.97 hi=4.08%) scale=8.34 p5=-0.01 p95=8.33 | r/step=0.0230 | 1.3 ips ETA 17m56\r\n"}
,{"stream_name":"stdout","time":22154.535369213,"data":"  iter 28650/30000 [95.5%] | WM wm=13.53 rec=7.50 kl=5.82 rew=0.207 con=0.008 rew@ach=0.76/0.88(n=16) rew@0=+0.022 | AC act=-0.001 crit=1.810 pg=-0.001 H=0.45 | img ret=3.82 val=3.76 imgR(mu=0.037 max=1.00 p99=0.99 hi=3.55%) scale=8.33 p5=-0.04 p95=8.32 | r/step=0.0118 | 1.3 ips ETA 17m17\r\n"}
,{"stream_name":"stdout","time":22189.116528293,"data":"  iter 28700/30000 [95.7%] | WM wm=14.04 rec=7.77 kl=6.06 rew=0.209 con=0.004 rew@ach=0.71/0.89(n=16) rew@0=+0.013 | AC act=0.000 crit=1.955 pg=0.001 H=0.35 | img ret=3.46 val=3.36 imgR(mu=0.037 max=1.02 p99=0.93 hi=3.49%) scale=8.48 p5=-0.06 p95=8.44 | r/step=0.0134 | 1.3 ips ETA 16m39\r\n"}
,{"stream_name":"stdout","time":22223.408213881,"data":"  iter 28750/30000 [95.8%] | WM wm=13.42 rec=7.32 kl=5.93 rew=0.169 con=0.001 rew@ach=0.90/1.00(n=18) rew@0=+0.009 | AC act=0.001 crit=1.705 pg=0.001 H=0.47 | img ret=3.84 val=3.81 imgR(mu=0.034 max=1.01 p99=1.00 hi=3.02%) scale=8.61 p5=-0.02 p95=8.58 | r/step=0.0157 | 1.3 ips ETA 16m00\r\n"}
,{"stream_name":"stdout","time":22257.700449988,"data":"  iter 28800/30000 [96.0%] | WM wm=13.34 rec=7.13 kl=6.01 rew=0.203 con=0.002 rew@ach=0.80/1.00(n=14) rew@0=+0.018 | AC act=-0.002 crit=1.818 pg=-0.002 H=0.43 | img ret=2.95 val=2.98 imgR(mu=0.025 max=1.01 p99=0.89 hi=2.03%) scale=8.25 p5=-0.03 p95=8.20 | r/step=0.0163 | 1.3 ips ETA 15m22\r\n"}
,{"stream_name":"stdout","time":22292.289248933,"data":"  iter 28850/30000 [96.2%] | WM wm=11.60 rec=5.99 kl=5.45 rew=0.171 con=0.003 rew@ach=0.88/0.99(n=18) rew@0=+0.016 | AC act=-0.001 crit=1.972 pg=-0.001 H=0.40 | img ret=3.20 val=3.20 imgR(mu=0.033 max=1.01 p99=0.87 hi=2.48%) scale=8.27 p5=-0.05 p95=8.22 | r/step=0.0150 | 1.3 ips ETA 14m43\r\n"}
,{"stream_name":"stdout","time":22326.803534865,"data":"  iter 28900/30000 [96.3%] | WM wm=13.90 rec=7.52 kl=6.19 rew=0.187 con=0.001 rew@ach=0.86/0.99(n=15) rew@0=+0.018 | AC act=-0.004 crit=1.772 pg=-0.004 H=0.52 | img ret=2.71 val=2.72 imgR(mu=0.021 max=1.01 p99=0.90 hi=2.08%) scale=8.08 p5=-0.07 p95=7.98 | r/step=0.0118 | 1.3 ips ETA 14m04\r\n"}
,{"stream_name":"stdout","time":22361.077234961,"data":"  iter 28950/30000 [96.5%] | WM wm=10.44 rec=4.93 kl=5.30 rew=0.203 con=0.004 rew@ach=0.88/1.00(n=22) rew@0=+0.006 | AC act=-0.000 crit=1.823 pg=-0.000 H=0.44 | img ret=2.74 val=2.74 imgR(mu=0.027 max=1.01 p99=0.90 hi=2.47%) scale=7.76 p5=-0.06 p95=7.69 | r/step=0.0185 | 1.3 ips ETA 13m26\r\n"}
,{"stream_name":"stdout","time":22395.627809166,"data":"  iter 29000/30000 [96.7%] | WM wm=11.87 rec=6.59 kl=5.10 rew=0.178 con=0.006 rew@ach=0.90/1.00(n=15) rew@0=+0.021 | AC act=-0.002 crit=1.786 pg=-0.002 H=0.44 | img ret=3.24 val=3.24 imgR(mu=0.040 max=1.01 p99=0.92 hi=3.54%) scale=7.86 p5=-0.05 p95=7.82 | r/step=0.0093 | 1.3 ips ETA 12m47\r\n"}
,{"stream_name":"stdout","time":22430.446341684,"data":"  iter 29050/30000 [96.8%] | WM wm=9.77 rec=4.68 kl=4.90 rew=0.183 con=0.002 rew@ach=0.86/1.00(n=19) rew@0=+0.015 | AC act=-0.001 crit=1.816 pg=-0.000 H=0.45 | img ret=3.44 val=3.37 imgR(mu=0.045 max=1.01 p99=0.93 hi=4.02%) scale=7.88 p5=-0.00 p95=7.92 | r/step=0.0156 | 1.3 ips ETA 12m09\r\n"}
,{"stream_name":"stdout","time":22464.859566922,"data":"  iter 29100/30000 [97.0%] | WM wm=13.69 rec=7.78 kl=5.67 rew=0.241 con=0.002 rew@ach=0.74/1.01(n=16) rew@0=+0.007 | AC act=-0.002 crit=1.977 pg=-0.002 H=0.44 | img ret=2.85 val=2.88 imgR(mu=0.030 max=1.01 p99=0.93 hi=3.11%) scale=8.01 p5=-0.05 p95=7.94 | r/step=0.0183 | 1.3 ips ETA 11m30\r\n"}
,{"stream_name":"stdout","time":22499.253590838,"data":"  iter 29150/30000 [97.2%] | WM wm=14.66 rec=8.41 kl=6.10 rew=0.150 con=0.001 rew@ach=0.91/1.00(n=13) rew@0=+0.012 | AC act=-0.002 crit=1.912 pg=-0.002 H=0.38 | img ret=3.51 val=3.48 imgR(mu=0.043 max=1.01 p99=0.95 hi=3.84%) scale=7.85 p5=-0.01 p95=7.83 | r/step=0.0203 | 1.3 ips ETA 10m52\r\n"}
,{"stream_name":"stdout","time":22533.835826782,"data":"  iter 29200/30000 [97.3%] | WM wm=15.04 rec=8.48 kl=6.41 rew=0.149 con=0.001 rew@ach=0.96/0.99(n=15) rew@0=+0.009 | AC act=-0.004 crit=1.753 pg=-0.004 H=0.50 | img ret=2.71 val=2.74 imgR(mu=0.025 max=1.01 p99=0.80 hi=1.78%) scale=7.50 p5=-0.03 p95=7.45 | r/step=0.0158 | 1.3 ips ETA 10m13\r\n"}
,{"stream_name":"stdout","time":22568.280950484,"data":"  iter 29250/30000 [97.5%] | WM wm=11.24 rec=5.39 kl=5.57 rew=0.260 con=0.008 rew@ach=0.86/1.00(n=24) rew@0=+0.020 | AC act=-0.000 crit=1.644 pg=0.000 H=0.50 | img ret=3.18 val=3.13 imgR(mu=0.031 max=1.02 p99=0.83 hi=2.30%) scale=7.66 p5=-0.03 p95=7.62 | r/step=0.0155 | 1.3 ips ETA 9m35\r\n"}
,{"stream_name":"stdout","time":22602.744499694,"data":"  iter 29300/30000 [97.7%] | WM wm=13.67 rec=7.24 kl=6.21 rew=0.216 con=0.008 rew@ach=0.78/1.00(n=16) rew@0=+0.016 | AC act=-0.001 crit=1.727 pg=-0.001 H=0.47 | img ret=2.40 val=2.40 imgR(mu=0.017 max=1.06 p99=0.74 hi=1.50%) scale=7.41 p5=-0.05 p95=7.34 | r/step=0.0154 | 1.3 ips ETA 8m56\r\n"}
,{"stream_name":"stdout","time":22637.134567239,"data":"  iter 29350/30000 [97.8%] | WM wm=11.47 rec=6.26 kl=4.99 rew=0.220 con=0.005 rew@ach=0.87/0.99(n=21) rew@0=+0.014 | AC act=-0.000 crit=1.920 pg=0.000 H=0.39 | img ret=3.48 val=3.39 imgR(mu=0.047 max=1.01 p99=0.95 hi=4.06%) scale=7.38 p5=-0.01 p95=7.39 | r/step=0.0167 | 1.3 ips ETA 8m18\r\n"}
,{"stream_name":"stdout","time":22671.577844739,"data":"  iter 29400/30000 [98.0%] | WM wm=14.78 rec=8.38 kl=6.20 rew=0.206 con=0.001 rew@ach=0.83/0.99(n=17) rew@0=+0.011 | AC act=-0.002 crit=1.920 pg=-0.002 H=0.44 | img ret=2.63 val=2.60 imgR(mu=0.033 max=1.01 p99=0.87 hi=3.00%) scale=7.71 p5=-0.01 p95=7.71 | r/step=0.0192 | 1.3 ips ETA 7m40\r\n"}
,{"stream_name":"stdout","time":22705.902869858,"data":"  iter 29450/30000 [98.2%] | WM wm=13.62 rec=7.06 kl=6.35 rew=0.206 con=0.001 rew@ach=0.88/1.00(n=16) rew@0=+0.024 | AC act=-0.001 crit=1.795 pg=-0.001 H=0.48 | img ret=2.87 val=2.88 imgR(mu=0.032 max=1.04 p99=0.98 hi=2.87%) scale=7.40 p5=-0.04 p95=7.36 | r/step=0.0141 | 1.3 ips ETA 7m01\r\n"}
,{"stream_name":"stdout","time":22740.570687523,"data":"  iter 29500/30000 [98.3%] | WM wm=11.08 rec=5.68 kl=5.18 rew=0.217 con=0.005 rew@ach=0.72/0.91(n=18) rew@0=+0.020 | AC act=0.003 crit=1.897 pg=0.003 H=0.47 | img ret=2.94 val=2.85 imgR(mu=0.031 max=1.01 p99=0.92 hi=2.63%) scale=7.35 p5=-0.05 p95=7.29 | r/step=0.0160 | 1.3 ips ETA 6m23\r\n"}
,{"stream_name":"stdout","time":22775.012821581,"data":"  iter 29550/30000 [98.5%] | WM wm=14.50 rec=7.53 kl=6.75 rew=0.214 con=0.003 rew@ach=0.84/0.99(n=16) rew@0=+0.018 | AC act=0.002 crit=1.924 pg=0.002 H=0.46 | img ret=3.17 val=3.15 imgR(mu=0.038 max=1.01 p99=0.92 hi=3.65%) scale=7.48 p5=-0.03 p95=7.50 | r/step=0.0178 | 1.3 ips ETA 5m44\r\n"}
,{"stream_name":"stdout","time":22809.58290505,"data":"  iter 29600/30000 [98.7%] | WM wm=12.91 rec=6.94 kl=5.68 rew=0.287 con=0.004 rew@ach=0.80/0.98(n=27) rew@0=+0.018 | AC act=-0.001 crit=1.888 pg=-0.001 H=0.43 | img ret=2.72 val=2.67 imgR(mu=0.023 max=1.01 p99=0.86 hi=2.46%) scale=7.42 p5=-0.03 p95=7.39 | r/step=0.0161 | 1.3 ips ETA 5m06\r\n"}
,{"stream_name":"stdout","time":22844.113310288,"data":"  iter 29650/30000 [98.8%] | WM wm=10.91 rec=5.47 kl=5.29 rew=0.139 con=0.005 rew@ach=0.77/0.86(n=12) rew@0=+0.011 | AC act=0.000 crit=1.815 pg=0.000 H=0.47 | img ret=2.98 val=2.97 imgR(mu=0.033 max=1.11 p99=0.90 hi=2.59%) scale=7.19 p5=-0.00 p95=7.19 | r/step=0.0187 | 1.3 ips ETA 4m28\r\n"}
,{"stream_name":"stdout","time":22878.525693637,"data":"  iter 29700/30000 [99.0%] | WM wm=13.90 rec=7.91 kl=5.76 rew=0.230 con=0.001 rew@ach=0.85/1.00(n=20) rew@0=+0.010 | AC act=0.000 crit=1.938 pg=0.000 H=0.43 | img ret=3.41 val=3.34 imgR(mu=0.055 max=1.01 p99=0.98 hi=4.25%) scale=7.08 p5=-0.03 p95=7.07 | r/step=0.0154 | 1.3 ips ETA 3m49\r\n"}
,{"stream_name":"stdout","time":22913.037570678,"data":"  iter 29750/30000 [99.2%] | WM wm=12.30 rec=6.32 kl=5.79 rew=0.190 con=0.008 rew@ach=0.79/1.00(n=16) rew@0=+0.014 | AC act=0.000 crit=2.002 pg=0.000 H=0.56 | img ret=2.99 val=2.93 imgR(mu=0.041 max=1.01 p99=0.97 hi=3.46%) scale=7.26 p5=-0.03 p95=7.25 | r/step=0.0127 | 1.3 ips ETA 3m11\r\n"}
,{"stream_name":"stdout","time":22947.633045209,"data":"  iter 29800/30000 [99.3%] | WM wm=10.96 rec=5.25 kl=5.54 rew=0.170 con=0.006 rew@ach=0.91/0.99(n=20) rew@0=+0.010 | AC act=0.001 crit=1.941 pg=0.001 H=0.43 | img ret=2.36 val=2.35 imgR(mu=0.025 max=1.02 p99=0.89 hi=2.35%) scale=7.94 p5=-0.04 p95=7.88 | r/step=0.0190 | 1.3 ips ETA 2m33\r\n"}
,{"stream_name":"stdout","time":22982.115860891,"data":"  iter 29850/30000 [99.5%] | WM wm=11.07 rec=5.17 kl=5.71 rew=0.188 con=0.006 rew@ach=0.82/0.90(n=17) rew@0=+0.020 | AC act=-0.001 crit=1.696 pg=-0.001 H=0.62 | img ret=3.51 val=3.49 imgR(mu=0.036 max=1.04 p99=1.00 hi=2.73%) scale=7.84 p5=-0.03 p95=7.81 | r/step=0.0121 | 1.3 ips ETA 1m54\r\n"}
,{"stream_name":"stdout","time":23016.371441867,"data":"  iter 29900/30000 [99.7%] | WM wm=10.61 rec=5.03 kl=5.32 rew=0.256 con=0.003 rew@ach=0.87/1.00(n=23) rew@0=+0.033 | AC act=0.001 crit=1.907 pg=0.001 H=0.58 | img ret=2.79 val=2.74 imgR(mu=0.038 max=1.01 p99=0.99 hi=3.68%) scale=8.30 p5=-0.02 p95=8.25 | r/step=0.0164 | 1.3 ips ETA 1m16\r\n"}
,{"stream_name":"stdout","time":23051.044998991,"data":"  iter 29950/30000 [99.8%] | WM wm=13.72 rec=7.67 kl=5.77 rew=0.273 con=0.003 rew@ach=0.73/0.99(n=21) rew@0=+0.018 | AC act=-0.000 crit=2.070 pg=-0.000 H=0.44 | img ret=2.63 val=2.59 imgR(mu=0.032 max=1.01 p99=0.86 hi=2.84%) scale=8.16 p5=-0.05 p95=8.10 | r/step=0.0202 | 1.3 ips ETA 38s\r\n"}
,{"stream_name":"stdout","time":23085.390342211,"data":"  iter 30000/30000 [100.0%] | WM wm=12.46 rec=6.63 kl=5.61 rew=0.214 con=0.007 rew@ach=0.86/1.00(n=15) rew@0=+0.025 | AC act=0.002 crit=1.923 pg=0.002 H=0.54 | img ret=2.68 val=2.67 imgR(mu=0.024 max=1.01 p99=0.82 hi=2.15%) scale=7.79 p5=-0.04 p95=7.74 | r/step=0.0130 | 1.3 ips ETA 0s\r\n"}
,{"stream_name":"stdout","time":23278.519092125,"data":"  \u003e\u003e\u003e EVAL @ iter 30000 : score=3.31  length=204  achievements=4.21 ↑  sample=3.60  (best=4.21 @30000)  crafter_score=2.22% [5071 train eps]\r\n"}
,{"stream_name":"stdout","time":23278.519140205,"data":"      unlocked (7/22): wake_up=100%  collect_sapling=99%  defeat_zombie=83%  eat_cow=63%  place_plant=52%  collect_wood=19%  collect_drink=7%\r\n"}
,{"stream_name":"stdout","time":23278.519146345,"data":"      TRAIN (11/22 sur 5071 eps): wake_up=4805(94.8%)  collect_sapling=4657(91.8%)  place_plant=2915(57.5%)  defeat_zombie=1493(29.4%)  collect_wood=1454(28.7%)  eat_cow=600(11.8%)  collect_drink=545(10.7%)  place_table=33(0.7%)  defeat_skeleton=6(0.1%)  make_wood_pickaxe=3(0.1%)  make_wood_sword=3(0.1%)\r\n"}
,{"stream_name":"stdout","time":23278.519150255,"data":"      JAMAIS vus en train (11) : collect_coal  collect_diamond  collect_iron  collect_stone  eat_plant  make_iron_pickaxe  make_iron_sword  make_stone_pickaxe  make_stone_sword  place_furnace  place_stone\r\n"}
,{"stream_name":"stdout","time":23287.477641099,"data":"  Checkpoint saved : dreamer_crafter_jax_v47-tpu-acwarmup-t1_iter030000.npz\r\n"}
,{"stream_name":"stdout","time":23287.527401035,"data":"\r\n"}
,{"stream_name":"stdout","time":23287.527418825,"data":"Training fini en 23160.1s (386.0min)\r\n"}
,{"stream_name":"stdout","time":23287.527423195,"data":"Best EVAL achievements : 4.21 @ iter 30000  (dernier : 4.21)\r\n"}
,{"stream_name":"stdout","time":23287.527426905,"data":"\r\n"}
,{"stream_name":"stdout","time":23296.317212451,"data":"Final checkpoint : /kaggle/working/checkpoints/dreamer_crafter_jax_v47-tpu-acwarmup-t1.npz\r\n"}
,{"stream_name":"stdout","time":23296.317252502,"data":"\r\n"}
,{"stream_name":"stdout","time":23296.317258002,"data":"============================================================\r\n"}
,{"stream_name":"stdout","time":23296.317263302,"data":"DONE\r\n"}
,{"stream_name":"stdout","time":23296.317270471,"data":"============================================================\r\n"}
,{"stream_name":"stderr","time":23309.092507976,"data":"[NbConvertApp] Converting notebook __notebook__.ipynb to notebook\n"}
,{"stream_name":"stderr","time":23309.551183851,"data":"[NbConvertApp] Writing 268414 bytes to __notebook__.ipynb\n"}
,{"stream_name":"stderr","time":23311.904249664,"data":"[NbConvertApp] Converting notebook __notebook__.ipynb to html\n"}
,{"stream_name":"stderr","time":23313.095075164,"data":"[NbConvertApp] Writing 569310 bytes to __results__.html\n"}
]